# HydroBASINS v1 level-6 population: CIESIN/GPWv411/GPW_Population_Count (epoch 2020, 928 m) summed per WWF/HydroSHEDS/v1/Basins/hybas_6 polygon on Earth Engine
# generated 2026-09-04 by pipeline/scripts/get_basin_population.py; level 5 = groupby(PFAF_ID // 10).sum()
HYBAS_ID,PFAF_ID,total_population
1060000010,111011,123193
1060000100,111012,11045
1060000110,111013,4464
1060000150,111014,15358
1060000160,111015,248466
1060000790,111016,16700
1060000800,111017,29185
1060001080,111018,1149
1060001090,111019,4890
1060001370,111020,7932
1060001380,111030,6593
1060001510,111041,33501
1060414030,111042,16100
1060414180,111043,842
1060419700,111044,15861
1060419690,111045,18312
1060434870,111046,10495
1060434880,111047,2050
1060444680,111048,10098
1060444690,111049,10148
1060001520,111050,42922
1060002290,111060,63298
1060002300,111070,1033663
1060002760,111081,95450
1060524930,111082,476165
1060525050,111083,125737
1060550700,111084,610859
1060550940,111085,211175
1060581700,111086,56347
1060581710,111087,302139
1060606710,111088,111987
1060606390,111089,139226
1060058360,111090,14491
1060002770,111091,4366
1060002800,111092,47757
1060002810,111093,498474
1060003550,111094,69589
1060003560,111095,50133
1060003650,111096,84506
1060003660,111097,106338
1060003770,111098,256303
1060003780,111099,108151
1060040270,112011,19261
1060965550,112012,159935
1060965780,112013,106841
1060989280,112014,287925
1060989140,112015,27682
1060972120,112016,90568
1060971950,112017,160344
1060938670,112018,122192
1060938680,112019,1190636
1060047790,112020,44277
1060054840,112030,10834
1060040390,112041,58509
1061043850,112042,90040
1061043750,112043,9740
1061038590,112044,62907
1061038600,112045,21574
1061028620,112046,162552
1061028490,112047,129288
1060926800,112048,68638
1060926500,112049,336797
1060044410,112050,68437
1060043030,112060,107764
1060046700,112070,29068
1060003990,112111,1037424
1060005140,112112,98904
1060005150,112113,143111
1060005300,112114,194146
1060005310,112115,14184
1060005340,112116,145435
1060005350,112117,56992
1060005420,112118,213583
1060005430,112119,72286
1060005720,112120,62666
1060005730,112130,23774
1060005860,112140,30418
1060005870,112150,2915
1060005880,112160,26438
1060005890,112170,215115
1060006520,112180,37977
1060006530,112190,78336
1060006850,112200,270288
1060006860,112300,19577
1060007000,112400,166866
1060007010,112500,1324
1060007060,112600,35757
1060007070,112700,33381
1060007260,112801,39229
1060881810,112802,58414
1060881460,112803,92551
1060867420,112804,42529
1060867590,112805,27649
1060861400,112806,39978
1060861260,112807,42584
1060844930,112808,31718
1060845290,112809,200297
1060007270,112901,99
1060007290,112902,16547
1060007300,112903,4842
1060007370,112904,13412
1060007380,112905,144
1060007390,112906,10707
1060007400,112907,3330
1060007450,112908,23170
1060007460,112909,1741937
1060034900,113000,69211
1060040550,114001,281825
1060054120,114002,3193
1060008100,114100,59525
1061145090,114210,83129
1061131830,114221,5753
1061126140,114222,39662
1061126260,114223,422
1061126130,114224,1637214
1061125990,114225,16600
1061102430,114226,858241
1061102420,114227,1055563
1061045350,114228,79273
1061045600,114229,154587
1061131990,114230,5967
1061132340,114240,115886
1061132520,114250,417841
1061137960,114260,158191
1061137860,114270,319786
1061118440,114281,1878
1061113480,114282,8289
1061113150,114283,50
1061110670,114284,66122
1061110660,114285,571
1061102090,114286,28455
1061101960,114287,22601
1061107680,114288,35954
1061107890,114289,146212
1061118600,114290,1262622
1061144990,114300,53914
1060044920,114410,46506
1061139430,114411,141793
1061093940,114412,75103
1061094090,114413,208084
1061060620,114414,62631
1061060510,114415,4
1061060500,114416,41289
1061060350,114417,4955
1061056490,114418,305556
1061056400,114419,34512
1061046480,114420,150170
1061046600,114430,156665
1061038740,114441,117320
1061045390,114442,277702
1061045270,114443,963836
1061020700,114444,52266
1061020800,114445,112247
1061022270,114446,59851
1061022130,114447,96979
1061013610,114448,1095068
1061013460,114449,1023066
1061038680,114450,6809
1061035300,114460,970022
1061035420,114470,522824
1060991900,114480,518755
1060992050,114490,2427305
1061139500,114500,625932
1061115240,114601,93017
1061106060,114602,450623
1061105930,114603,17347
1061101140,114604,108658
1061101150,114605,92770
1061087250,114606,117310
1061087260,114607,426183
1061047930,114608,71778
1061048150,114609,66297
1061115400,114701,241753
1061081110,114702,237268
1061081050,114703,127908
1061047230,114704,76322
1061047240,114705,123403
1061019780,114706,19980
1061020080,114707,6196
1061014970,114708,17326
1061014840,114709,206
1061014470,114801,76811
1060994030,114802,29105
1060994190,114803,18979
1060986860,114804,72388
1060986690,114805,74415
1060960400,114806,49508
1060960390,114807,103778
1060914420,114808,468665
1060914430,114809,593698
1061014460,114910,359870
1060982060,114920,137288
1060982500,114931,11741
1060980040,114932,106921
1060979820,114933,55641
1060973660,114934,49418
1060973650,114935,116265
1060957990,114936,10984
1060957700,114937,16685
1060949620,114938,63392
1060949630,114939,42010
1060929860,114940,526671
1060929730,114950,224918
1060918230,114960,2113695
1060918220,114970,82654
1060901710,114980,2252423
1060901700,114990,3753180
1060040440,115101,3439409
1060045650,115102,146504
1060053780,115103,134919
1060043590,115201,91097
1060042570,115202,282660
1060041950,115203,673584
1060043820,115204,48663
1060041020,115205,640196
1060055420,115206,14837
1060043660,115207,140601
1060046470,115208,64272
1060044180,115209,325732
1060041270,115300,3390839
1060040260,115410,55
1061060130,115421,6994
1061065950,115422,26880
1061066110,115423,1342
1061067800,115424,1289680
1061067870,115425,8777
1061069480,115426,83389
1061069620,115427,31012
1061081540,115428,32469
1061081660,115429,661678
1061059910,115430,163826
1061033960,115440,118419
1061033970,115451,0
1061031990,115452,53503
1061031870,115453,106831
1061000360,115454,441963
1061000550,115455,75184
1060971570,115456,375467
1060971580,115457,22175
1060963200,115458,368288
1060963480,115459,3932857
1060927240,115460,1206002
1060927250,115470,2495525
1060890470,115480,1922636
1060890730,115490,1491031
1060040660,115501,253
1061016240,115502,441402
1061016250,115503,24112
1061017030,115504,85047
1061017250,115505,12730
1061022540,115506,77324
1061022690,115507,4203
1061029040,115508,63081
1061029030,115509,214669
1060071560,115601,628
1060040920,115602,1390989
1060047460,115603,77111
1060046740,115604,309587
1060041010,115605,6758584
1060048420,115606,1177589
1060043650,115607,1507744
1060041440,115608,2597989
1060040320,115711,0
1060769630,115712,79590
1060769620,115713,0
1060769960,115714,1562824
1060769850,115715,355183
1060757360,115716,645245
1060757370,115717,2379925
1060850580,115718,372904
1060850740,115719,8474971
1060076070,115720,24129
1060041290,115730,1087584
1060044560,115740,71719
1060046130,115750,48247
1060041280,115801,1220409
1060042200,115802,170191
1060040900,115803,894816
1060049190,115804,53716
1060050480,115805,41658
1060044260,115806,31756
1060052010,115807,13675
1060042330,115808,29403
1060044210,115809,47051
1060044540,115900,270716
1060040370,116001,154766
1061299320,116002,2241727
1061299210,116003,51334
1061295640,116004,849827
1061295580,116005,17100
1061287940,116006,24206
1061288050,116007,10860
1061282640,116008,9056
1061282520,116009,11954
1060041770,117000,1771882
1060074640,117100,4754
1060008110,117101,5724
1060008130,117102,194840
1060008140,117103,3418
1060008150,117104,176494
1060008160,117105,73323
1060008330,117106,58737
1060008340,117107,18511
1060008360,117108,150860
1060008370,117109,114717
1060008470,117201,66235
1061198260,117202,12703
1061198010,117203,40040
1061190870,117204,532277
1061190750,117205,97179
1061178790,117206,408091
1061178800,117207,43589
1061170580,117208,32756
1061170490,117209,6168392
1060035090,117300,1634876
1060008480,117310,129548
1060041840,117320,270181
1060008570,117321,16753
1061213080,117322,67205
1061213170,117323,132781
1061209710,117324,313512
1061209560,117325,258931
1061192280,117326,569908
1061192210,117327,59488
1061184680,117328,956402
1061184690,117329,7411474
1060008580,117331,394501
1060008640,117332,410325
1060008650,117333,1623856
1060008720,117334,252257
1060008730,117335,33426
1060008740,117336,183176
1060008760,117337,699812
1060008880,117338,276828
1060008890,117339,598678
1060048180,117340,38091
1060009010,117341,239975
1061251160,117342,226286
1061251210,117343,77852
1061250620,117344,269942
1061250500,117345,320244
1061242250,117346,198304
1061242320,117347,212862
1061223250,117348,922209
1061223240,117349,1754108
1060009020,117350,439119
1060051560,117360,48492
1060009130,117361,242392
1061270040,117362,226628
1061270150,117363,113734
1061274370,117364,269918
1061274570,117365,262548
1061281980,117366,83802
1061281880,117367,676532
1061268650,117368,484937
1061268520,117369,393321
1060009140,117370,14077
1060009170,117380,1178680
1060009180,117390,7400200
1060040800,117400,1409857
1060009450,117410,114263
1061299770,117420,12394
1061299640,117430,15663
1061299560,117441,12309
1061309980,117442,120814
1061309840,117443,2720
1061307750,117444,58471
1061307640,117445,243271
1061304580,117446,233254
1061304630,117447,203189
1061315800,117448,326579
1061315850,117449,142613
1061299550,117450,683205
1061285320,117460,241037
1061285400,117470,31027
1061289620,117480,405518
1061289610,117490,920438
1060009460,117501,147547
1060009660,117502,107769
1060009670,117503,7926
1060009680,117504,27175
1060009690,117505,37426
1060009800,117506,265543
1060009810,117507,81072
1060009880,117508,413708
1060009890,117509,480618
1060010030,117610,849932
1061358080,117621,24701
1061376650,117622,39822
1061376580,117623,12203
1061381260,117624,21488
1061381400,117625,13226
1061389520,117626,54732
1061389670,117627,3959
1061392830,117628,152229
1061392920,117629,919719
1061357890,117630,93262
1061355040,117640,180718
1061355140,117650,182039
1061363500,117660,208854
1061363390,117670,127330
1061360840,117680,492419
1061360960,117690,63813
1060010040,117701,70279
1060010180,117702,90830
1060010190,117703,81851
1060010290,117704,330252
1060010300,117705,76495
1060010400,117706,272096
1060010410,117707,453593
1060010560,117708,320972
1060010570,117709,101
1060010590,117801,730583
1061404670,117802,300758
1061404550,117803,56399
1061404370,117804,26136
1061404490,117805,119193
1061408930,117806,31828
1061409020,117807,405807
1061416550,117808,235965
1061416440,117809,326789
1060010600,117911,290584
1060010730,117912,479991
1060010740,117913,608806
1060010870,117914,1124509
1060010880,117915,73408
1060010980,117916,163402
1060010990,117917,84849
1060011020,117918,282748
1060011030,117919,307219
1060011120,117920,1189875
1060011130,117930,251738
1060011180,117940,677562
1060011190,117950,1263195
1060011420,117960,1493787
1060011430,117970,405880
1060011500,117980,1167508
1060011510,117990,48846
1060011530,121000,125454
1060011660,122100,268978
1061472390,122211,446679
1061456130,122212,73292
1061455970,122213,245527
1061450800,122214,1730441
1061450700,122215,536710
1061442840,122216,239031
1061442640,122217,3388822
1061400520,122218,869991
1061400450,122219,7525
1061398950,122220,3598781
1061398880,122230,948954
1061382440,122240,2197320
1061382340,122250,84961
1061378400,122260,696290
1061378410,122270,688958
1061347100,122281,0
1061346010,122282,444035
1061346000,122283,218549
1061332790,122284,143764
1061332580,122285,30845
1061331730,122286,146984
1061331650,122287,37573
1061329700,122288,701457
1061329800,122289,462316
1061347090,122290,1238651
1061472430,122310,758066
1061447890,122321,24685
1061450450,122322,583457
1061450340,122323,20263
1061451240,122324,1641151
1061451050,122325,10469
1061448720,122326,8874
1061448890,122327,14005
1061448070,122328,3754
1061448180,122329,300964
1061447780,122330,63836
1061443690,122340,1342679
1061443680,122350,467219
1061430830,122360,997194
1061430860,122371,97029
1061432280,122372,22781
1061432270,122373,49062
1061433210,122374,94340
1061433290,122375,26166
1061434200,122376,324140
1061434080,122377,23009
1061431830,122378,19612
1061431960,122379,792
1061431950,122380,3001927
1061431940,122390,6676
1061431480,122410,56525
1061418880,122421,8721
1061414080,122422,129684
1061414170,122423,40694
1061418680,122424,369872
1061418570,122425,8189
1061413820,122426,55212
1061413720,122427,75354
1061398850,122428,46138
1061398860,122429,60022
1061418940,122430,539400
1061387160,122440,689603
1061387100,122450,193331
1061376970,122460,74493
1061376870,122470,18210
1061369690,122480,251414
1061369590,122491,30461
1061362510,122492,11847
1061362450,122493,11573
1061361770,122494,96072
1061361730,122495,48064
1061352980,122496,79809
1061352970,122497,8084
1061349250,122498,24296
1061349260,122499,162125
1061431680,122500,1614068
1061438780,122611,848540
1061432480,122612,1613445
1061432600,122613,8910
1061432210,122614,144244
1061432330,122615,144237
1061434800,122616,269336
1061434720,122617,160759
1061436550,122618,151753
1061436360,122619,111848
1061413460,122620,43859
1061413580,122630,14787
1061412560,122640,317152
1061412570,122650,30086
1061409070,122660,282768
1061409000,122670,52403
1061400740,122680,113758
1061400750,122690,2457239
1061438860,122710,136435
1061451560,122721,0
1061451570,122722,88731
1061451660,122723,208153
1061469230,122724,461754
1061469220,122725,219593
1061486100,122726,187076
1061486170,122727,35469
1061489860,122728,151306
1061489930,122729,297791
1061451550,122730,109473
1061453390,122740,197073
1061453310,122750,72885
1061457550,122760,232764
1061457490,122770,484748
1061478770,122781,2822
1061482720,122782,15263
1061482730,122783,5232
1061488120,122784,902744
1061488130,122785,19521
1061489040,122786,26503
1061489100,122787,57765
1061492680,122788,110041
1061492450,122789,225328
1061478700,122790,519489
1061473950,122810,53668
1061487960,122820,22250
1061487890,122830,39473
1061466490,122841,296
1061466020,122842,2094
1061465920,122843,2029
1061462250,122844,3315
1061462160,122845,106
1061461010,122846,8546
1061460920,122847,1362
1061448860,122848,2527
1061448780,122849,2932
1061466350,122851,10
1061465980,122852,32319
1061465970,122853,541
1061464500,122854,32082
1061464580,122855,18722
1061439080,122856,3740
1061439000,122857,2949
1061431600,122858,3475
1061431380,122859,694
1061428790,122860,3939
1061428730,122870,11269
1061419980,122880,6787
1061419860,122890,11921
1061473880,122911,66426
1061469810,122912,110364
1061469870,122913,102945
1061454120,122914,37596
1061454200,122915,67547
1061444220,122916,80305
1061444070,122917,4363
1061443730,122918,88267
1061443520,122919,198390
1061423960,122921,9932
1061421520,122922,44204
1061421510,122923,7338
1061420060,122924,65048
1061419950,122925,9377
1061411170,122926,13293
1061411030,122927,1893
1061406130,122928,11522
1061406010,122929,20186
1061423970,122930,241140
1061408090,122941,374
1061407620,122942,29901
1061407740,122943,12879
1061400920,122944,17554
1061400710,122945,9966
1061390190,122946,34500
1061390070,122947,135135
1061374620,122948,46031
1061374710,122949,109255
1061408100,122950,2238
1061405300,122961,28606
1061402640,122962,28722
1061402650,122963,9262
1061401930,122964,130733
1061401920,122965,25906
1061393110,122966,40509
1061393120,122967,19964
1061387400,122968,177026
1061387390,122969,112580
1061405290,122970,161799
1061377560,122981,1886
1061373480,122982,71107
1061373490,122983,3965
1061371200,122984,8765
1061371050,122985,20822
1061362570,122986,18524
1061362480,122987,15090
1061358980,122988,7765
1061359060,122989,41304
1061377550,122990,290154
1060011670,123010,858431
1060011960,123021,19317
1061506850,123022,373280
1061506860,123023,70014
1061500470,123024,176280
1061500460,123025,72320
1061496310,123026,54869
1061496470,123027,372079
1061489720,123028,184877
1061489640,123029,167566
1060011970,123030,30326
1060012020,123040,1652127
1060012030,123050,282467
1060012210,123061,149312
1061534760,123062,1994386
1061534900,123063,263300
1061532310,123064,374641
1061532410,123065,11344
1061532060,123066,239185
1061532180,123067,129150
1061523830,123068,99067
1061523840,123069,270235
1060012220,123070,996784
1060012540,123080,420632
1060012550,123090,318733
1060012590,124100,478567
1060045000,124200,19062
1061584690,124201,240322
1061570440,124202,21354
1061570450,124203,27534
1061555850,124204,10577
1061555840,124205,4464
1061555170,124206,16165
1061555260,124207,10557
1061555240,124208,20753
1061555160,124209,23610
1061584780,124300,203943
1061576130,124401,21315
1061573320,124402,159437
1061573310,124403,7110
1061574230,124404,1017496
1061574470,124405,396093
1061580860,124406,394258
1061580710,124407,923734
1061586850,124408,534399
1061586860,124409,1588901
1061576090,124501,16716
1061555630,124502,289342
1061555620,124503,692483
1061550240,124504,92477
1061550360,124505,213984
1061549880,124506,991900
1061549800,124507,106192
1061548150,124508,196534
1061548230,124509,17495
1061548220,124600,477805
1061548260,124700,6621
1061548750,124800,153334
1061548760,124910,636
1061552590,124920,560641
1061552540,124931,7272
1061556110,124932,53336
1061556200,124933,26518
1061561400,124934,66289
1061561320,124935,908
1061563540,124936,83371
1061563470,124937,18225
1061567610,124938,17066
1061567790,124939,4132
1061569100,124940,151074
1061569210,124950,5274
1061571670,124960,719605
1061571680,124970,6817
1061576990,124980,171721
1061577000,124990,9371881
1060012600,125100,31731
1060012680,125201,432239
1061588240,125202,100632
1061588340,125203,33235
1061589390,125204,12188
1061589470,125205,47017
1061592210,125206,646924
1061592240,125207,22380
1061593730,125208,751941
1061593770,125209,696691
1060012690,125300,3036752
1060012810,125401,6308
1061607320,125402,6498
1061607370,125403,733
1061608280,125404,572989
1061608210,125405,33168
1061608200,125406,39658
1061608140,125407,117846
1061606140,125408,518104
1061606180,125409,192767
1060012820,125510,2091253
1060013070,125520,1940464
1060013080,125531,997492
1060013200,125532,2239880
1060013210,125533,2618330
1060013420,125534,376712
1060013430,125535,924461
1060013640,125536,1048746
1060013650,125537,819312
1060013820,125538,355381
1060013830,125539,184296
1060013950,125540,703674
1060013960,125550,1007399
1060014220,125561,67856
1061655790,125562,24078
1061655840,125563,17805
1061656050,125564,21244
1061656010,125565,11073
1061651690,125566,10009
1061651670,125567,43564
1061648820,125568,15121
1061648810,125569,21497
1060014230,125570,142865
1060014370,125580,131393
1060014380,125590,1302125
1060014490,125601,36653
1061659210,125602,31468
1061659170,125603,11145
1061656580,125604,620
1061656620,125605,9541
1061655760,125606,7194
1061655770,125607,2538
1061649410,125608,640
1061649450,125609,7952
1060014500,125700,631503
1060014920,125801,11127
1061659690,125802,35753
1061659700,125803,440
1061658860,125804,75226
1061658890,125805,54214
1061658610,125806,14232
1061658560,125807,58583
1061657830,125808,993
1061657810,125809,1160
1060014930,125900,527582
1060045460,126000,520
1060015030,126010,5300642
1060015390,126020,540828
1060015400,126030,41383
1060015560,126041,17800
1061647410,126042,7153
1061647450,126043,117337
1061650860,126044,473
1061650850,126045,2706
1061651660,126046,980
1061651680,126047,72
1061652910,126048,24207
1061652920,126049,3162
1060015570,126050,3876
1060015630,126060,5446
1060015640,126070,3655
1060015720,126080,45183
1060015730,126090,8017
1060015850,127100,12395
1060047080,127200,1511
1061620200,127201,3
1061619810,127202,3901
1061619820,127203,536
1061611780,127204,1334
1061611700,127205,28809
1061597880,127206,1788
1061597840,127207,139
1061594930,127208,5328
1061594910,127209,25774
1060042650,127300,2913
1061620260,127301,5
1061621990,127302,751
1061622030,127303,9301
1061627810,127304,7180
1061627730,127305,257
1061627150,127306,6765
1061627170,127307,11704
1061624340,127308,507
1061624400,127309,5734
1060041590,127400,10713
1061624310,127410,3582
1060045370,127420,776
1061609270,127421,309
1061610240,127422,149
1061610160,127423,351
1061609220,127424,122
1061609120,127425,1515
1061606860,127426,254705
1061606830,127427,367
1061605350,127428,16901
1061605400,127429,41656
1061609210,127430,12
1061608790,127441,8335
1061604150,127442,9181
1061604160,127443,7868
1061598130,127444,34670
1061598070,127445,4774
1061591940,127446,172904
1061591990,127447,3712
1061596130,127448,53366
1061596060,127449,561090
1061608780,127450,910
1061604130,127461,35
1061601980,127462,287
1061601910,127463,2
1061601560,127464,480
1061601500,127465,990
1061593930,127466,5083
1061594040,127467,10853
1061571250,127468,3217
1061571360,127469,45048
1061604190,127470,3190
1061601200,127481,0
1061599560,127482,3563
1061599550,127483,0
1061598120,127484,7411
1061598190,127485,0
1061595840,127486,338
1061595830,127487,435
1061577700,127488,924
1061577690,127489,3220
1061601190,127491,45
1061593810,127492,2153
1061593940,127493,19
1061589670,127494,2211
1061589660,127495,1377
1061583550,127496,9058
1061583540,127497,6942
1061561940,127498,7045
1061561850,127499,28852
1061624330,127500,14434
1061626200,127601,4010
1061628070,127602,274
1061628080,127603,5914
1061633620,127604,12876
1061633610,127605,3747
1061642610,127606,6104
1061642620,127607,4777
1061647110,127608,496
1061647100,127609,6626
1060047890,127700,280
1061626210,127701,157068
1061624500,127702,728
1061624550,127703,15735
1061628580,127704,37245
1061628600,127705,22594
1061633070,127706,67829
1061633030,127707,3211
1061630290,127708,7128
1061630260,127709,386
1061629430,127801,33038
1061638580,127802,17061
1061638560,127803,45533
1061640050,127804,1250461
1061640090,127805,75892
1061641370,127806,36676
1061641340,127807,701332
1061632810,127808,120443
1061632800,127809,95995
1061629370,127910,23169
1061628760,127921,26502
1061629140,127922,48587
1061629090,127923,50053
1061627970,127924,34793
1061627910,127925,30771
1061627250,127926,13209
1061627310,127927,587071
1061630360,127928,9516
1061630310,127929,200500
1061628750,127930,27057
1061623250,127941,12427
1061619430,127942,4252
1061619510,127943,121059
1061615340,127944,135673
1061615380,127945,156944
1061605830,127946,72513
1061605900,127947,518
1061605700,127948,33409
1061605620,127949,91732
1061623270,127950,416938
1061616280,127960,434527
1061616230,127971,233504
1061613580,127972,171461
1061613490,127973,8986
1061609960,127974,438161
1061610030,127975,98711
1061609680,127976,102128
1061609570,127977,2082
1061608460,127978,822276
1061608480,127979,7809300
1061608860,127980,493010
1061608870,127990,720570
1060054470,128001,132
1060046590,128002,15
1060043460,128003,24
1060046800,128004,1
1060042150,128005,1101
1060045820,128006,119
1060042400,128007,370
1060042560,128008,999
1060043280,128009,655
1060015860,128010,17097
1060016760,128020,2215
1060016770,128030,86376
1060016850,128040,491868
1060016860,128050,93403
1060017350,128060,68034
1060017360,128070,27
1060017390,128080,20243
1060017400,128091,43
1060017450,128092,134
1060017460,128093,43
1060017510,128094,782
1060017520,128095,161
1060017690,128096,11319
1060017700,128097,17
1060017790,128098,27131
1060017800,128099,968
1060040240,129010,1066
1061494900,129021,8
1061494200,129022,6943
1061493850,129023,11
1061492810,129024,28704
1061492870,129025,1691
1061492510,129026,42618
1061492420,129027,5605
1061487460,129028,2218
1061487510,129029,1084
1061494810,129030,0
1061494890,129040,5411
1061494710,129050,27
1061491120,129061,10
1061488360,129062,20054
1061488260,129063,64639
1061481860,129064,125421
1061481760,129065,176147
1061480990,129066,240011
1061480810,129067,76576
1061464930,129068,251501
1061464940,129069,142756
1061491160,129070,3497
1061486420,129080,161906
1061486320,129090,466638
1060049640,129100,10789
1060040200,129101,10669
1061528930,129102,25411
1061528920,129103,6341
1061528860,129104,262539
1061528270,129105,0
1061527330,129106,89047
1061527440,129107,943
1061530360,129108,27782
1061530290,129109,11877
1061533240,129210,17719
1061548460,129221,2340
1061556100,129222,6413
1061556000,129223,5
1061558360,129224,57881
1061558350,129225,817
1061560140,129226,8479
1061560110,129227,19128
1061565360,129228,147847
1061565440,129229,15565
1061548450,129230,6
1061550590,129240,3391
1061550490,129250,8
1061550000,129260,2391
1061549840,129270,6187
1061551920,129280,21137
1061551850,129290,10239
1060041250,129300,44306
1061533130,129301,7271
1061529910,129302,10531
1061529850,129303,420
1061528150,129304,11305
1061528110,129305,8486
1061516890,129306,3412
1061517020,129307,5128
1061519140,129308,3517
1061518990,129309,3884
1060052130,129400,2073
1061515780,129410,26688
1061522260,129420,10416
1061522340,129430,12983
1061518250,129440,17127
1061518160,129450,998
1061513460,129460,14480
1061513450,129470,10697
1061520550,129480,5966
1061520660,129490,6632
1060040710,129500,51760
1061515680,129501,1224
1061512160,129502,8916
1061512150,129503,7515
1061490490,129504,7194
1061490340,129505,1646
1061482070,129506,1308
1061482000,129507,21882
1061477470,129508,1132
1061477560,129509,8070
1061479540,129601,8708
1061453630,129602,794
1061453620,129603,689
1061446860,129604,12945
1061446870,129605,7941
1061422800,129606,5249
1061422790,129607,4166
1061398230,129608,2313
1061398150,129609,5143
1061479650,129700,12632
1061478080,129801,10242
1061503440,129802,622
1061503430,129803,3219
1061508710,129804,863
1061508700,129805,19908
1061515190,129806,3157
1061515390,129807,752
1061517460,129808,5012
1061517560,129809,19530
1061477980,129910,163801
1061474590,129920,21892
1061474490,129930,24128
1061460440,129940,40349
1061460430,129950,63712
1061435110,129960,102208
1061435100,129970,7054
1061429580,129980,125091
1061429650,129990,240036
1060018110,131100,2
1060018120,131210,198961
1061455270,131220,1018734
1061455380,131230,97978
1061440140,131240,82622
1061440050,131250,203802
1061417260,131260,413296
1061417180,131270,8235
1061415100,131280,291714
1061415020,131290,1112089
1060018130,131310,25637
1060018310,131320,100716
1060018320,131330,67598
1060018410,131340,143582
1060018420,131350,776167
1060018860,131360,442671
1060018870,131370,460110
1060019010,131380,910200
1060019020,131390,1036120
1060019180,131400,1273653
1060019190,131500,35102
1060019270,131600,583320
1060019280,131700,15075
1060019420,131810,2686916
1061327880,131820,474142
1061327980,131831,97759
1061331300,131832,19283
1061331240,131833,10800
1061331160,131834,72406
1061331170,131835,230772
1061330230,131836,196296
1061330270,131837,9963
1061334460,131838,20199
1061334620,131839,15163
1061340390,131840,111147
1061340470,131850,10983
1061344010,131860,339709
1061343940,131870,335419
1061369020,131880,352435
1061369030,131890,91925
1060019430,131901,12458374
1060019510,131902,1722437
1060019520,131903,182254
1060019540,131904,170130
1060019550,131905,93120
1060019670,131906,190094
1060019680,131907,26636
1060019800,131908,411713
1060019810,131909,225636
1060020040,132110,725679
1061262550,132120,216863
1061262460,132130,369606
1061251910,132140,305539
1061251800,132150,401586
1061244140,132160,385643
1061244040,132170,9145700
1061228680,132180,342706
1061228520,132190,34466
1061213640,132210,86120
1061210720,132221,15572
1061208120,132222,59467
1061208130,132223,26730
1061204610,132224,90186
1061204710,132225,35217
1061204380,132226,714745
1061204520,132227,252505
1061216820,132228,56717
1061216900,132229,119753
1061210800,132230,49404
1061214450,132241,86645
1061216800,132242,3472903
1061216790,132243,52792
1061227970,132244,871449
1061227910,132245,311802
1061263920,132246,281772
1061264080,132247,558825
1061306840,132248,64453
1061306850,132249,260796
1061214380,132251,162126
1061224260,132252,577155
1061224190,132253,48072
1061228580,132254,188347
1061228590,132255,66099
1061232820,132256,487285
1061232740,132257,13787
1061235260,132258,1435153
1061235130,132259,297211
1061235290,132261,88922
1061230560,132262,1472609
1061230570,132263,200545
1061232910,132264,217537
1061232980,132265,1596894
1061266660,132266,5536673
1061266800,132267,114537
1061272590,132268,1401134
1061272660,132269,2418447
1061235380,132270,572925
1061248600,132281,119637
1061254350,132282,668648
1061254280,132283,921367
1061262300,132284,542402
1061262370,132285,3386398
1061330750,132286,136958
1061330970,132287,115070
1061336080,132288,195351
1061336210,132289,304140
1061248590,132291,1457618
1061273230,132292,495408
1061273240,132293,92038
1061275790,132294,473521
1061275740,132295,235667
1061276800,132296,553201
1061276810,132297,465277
1061284960,132298,703872
1061284990,132299,865785
1061213630,132301,5143
1061208950,132302,24905
1061208960,132303,126520
1061190270,132304,33044
1061190280,132305,28156
1061186690,132306,134934
1061186520,132307,47615
1061181530,132308,74089
1061181540,132309,11499
1061174950,132410,280
1061173010,132421,10798
1061161060,132422,85690
1061161070,132423,25185
1061142670,132424,24128
1061142780,132425,2073
1061141030,132426,105112
1061140930,132427,13552
1061129970,132428,25602
1061129900,132429,23533
1061173020,132430,3187
1061163840,132440,499772
1061163830,132450,89492
1061103500,132461,80760
1061056210,132462,354798
1061056200,132463,96590
1061041980,132464,141913
1061042150,132465,28623
1061040940,132466,58125
1061040930,132467,40527
1061039890,132468,136648
1061039780,132469,154387
1061103490,132470,24420
1061093980,132480,165963
1061094100,132491,4555
1061094640,132492,8394
1061094560,132493,30659
1061079150,132494,16666
1061079100,132495,132853
1061067180,132496,27049
1061067090,132497,6254
1061062840,132498,58522
1061062580,132499,53427
1061174960,132500,353855
1061156950,132611,54770
1061136300,132612,712863
1061136100,132613,66256
1061094270,132614,205808
1061094280,132615,13291
1061087330,132616,231893
1061087420,132617,84528
1061076490,132618,1526100
1061076430,132619,86475
1061052770,132621,104066
1061050270,132622,77322
1061050080,132623,56724
1061034120,132624,27923
1061034020,132625,2142
1061033020,132626,13814
1061033180,132627,54561
1061005270,132628,18635
1061005480,132629,40574
1061052780,132631,337887
1061034680,132632,335105
1061034520,132633,1078195
1061017700,132634,23856
1061017710,132635,31034
1061014520,132636,134440
1061014600,132637,104903
1061013000,132638,46983
1061013250,132639,2066
1061015610,132641,196177
1060987540,132642,76731
1060987530,132643,10096
1060973330,132644,3559
1060973210,132645,6459
1060943210,132646,2045
1060943220,132647,690
1060941430,132648,5615
1060941120,132649,4629
1061015760,132650,623187
1061037320,132661,83225
1060980710,132662,10912
1060980700,132663,16317
1060953350,132664,57580
1060953630,132665,3593
1060949040,132666,3245
1060948880,132667,13703
1060924020,132668,2064
1060924210,132669,16121
1061037650,132670,51458
1061040200,132681,2660
1061039680,132682,159289
1061039530,132683,41782
1061026630,132684,53846
1061026640,132685,82030
1061020640,132686,17666
1061020780,132687,12379
1061011930,132688,11514
1061012010,132689,145163
1061040300,132691,148817
1061058690,132692,153414
1061058580,132693,3599
1061055500,132694,77040
1061055510,132695,32170
1061053070,132696,499565
1061052940,132697,328293
1061053930,132698,418106
1061053990,132699,2121662
1061156960,132710,177936
1061142520,132721,14266
1061141650,132722,282084
1061141720,132723,360161
1061151860,132724,353329
1061151800,132725,115479
1061150920,132726,130647
1061150800,132727,98173
1061152060,132728,318115
1061151960,132729,554902
1061142510,132730,16575
1061129360,132741,124111
1061117290,132742,85240
1061117180,132743,57316
1061114980,132744,528069
1061114910,132745,77915
1061112840,132746,180632
1061112710,132747,124598
1061106510,132748,171237
1061106360,132749,246384
1061129350,132751,74884
1061104960,132752,94308
1061104850,132753,33836
1061100270,132754,207157
1061100400,132755,43574
1061098280,132756,1984079
1061098480,132757,781800
1061092270,132758,920126
1061092670,132759,137075
1061115180,132761,535719
1061103220,132762,635210
1061103290,132763,573825
1061114860,132764,141334
1061115010,132765,16600
1061120530,132766,2330490
1061120480,132767,615336
1061108800,132768,1062649
1061108810,132769,1389244
1061115330,132770,179379
1061125130,132781,51406
1061132580,132782,120529
1061132570,132783,709445
1061252490,132784,196150
1061252260,132785,101547
1061261170,132786,239955
1061261230,132787,77934
1061266540,132788,251342
1061266370,132789,1342093
1061125060,132791,300759
1061131320,132792,1819985
1061131410,132793,782727
1061176340,132794,3245029
1061176330,132795,9138
1061182220,132796,1826847
1061182210,132797,153687
1061204750,132798,1045028
1061204990,132799,3742470
1061259950,132810,96361
1061266120,132820,314782
1061266020,132830,673125
1061265730,132841,103381
1061275230,132842,228684
1061275240,132843,56666
1061279440,132844,116362
1061279450,132845,0
1061279740,132846,78189
1061279920,132847,370029
1061307000,132848,247547
1061306990,132849,162142
1061265610,132850,63390
1061259200,132861,0
1061254840,132862,18737
1061254700,132863,0
1061253370,132864,660360
1061253300,132865,960665
1061229990,132866,145841
1061229850,132867,5448958
1061196240,132868,356594
1061196250,132869,2633024
1061259210,132870,646080
1061250790,132881,24838
1061248240,132882,2103962
1061248250,132883,89001
1061242930,132884,1205257
1061242840,132885,1454
1061240260,132886,539089
1061240250,132887,2140
1061236390,132888,708607
1061236480,132889,666951
1061250830,132891,18363
1061253200,132892,354448
1061253310,132893,109215
1061262900,132894,21886
1061262760,132895,27020
1061262110,132896,463337
1061262240,132897,38974
1061269750,132898,37018
1061269860,132899,18348
1061259940,132910,391266
1061273520,132920,822133
1061273600,132930,96472
1061279010,132941,716412
1061298090,132942,640453
1061298210,132943,392852
1061304910,132944,1486698
1061305120,132945,47761
1061305200,132946,3347140
1061305100,132947,921824
1061321000,132948,955247
1061321070,132949,1527081
1061279020,132951,147304
1061283130,132952,576988
1061283140,132953,254863
1061288290,132954,246065
1061288340,132955,698885
1061303810,132956,308845
1061303830,132957,28864
1061306570,132958,472598
1061306680,132959,281291
1061315940,132960,551023
1061315930,132971,1632437
1061359350,132972,4813179
1061359530,132973,733124
1061376560,132974,196374
1061376470,132975,24227
1061372630,132976,167021
1061372490,132977,54776
1061371000,132978,68236
1061370930,132979,13402
1061366570,132980,421538
1061366720,132991,40450
1061360240,132992,128153
1061360130,132993,27516
1061356420,132994,54871
1061356480,132995,11926
1061349620,132996,347123
1061349680,132997,236442
1061333640,132998,139723
1061333530,132999,321827
1060020050,133100,2503735
1060020240,133201,103071
1061219000,133202,14000
1061218890,133203,125
1061218420,133204,110162
1061218510,133205,56232
1061231510,133206,61976
1061231380,133207,69972
1061233260,133208,72241
1061233350,133209,62191
1060020250,133301,48652
1060020420,133302,99346
1060020430,133303,694
1060020450,133304,9349
1060020460,133305,920
1060020490,133306,5947
1060020500,133307,251
1060020520,133308,16333
1060020530,133309,767
1060020570,133410,156304
1061157500,133421,13695
1061163480,133422,14571
1061163540,133423,4266
1061174130,133424,4338
1061174140,133425,43515
1061189380,133426,10728
1061189480,133427,13002
1061194400,133428,24294
1061194580,133429,25578
1061157490,133430,96980
1061145730,133440,88628
1061145820,133450,47014
1061147340,133461,9673
1061150960,133462,58096
1061150970,133463,29486
1061166550,133464,62358
1061166660,133465,61488
1061171460,133466,99560
1061171580,133467,315518
1061180810,133468,221067
1061180900,133469,110735
1061147350,133471,1166
1061142480,133472,53970
1061142370,133473,7456
1061131610,133474,13943
1061131530,133475,9
1061131190,133476,16183
1061131180,133477,6874
1061126020,133478,10720
1061126010,133479,13607
1061115250,133480,24576
1061115150,133490,89712
1060020580,133510,1228137
1060021110,133520,135753
1060021120,133530,103693
1060021220,133540,414096
1060021230,133550,109823
1060021340,133561,123323
1061086920,133562,73024
1061087020,133563,134816
1061087770,133564,94672
1061087490,133565,24303
1061087270,133566,144016
1061087520,133567,7686
1061089480,133568,46042
1061089420,133569,17700
1060021350,133570,278438
1060021440,133580,4885694
1060021450,133590,7004
1060021500,133610,392643
1061032360,133621,7555
1061026530,133622,47316
1061026390,133623,45192
1061018240,133624,1811790
1061018050,133625,151439
1061002200,133626,45695
1061002060,133627,466651
1060981230,133628,296926
1060981240,133629,258721
1061032520,133630,590482
1061004180,133640,330235
1061004170,133650,132539
1060967880,133660,139621
1060967890,133670,33398
1060955790,133680,141687
1060955650,133690,139255
1060021510,133701,705138
1060021570,133702,703359
1060021580,133703,527125
1060021620,133704,1765755
1060021630,133705,294031
1060021650,133706,762679
1060021660,133707,1526954
1060021840,133708,207623
1060021850,133709,1019639
1060021910,133801,3077013
1060984030,133802,4470780
1060984420,133803,1417810
1060975230,133804,4198169
1060975410,133805,515812
1060984600,133806,95791
1060984430,133807,433042
1060994700,133808,191502
1060994690,133809,54029
1060021920,133900,255726
1060034490,134000,580680
1060021940,141000,25925858
1060022420,142100,10434566
1060909900,142211,397148
1060898890,142212,1481862
1060899140,142213,312621
1060901260,142214,1729461
1060901410,142215,475190
1060908560,142216,418939
1060908430,142217,823172
1060911240,142218,322221
1060911340,142219,33255
1060909040,142220,2894605
1060908780,142230,3174357
1060888070,142240,1265578
1060887720,142250,656864
1060874640,142260,708104
1060874630,142271,64041
1060871740,142272,94619
1060871910,142273,93057
1060869610,142274,1576817
1060869800,142275,12340
1060866770,142276,119786
1060866660,142277,1210385
1060838500,142278,381760
1060838280,142279,23744
1060839560,142281,119365
1060840690,142282,612157
1060840560,142283,1503629
1060844850,142284,565043
1060844860,142285,986131
1060845800,142286,1089517
1060845810,142287,609372
1060832310,142288,1223329
1060832320,142289,1840347
1060839280,142291,452455
1060815680,142292,1095233
1060815550,142293,117887
1060813980,142294,600567
1060813740,142295,2118063
1060772330,142296,414225
1060772320,142297,1393206
1060819720,142298,685777
1060819570,142299,880178
1060909890,142310,294022
1060893000,142320,6049865
1060892990,142330,2917098
1060870030,142341,543196
1060834440,142342,1160977
1060834450,142343,317367
1060818550,142344,268834
1060818680,142345,826066
1060800490,142346,1332378
1060800710,142347,1511946
1060789900,142348,2189141
1060789720,142349,2512680
1060870170,142350,4284475
1060846020,142360,503113
1060845560,142370,75646
1060827030,142380,444770
1060827040,142391,586
1060824330,142392,284653
1060824180,142393,211746
1060796910,142394,74813
1060796720,142395,15819
1060789310,142396,951744
1060789070,142397,345639
1060770420,142398,517159
1060770660,142399,171913
1060760290,142410,1491142
1060736280,142420,2679269
1060736270,142430,2711949
1060694130,142440,2728573
1060694020,142450,1567377
1060680480,142461,286204
1060674840,142462,2773048
1060675160,142463,70409
1060682530,142464,194989
1060682770,142465,39227
1060685280,142466,1998827
1060685270,142467,1317386
1060735460,142468,379088
1060735340,142469,386588
1060680300,142470,9457
1060677960,142481,512771
1060661610,142482,341427
1060661720,142483,243707
1060663240,142484,282755
1060663070,142485,342540
1060663920,142486,3997920
1060663820,142487,381333
1060646990,142488,122112
1060646830,142489,204025
1060677950,142491,1147531
1060638670,142492,177722
1060638800,142493,81009
1060635780,142494,81137
1060635920,142495,76743
1060633630,142496,279000
1060633290,142497,60478
1060629230,142498,33688
1060629450,142499,197554
1060760280,142510,69653
1060755960,142520,188903
1060755820,142530,298837
1060747470,142541,126384
1060734840,142542,641938
1060734850,142543,509898
1060690930,142544,403163
1060690740,142545,47604
1060683160,142546,712137
1060683040,142547,74301
1060664070,142548,939646
1060664060,142549,1317069
1060747640,142550,54669
1060742280,142560,700548
1060742220,142570,31706
1060741380,142580,691212
1060741300,142590,190817
1060722570,142610,1039587
1060669460,142621,164781
1060591320,142622,2464
1060591200,142623,6871
1060554560,142624,5952
1060554330,142625,1793
1060537360,142626,1409
1060537490,142627,771
1060526050,142628,5989
1060526060,142629,1971
1060669470,142631,462222
1060618060,142632,435915
1060618050,142633,60323
1060540490,142634,10506
1060540500,142635,1550
1060535880,142636,7580
1060535890,142637,4542
1060521670,142638,13511
1060521680,142639,1655
1060515500,142641,3089
1060493710,142642,32204
1060493700,142643,3321
1060488520,142644,3568
1060488290,142645,1633
1060455610,142646,813
1060455710,142647,745
1060434740,142648,12665
1060434750,142649,15161
1060515770,142651,147
1060514020,142652,15682
1060514180,142653,1276
1060516740,142654,937
1060516540,142655,36
1060514840,142656,246
1060515010,142657,76
1060514410,142658,44031
1060514190,142659,226
1060044370,142660,4923
1060514030,142661,3715
1060535280,142662,4761
1060535180,142663,1283
1060530180,142664,52494
1060530310,142665,22575
1060548230,142666,41328
1060548380,142667,4418
1060564200,142668,14724
1060564370,142669,54250
1060513910,142670,151
1060513230,142681,10962
1060508000,142682,32845
1060507780,142683,2317
1060494300,142684,34911
1060494450,142685,11535
1060488740,142686,4222
1060488940,142687,5325
1060490010,142688,3681
1060490080,142689,4849
1060513090,142691,13608
1060463740,142692,38768
1060463750,142693,1717
1060449970,142694,1577
1060449980,142695,11737
1060424750,142696,10669
1060424570,142697,710
1060407770,142698,1832
1060407760,142699,9260
1060722720,142711,799
1060722080,142712,435726
1060721820,142713,39165
1060717330,142714,181579
1060716960,142715,203518
1060702470,142716,548181
1060702120,142717,193795
1060683690,142718,816079
1060683680,142719,1067302
1060668760,142721,152004
1060685930,142722,891287
1060685770,142723,7885
1060686640,142724,168207
1060686840,142725,251054
1060684660,142726,501374
1060684350,142727,166373
1060671770,142728,163154
1060671590,142729,213430
1060668450,142731,48289
1060664510,142732,509404
1060664260,142733,64755
1060654650,142734,103523
1060654890,142735,1917
1060653100,142736,112052
1060652940,142737,185812
1060639660,142738,121096
1060639500,142739,48907
1060635010,142741,112893
1060630460,142742,429871
1060630170,142743,21646
1060627770,142744,29997
1060627760,142745,152557
1060623780,142746,61924
1060623930,142747,21241
1060630450,142748,326786
1060630290,142749,194201
1060635020,142750,325465
1060577760,142761,101446
1060576390,142762,54857
1060576380,142763,68700
1060517760,142764,54111
1060517670,142765,13206
1060504510,142766,20853
1060504370,142767,5788
1060481530,142768,4051
1060481440,142769,13004
1060577750,142771,165741
1060550760,142772,48880
1060550540,142773,8064
1060551770,142774,56965
1060551560,142775,161561
1060564740,142776,131781
1060564960,142777,140656
1060582960,142778,458334
1060582950,142779,174566
1060603880,142781,49580
1060603030,142782,184067
1060603340,142783,4921
1060613280,142784,18403
1060613290,142785,92507
1060626590,142786,46677
1060626740,142787,21255
1060637190,142788,54754
1060637340,142789,313805
1060603890,142790,1116944
1060641670,142810,661433
1060683010,142820,404987
1060682900,142830,182275
1060690130,142840,905345
1060689850,142850,355988
1060710380,142860,1489627
1060710240,142870,24069
1060715340,142881,183915
1060734820,142882,75749
1060734990,142883,360593
1060765500,142884,140736
1060765350,142885,52530
1060771030,142886,283795
1060771040,142887,62679
1060780550,142888,254127
1060780900,142889,596055
1060715100,142891,301395
1060721770,142892,169374
1060722200,142893,89419
1060746370,142894,109893
1060746520,142895,247147
1060779970,142896,68638
1060780240,142897,60050
1060815330,142898,25730
1060815490,142899,73684
1060641660,142910,23214
1060652110,142920,599337
1060651900,142930,975131
1060696660,142940,413481
1060696830,142950,5350308
1060737110,142961,62844
1060752530,142962,190673
1060752670,142963,160582
1060808340,142964,204008
1060808350,142965,7358
1060812730,142966,25143
1060812300,142967,15934
1060824110,142968,112469
1060824120,142969,57034
1060737100,142970,590444
1060761270,142981,58934
1060773070,142982,589829
1060772870,142983,126082
1060788650,142984,426546
1060788800,142985,74426
1060795400,142986,67410
1060795610,142987,94498
1060807440,142988,30563
1060807450,142989,175048
1060761260,142990,665598
1060022430,143010,8932204
1060022910,143020,4918010
1060022920,143030,3298633
1060023020,143041,6151757
1060960280,143042,6006023
1060960290,143043,1396839
1060956560,143044,4232611
1060956780,143045,309426
1060959150,143046,2980592
1060958900,143047,1451371
1060921990,143048,1366791
1060922160,143049,3393093
1060023030,143050,647431
1060023050,143061,2676463
1060964040,143062,7924991
1060963920,143063,502802
1060940410,143064,724486
1060940420,143065,314664
1060912850,143066,864525
1060912640,143067,561909
1060857450,143068,162053
1060857660,143069,787661
1060023060,143070,1389827
1060023130,143080,2977729
1060023140,143090,4593137
1060023300,144101,26632
1060981760,144102,590760
1060981750,144103,758609
1060961650,144104,1105877
1060961430,144105,786079
1060934080,144106,143525
1060933920,144107,102125
1060926840,144108,293231
1060926830,144109,39163
1060915990,144201,1436593
1060816410,144202,645112
1060816220,144203,18434
1060811590,144204,552020
1060811290,144205,1152836
1060779010,144206,419469
1060779020,144207,317232
1060757790,144208,292477
1060758080,144209,344471
1060915980,144301,12378
1060910430,144302,177677
1060910320,144303,116908
1060894730,144304,583959
1060894830,144305,651
1060894030,144306,643993
1060893840,144307,92891
1060879690,144308,628087
1060879680,144309,9123
1060873650,144410,68241
1060842700,144420,150078
1060842500,144430,360317
1060821060,144440,342036
1060820780,144450,61917
1060803510,144460,951094
1060803360,144470,643460
1060792830,144480,1028131
1060792840,144491,753457
1060772590,144492,587262
1060772440,144493,496094
1060744040,144494,470793
1060744190,144495,406629
1060727980,144496,4328218
1060727820,144497,447977
1060699250,144498,490181
1060699440,144499,1381161
1060873640,144501,99167
1060869050,144502,42491
1060869270,144503,215265
1060894710,144504,651338
1060894490,144505,50097
1060877640,144506,104150
1060877440,144507,425228
1060816030,144508,288907
1060816040,144509,250284
1060786860,144600,1332499
1060786690,144701,523631
1060754970,144702,422189
1060754850,144703,146154
1060740240,144704,259944
1060739920,144705,73595
1060729980,144706,707970
1060729970,144707,10680
1060725210,144708,187944
1060725050,144709,258763
1060709030,144801,290958
1060692590,144802,110354
1060692600,144803,265698
1060673050,144804,166157
1060673260,144805,86081
1060662470,144806,149108
1060662370,144807,170708
1060658410,144808,145503
1060658280,144809,239021
1060709280,144900,1752836
1060023310,145101,4597428
1060023450,145102,1702764
1060023460,145103,2662175
1060023660,145104,7853956
1060023670,145105,1150751
1060023770,145106,722091
1060023780,145107,118985
1060023840,145108,2725536
1060023850,145109,50020
1060023890,145201,2317533
1060927290,145202,663030
1060927150,145203,7444
1060922130,145204,158078
1060921980,145205,243227
1060866310,145206,95275
1060866090,145207,246473
1060828900,145208,641819
1060829040,145209,608261
1060023900,145300,5388496
1060023950,145401,284739
1060982320,145402,2224070
1060982530,145403,158324
1060966570,145404,345074
1060966320,145405,436019
1060944990,145406,1202963
1060945000,145407,741241
1060878440,145408,186868
1060878740,145409,1065167
1060023960,145500,1133333
1060024070,145601,1897199
1060979060,145602,1486223
1060979190,145603,119825
1060970290,145604,1076159
1060970130,145605,956727
1060906750,145606,305984
1060906360,145607,96345
1060882810,145608,150246
1060882980,145609,199445
1060024080,145710,920894
1060024310,145720,1258892
1060024320,145731,301003
1060024620,145732,53879
1060024630,145733,6475
1060024680,145734,550855
1060024690,145735,176261
1060024770,145736,835143
1060024780,145737,28223
1060024830,145738,666519
1060024840,145739,854117
1060024870,145740,1160317
1060024880,145750,722624
1060025000,145760,1638266
1060025010,145771,16963
1060025050,145772,1532670
1060025060,145773,3046994
1060025450,145774,955430
1060025460,145775,3485922
1060025690,145776,1135382
1060025700,145777,856564
1060025940,145778,189855
1060025950,145779,200170
1060026210,145780,755797
1060026220,145791,155
1060026230,145792,652448
1060026240,145793,664161
1060026360,145794,100439
1060026370,145795,72200
1060026440,145796,315464
1060026450,145797,209349
1060026610,145798,1101713
1060026620,145799,2040599
1060026800,145801,1106062
1060680870,145802,232266
1060681050,145803,432766
1060688450,145804,185993
1060688220,145805,15354
1060684490,145806,146539
1060684620,145807,30948
1060698240,145808,66645
1060698370,145809,373391
1060026820,145901,329164
1060027020,145902,4987950
1060027030,145903,9319
1060027040,145904,156620
1060027050,145905,384568
1060027100,145906,217660
1060027110,145907,3858865
1060027160,145908,146372
1060027170,145909,361443
1060027410,146100,493184
1060571900,146201,536038
1060598850,146202,64287
1060598860,146203,93628
1060608900,146204,238376
1060608980,146205,29805
1060615950,146206,80294
1060615840,146207,32551
1060613910,146208,49141
1060614080,146209,146373
1060042750,146300,65903
1060571730,146310,156991
1060565270,146320,212687
1060565160,146330,367155
1060583100,146340,369970
1060583270,146350,136886
1060606570,146360,153512
1060606740,146370,295999
1060632050,146380,518157
1060631860,146390,31201
1060047760,146400,19857
1060633360,146401,195928
1060591690,146402,22938
1060591530,146403,35718
1060574670,146404,92634
1060574880,146405,45676
1060550720,146406,11220
1060550330,146407,27434
1060537320,146408,621
1060537610,146409,3313
1060633540,146500,376232
1060644790,146610,393797
1060619390,146620,298274
1060619070,146630,398108
1060576090,146640,161165
1060575970,146650,43659
1060562490,146660,6117
1060562730,146670,7107
1060560730,146680,15318
1060560870,146690,103573
1060644920,146700,122198
1060667560,146801,76129
1060689420,146802,57798
1060689180,146803,29775
1060704770,146804,57577
1060704900,146805,34524
1060729710,146806,55740
1060729940,146807,193867
1060771370,146808,236838
1060771380,146809,174210
1060667360,146910,212519
1060677890,146920,490912
1060677900,146930,13315
1060671560,146940,137466
1060671150,146950,183245
1060646360,146960,349472
1060646230,146970,98691
1060634970,146980,76307
1060634800,146990,415323
1060027420,147000,4242
1060040450,151101,45237
1060053040,151102,33
1060041400,151103,37353
1060044620,151104,2893
1060049140,151105,293
1060041120,151106,1095
1060027430,151110,55
1060042170,151120,68322
1060027440,151121,510
1060566060,151122,17084
1060566500,151123,11011
1060567970,151124,4911
1060568190,151125,25672
1060567830,151126,19085
1060567990,151127,13473
1060555060,151128,12569
1060555050,151129,7001
1060041350,151130,36459
1060027450,151131,1068
1060027490,151132,2873
1060027500,151133,643
1060027530,151134,5355
1060027540,151135,430
1060027570,151136,3619
1060027580,151137,727
1060027610,151138,1777
1060027620,151139,46
1060027630,151140,41851
1060041340,151150,16772
1060027640,151151,10
1060027650,151152,14807
1060027660,151153,271923
1060027690,151154,606018
1060027700,151155,442783
1060027730,151156,491
1060027740,151157,103
1060027790,151158,165
1060027800,151159,126
1060043120,151160,4101
1060027830,151161,1229
1060461120,151162,661
1060460950,151163,197
1060449740,151164,3178
1060449790,151165,3170
1060435580,151166,1660
1060435850,151167,2323
1060420830,151168,583
1060420980,151169,804
1060027840,151170,367
1060027920,151180,4265
1060042520,151190,10346
1060027930,151191,19
1060027980,151192,1093
1060027990,151193,1235
1060028080,151194,756
1060028090,151195,802
1060028180,151196,398
1060028190,151197,273307
1060028480,151198,430
1060028490,151199,62707
1060043220,151201,77
1060041620,151202,30
1060046680,151203,11
1060045450,151204,2
1060042390,151205,34966
1060042800,151206,7330
1060028700,151210,57200
1060066200,151220,39
1060241300,151221,168
1060242890,151222,122
1060242900,151223,45375
1060242010,151224,204
1060241910,151225,21
1060238790,151226,40
1060238610,151227,16
1060231340,151228,13
1060231070,151229,151
1060241480,151230,31
1060246640,151240,387
1060246790,151250,368
1060289910,151260,99
1060289920,151270,126
1060274490,151280,41
1060274610,151290,184
1060028710,151300,203019
1060050150,151400,418
1060028960,151401,101939
1060201610,151402,6469
1060201520,151403,91376
1060174330,151404,42692
1060174430,151405,22127
1060172190,151406,12141
1060172100,151407,236639
1060143480,151408,224506
1060143410,151409,215593
1060028970,151501,6830
1060029050,151502,205753
1060029060,151503,176755
1060029180,151504,245424
1060029190,151505,22074
1060029200,151506,2013339
1060029210,151507,801952
1060029350,151508,2884199
1060029360,151509,1883226
1060045200,151600,199354
1060029430,151601,108170
1060111810,151602,138869
1060111820,151603,422696
1060120110,151604,638556
1060119920,151605,321442
1060121550,151606,309095
1060121400,151607,1327599
1060115140,151608,71236
1060115090,151609,155719
1060029440,151700,8673636
1060029700,151801,651888
1060097780,151802,1991259
1060097770,151803,420655
1060097740,151804,914425
1060097790,151805,116086
1060099320,151806,275341
1060099260,151807,150262
1060099870,151808,590932
1060099860,151809,1702939
1060029710,151900,2226289
1060034610,152000,2752507
1060029810,153010,2406924
1060030220,153021,308114
1060095040,153022,70335
1060095030,153023,22984
1060096550,153024,264290
1060096520,153025,40571
1060098580,153026,52688
1060098630,153027,90133
1060099970,153028,71898
1060100170,153029,386539
1060047550,153030,19186
1060030230,153031,10526
1060030250,153032,55497
1060030260,153033,157341
1060030310,153034,1559073
1060030320,153035,82041
1060030350,153036,1467724
1060030360,153037,1067012
1060030400,153038,2127667
1060030410,153039,276616
1060030450,153041,138575
1060086750,153042,909865
1060086680,153043,3086860
1060088080,153044,241370
1060088070,153045,19102
1060089320,153046,571146
1060089430,153047,16255
1060090480,153048,162059
1060090530,153049,386448
1060044380,153050,1692949
1060030460,153051,7865653
1060030760,153052,863843
1060030770,153053,1498318
1060030840,153054,2213044
1060030850,153055,845168
1060030980,153056,2781380
1060030990,153057,1788629
1060031080,153058,970230
1060031090,153059,1223904
1060031290,153060,2365923
1060031300,153070,3574755
1060031570,153080,1213991
1060031580,153090,3091482
1060046240,154101,8699
1060045490,154102,2504
1060041260,154103,298
1060042310,154104,306
1060043770,154105,285
1060041960,154106,406
1060046340,154107,331
1060040870,154108,784
1060042720,154109,486
1060040580,154211,20859
1060048850,154212,158
1060052270,154213,1273
1060058290,154214,62
1060058480,154215,42
1060042940,154220,9027
1060042910,154230,1768
1060042700,154240,4918
1060043350,154250,15677
1060042980,154260,12513
1060045140,154300,665
1060040520,154301,29
1060176330,154302,151
1060176340,154303,122
1060171020,154304,466
1060170920,154305,1197
1060149800,154306,415262
1060149810,154307,113259
1060130410,154308,19900
1060130340,154309,201168
1060042340,154401,777
1060044220,154402,3119
1060043040,154403,6321
1060044350,154404,6670
1060041970,154510,11044
1060040300,154521,5107
1060184270,154522,110444
1060184040,154523,20216
1060152750,154524,140321
1060152630,154525,2343
1060148230,154526,121059
1060148340,154527,25134
1060128500,154528,41748
1060128490,154529,81909
1060047600,154530,3937
1060044400,154601,31966
1060043050,154602,47301
1060040740,154603,335134
1060051750,154604,29719
1060059750,154605,4722
1060046780,154606,79792
1060045170,154710,4806
1060041240,154720,173273
1060041070,154730,64712
1060042080,154740,60606
1060042920,154750,61882
1060041820,154760,37174
1060042240,154770,186278
1060041090,154780,349740
1060042860,154790,91938
1060040340,154811,71575
1060100270,154812,967425
1060100290,154813,45720
1060100110,154814,586305
1060100010,154815,186
1060098990,154816,54753
1060098920,154817,1196734
1060102550,154818,253523
1060102600,154819,383043
1060043060,154820,37609
1060059920,154830,10974
1060046430,154840,93835
1060041140,154850,588419
1060043340,154901,761977
1060045220,154902,164583
1060040750,154903,2478142
1060041540,155111,992
1060045680,155112,124
1060054730,155113,94
1060049780,155114,282
1060042380,155115,1500
1060043210,155116,44534
1060058800,155117,54
1060073500,155118,23
1060048660,155119,9839
1060041550,155120,311274
1060040380,155131,4
1060568300,155132,28801
1060568050,155133,2342
1060568310,155134,1565
1060548470,155135,10
1060545400,155136,799
1060545390,155137,307
1060538800,155138,662
1060538790,155139,3424
1060040400,155141,34
1060472890,155142,7162
1060472710,155143,413
1060471760,155144,3391
1060472120,155145,271
1060475430,155146,2344
1060475600,155147,338
1060479390,155148,1215
1060479380,155149,2245
1060040850,155151,18760
1060040860,155152,13190
1060043860,155153,3095
1060043950,155154,1952
1060048030,155155,614
1060056610,155156,1206
1060063650,155157,434
1060041510,155160,70923
1060044830,155171,2927
1060050020,155172,601
1060052920,155173,3122
1060047090,155174,1546
1060044610,155175,1377
1060047200,155176,1173
1060049610,155177,10995
1060043300,155211,132
1060045720,155212,230
1060043760,155213,221
1060044940,155214,82
1060046950,155215,133
1060044730,155216,108
1060044750,155217,97
1060041660,155221,1221
1060044070,155222,186
1060043750,155223,147
1060049000,155224,55
1060042280,155225,210
1060042000,155226,222
1060047050,155227,212
1060054010,155228,72
1060058590,155229,36
1060041790,155230,758
1060041760,155241,312
1060042220,155242,253
1060043100,155243,401
1060044710,155244,214
1060045330,155245,193
1060045660,155246,224
1060045870,155247,213
1060047000,155248,83
1060050630,155249,37
1060041880,155250,1372
1060041000,155261,2031
1060041220,155262,1872
1060043500,155263,809
1060044090,155264,493
1060049670,155265,266
1060041410,155270,998
1060041450,155281,1357
1060042140,155282,792
1060042440,155283,875
1060043710,155284,539
1060043740,155285,534
1060044870,155286,385
1060046010,155287,280
1060040960,155290,5005
1060041080,155310,587
1060042100,155320,445
1060043890,155330,527
1060040890,155340,1288
1060042040,155350,4130
1060044910,155360,612
1060041690,155370,2334
1060042050,155380,5147
1060042420,155390,5340
1060051780,155411,104
1060041900,155412,4614
1060045840,155413,248
1060045560,155414,408
1060043930,155415,377
1060043150,155416,462
1060046250,155417,361
1060045110,155418,195
1060049240,155419,94
1060045340,155421,670
1060047150,155422,236
1060043530,155423,4961
1060047120,155424,9645
1060049850,155425,264
1060042670,155426,3225
1060048920,155427,3385
1060055020,155428,3274
1060058720,155429,1627
1060042970,155430,15458
1060041200,155440,11681
1060046820,155450,4767
1060043370,155461,4729
1060056050,155462,834
1060047060,155463,15478
1060050450,155464,14350
1060054160,155465,4273
1060046220,155470,5549
1060043250,155480,31209
1060041110,155511,3187
1060046360,155512,448
1060041720,155513,1922
1060041830,155514,1805
1060046940,155515,405
1060045850,155516,495
1060056090,155517,119
1060061060,155518,196
1060041580,155520,6328
1060058760,155531,497
1060051080,155532,875
1060054790,155533,171
1060053100,155534,1891
1060042790,155535,1238
1060057520,155536,630
1060054250,155537,337
1060055930,155538,487
1060046640,155539,1354
1060040950,155541,3995
1060053260,155542,160
1060041360,155543,3078
1060053460,155544,478
1060040910,155545,4993
1060048620,155546,576
1060042450,155547,2730
1060042630,155548,2665
1060054330,155549,1146
1060048990,155551,511
1060041740,155552,1901
1060052070,155553,647
1060042770,155554,1244
1060044720,155555,661
1060043450,155556,860
1060045360,155557,629
1060044840,155558,639
1060046390,155559,444
1060041980,155561,1223
1060048860,155562,385
1060041500,155563,1811
1060044230,155564,1339
1060040650,155565,8983
1060075250,155566,22
1060057230,155567,84
1060042510,155568,1651
1060068290,155570,31
1060040310,155571,1092
1060380510,155572,3368
1060380290,155573,389
1060377690,155574,6901
1060377860,155575,545
1060381530,155576,1391
1060381400,155577,7
1060380150,155578,11758
1060380310,155579,11959
1060049710,155580,635
1060040430,155611,6
1060299250,155612,956
1060299240,155613,1882
1060340460,155614,3716
1060340190,155615,1056
1060332340,155616,258
1060332710,155617,257
1060326450,155618,254
1060326200,155619,361
1060041490,155620,6995
1060040620,155631,46
1060243450,155632,139072
1060243740,155633,247
1060245940,155634,708
1060246070,155635,198
1060261430,155636,282
1060261420,155637,117
1060268200,155638,411
1060268190,155639,1022
1060045480,155641,6641
1060041060,155642,21789
1060045160,155643,16280
1060055130,155644,285
1060040820,155645,5567
1060048760,155646,881
1060061880,155647,65
1060040640,155651,12658
1060060300,155652,204
1060049460,155653,1090
1060042130,155654,1394
1060040570,155661,336
1060254060,155662,28740
1060254070,155663,5515
1060254360,155664,3842
1060254210,155665,3560
1060256610,155666,1076
1060256930,155667,1417
1060266310,155668,194
1060266150,155669,750
1060046350,155671,8585
1060043020,155672,3507
1060048770,155673,1785
1060047110,155674,1829
1060050250,155675,855
1060042360,155676,2878
1060044640,155677,1907
1060075520,155678,13
1060041570,155679,1489
1060041330,155681,15861
1060045030,155682,27224
1060045580,155683,14821
1060042270,155684,9551
1060064130,155685,264
1060055150,155686,615
1060041480,155687,11068
1060040500,155691,9466
1060190730,155692,25386
1060190830,155693,6414
1060187420,155694,3607
1060187210,155695,5764
1060181880,155696,10566
1060181890,155697,30981
1060165590,155698,3192
1060165450,155699,6759
1060044340,155710,9766
1060041990,155720,20607
1060040460,155731,55767
1060131680,155732,7404
1060131560,155733,10367
1060139290,155734,11887
1060139190,155735,4486
1060170290,155736,13854
1060170300,155737,867
1060177150,155738,1902
1060176960,155739,3234
1060044300,155740,45976
1060040530,155751,13605
1060131370,155752,4272
1060131340,155753,966
1060137530,155754,4132
1060137460,155755,48
1060139650,155756,5156
1060139660,155757,1044
1060156550,155758,962
1060156540,155759,1665
1060040330,155761,1751
1060121530,155762,9491
1060121470,155763,31
1060121520,155764,3015
1060121460,155765,9360
1060146800,155766,1511
1060146790,155767,1499
1060154880,155768,433
1060154870,155769,749
1060046210,155770,766
1060044520,155780,2097
1060044270,155790,1975
1060052840,155810,90
1060040420,155811,268
1060246940,155812,384
1060247220,155813,312
1060268800,155814,2557
1060268810,155815,1322
1060291000,155816,599
1060291150,155817,2
1060291700,155818,377
1060291860,155819,1234
1060040980,155820,5894
1060040780,155830,9929
1060040810,155840,9097
1060041150,155850,8306
1060041380,155860,12031
1060042820,155870,2758
1060043090,155880,12555
1060040540,155911,27606
1060105340,155912,206783
1060105330,155913,44
1060105530,155914,6646
1060105460,155915,54320
1060116790,155916,1433
1060116690,155917,472
1060122140,155918,931
1060122130,155919,1164
1060043700,155920,103770
1060043160,155930,12032
1060042190,155940,24291
1060044850,155950,67576
1060040690,155960,62040
1060042010,155970,19127
1060042550,155980,3349
1060040480,156001,161804
1060040700,156002,300319
1060040680,156003,581973
1060051330,156004,8322
1060046750,156005,18684
1060055170,156006,1446
1060060030,156007,8363
1060031860,156010,723543
1060032150,156020,97505
1060032160,156030,3012
1060032170,156040,373364
1060032180,156050,2741815
1060032600,156060,16140
1060032610,156070,7289
1060032670,156080,12366
1060032680,156091,28147
1060032850,156092,21805
1060032860,156093,50078
1060032940,156094,131666
1060032950,156095,591868
1060033670,156096,12395
1060033680,156097,253832
1060034030,156098,43645
1060034040,156099,36948
1060045670,157101,4947
1060044040,157102,5004
1060042180,157103,9489
1060047330,157104,5165
1060042470,157105,11567
1060044060,157106,9705
1060043130,157107,11121
1060041430,157108,10051
1060042680,157109,10080
1060040760,157211,10529
1060051860,157212,379
1060053350,157213,295
1060052970,157214,421
1060047390,157215,114
1060058880,157216,27
1060041210,157220,31393
1060040410,157231,811
1060229620,157232,28324
1060229630,157233,186
1060229410,157234,27089
1060229110,157235,72072
1060265410,157236,12505
1060265860,157237,1125
1060268510,157238,28086
1060268670,157239,4662
1060040940,157240,6192
1060042660,157250,2104
1060040770,157260,8749
1060040560,157311,3336
1060310510,157312,2131
1060310630,157313,113
1060315520,157314,1467
1060315620,157315,756
1060328880,157316,1054
1060328750,157317,596
1060336430,157318,1931
1060336220,157319,1110
1060041630,157320,5253
1060042590,157330,15672
1060040930,157340,8329
1060045390,157350,2432
1060042500,157360,6072
1060041370,157370,7455
1060043070,157380,4722
1060044010,157390,4401
1060041310,157401,19505
1060045150,157402,14072
1060045760,157403,48657
1060041610,157404,5365
1060045210,157405,3158
1060043470,157406,15736
1060042640,157407,8438
1060047160,157408,1332
1060041530,157510,9204
1060041910,157520,11110
1060040830,157530,16542
1060043290,157540,8854
1060044480,157550,12516
1060042610,157560,13135
1060041800,157570,16630
1060044120,157580,10231
1060042690,157590,18749
1060040220,157610,17988
1060042320,157620,2459
1060192080,157621,7478
1060210260,157622,30603
1060210380,157623,6058
1060277520,157624,321
1060277450,157625,1211
1060297470,157626,3994
1060297460,157627,447
1060313270,157628,4153
1060313260,157629,3444
1060192070,157630,16899
1060275130,157640,7856
1060274920,157650,167
1060276700,157660,3486
1060276860,157670,5818
1060335490,157680,4398
1060335500,157690,6275
1060041170,157710,3951
1060042160,157720,1702
1060042490,157730,1431
1060046870,157740,1293
1060040600,157751,846
1060171830,157752,14302
1060171930,157753,2699
1060189100,157754,4301
1060189110,157755,10916
1060235580,157756,1461
1060235570,157757,430
1060241960,157758,692
1060241880,157759,439
1060054740,157760,184
1060065100,157770,60
1060046550,157780,5174
1060043580,157790,7324
1060040790,157801,63323
1060079850,157802,46
1060067050,157803,223
1060042710,157804,429427
1060043000,157805,241968
1060045100,157806,63973
1060044740,157807,43823
1060049590,157808,4200
1060043180,157809,25365
1060040250,158111,21222
1060271780,158112,457
1060271770,158113,1690
1060307860,158114,817
1060307850,158115,1099
1060319070,158116,8809
1060318970,158117,3161
1060371880,158118,717
1060372010,158119,5701
1060041300,158120,4174
1060049900,158130,424
1060046270,158141,719
1060066490,158142,56
1060045400,158143,357
1060055350,158144,279
1060049600,158145,281
1060043420,158146,398
1060048740,158147,380
1060043910,158148,176
1060045270,158149,4
1060053710,158150,135
1060040290,158211,0
1060344160,158212,161
1060344320,158213,0
1060372040,158214,390
1060371920,158215,464
1060383360,158216,4415
1060383470,158217,2776
1060423630,158218,900
1060423890,158219,2851
1060049660,158220,0
1060041850,158230,0
1060054170,158240,0
1060048630,158250,9
1060040670,158301,11260
1060064750,158302,0
1060061100,158303,0
1060042460,158304,4043
1060049160,158305,878
1060045960,158306,1112
1060045600,158307,408
1060041040,158401,457
1060043410,158402,6177
1060041190,158403,12819
1060043690,158404,0
1060041470,158510,0
1060043380,158520,0
1060040970,158530,28143
1060044080,158540,0
1060043490,158550,0
1060042090,158560,52871
1060042830,158570,50084
1060044320,158580,0
1060048790,158590,0
1060049870,158610,0
1060040730,158620,0
1060040630,158631,701
1060175290,158632,8646
1060175370,158633,25
1060175810,158634,8964
1060175820,158635,8360
1060196450,158636,6513
1060196460,158637,2225
1060218410,158638,2314
1060218560,158639,1977
1060043330,158640,754
1060041180,158650,36508
1060057260,158660,1175
1060043540,158670,5880
1060042020,158680,18392
1060043720,158690,26752
1060042410,158701,0
1060045800,158702,9479
1060042950,158703,0
1060047310,158704,0
1060043680,158705,0
1060045280,158706,25589
1060048600,158707,27363
1060047500,158708,0
1060045410,158709,0
1060042250,158801,0
1060042060,158802,90209
1060045880,158803,0
1060047640,158804,0
1060044050,158805,0
1060046460,158806,3
1060047930,158807,0
1060042880,158808,0
1060043440,158901,663
1060040990,158902,0
1060045070,158903,0
1060044570,158904,18513
1060040280,159011,11130
1060538610,159012,128526
1060538380,159013,2277
1060543490,159014,15543
1060543340,159015,467
1060542300,159016,77058
1060542610,159017,26270
1060593400,159018,34459
1060593390,159019,310428
1060040350,159021,171876
1060049080,159022,8844
1060056760,159023,13069
1060044470,159030,15084
1060044980,159040,14559
1060042840,159050,16043
1060053600,161100,1045
1060040230,161110,2871
1060463920,161121,1858
1060459380,161122,10952
1060459220,161123,152
1060454270,161124,2912
1060454520,161125,4449
1060377180,161126,608
1060377060,161127,41
1060369790,161128,642
1060369780,161129,333
1060463930,161130,85
1060453980,161140,637
1060454120,161150,74
1060440700,161160,1120
1060440690,161170,3376
1060407800,161180,9794
1060407790,161191,662
1060395580,161192,1650
1060395730,161193,1099
1060335290,161194,2146
1060335110,161195,1243
1060325990,161196,1258
1060325980,161197,1216
1060314580,161198,573
1060314690,161199,684
1060040510,161211,23
1060587060,161212,200651
1060586870,161213,615
1060579980,161214,4950
1060579810,161215,2914
1060562940,161216,4569
1060563130,161217,1712
1060565790,161218,1878
1060565950,161219,5956
1060041640,161220,45744
1060042230,161230,10639
1060041650,161240,10325
1060040880,161250,30565
1060040840,161260,88022
1060040720,161270,17991
1060044150,161310,957
1060041560,161320,1966
1060041050,161330,1029
1060041100,161340,7048
1060046540,161350,253
1060041030,161360,1082
1060042260,161370,4007
1060041230,161380,900
1060041710,161390,3013
1060048200,161401,15464
1060040590,161402,52397
1060046330,161403,1822
1060044950,161404,6020
1060042580,161405,7940
1060041390,161406,777
1060043080,161407,532
1060041930,161408,1191
1060040210,161510,11790
1060552200,161521,23
1060552380,161522,125852
1060552190,161523,4435
1060554840,161524,17972
1060555010,161525,4840
1060525950,161526,4914
1060525800,161527,1269
1060518950,161528,4795
1060518960,161529,6835
1060552040,161530,2092
1060555020,161541,292
1060549880,161542,3736
1060550270,161543,7567
1060548120,161544,93004
1060548270,161545,3002
1060559240,161546,15825
1060559540,161547,1159
1060571070,161548,53723
1060571080,161549,100878
1060555410,161551,68
1060558510,161552,14468
1060558800,161553,4403
1060579110,161554,5224
1060579170,161555,5111
1060594590,161556,144078
1060594820,161557,810
1060598700,161558,147219
1060598690,161559,2660
1060607030,161561,20352
1060617650,161562,61825
1060617640,161563,1169
1060621420,161564,10564
1060621430,161565,4716
1060630060,161566,26864
1060630320,161567,1
1060630540,161568,117850
1060630330,161569,256871
1060607020,161570,33930
1060637060,161581,10268
1060645680,161582,25864
1060645670,161583,8764
1060649980,161584,6715
1060650090,161585,94034
1060665140,161586,36916
1060665330,161587,35803
1060669180,161588,250593
1060668980,161589,24067
1060637070,161591,3031
1060652010,161592,21263
1060651800,161593,1236
1060647650,161594,8746
1060648000,161595,8044
1060658340,161596,230930
1060658460,161597,40472
1060674380,161598,64841
1060674240,161599,55282
1060056590,161610,1104
1060040490,161611,1761
1060476620,161612,3986
1060476510,161613,317
1060471850,161614,14053
1060471840,161615,673
1060457140,161616,772
1060457150,161617,580
1060438440,161618,1040
1060438330,161619,1674
1060044290,161620,5698
1060042070,161630,3219
1060044420,161640,15612
1060046410,161650,11009
1060047900,161660,8701
1060044430,161670,5885
1060047030,161680,3712
1060040610,161711,32840
1060060780,161712,872
1060076200,161713,66
1060076900,161714,60
1060045010,161720,4183
1060041860,161730,11524
1060042350,161740,12497
1060043570,161750,5362
1060041870,161760,1187
1060042900,161770,8549
1060041520,161780,9855
1060040360,162011,7012
1060704670,162012,255868
1060705000,162013,4550
1060706990,162014,113229
1060706800,162015,5587
1060702990,162016,161784
1060702840,162017,235133
1060690820,162018,383656
1060691230,162019,555640
1060040470,162021,7813
1060702490,162022,202751
1060702280,162023,142949
1060749530,162024,49024
1060749810,162025,3673
1060761690,162026,54901
1060761680,162027,47866
1060801770,162028,16764
1060802020,162029,53766
1060042600,162030,124146
1060040190,162101,0
1060695310,162102,1042298
1060695540,162201,98962
1060703530,162202,370514
1060703540,162203,61011
1060707270,162204,4947296
1060707490,162205,178574
1060717480,162206,1864378
1060717370,162207,10218
1060716780,162208,433933
1060716590,162209,1406607
1060695700,162300,760654
1060695300,162410,416854
1060672000,162420,174817
1060671990,162430,4103
1060670330,162441,1642
1060668630,162442,419801
1060668640,162443,40338
1060649820,162444,32554
1060649830,162445,3114
1060646280,162446,2663
1060646270,162447,5874
1060604420,162448,1500
1060604410,162449,79937
1060670570,162450,2864957
1060700730,162461,62965
1060694150,162462,797122
1060694390,162463,306685
1060700720,162464,590348
1060701060,162465,3909292
1060701840,162466,2101693
1060702140,162467,9889
1060702830,162468,1716822
1060703130,162469,2437673
1060700890,162470,1245575
1060709340,162480,5203200
1060708880,162490,13075392
1061923540,162500,356184
1060734180,162601,241207
1060754660,162602,409460
1060754730,162603,1131160
1060827990,162604,621930
1060828000,162605,235728
1060856870,162606,744222
1060856860,162607,869957
1060911250,162608,178320
1060911040,162609,299648
1060734190,162701,476072
1060761520,162702,126727
1060761890,162703,17358
1060776780,162704,68835
1060776920,162705,100465
1060793790,162706,523039
1060793590,162707,64926
1060814780,162708,79209
1060814990,162709,43169
1060840410,162810,62507
1060845830,162821,36223
1060861210,162822,772410
1060861310,162823,82756
1060901650,162824,230568
1060901820,162825,147351
1060928560,162826,74073
1060928380,162827,176562
1060964690,162828,46898
1060964540,162829,228046
1060845840,162830,6757
1060852600,162840,260675
1060852870,162850,274749
1060865860,162861,11211
1060871760,162862,10680
1060871950,162863,248
1060874100,162864,2486
1060874090,162865,56171
1060878150,162866,191731
1060878050,162867,15093
1060919490,162868,16903
1060919310,162869,4626
1060865850,162870,98784
1060847310,162881,650
1060840780,162882,7953
1060840790,162883,5262
1060823460,162884,5729
1060823470,162885,13502
1060787740,162886,88256
1060787750,162887,67677
1060772150,162888,35680
1060772140,162889,56157
1060847160,162891,2222
1060841840,162892,13228
1060841680,162893,3129
1060830770,162894,18425
1060830240,162895,23461
1060800780,162896,31116
1060800540,162897,1445
1060803960,162898,249487
1060803730,162899,387800
1060840230,162910,130231
1060786750,162921,2275
1060780300,162922,146835
1060780080,162923,22804
1060773240,162924,43411
1060773250,162925,2058
1060768030,162926,68452
1060768020,162927,48666
1060738620,162928,25408
1060738820,162929,32505
1060786760,162930,39518
1060748790,162940,162031
1060749160,162950,108376
1060736730,162961,20095
1060735260,162962,68750
1060735080,162963,5892
1060730750,162964,93945
1060730580,162965,155808
1060701280,162966,182610
1060701270,162967,179459
1060677620,162968,223823
1060677450,162969,505255
1060736640,162970,928131
1060652970,162980,170561
1060652800,162990,218520
1060034170,171000,10202412
1060043560,172110,3422088
1060034260,172111,28504102
1060204030,172112,4681
1060204020,172113,8748702
1060252990,172114,511808
1060252790,172115,3183396
1060264770,172116,113964
1060264990,172117,5352934
1060312490,172118,78322
1060312580,172119,531639
1060349680,172121,0
1060366100,172122,32585
1060366090,172123,16634
1060396850,172124,10993
1060396980,172125,17372
1060412130,172126,13543
1060412230,172127,37667
1060440600,172128,12668
1060440910,172129,17040
1060041160,172130,179211
1060349490,172131,14391
1060388770,172132,3690
1060388760,172133,4863
1060424660,172134,1538
1060424800,172135,3749
1060441940,172136,16756
1060442060,172137,4694
1060454180,172138,10332
1060454360,172139,168532
1060506690,172141,18717
1060525390,172142,16169
1060525270,172143,7790
1060535340,172144,41787
1060535490,172145,706
1060538630,172146,8705
1060538390,172147,3162
1060545580,172148,18072
1060545590,172149,31122
1060506700,172150,8593
1060041320,172160,634068
1060514520,172161,39936
1060552070,172162,33523
1060552060,172163,30810
1060573190,172164,156604
1060573070,172165,53192
1060595570,172166,40330
1060595620,172167,56891
1060638900,172168,81805
1060638890,172169,20509
1060514530,172170,23993
1060513570,172181,24861
1060547310,172182,13165
1060547470,172183,1038637
1060581970,172184,14882
1060582330,172185,401818
1060599020,172186,20471
1060599140,172187,13506
1060610780,172188,16441
1060610940,172189,8270
1060513450,172191,981
1060512360,172192,206035
1060512190,172193,278187
1060465540,172194,24105
1060465730,172195,40799
1060485260,172196,126420
1060485360,172197,96411
1060508990,172198,35903
1060509140,172199,59288
1060526810,172210,24809
1060531400,172220,83709
1060531620,172230,80303
1060538430,172241,1130
1060537590,172242,256172
1060537760,172243,18307
1060539790,172244,94174
1060539960,172245,152691
1060559690,172246,229131
1060559700,172247,29808
1060565060,172248,339095
1060564930,172249,2393629
1060538700,172250,657066
1060648450,172261,314
1060649720,172262,41444
1060649730,172263,46070
1060658910,172264,26079
1060658920,172265,21167
1060664700,172266,799160
1060664840,172267,116264
1060703250,172268,124066
1060703080,172269,354492
1060648030,172271,213105
1060645360,172272,88951
1060645590,172273,257237
1060665870,172274,199697
1060665640,172275,816783
1060673410,172276,1018698
1060673860,172277,3473
1060675420,172278,1021121
1060675820,172279,256121
1060692800,172280,874775
1060692900,172290,2369717
1060526970,172301,29335
1060535240,172302,674328
1060535370,172303,9010
1060542330,172304,46948
1060542340,172305,18863
1060554260,172306,386250
1060554250,172307,70329
1060562670,172308,43044
1060562830,172309,1959063
1060601200,172410,2717076
1060643630,172421,305862
1060652730,172422,98391
1060653000,172423,193704
1060664480,172424,73461
1060664580,172425,93843
1060674110,172426,385179
1060674440,172427,132238
1060695430,172428,242838
1060695420,172429,387389
1060643620,172430,368710
1060657020,172441,245498
1060688170,172442,59295
1060688160,172443,4678
1060696470,172444,250774
1060696250,172445,64789
1060716640,172446,73839
1060716900,172447,53205
1060745340,172448,5827
1060745130,172449,209606
1060657010,172451,648948
1060704290,172452,159753
1060704170,172453,639323
1060762820,172454,124169
1060762830,172455,69714
1060778870,172456,663713
1060779130,172457,15357
1060791180,172458,1416252
1060791350,172459,101791
1060819640,172460,3662719
1060819440,172471,1450923
1060805160,172472,1155403
1060805400,172473,102500
1060817220,172474,410587
1060816780,172475,533448
1060823130,172476,1266366
1060822950,172477,151505
1060820630,172478,1329010
1060820440,172479,751030
1060810820,172480,2616121
1060810660,172491,145062
1060801660,172492,718171
1060801450,172493,1010325
1060774210,172494,1959052
1060774200,172495,852680
1060766070,172496,513062
1060765790,172497,1063202
1060744980,172498,1826177
1060745140,172499,942744
1060601190,172510,4301211
1060645140,172521,19155
1060641180,172522,82900
1060641580,172523,242213
1060652040,172524,166563
1060651670,172525,3939
1060650230,172526,90833
1060650000,172527,79693
1060652560,172528,264052
1060652570,172529,86211
1060645320,172530,957912
1060664460,172541,94296
1060677130,172542,245702
1060677120,172543,331327
1060713000,172544,274704
1060713180,172545,37553
1060716250,172546,249337
1060716350,172547,74271
1060734730,172548,18876
1060734740,172549,77075
1060664470,172551,1504253
1060716270,172552,174162
1060716260,172553,23570
1060728700,172554,116022
1060728710,172555,306701
1060773760,172556,241093
1060773750,172557,16906
1060783650,172558,105355
1060783860,172559,5568
1060798240,172560,122376
1060798250,172570,4526
1060800160,172581,17055
1060809910,172582,122452
1060810340,172583,14042
1060823900,172584,509284
1060823700,172585,14
1060823290,172586,11076
1060823510,172587,17751
1060840290,172588,21907
1060840030,172589,260851
1060800150,172590,385277
1060843040,172610,2314
1060846100,172620,430739
1060845900,172630,429666
1060883510,172641,20885
1060883520,172642,114476
1060883230,172643,32769
1060885810,172644,150131
1060886140,172645,355635
1060891420,172646,282781
1060891190,172647,384234
1060879500,172648,1219109
1060880020,172649,883306
1060883500,172650,1052025
1060909260,172660,509736
1060909250,172670,190600
1060949080,172681,6158
1060962950,172682,128376
1060962960,172683,108994
1060978570,172684,16964
1060978730,172685,59495
1060988620,172686,589785
1060988630,172687,392078
1061001800,172688,373537
1061001550,172689,184707
1060949070,172691,1782
1060954500,172692,642665
1060954680,172693,129195
1060999120,172694,748620
1060999130,172695,42911
1061016870,172696,459331
1061017230,172697,340028
1061041490,172698,209086
1061041420,172699,203594
1060843030,172701,15991
1060844900,172702,147572
1060844660,172703,10012
1060841720,172704,427056
1060841580,172705,150
1060841230,172706,23007
1060841440,172707,16392
1060840470,172708,21652
1060840450,172709,39465
1060837630,172810,296310
1060848180,172821,47836
1060832440,172822,32841
1060832080,172823,7110
1060827240,172824,113795
1060827490,172825,21463
1060820900,172826,55802
1060820590,172827,2115
1060803980,172828,45389
1060803990,172829,97752
1060848400,172830,242819
1060856340,172841,51291
1060869460,172842,1384148
1060869450,172843,19258
1060873210,172844,278402
1060873200,172845,249482
1060913830,172846,157316
1060913840,172847,132682
1060989610,172848,66538
1060989620,172849,250873
1060856140,172850,19733
1060852010,172861,286823
1060861870,172862,117306
1060861680,172863,155902
1060854480,172864,59482
1060854290,172865,96997
1060864590,172866,23708
1060864580,172867,5032
1060872280,172868,7312
1060872120,172869,10505
1060851850,172870,308313
1060837870,172881,219485
1060824850,172882,2860848
1060824630,172883,1072122
1060762390,172884,432504
1060762260,172885,34568
1060748970,172886,534477
1060748980,172887,281155
1060694920,172888,396506
1060694510,172889,678685
1060837610,172891,64621
1060804960,172892,1149510
1060804740,172893,56678
1060784010,172894,741369
1060783830,172895,300257
1060740960,172896,249436
1060740970,172897,384942
1060642400,172898,8911
1060642580,172899,168111
1060837890,172911,226329
1060921730,172912,905338
1060921740,172913,172452
1060965910,172914,252331
1060965920,172915,526623
1061024120,172916,376820
1061024110,172917,46639
1061033480,172918,588052
1061033490,172919,242029
1061051160,172921,35617
1061051510,172922,630894
1061051660,172923,90721
1061053830,172924,68768
1061053880,172925,57826
1061065600,172926,1285746
1061065520,172927,220627
1061060260,172928,58086
1061060600,172929,276173
1061051360,172930,3673337
1061089870,172941,1621297
1061111290,172942,1756904
1061111280,172943,1831210
1061147780,172944,2601290
1061147770,172945,24008
1061150150,172946,981045
1061150250,172947,398345
1061156190,172948,414610
1061156230,172949,1414741
1061089880,172951,221320
1061090060,172952,517120
1061090170,172953,1130310
1061103800,172954,4080679
1061103810,172955,36777
1061103440,172956,665135
1061103570,172957,135462
1061108830,172958,1849583
1061108670,172959,42704
1061108020,172961,32759
1061108170,172962,587399
1061108520,172963,412384
1061113260,172964,5780982
1061113110,172965,1041665
1061102730,172966,1391463
1061102620,172967,245900
1061092480,172968,251200
1061092470,172969,261154
1061108160,172971,1609186
1061135480,172972,10098960
1061135470,172973,233068
1061142140,172974,5078074
1061142320,172975,1736
1061143550,172976,9141611
1061143610,172977,2361298
1061159550,172978,1668707
1061159540,172981,0
1061168170,172982,219671
1061168160,172983,967516
1061186560,172984,1296893
1061186570,172985,103
1061192100,172986,3550047
1061192020,172987,122664
1061197040,172988,1556461
1061196940,172989,744966
1061159450,172991,845431
1061172900,172992,302044
1061172840,172993,1014455
1061168580,172994,1497873
1061168800,172995,1406343
1061197870,172996,4620371
1061197770,172997,2666538
1061190600,172998,2826832
1061190440,172999,5738265
1060034270,173000,31707867
1060035180,181100,802426
1060035400,181201,130857
1061568120,181202,31209
1061568190,181203,116831
1061568720,181204,24757
1061568700,181205,12148
1061567020,181206,193190
1061566930,181207,30790
1061559150,181208,55090
1061559160,181209,40520
1060035410,181300,707019
1060035590,181401,65163
1061543240,181402,41724
1061543120,181403,36450
1061540590,181404,41370
1061540470,181405,44556
1061538940,181406,256919
1061538890,181407,4822
1061537190,181408,358196
1061537110,181409,787940
1060035600,181500,382969
1060036020,181601,244036
1061508640,181602,1009063
1061508680,181603,4836
1061510180,181604,116727
1061510190,181605,44104
1061512180,181606,246671
1061512210,181607,157625
1061518050,181608,518652
1061518210,181609,378431
1060036030,181701,43663
1060036110,181702,319753
1060036120,181703,225755
1060036300,181704,43364
1060036310,181705,78409
1060036440,181706,91782
1060036450,181707,126938
1060036750,181708,238130
1060036760,181709,48450
1060036860,181801,197662
1061449380,181802,263518
1061449370,181803,70285
1061454680,181804,563365
1061454760,181805,43962
1061459660,181806,41225
1061459750,181807,32535
1061472870,181808,120282
1061472960,181809,4537446
1060036870,181910,744148
1060037100,181920,952819
1060037110,181931,280908
1060037300,181932,134771
1060037310,181933,1462120
1060038190,181934,162837
1060038200,181935,650746
1060038540,181936,201768
1060038550,181937,413600
1060038790,181938,95626
1060038800,181939,174621
1060038850,181940,846128
1060038860,181950,1380622
1060039250,181960,1171808
1060039260,181971,469566
1060039460,181972,422376
1060039470,181973,188016
1060039540,181974,313192
1060039550,181975,244831
1060039620,181976,552255
1060039630,181977,36134
1060039660,181978,285791
1060039670,181979,388900
1060039740,181980,614515
1060039750,181991,131431
1060039780,181992,121027
1060039790,181993,53422
1060039840,181994,60019
1060039850,181995,206476
1060040000,181996,378544
1060040010,181997,399117
1060040020,181998,362328
1060040030,182000,0
1060040040,183000,0
1060040050,184000,1142338
1060040110,185000,663
1060040140,186000,42
1060040160,187000,49
1060040180,188000,0
2060000010,211011,80271
2060000020,211012,1334474
2060000030,211013,252039
2060000240,211014,162013
2060000250,211015,1072685
2060000350,211016,914664
2060000360,211017,22074397
2060001220,211018,6895540
2060001230,211019,711038
2060086110,211020,6152825
2060001320,211031,311005
2060001360,211032,2124072
2060001370,211033,72066
2060001450,211034,1395752
2060001460,211035,1259406
2060001720,211036,279668
2060001730,211037,400466
2060002070,211038,117992
2060002080,211039,27207
2060044800,211040,1357970
2060087250,211050,430740
2060002110,211051,79
2060002120,211052,487687
2060002130,211053,2321697
2060002610,211054,2336843
2060002620,211055,3582111
2060002830,211056,1869597
2060002840,211057,1519320
2060003240,211058,3656463
2060003250,211059,4807053
2060045150,212000,1189686
2060009230,213010,10106743
2060009480,213021,92366
2060622810,213022,1092770
2060622800,213023,157615
2060608930,213024,400819
2060609030,213025,2039
2060609100,213026,220794
2060609020,213027,172511
2060602370,213028,216962
2060602360,213029,1062731
2060009490,213030,538406
2060009730,213040,857574
2060009740,213050,1190975
2060009900,213060,2053742
2060088830,213070,29175
2060009910,213071,318431
2060009950,213072,214835
2060009960,213073,121494
2060010040,213074,532972
2060010050,213075,6327346
2060011730,213076,115492
2060011740,213077,9302
2060011750,213078,408365
2060011760,213079,1767845
2060011990,213080,1676609
2060089540,213090,158587
2060012000,213091,169289
2060012180,213092,358581
2060012190,213093,73375
2060012250,213094,144986
2060012260,213095,312328
2060012300,213096,65027
2060012310,213097,1095134
2060012690,213098,335322
2060012700,213099,160650
2060012730,214010,2638216
2060012960,214020,1628939
2060012970,214030,44113
2060012980,214040,2067152
2060012990,214050,1725
2060013010,214061,2014588
2060551020,214062,1673765
2060551110,214063,1049045
2060548650,214064,2158601
2060548920,214065,4845235
2060548280,214066,1838021
2060548430,214067,610412
2060551950,214068,894817
2060551820,214069,3225161
2060013020,214070,212416
2060013100,214080,1220343
2060013110,214091,3228922
2060013730,214092,362064
2060013740,214093,782643
2060014050,214094,322207
2060014060,214095,170498
2060014120,214096,165749
2060014130,214097,3240937
2060014490,214098,265180
2060014500,214099,148183
2060014550,215001,7014424
2060015420,215002,857620
2060015430,215003,65886
2060015470,215004,685876
2060015480,215005,1091805
2060015610,215006,4806355
2060015620,215007,1211502
2060016020,215008,2504923
2060016030,215009,1988128
2060016230,216010,4224910
2060016510,216021,375023
2060572030,216022,673327
2060571930,216023,1146596
2060552470,216024,1117520
2060552460,216025,1203645
2060536370,216026,4072388
2060536360,216027,1362020
2060510560,216028,760757
2060510690,216029,879051
2060016520,216031,1175111
2060016680,216032,198066
2060016690,216033,211264
2060016750,216034,332049
2060016760,216035,869382
2060016940,216036,514934
2060016950,216037,3531741
2060017000,216038,2408145
2060017010,216039,1274151
2060017150,216041,188859
2060615620,216042,826778
2060615720,216043,348223
2060609250,216044,184542
2060609300,216045,386008
2060606920,216046,143951
2060606810,216047,281062
2060598480,216048,539458
2060598470,216049,863175
2060017160,216050,2952689
2060017480,216060,958116
2060017490,216070,1602604
2060017690,216080,1821853
2060017700,216090,4180012
2060048590,217000,1388423
2060047500,218001,1652147
2060048160,218002,367234
2060046500,219000,5447699
2060086420,221001,512450
2060086010,221002,1426345
2060092010,221003,10788
2060099470,221004,2069
2060086150,221005,457461
2060089970,221006,21127
2060094250,221007,24922
2060085960,221008,790844
2060092270,221009,26342
2060003440,221100,2745180
2060003550,221201,1062113
2060635490,221202,377621
2060635540,221203,346690
2060643290,221204,63887
2060643360,221205,4786
2060646960,221206,5534702
2060647040,221207,8751
2060649640,221208,410420
2060649630,221209,959383
2060003560,221300,2013126
2060087400,221400,104270
2060004130,221401,231164
2060614750,221402,243421
2060614870,221403,27395
2060621250,221404,71696
2060621300,221405,159666
2060633730,221406,455183
2060633660,221407,18815
2060636090,221408,93175
2060636260,221409,2637020
2060004140,221500,825295
2060004280,221601,159991
2060628420,221602,1101179
2060628430,221603,105490
2060639180,221604,8408
2060639360,221605,47
2060640070,221606,14250
2060640080,221607,2608
2060641180,221608,11457
2060641190,221609,42962
2060004290,221700,2100895
2060005120,221800,341550
2060005130,221901,373345
2060005270,221902,585220
2060005280,221903,64200
2060005360,221904,99541
2060005370,221905,57106
2060005530,221906,23671
2060005540,221907,85682
2060005680,221908,64748
2060005690,222010,1053083
2060006110,222021,85922
2060548890,222022,266046
2060548750,222023,801636
2060550520,222024,259877
2060550400,222025,10239
2060547390,222026,563785
2060547290,222027,425279
2060552560,222028,120304
2060552390,222029,706637
2060006120,222030,1074139
2060006380,222040,666428
2060006390,222050,119675
2060006480,222060,278644
2060006490,222070,72114
2060006570,222080,140707
2060006580,222090,418
2060006590,223100,1666637
2060501940,223201,140216
2060518250,223202,52828
2060518260,223203,7862
2060519100,223204,611377
2060519010,223205,33154
2060521230,223206,48507
2060521190,223207,104873
2060535650,223208,31402
2060535640,223209,416562
2060501810,223300,194631
2060491970,223401,300031
2060477080,223402,152191
2060477070,223403,427585
2060465150,223404,86939
2060465300,223405,1140532
2060461730,223406,140872
2060461960,223407,1502495
2060452600,223408,603604
2060452740,223409,2869803
2060491980,223501,276845
2060489530,223502,29817
2060489670,223503,7417
2060485230,223504,29995
2060485080,223505,34347
2060474140,223506,95944
2060474150,223507,447815
2060448550,223508,90445
2060448710,223509,25336
2060439800,223601,6498
2060432780,223602,47864
2060432700,223603,117010
2060411160,223604,105544
2060411050,223605,26206
2060397010,223606,75203
2060396900,223607,1247
2060395940,223608,18603
2060395950,223609,108717
2060439790,223700,2282
2060439100,223801,29538
2060424530,223802,98726
2060424620,223803,78951
2060403470,223804,126593
2060403370,223805,44194
2060395540,223806,238764
2060395670,223807,256438
2060363410,223808,64709
2060363610,223809,52375
2060439160,223910,242926
2060427460,223920,158148
2060427390,223930,94358
2060414310,223940,171593
2060414300,223950,462399
2060390950,223960,1747101
2060390940,223970,461944
2060359050,223980,362105
2060359040,223990,407654
2060006600,224001,541842
2060006680,224002,914543
2060006690,224003,148578
2060006800,224004,1525919
2060006810,224005,315190
2060007010,224006,270625
2060007020,224007,113936
2060007120,224008,931863
2060007130,224009,1690128
2060007930,225111,391523
2060515460,225112,1034538
2060515580,225113,299477
2060495670,225114,228088
2060495760,225115,372108
2060493390,225116,76388
2060493250,225117,838740
2060472640,225118,542081
2060472570,225119,144954
2060469830,225120,1463428
2060469820,225130,814575
2060459130,225140,767852
2060459250,225150,114369
2060454640,225160,951770
2060454840,225170,428838
2060448170,225180,564112
2060448220,225190,3756279
2060416390,225201,602075
2060390710,225202,125745
2060390810,225203,84122
2060392710,225204,1160913
2060392620,225205,216786
2060369590,225206,127392
2060369600,225207,10230
2060363170,225208,69050
2060363040,225209,826137
2060416550,225300,2071611
2060400100,225410,8894
2060397700,225420,166779
2060397580,225430,247303
2060374040,225440,166256
2060374150,225450,529487
2060374260,225461,36266
2060373520,225462,28641
2060373720,225463,9920
2060374410,225464,35015
2060374580,225465,13197
2060375150,225466,713265
2060375360,225467,504216
2060416040,225468,180318
2060416160,225469,144339
2060374270,225470,41689
2060388050,225480,563394
2060388040,225490,887736
2060400110,225500,76047
2060379760,225601,515211
2060366530,225602,313488
2060366400,225603,52615
2060361540,225604,64567
2060361390,225605,53493
2060341080,225606,81338
2060341210,225607,50481
2060333420,225608,67915
2060333490,225609,52625
2060379750,225700,84063
2060363700,225800,3088235
2060363710,225901,77608
2060350310,225902,71143
2060350380,225903,948777
2060312950,225904,56388
2060313040,225905,22277
2060313350,225906,27929
2060313270,225907,45166
2060304180,225908,6754
2060304190,225909,27098
2060007940,226010,227218
2060008000,226021,109507
2060508440,226022,597300
2060508300,226023,308064
2060480610,226024,615954
2060480720,226025,14441
2060481560,226026,69706
2060481420,226027,306374
2060462840,226028,122811
2060462830,226029,1254604
2060008010,226030,69979
2060008160,226040,165667
2060008170,226050,1366849
2060008350,226061,1719803
2060501930,226062,734480
2060501780,226063,1123710
2060466960,226064,170832
2060467040,226065,117218
2060464320,226066,463004
2060464310,226067,1356315
2060444020,226068,923470
2060444190,226069,123426
2060008360,226070,98586
2060008440,226080,225144
2060008450,226090,42039
2060008490,227101,12606
2060542170,227102,174937
2060542410,227103,24456
2060544300,227104,264348
2060544450,227105,33192
2060544810,227106,77164
2060544880,227107,31252
2060541660,227108,2777208
2060541720,227109,91022
2060543090,227201,136154
2060542740,227202,313744
2060542680,227203,319227
2060538490,227204,483509
2060538480,227205,65062
2060529830,227206,256436
2060529840,227207,92891
2060520200,227208,427667
2060520280,227209,1077201
2060543160,227310,315967
2060557340,227320,5045213
2060557390,227330,8436165
2060569470,227340,6585424
2060569550,227350,1735455
2060575400,227360,1743282
2060575490,227371,207857
2060575160,227372,1641043
2060575090,227373,43312
2060574720,227374,156442
2060574650,227375,9162
2060574340,227376,807693
2060574430,227377,330218
2060566670,227378,168792
2060566550,227379,451009
2060557800,227381,80262
2060564160,227382,166718
2060564170,227383,442671
2060575760,227384,1145417
2060575750,227385,260895
2060575150,227386,370014
2060575290,227387,280735
2060588460,227388,765929
2060588450,227389,62733
2060557720,227390,1112921
2060555780,227401,1835987
2060554110,227402,661959
2060554100,227403,370740
2060550500,227404,1336187
2060550240,227405,672041
2060545560,227406,395980
2060545490,227407,421580
2060541470,227408,623458
2060541360,227409,2133754
2060555600,227500,160411
2060548500,227610,1327994
2060525040,227621,42841
2060526410,227622,126358
2060526570,227623,332448
2060533650,227624,47338
2060533470,227625,205068
2060526910,227626,373183
2060526900,227627,59699
2060520950,227628,157198
2060521000,227629,485326
2060524800,227630,424432
2060514740,227640,1722892
2060514730,227650,1005129
2060483240,227660,1477404
2060483250,227670,29965
2060478420,227680,1307094
2060478430,227691,432469
2060478820,227692,831322
2060478910,227693,54631
2060482470,227694,218474
2060482340,227695,132789
2060490820,227696,204215
2060490930,227697,173566
2060504700,227698,258888
2060504850,227699,494372
2060548700,227700,727146
2060540100,227801,197076
2060535520,227802,156423
2060535610,227803,207810
2060523590,227804,1206701
2060523720,227805,727931
2060517480,227806,220545
2060517570,227807,47719
2060517550,227808,54725
2060517330,227809,207101
2060539930,227911,206195
2060524790,227912,211849
2060524780,227913,2534
2060522960,227914,983427
2060522970,227915,2846822
2060486470,227916,295445
2060486570,227917,6277
2060486460,227918,470001
2060486560,227919,233277
2060487990,227920,2468590
2060488080,227930,101907
2060488360,227940,1480363
2060488190,227950,309525
2060476910,227960,3137209
2060477000,227970,4542378
2060465720,227980,2430030
2060465610,227991,346149
2060460170,227992,3287973
2060460080,227993,709454
2060454600,227994,463261
2060454730,227995,83240
2060457140,227996,270118
2060457260,227997,597829
2060461650,227998,837179
2060461540,227999,2129738
2060008500,228000,2256431
2060018240,231100,955522
2060018360,231201,2253826
2060692720,231202,1041480
2060692510,231203,182235
2060689660,231204,240489
2060689480,231205,334366
2060684890,231206,85749
2060685040,231207,230989
2060686250,231208,131141
2060686460,231209,290400
2060018370,231300,447626
2060018460,231401,126947
2060682860,231402,68699
2060682630,231403,558781
2060669120,231404,58522
2060668910,231405,122347
2060665260,231406,106957
2060665080,231407,442217
2060658460,231408,117153
2060658470,231409,167071
2060018470,231500,1682648
2060018840,231601,373726
2060654870,231602,242727
2060654920,231603,223824
2060648560,231604,160992
2060648690,231605,72063
2060646750,231606,127178
2060646840,231607,2063728
2060642980,231608,6479859
2060643220,231609,132280
2060018850,231700,4157091
2060019150,231801,1605198
2060617190,231802,278901
2060617030,231803,9965
2060613120,231804,418830
2060613260,231805,298130
2060611700,231806,233251
2060611580,231807,3164
2060611100,231808,651053
2060611160,231809,326135
2060019160,231901,1817770
2060019310,231902,837018
2060019320,231903,778117
2060019410,231904,218939
2060019420,231905,1136668
2060019780,231906,26406
2060019790,231907,32234
2060019820,231908,504108
2060019830,231909,3213521
2060020320,232110,18772
2060020330,232120,1140189
2060020340,232130,438471
2060104700,232140,483
2060020590,232141,1152842
2060564740,232142,398085
2060564730,232143,338095
2060569180,232144,1771476
2060569100,232145,41463
2060568970,232146,247472
2060569110,232147,141128
2060574280,232148,230847
2060574220,232149,221612
2060020600,232150,1479
2060020620,232160,1193797
2060020630,232170,209414
2060020730,232180,643058
2060020740,232190,1138971
2060021030,232210,1487579
2060497340,232220,1619002
2060497450,232230,395127
2060502920,232240,1076007
2060502710,232250,252162
2060499090,232260,690608
2060498990,232270,1012456
2060509200,232280,923507
2060509090,232290,1227594
2060021040,232301,254312
2060021110,232302,1218170
2060021120,232303,342657
2060021220,232304,140943
2060021230,232305,2849399
2060022030,232306,409334
2060022040,232307,267875
2060022130,232308,161363
2060022140,232309,3558
2060022150,232401,689934
2060446710,232402,662862
2060446440,232403,1046917
2060455180,232404,1956315
2060455290,232405,7092925
2060459960,232406,3512072
2060459800,232407,2176751
2060461380,232408,77492
2060461420,232409,149146
2060022160,232501,616936
2060022380,232502,655158
2060022390,232503,874505
2060022610,232504,318442
2060022620,232505,947649
2060022770,232506,10053633
2060022780,232507,1639443
2060022970,232508,8536525
2060022980,232509,298087
2060023010,232610,16346324
2060420240,232620,4475519
2060420340,232630,2511714
2060429670,232640,6605224
2060429770,232650,1390006
2060441290,232660,5309754
2060441280,232670,6012824
2060491750,232680,4143948
2060491760,232690,3227517
2060023020,232701,5332751
2060023320,232702,2793619
2060023330,232703,1592918
2060023600,232704,2660110
2060023610,232705,477549
2060023940,232706,8159774
2060023950,232707,299299
2060024080,232708,137804
2060024090,232709,426794
2060024170,232810,2638255
2060355620,232820,5252009
2060355700,232830,471970
2060379690,232840,3609626
2060379560,232850,4220208
2060420770,232860,1911293
2060420830,232870,1454011
2060429790,232880,944088
2060429890,232890,1213439
2060024180,232900,582661
2060048790,233011,1994336
2060048980,233012,547733
2060048990,233013,4186225
2060049660,233014,2832609
2060049670,233015,23970
2060049680,233016,253231
2060049690,233017,4073915
2060050410,233018,3632017
2060050420,233019,2880520
2060050790,233021,602835
2060051150,233022,1684505
2060051160,233023,442320
2060052380,233024,28202
2060052390,233025,787869
2060052660,233026,131654
2060052670,233027,1643307
2060052940,233028,127669
2060052950,233029,13820
2060052960,233031,3306305
2060053240,233032,3118472
2060053250,233033,85
2060053260,233034,8233250
2060053270,233035,2022538
2060053500,233036,1953062
2060053510,233037,2758639
2060053790,233038,15271204
2060053800,233039,2886585
2060053980,233040,92349
2060054000,233050,28452
2060054130,233060,0
2060054140,233070,23044
2060054200,234001,29275
2060054250,234002,369520
2060054260,234003,1136204
2060054780,234004,546707
2060054790,234005,601982
2060055310,234006,162964
2060055320,234007,435700
2060055600,234008,637949
2060055610,234009,3532600
2060056060,235000,0
2060059450,236000,52412
2060059370,237000,22755
2060056070,241000,3188402
2060024230,241001,1138036
2060024660,241002,139742
2060024670,241003,919707
2060025250,241004,335165
2060025270,241005,2410479
2060025760,241006,188773
2060025770,241007,434766
2060025950,241008,232678
2060025960,241009,124018
2060026030,242100,89799
2060026060,242210,1003171
2060362600,242221,120991
2060376600,242222,563436
2060376340,242223,19337
2060377070,242224,586838
2060377000,242225,491379
2060386520,242226,495682
2060386660,242227,2369458
2060409780,242228,427506
2060409680,242229,3357234
2060362370,242230,225499
2060358250,242240,1090170
2060358340,242250,6436
2060362210,242260,476767
2060362090,242270,1523092
2060374390,242280,527478
2060374110,242290,2556848
2060026070,242300,2325158
2060026550,242410,2756811
2060368000,242420,1210190
2060367910,242430,28043
2060366520,242441,1935310
2060381560,242442,765790
2060381570,242443,572124
2060390520,242444,1149090
2060390660,242445,778907
2060411940,242446,7343294
2060411950,242447,399493
2060424820,242448,723481
2060424690,242449,628545
2060366370,242450,22815
2060366020,242460,398909
2060366130,242470,554767
2060364630,242480,1642821
2060364780,242491,64797
2060362230,242492,227519
2060361930,242493,308305
2060373390,242494,143491
2060373380,242495,812
2060374800,242496,209931
2060374710,242497,41390
2060376060,242498,398235
2060376210,242499,1551839
2060026560,242500,1854183
2060026920,242601,170705
2060311220,242602,168863
2060311070,242603,125775
2060313170,242604,246100
2060313310,242605,43846
2060313590,242606,1177929
2060313670,242607,1096554
2060340870,242608,313778
2060340800,242609,519699
2060026930,242701,27
2060026940,242702,112759
2060026950,242703,200991
2060027040,242704,83240
2060027050,242705,74388
2060027120,242706,315666
2060027130,242707,105175
2060027290,242708,603808
2060027300,242709,87775
2060027320,242801,767830
2060284350,242802,162821
2060284370,242803,317593
2060298900,242804,61309
2060298890,242805,3603
2060302650,242806,120558
2060302590,242807,799722
2060300040,242808,53108
2060300030,242809,33677
2060056990,242900,52938
2060027330,242910,43724
2060027350,242920,200305
2060027360,242930,91824
2060027530,242940,101015
2060027540,242950,873327
2060028110,242961,54153
2060243970,242962,46801
2060243910,242963,27986
2060250780,242964,259540
2060250790,242965,208894
2060266160,242966,50914
2060266150,242967,105339
2060276310,242968,17322
2060276300,242969,40240
2060028120,242970,4588
2060028140,242980,354400
2060028150,242990,55367
2060028220,243100,901802
2060028310,243210,3829119
2060229790,243221,0
2060229660,243222,57110
2060229650,243223,114323
2060224780,243224,84909
2060224850,243225,155548
2060215360,243226,55142
2060215280,243227,64906
2060202540,243228,253467
2060202550,243229,138211
2060229800,243230,16086
2060223770,243241,30013
2060227130,243242,74334
2060227070,243243,453
2060226720,243244,28373
2060226650,243245,50356
2060215690,243246,9444
2060215620,243247,144
2060211350,243248,11644
2060211340,243249,304617
2060223910,243250,421550
2060257210,243260,129894
2060257220,243270,0
2060257310,243281,17923
2060261630,243282,19845
2060261640,243283,3854
2060262150,243284,38572
2060262190,243285,20981
2060275300,243286,23802
2060275260,243287,6006
2060279600,243288,10757
2060279610,243289,122052
2060257320,243290,263610
2060028320,243300,1175548
2060028660,243400,459345
2060056940,243500,26071
2060028670,243510,2428799
2060029320,243520,745679
2060029330,243530,178532
2060029510,243540,80575
2060029520,243550,8880
2060029570,243560,89855
2060029580,243570,138955
2060029750,243580,54017
2060029760,243590,118076
2060029940,243600,178330
2060029950,243700,154050
2060030060,243801,28528
2060142450,243802,31278
2060142460,243803,28749
2060141240,243804,3302
2060141180,243805,2965
2060135880,243806,3289
2060135760,243807,3
2060135400,243808,13219
2060135390,243809,4182
2060030070,243900,5368
2060030090,244100,2585
2060030100,244201,13269
2060144720,244202,8082
2060144710,244203,5365
2060134670,244204,7313
2060134660,244205,814
2060132720,244206,1936
2060132710,244207,10973
2060123590,244208,5615
2060123600,244209,2520
2060030110,244310,17454
2060030160,244320,22860
2060030170,244330,68725
2060030260,244340,19565
2060030270,244350,110157
2060030480,244360,39530
2060030490,244370,91898
2060030650,244380,56854
2060030660,244390,96525
2060031060,244401,9696
2060185750,244402,11676
2060185670,244403,1163
2060182180,244404,7089
2060182110,244405,3868
2060170100,244406,456
2060170090,244407,338
2060166850,244408,2004
2060166840,244409,3517
2060031070,244501,34159
2060031160,244502,104988
2060031170,244503,73083
2060031210,244504,46186
2060031220,244505,36743
2060031310,244506,14379
2060031320,244507,19799
2060031410,244508,60451
2060031420,244509,155974
2060031490,244600,252154
2060056710,244700,38530
2060031500,244710,531816
2060031740,244720,2234724
2060031750,244730,888314
2060031960,244740,596142
2060031970,244750,649677
2060032670,244760,176583
2060032680,244770,1229468
2060033010,244780,113022
2060033020,244790,1302870
2060033320,244801,263187
2060254330,244802,51402
2060254430,244803,10242
2060253060,244804,61201
2060253130,244805,216345
2060250960,244806,52236
2060250970,244807,23666
2060248140,244808,94136
2060248100,244809,126756
2060033330,244900,214788
2060056770,245000,56338
2060033480,251010,34384
2060033490,251021,383379
2060231900,251022,232268
2060231800,251023,87483
2060217540,251024,10437
2060217530,251025,3717
2060207710,251026,3350
2060207600,251027,1156
2060201550,251028,3362
2060201460,251029,7451
2060033500,251030,1165770
2060033670,251040,199435
2060033680,251050,355903
2060033770,251060,112170
2060033780,251071,65804
2060033850,251072,41147
2060033860,251073,86314
2060033890,251074,34649
2060033900,251075,1496702
2060036280,251076,25996
2060036290,251077,10409
2060036340,251078,36951
2060036350,251079,331590
2060036710,251080,9387
2060036720,251091,38136
2060036930,251092,5592
2060036940,251093,9814
2060037030,251094,3362
2060037040,251095,2225
2060037070,251096,19817
2060037080,251097,46304
2060037230,251098,3693
2060037240,251099,165012
2060037990,252101,545
2060038000,252102,9870
2060038010,252103,105001
2060038520,252104,6886
2060038530,252105,30293
2060039020,252106,7037
2060039030,252107,12952
2060039350,252108,2512
2060039360,252109,1522
2060039390,252200,17410
2060039400,252300,71222
2060039590,252400,199201
2060039600,252511,178428
2060039670,252512,1707
2060039680,252513,1342
2060039730,252514,3159
2060039740,252515,1131
2060039850,252516,409
2060039860,252517,1268
2060039990,252518,1843
2060040000,252519,1577
2060040130,252520,2819
2060040140,252530,3169
2060040470,252540,2954
2060040480,252550,54600
2060040730,252560,118884
2060040740,252570,6207
2060040810,252580,21330
2060040820,252590,15218
2060041120,252601,916
2060161020,252602,2703
2060160990,252603,2129
2060159520,252604,33431
2060159480,252605,3124
2060150040,252606,3422
2060150000,252607,2055
2060145560,252608,1197
2060145620,252609,7298
2060041130,252700,2470
2060041180,252801,2734
2060171410,252802,2480
2060171520,252803,4224
2060176210,252804,26516
2060176220,252805,5908
2060182040,252806,5001
2060181950,252807,696
2060182780,252808,4493
2060182840,252809,12199
2060041190,252900,15352
2060059510,253001,2057
2060061530,253002,86
2060061330,253003,364
2060061580,253004,459
2060062090,253005,20
2060062100,253006,6
2060062110,253007,35
2060062130,253008,0
2060062150,253009,1
2060041390,261100,1408
2060041420,261201,8765
2060184690,261202,8090
2060184700,261203,17576
2060195370,261204,32463
2060195360,261205,2005
2060201760,261206,16561
2060201810,261207,2106
2060208320,261208,19320
2060208310,261209,29859
2060041430,261300,214306
2060041840,261410,144671
2060172450,261421,7062
2060169760,261422,1898
2060169800,261423,711
2060174040,261424,3329
2060174050,261425,1077
2060176750,261426,4958
2060176760,261427,7678
2060189220,261428,2323
2060189270,261429,5727
2060172440,261430,58332
2060191190,261441,1831
2060198450,261442,3190
2060198460,261443,6885
2060209100,261444,6002
2060209110,261445,1782
2060210970,261446,65830
2060211050,261447,21788
2060215960,261448,5934
2060216060,261449,14154
2060191090,261450,28270
2060214970,261461,22555
2060223130,261462,96940
2060223040,261463,95063
2060244440,261464,23461
2060244380,261465,20
2060244260,261466,319932
2060244180,261467,12860
2060239900,261468,15048
2060239820,261469,33748
2060214900,261470,143847
2060200360,261480,42374
2060200420,261491,135630
2060208230,261492,79697
2060208110,261493,41654
2060206890,261494,6787
2060206800,261495,1752
2060204590,261496,7026
2060204640,261497,3699
2060211800,261498,9367
2060211730,261499,14797
2060041850,261501,31754
2060041860,261502,2513
2060041870,261503,156678
2060042080,261504,3917
2060042090,261505,473
2060042210,261506,551
2060042220,261507,243
2060042270,261508,6791
2060042280,261509,323
2060042370,261601,186
2060153580,261602,4381
2060153650,261603,1332
2060162030,261604,9858
2060161930,261605,2589
2060167020,261606,1000
2060167130,261607,4245
2060182360,261608,2947
2060182350,261609,3176
2060062650,261700,539
2060042380,261701,2207
2060043040,261702,460
2060043050,261703,30
2060043080,261704,756
2060043090,261705,322
2060043180,261706,767
2060043190,261707,402
2060043320,261708,297
2060043330,261709,1291
2060043720,261810,20678
2060135680,261820,1495
2060135690,261830,7517
2060154530,261840,6848
2060154540,261850,1619
2060156850,261860,113754
2060156810,261870,23204
2060148850,261881,1905
2060149090,261882,10084
2060149210,261883,16533
2060145200,261884,18304
2060145140,261885,2396
2060142310,261886,10259
2060142350,261887,1807
2060142560,261888,8158
2060142470,261889,63346
2060148900,261891,259
2060152370,261892,10085
2060152380,261893,994
2060155250,261894,17766
2060155260,261895,11687
2060170870,261896,6709
2060170860,261897,27098
2060196050,261898,3552
2060195940,261899,4969
2060065700,261900,348
2060043730,261901,584
2060043960,261902,797
2060043970,261903,539
2060044200,261904,761
2060044210,261905,294
2060044320,261906,1746
2060044330,261907,1115
2060044660,261908,15761
2060044670,261909,2528
2060062920,262001,1181
2060063930,262002,853
2060062160,263000,119
2060057170,271010,253532
2060057300,271020,2627
2060057310,271031,12441
2060057870,271032,700
2060057880,271033,2000
2060057990,271034,1955
2060058000,271035,26689
2060058240,271036,439
2060058250,271037,0
2060058260,271038,245
2060058270,271039,548
2060058320,271040,2272
2060058330,271051,2556
2060058560,271052,1585
2060058570,271053,2
2060058580,271054,1267
2060058590,271055,7754
2060058960,271056,157
2060058970,271057,375
2060059100,271058,94
2060059110,271059,5417
2060059250,271060,2465
2060059260,271070,10844
2060059310,271080,2951
2060059320,271090,18381
2060059500,272000,46
2060085610,281001,2623006
2060088000,281002,413605
2060086750,281003,345875
2060087390,281004,273170
2060089170,281005,111936
2060086440,281006,163669
2060086030,281007,86600
2060092370,281008,3257
2060087040,281010,68327
2060085500,281011,16147
2060655800,281012,102865
2060655910,281013,75754
2060668450,281014,102713
2060668560,281015,42966
2060670710,281016,23129
2060670560,281017,7112
2060671950,281018,29622
2060672040,281019,47174
2060671620,281020,1700383
2060671440,281030,37225
2060669810,281040,279649
2060669710,281050,106885
2060089020,281060,183589
2060672240,281061,72684
2060672900,281062,696920
2060672780,281063,54936
2060670750,281064,787005
2060670830,281065,341877
2060722820,281066,370537
2060722830,281067,25754
2060725290,281068,313603
2060725160,281069,744489
2060672290,281070,298512
2060724400,281080,3397315
2060724600,281091,150142
2060737510,281092,220070
2060737520,281093,46283
2060744210,281094,154736
2060744280,281095,1423545
2060755100,281096,176918
2060755010,281097,197362
2060748870,281098,103540
2060748960,281099,56030
2060065840,281100,627550
2060065960,281200,835222
2060065970,281300,74937
2060066030,281401,11138
2060697960,281402,9733
2060698060,281403,313761
2060686080,281404,183814
2060686210,281405,86068
2060688900,281406,64342
2060689000,281407,100309
2060693490,281408,91849
2060693660,281409,434559
2060066040,281500,152403
2060086960,281600,196481
2060066340,281601,23116
2060656090,281602,8567
2060655990,281603,7160
2060657170,281604,14119
2060656960,281605,13109
2060652130,281606,25878
2060652260,281607,57328
2060643600,281608,19535
2060643520,281609,133280
2060066350,281700,29911
2060086040,281800,118499
2060066490,281801,5847
2060618880,281802,15422
2060618920,281803,12277
2060618500,281804,7124
2060618760,281805,0
2060619210,281806,28043
2060619050,281807,0
2060620220,281808,17215
2060620300,281809,15087
2060086980,281900,50361
2060066500,281901,11961
2060066610,281902,2823
2060066620,281903,1665
2060066630,281904,5587
2060066640,281905,1001
2060066670,281906,3768
2060066680,281907,419085
2060066790,281908,2121
2060066800,281909,1671
2060087240,282010,3177
2060086020,282020,32300
2060087930,282030,84347
2060085880,282040,300241
2060090240,282050,20612
2060093260,282060,9297
2060086160,282070,106569
2060086180,282080,138358
2060086000,282090,12217
2060066850,282100,24383
2060067280,282200,26663
2060067290,282300,50357
2060090660,282400,3535
2060067570,282401,131
2060508320,282402,55747
2060508470,282403,14097
2060472490,282404,10910
2060472390,282405,587
2060467850,282406,13112
2060467720,282407,6726
2060456990,282408,6400
2060456920,282409,5486
2060067580,282500,10664
2060067650,282601,47548
2060488690,282602,12450
2060488560,282603,8599
2060464940,282604,39589
2060464950,282605,6836
2060459170,282606,6869
2060459040,282607,2735
2060443270,282608,5239
2060443280,282609,25414
2060067660,282700,162247
2060092090,282810,700
2060067740,282811,52683
2060446800,282812,4909
2060446790,282813,3670
2060426420,282814,8556
2060426410,282815,47767
2060400150,282816,150736
2060400240,282817,105390
2060392640,282818,45649
2060392470,282819,26521
2060391420,282821,7801
2060394440,282822,3004
2060394180,282823,3674
2060399620,282824,2111
2060399450,282825,14348
2060407100,282826,42304
2060406990,282827,253179
2060421890,282828,322341
2060422020,282829,76448
2060391230,282830,51752
2060384250,282841,208129
2060377750,282842,73510
2060377880,282843,36036
2060383040,282844,56928
2060383120,282845,2649
2060386650,282846,10770
2060386640,282847,42035
2060381390,282848,4787
2060381480,282849,34641
2060384360,282850,600205
2060399770,282860,171708
2060399640,282870,29293
2060396780,282880,49219
2060396690,282891,22087
2060384460,282892,43041
2060384470,282893,181
2060384260,282894,27195
2060384170,282895,49248
2060365300,282896,18920
2060365290,282897,146690
2060345790,282898,37780
2060345780,282899,459780
2060086050,282900,137710
2060085600,282901,99
2060474580,282902,9385
2060474570,282903,5267
2060466480,282904,45540
2060466680,282905,2634
2060459920,282906,74576
2060459770,282907,698
2060455260,282908,67115
2060455250,282909,62124
2060067750,282910,15799
2060067910,282920,21673
2060067920,282930,18462
2060068170,282940,17204
2060068180,282950,1541
2060068250,282960,18159
2060068260,282970,14722
2060068340,282980,52061
2060068350,282990,400857
2060068680,283111,16426
2060532490,283112,66329
2060532500,283113,285784
2060507770,283114,26630
2060507700,283115,1167
2060497560,283116,40630
2060497650,283117,9616
2060478160,283118,259494
2060478150,283119,986997
2060421450,283120,85292
2060421370,283130,1357794
2060378120,283140,332681
2060377980,283150,911686
2060347650,283161,567335
2060345860,283162,318789
2060345950,283163,105663
2060353530,283164,16949
2060353610,283165,54803
2060357270,283166,45776
2060357420,283167,8134
2060357810,283168,113240
2060357720,283169,35746
2060347360,283170,1043382
2060332830,283180,815293
2060332820,283190,294899
2060309610,283210,665330
2060302300,283221,263401
2060278660,283222,183540
2060278650,283223,89835
2060268610,283224,130574
2060268500,283225,30993
2060258660,283226,43413
2060258770,283227,569491
2060254780,283228,123485
2060254850,283229,291875
2060302310,283231,5190
2060302020,283232,325911
2060301930,283233,41579
2060299810,283234,49865
2060299930,283235,542678
2060296710,283236,630378
2060296610,283237,4682
2060295630,283238,765802
2060295700,283239,9513
2060296380,283241,776677
2060315880,283242,304546
2060316070,283243,107978
2060317580,283244,1233137
2060317460,283245,719649
2060300000,283246,145921
2060299950,283247,55784
2060292740,283248,342705
2060292520,283249,217028
2060296300,283251,142275
2060291180,283252,130567
2060291110,283253,162517
2060280740,283254,141655
2060280910,283255,56341
2060272970,283256,44613
2060272920,283257,101651
2060267720,283258,18397
2060267730,283259,567991
2060260960,283261,14790
2060261490,283262,677085
2060261450,283263,57216
2060259380,283264,47099
2060259480,283265,8028
2060260150,283266,9898
2060260200,283267,162997
2060268370,283268,73752
2060268450,283269,477375
2060260900,283271,40222
2060253910,283272,72495
2060253920,283273,13812
2060250020,283274,88996
2060250010,283275,0
2060250000,283276,20723
2060249940,283277,11663
2060243460,283278,77985
2060243420,283279,203811
2060235640,283281,1181
2060229100,283282,13433
2060229110,283283,319
2060229380,283284,11189
2060229200,283285,5748
2060226210,283286,3366
2060226060,283287,682
2060223150,283288,2015
2060222980,283289,3672
2060235630,283291,9364
2060227540,283292,9928
2060227650,283293,905
2060231080,283294,32006
2060231010,283295,10778
2060229540,283296,22838
2060229550,283297,2812
2060232360,283298,6151
2060232460,283299,53278
2060309560,283301,1177474
2060298790,283302,887185
2060298660,283303,111590
2060297740,283304,127396
2060297870,283305,393937
2060292470,283306,65092
2060292600,283307,814589
2060289370,283308,240581
2060289420,283309,24119
2060292690,283401,91848
2060301020,283402,127343
2060300950,283403,114360
2060314120,283404,545929
2060314130,283405,60957
2060318750,283406,82082
2060318820,283407,787296
2060351440,283408,60601
2060351360,283409,211764
2060292580,283500,649451
2060288980,283610,602015
2060272900,283620,91670
2060272890,283630,519358
2060265840,283640,151328
2060265950,283650,973846
2060260320,283661,0
2060260030,283662,48820
2060260020,283663,0
2060258880,283664,223587
2060258810,283665,35271
2060247230,283666,61697
2060247240,283667,322043
2060229740,283668,8064
2060229820,283669,9750
2060260420,283671,207949
2060276250,283672,81394
2060276450,283673,82687
2060281590,283674,490470
2060281490,283675,87426
2060284160,283676,158788
2060284110,283677,149283
2060279880,283678,172558
2060279980,283679,192980
2060291740,283680,75788
2060291620,283690,117450
2060289120,283701,784326
2060291750,283702,3777281
2060291830,283703,115954
2060300270,283704,50855
2060300340,283705,992
2060301460,283706,247731
2060301450,283707,229860
2060313870,283708,17016
2060313880,283709,1395
2060315950,283801,3639
2060321290,283802,687738
2060321220,283803,7034
2060320510,283804,101466
2060320430,283805,246315
2060328210,283806,35779
2060328310,283807,49719
2060337780,283808,28380
2060337900,283809,54406
2060315940,283910,142630
2060316490,283920,101359
2060316600,283930,83816
2060323030,283940,250504
2060322960,283950,777160
2060310780,283960,17000830
2060310820,283970,1527448
2060320680,283981,63099
2060324480,283982,129803
2060324540,283983,30567
2060328980,283984,890271
2060328890,283985,22245
2060339000,283986,16789
2060339010,283987,10381
2060341000,283988,423136
2060340910,283989,116222
2060320590,283990,257052
2060085690,284001,2410
2060692420,284002,499561
2060692340,284004,2865392
2060692610,284005,0
2060692800,284006,1210784
2060692810,284007,997396
2060692620,284008,392274
2060068690,284100,131
2060068710,284201,8448
2060533530,284202,164938
2060533320,284203,6756
2060518540,284204,2829
2060518530,284205,2581
2060503210,284206,5424
2060503100,284207,1621
2060495040,284208,6653
2060494900,284209,73378
2060068720,284301,9694
2060068810,284302,6811
2060068820,284303,4191
2060068870,284304,36633
2060068880,284305,11301
2060068910,284306,8239
2060068930,284307,5371
2060068970,284308,1727112
2060068980,284309,236520
2060069150,284401,4790
2060577510,284402,422301
2060577460,284403,120757
2060579910,284404,1504713
2060579890,284405,324649
2060575180,284406,704567
2060575240,284407,53879
2060578940,284408,34086
2060578950,284409,565741
2060098200,284500,563338
2060069160,284501,70980
2060069200,284502,644260
2060069210,284503,1515645
2060069480,284504,298213
2060069490,284505,648886
2060069790,284506,270252
2060069800,284507,2138435
2060069960,284508,182596
2060069970,284509,90781
2060070050,284610,243162
2060645210,284620,488809
2060645200,284630,43979
2060643590,284641,282781
2060655520,284642,1079251
2060655600,284643,675770
2060665570,284644,616989
2060665370,284645,1001638
2060644030,284646,1629091
2060644120,284647,363383
2060641020,284648,429025
2060641080,284649,270986
2060643510,284650,1955704
2060624070,284660,572042
2060624230,284670,1384189
2060616770,284680,365406
2060616700,284690,1832103
2060070060,284700,2992928
2060070510,284801,322771
2060711440,284802,527453
2060711430,284803,376549
2060698760,284804,189138
2060698880,284805,37171
2060704910,284806,372338
2060704990,284807,460146
2060723750,284808,190402
2060723660,284809,110611
2060070520,284900,3789886
2060087810,291100,2602
2060085550,291110,4671
2060868040,291121,23164
2060864770,291122,34421
2060864880,291123,13260
2060868950,291124,53700
2060869040,291125,3177
2060870880,291126,30719
2060870760,291127,19940
2060867740,291128,62581
2060867620,291129,53937
2060868160,291130,0
2060868260,291141,2
2060868410,291142,12539
2060868400,291143,5
2060868630,291144,39096
2060868620,291145,16032
2060864620,291146,4122
2060864610,291147,31360
2060858790,291148,89124
2060858850,291149,38011
2060868170,291150,16897
2060883660,291160,171137
2060883650,291170,28858
2060884650,291180,74356
2060884680,291190,47787
2060085750,291201,2011791
2060086380,291202,99783
2060089630,291203,23828
2060095070,291204,3875
2060086280,291300,50886
2060088390,291400,20918
2060085530,291410,5246
2060807210,291420,180515
2060807200,291430,34309
2060086870,291440,11052
2060816220,291441,24646
2060817100,291442,23198
2060816950,291443,4465
2060815270,291444,119725
2060815210,291445,7591
2060808420,291446,5365
2060808550,291447,89
2060808430,291448,22930
2060808330,291449,49736
2060816210,291450,274654
2060807910,291461,176476
2060795380,291462,207560
2060795390,291463,153010
2060784990,291464,263828
2060784860,291465,21224
2060778580,291466,311881
2060778590,291467,112727
2060768380,291468,196972
2060768590,291469,511639
2060807920,291470,243274
2060807100,291480,568875
2060807220,291491,59241
2060808200,291492,567244
2060808250,291493,218635
2060809130,291494,413134
2060808890,291495,91130
2060805950,291496,103242
2060805800,291497,56884
2060788300,291498,145110
2060788240,291499,933529
2060085820,291501,138775
2060087300,291502,8453
2060089820,291503,3287
2060087220,291504,56453
2060090040,291505,14096
2060089120,291506,17803
2060086240,291600,132982
2060085640,291701,2692
2060807040,291702,413634
2060807190,291703,0
2060807600,291704,34925
2060807610,291705,497
2060808040,291706,116980
2060807900,291707,239676
2060776200,291708,143194
2060776190,291709,121365
2060086100,291800,92206
2060085830,291901,368210
2060086210,291902,118968
2060088290,291903,15332
2060087370,292100,20466
2060085630,292101,8
2060879720,292102,73507
2060879580,292103,84321
2060879790,292104,85739
2060879590,292106,208006
2060877600,292107,3593
2060876790,292108,66368
2060876880,292109,640708
2060089530,292210,17244
2060085680,292211,112884
2060845730,292212,169864
2060845740,292213,17390
2060846470,292214,128136
2060846400,292215,5786
2060848780,292216,115041
2060848900,292217,4801
2060851870,292218,162339
2060851860,292219,200190
2060086480,292220,298852
2060085620,292231,248
2060823650,292232,85667
2060823410,292233,29693
2060820030,292234,196929
2060820200,292235,154612
2060807820,292236,25282
2060807760,292237,2763
2060799080,292238,15629
2060799090,292239,125945
2060086540,292240,44006
2060086720,292250,85701
2060089360,292260,3898
2060086120,292270,19305
2060085780,292301,3605
2060744500,292302,63054
2060744440,292303,32725
2060742770,292304,107442
2060742820,292305,1252
2060742010,292306,112768
2060742050,292307,48073
2060746640,292308,44268
2060746750,292309,92637
2060085570,292401,11403
2060737400,292402,39492
2060737340,292403,19544
2060737480,292404,107154
2060734280,292405,6
2060734270,292406,31705
2060734130,292407,11951
2060720310,292408,505606
2060720460,292409,986586
2060086730,292510,25783
2060086340,292520,38918
2060085870,292530,57832
2060086900,292540,32876
2060088060,292550,44962
2060085740,292561,66
2060746430,292562,75491
2060746340,292563,22093
2060742930,292564,586396
2060742890,292565,403
2060742670,292566,79220
2060742620,292567,41111
2060737790,292568,32890
2060737960,292569,26917
2060085980,292570,125038
2060086630,292600,531319
2060085590,292601,64680
2060745760,292602,12866999
2060745630,292603,38434
2060745840,292604,724593
2060745130,292605,24965
2060743870,292606,3409927
2060743950,292607,305390
2060744420,292608,733340
2060744380,292609,1969939
2060085700,292701,767527
2060085890,292702,844091
2060086060,292703,60850
2060088810,292704,1149
2060085730,292801,4753629
2060087780,292802,85960
2060085950,292803,210946
2060086080,292804,89003
2060086300,292805,284565
2060086530,292806,101428
2060085930,292901,843413
2060086600,292902,258753
2060086920,292903,629966
2060071190,293100,20359
2060071260,293201,22090
2060900420,293202,27725
2060900410,293203,2190
2060901410,293204,14228
2060901290,293205,5302
2060898840,293206,4608
2060898800,293207,1058
2060897120,293208,122016
2060897130,293209,178798
2060071270,293300,303632
2060087510,293400,35113
2060071690,293401,52825
2060903940,293402,20073
2060904000,293403,38415
2060901720,293404,24341
2060901780,293405,37986
2060897270,293406,169918
2060897280,293407,43898
2060896620,293408,133369
2060896690,293409,92764
2060071700,293501,3037
2060071710,293502,489642
2060071720,293503,182163
2060071970,293504,110131
2060071980,293505,64359
2060072090,293506,30393
2060072100,293507,197702
2060072430,293508,273217
2060072440,293509,523385
2060072590,293601,6845
2060884120,293602,113094
2060884130,293603,119663
2060877380,293604,172969
2060877390,293605,102771
2060872030,293606,102205
2060872080,293607,83
2060871870,293608,55136
2060871860,293609,231409
2060072600,293700,1090225
2060087130,293800,123642
2060072920,293801,133078
2060869170,293802,251203
2060869240,293803,6676
2060869530,293804,132132
2060869430,293805,236
2060869370,293806,46553
2060869250,293807,125623
2060860690,293808,303158
2060860520,293809,579278
2060072930,293901,94662
2060072980,293902,145106
2060072990,293903,145437
2060073020,293904,667695
2060073030,293905,214355
2060073280,293906,489834
2060073290,293907,242459
2060073420,293908,705134
2060073430,293909,281550
2060085990,294000,1120425
2060073570,294100,108209
2060828790,294201,203216
2060825660,294202,778721
2060825520,294203,671449
2060803560,294204,1574501
2060803460,294205,659651
2060805450,294206,692444
2060805580,294207,100998
2060814190,294208,83101
2060814330,294209,177165
2060828780,294300,2972872
2060816870,294401,698028
2060775800,294402,500591
2060775790,294403,174171
2060765740,294404,197774
2060765750,294405,466806
2060756280,294406,889585
2060756210,294407,74998
2060752140,294408,129457
2060752150,294409,774618
2060816860,294500,2541
2060816320,294610,1597474
2060784690,294620,835569
2060784800,294630,1733862
2060773470,294641,1445617
2060756950,294642,142954
2060756960,294643,39571
2060753800,294644,132334
2060753740,294645,573414
2060737390,294646,652862
2060737450,294647,281640
2060736820,294648,330169
2060736930,294649,525728
2060773460,294650,9039022
2060735780,294660,2133283
2060735750,294670,1497395
2060723860,294680,2907350
2060723850,294691,2565154
2060705320,294692,1491040
2060705240,294693,456801
2060691900,294694,531501
2060691890,294695,5590
2060691650,294696,143988
2060691880,294697,93211
2060690630,294698,549646
2060690740,294699,1630782
2060089260,294701,4932
2060086550,294702,10037
2060087960,294703,25179
2060086660,294704,51794
2060088190,294705,32662
2060087430,294706,6222
2060087270,294707,5602
2060087570,294708,1129
2060816390,294710,1044271
2060817690,294720,3204453
2060817830,294730,10801
2060816590,294740,137947
2060816600,294750,82104
2060815450,294760,348572
2060815340,294770,766804
2060810230,294780,682061
2060810010,294790,4531586
2060785890,294801,395168
2060783900,294802,608255
2060783970,294803,251759
2060796930,294804,26079
2060796680,294805,37
2060795770,294806,11964
2060795660,294807,2053
2060788710,294808,7747
2060788850,294809,37601
2060086070,294900,112892
2060785900,294910,799018
2060087470,294920,67909
2060770040,294921,56797
2060762570,294922,277874
2060762560,294923,284186
2060745110,294924,63614
2060745060,294925,58637
2060741170,294926,32332
2060741100,294927,30862
2060735760,294928,18195
2060735770,294929,982618
2060770120,294930,298975
2060759680,294940,43942
2060086490,294950,427899
2060759640,294951,223926
2060750900,294952,51483
2060750710,294953,144872
2060745700,294954,71487
2060745610,294955,79493
2060744310,294956,141085
2060744250,294957,58937
2060741090,294958,414478
2060740870,294959,72949
2060737750,294961,183134
2060725410,294962,154672
2060725200,294963,230144
2060715750,294964,1413932
2060715860,294965,103473
2060712950,294966,214724
2060712940,294967,44464
2060711630,294968,184528
2060711730,294969,210712
2060737850,294971,643897
2060725400,294972,1794661
2060725390,294973,335923
2060726610,294974,114303
2060726560,294975,2810566
2060698630,294976,187144
2060698720,294977,1158427
2060676070,294978,319942
2060675940,294979,41855
2060668190,294980,446655
2060668200,294991,234048
2060670130,294992,116576
2060670270,294993,245354
2060670010,294994,133782
2060670140,294995,103206
2060669150,294996,136875
2060669080,294997,154179
2060662000,294998,69697
2060662110,294999,514768
2060073580,295101,15331
2060073610,295102,505091
2060073620,295103,466394
2060073810,295104,964493
2060073820,295105,2415646
2060074320,295106,1111300
2060074330,295107,4314531
2060074690,295108,46075
2060074700,295109,6813876
2060075160,295200,97434
2060085480,295300,7892
2060075170,295301,24161
2060075200,295302,217474
2060075210,295303,223233
2060075430,295304,99789
2060075440,295305,565147
2060075790,295306,205991
2060075800,295307,9418862
2060077240,295308,118678
2060077250,295309,69772
2060077470,295400,314796
2060077480,295500,13924
2060077570,295600,40152
2060087280,295700,3645
2060077580,295701,32351
2060077800,295702,14735
2060077810,295703,1786
2060077850,295704,8167
2060077860,295705,5454
2060077960,295706,3693
2060077970,295707,164867
2060078480,295708,9495
2060078490,295709,874
2060078500,295800,24674
2060078510,295900,56475
2060085760,296001,885656
2060085770,296002,1539821
2060085910,296003,4337146
2060078740,296100,236
2060078750,296201,44142
2060999020,296202,6339
2060999060,296203,667
2060998600,296204,44411
2060998560,296205,123392
2060999310,296206,114063
2060999280,296207,333664
2061001580,296208,66613
2061001590,296209,96619
2060078760,296300,581735
2060079310,296400,110919
2060079320,296501,41384
2060079450,296502,138406
2060079460,296503,41631
2060079780,296504,246724
2060079790,296505,419025
2060079970,296506,1442740
2060079980,296507,182572
2060080030,296508,2326025
2060080040,296509,12214017
2060081250,296600,2502711
2060081260,296710,2707342
2060081710,296720,393832
2060081720,296731,613468
2060082130,296732,293447
2060082140,296733,50186
2060082240,296734,152506
2060082250,296735,591108
2060082660,296736,64970
2060082670,296737,1032187
2060082960,296738,946794
2060082970,296739,943144
2060083000,296740,1039301
2060083010,296750,2867302
2060083170,296760,237958
2060083180,296770,658056
2060083580,296780,159126
2060083590,296790,171853
2060084120,296810,63335
2060902950,296820,69589
2060903020,296830,57687
2060903950,296840,62409
2060904110,296850,506188
2060912850,296860,306386
2060912860,296870,186959
2060914280,296880,316452
2060914340,296890,154045
2060084130,296901,26229
2060084310,296902,23691
2060084320,296903,17362
2060084350,296904,25355
2060084360,296905,54371
2060084590,296906,52693
2060084600,296907,62132
2060084740,296908,154288
2060084750,296909,485898
2060085670,297111,795
2060975060,297112,28403
2060975050,297113,3481
2060980630,297114,6711
2060980620,297115,1756
2060981650,297116,74382
2060981640,297117,3600
2060985130,297118,15592
2060985070,297119,7816
2060086290,297120,12337
2060087350,297130,6318
2060086510,297140,23848
2060086690,297150,26499
2060085710,297201,244952
2060086130,297202,216254
2060086260,297203,241287
2060086800,297204,56536
2060086880,297205,164901
2060087410,297206,100158
2060087630,297207,28379
2060088110,297208,68373
2060089990,297209,26615
2060085560,297310,21401
2060951580,297320,67382
2060951670,297330,58731
2060959170,297340,17389
2060959090,297350,23511
2060968650,297360,13386
2060968590,297370,12705
2060971090,297380,15679
2060971100,297390,11461
2060087140,297400,25886
2060085520,297410,3504
2060949790,297420,59602
2060949840,297430,63113
2060961170,297441,3883
2060965650,297442,5171
2060965640,297443,4567
2060968970,297444,11266
2060968940,297445,9898
2060982440,297446,3605
2060982390,297447,10
2060982550,297448,4823
2060982530,297449,3980
2060961080,297450,74506
2060976590,297461,20
2060976920,297462,6483
2060976930,297463,323
2060978580,297464,2184
2060978590,297465,894
2060979950,297466,642
2060980030,297467,807
2060985650,297468,823
2060985580,297469,1726
2060976470,297470,8620
2060976230,297480,37296
2060976300,297490,48314
2060085840,297501,644470
2060086810,297502,18926
2060087020,297503,7298
2060085540,297510,11840
2060931970,297520,165100
2060932040,297530,49521
2060952910,297541,5690
2060955120,297542,15126
2060955260,297543,3315
2060962110,297544,55671
2060962040,297545,6698
2060964320,297546,302633
2060964230,297547,3975
2060961700,297548,4780
2060961520,297549,13850
2060952920,297550,126823
2060984760,297560,77659
2060984700,297570,1869
2060984280,297580,29437
2060984320,297590,119598
2060085650,297611,37889
2060937600,297612,42766
2060937550,297613,2513
2060942560,297614,24819
2060942570,297615,8956
2060953770,297616,17110
2060953610,297617,16945
2060965140,297618,5506
2060965150,297619,1926
2060085800,297621,1132
2060923650,297622,12365
2060923620,297623,5724
2060925970,297624,54303
2060926040,297625,6132
2060929010,297626,20189
2060928930,297627,8231
2060938790,297628,7716
2060938800,297629,7263
2060086370,297630,68668
2060086890,297640,57001
2060085510,297710,214390
2060939450,297720,118206
2060939520,297730,1647
2060943360,297740,52338
2060943400,297750,22307
2060963890,297760,45078
2060963820,297771,727
2060962650,297772,1712
2060962700,297773,796
2060961970,297774,46589
2060962010,297775,3610
2060962980,297776,5124
2060962880,297777,7596
2060960690,297778,5597
2060960610,297779,5991
2060960220,297780,602257
2060960130,297791,5273
2060957900,297792,22846
2060957820,297793,18662
2060950360,297794,230924
2060950440,297795,164497
2060968510,297796,93016
2060968610,297797,82
2060968740,297798,118187
2060968780,297799,438312
2060085790,297811,849448
2060915660,297812,224357
2060915630,297813,2883
2060915350,297814,855798
2060915440,297815,4199
2060914980,297816,1148279
2060914970,297817,133458
2060913900,297818,1254933
2060913950,297819,613769
2060090050,297820,748476
2060085660,297831,17211
2060925800,297832,849024
2060925940,297833,57
2060925930,297834,14244
2060925990,297835,12247
2060930650,297836,42687
2060930590,297837,15095
2060928380,297838,12568
2060928540,297839,54269
2060086270,297840,36930
2060085810,297850,313116
2060088050,297860,7431
2060086650,297870,48607
2060086770,297880,32637
2060091640,297890,7082
2060086620,297901,29186
2060088500,297902,129113
2060090860,297903,42344
2060086430,297904,181534
2060086410,297905,184788
2060086170,297906,333775
2060086360,297907,199163
2060087000,297908,37976
2060086560,297909,25786
2060087680,298101,684509
2060087980,298102,12800
2060088950,298103,17599
2060087120,298104,29876
2060088100,298105,31845
2060089780,298106,29077
2060086930,298107,82203
2060088840,298108,163627
2060088630,298109,20812
2060087710,298201,657310
2060086310,298202,357028
2060087620,298203,68809
2060087190,298204,31793
2060087290,298205,125120
2060086500,298206,10801
2060086610,298207,151901
2060087990,298208,6571
2060088410,298209,37630
2060086460,298300,303626
2060085580,298411,82892
2060891330,298412,68647
2060891270,298413,429599
2060900830,298414,126118
2060900790,298415,136112
2060902530,298416,222027
2060902450,298417,113678
2060897770,298418,57642
2060897760,298419,92869
2060088040,298420,63531
2060085970,298430,255867
2060086470,298440,163166
2060087030,298450,298468
2060086670,298460,96726
2060091570,298501,3194
2060086320,298502,73674
2060090500,298503,14112
2060096640,298504,4865
2060089570,298505,28977
2060089090,298506,25579
2060087590,298507,52452
2060086400,298508,53504
2060087760,298509,11580
2060085940,298601,182153
2060086760,298602,49181
2060092590,298603,1371
2060087900,298604,8327
2060088240,298605,5100
2060096610,298606,863
2060093370,298607,1911
2060087490,298608,6437
2060096210,298609,587
2060085850,298701,144685
2060087320,298702,54277
2060086390,298703,76327
2060087650,298704,28906
2060087830,298705,67010
2060086850,298706,69266
2060087340,298707,144791
2060086740,298800,107181
2060087860,298901,8122
2060089480,298902,26177
2060086330,298903,18606
2060087540,298904,36676
2060087560,298905,3590
2060086830,298906,13921
2060087180,298907,11363
2060088360,298908,4858
2060093360,298909,660
2060085920,299011,247693
2060087090,299012,39684
2060086140,299013,109341
2060100830,299014,101
2060093510,299015,14380
2060086090,299020,99566
2060086450,299030,161797
2060086220,299041,46271
2060085900,299042,169140
2060087360,299043,27190
2060086200,299044,60652
2060086970,299045,57146
2060086190,299046,142710
2060089880,299047,27145
2060087550,299048,25826
2060087530,299049,18246
2060085860,299051,64609
2060088340,299052,313
2060089070,299053,29507
2060088440,299054,23629
2060090540,299055,119189
2060087110,299056,5530679
2060085720,299061,344598
2060806340,299062,760536
2060806260,299063,1551230
2060806350,299064,511269
2060796320,299065,34394
2060795060,299066,3720216
2060794800,299067,1298565
2060784870,299068,451471
2060784930,299069,2527084
3060000010,311010,6035
3060000150,311020,3686
3060000160,311030,1498
3060000230,311040,6965
3060000240,311050,8720
3060000520,311060,5804
3060020660,311070,1425
3060000530,311071,2471
3060000600,311072,3143
3060000610,311073,286
3060000620,311074,2933
3060000630,311075,15836
3060001140,311076,3500
3060001150,311077,2230
3060001220,311078,3042
3060001230,311079,6344
3060001400,311080,3673
3060001410,311090,13298
3060024690,312011,27446
3060025180,312012,37709
3060025320,312013,48387
3060024350,312014,93737
3060024780,312015,17393
3060025570,312016,11558
3060024410,312017,63645
3060024380,312020,138156
3060024960,312030,306684
3060025070,312041,65826
3060025460,312042,16962
3060025170,312043,13051
3060025240,312044,30909
3060024400,312045,97719
3060024860,312046,22660
3060024540,312050,104481
3060001840,312101,3385
3060184010,312102,9682
3060184160,312103,6591
3060189170,312104,17860
3060189160,312105,1425
3060194280,312106,3926
3060194170,312107,194
3060198630,312108,4026
3060198760,312109,261
3060203170,312210,11203
3060239120,312220,13132
3060239130,312230,40860
3060309520,312240,34878
3060309510,312250,38542
3060293540,312260,85267
3060293670,312270,56838
3060342050,312280,31707
3060342160,312290,31372
3060203310,312310,5460
3060243280,312320,11165
3060243450,312330,14267
3060285060,312341,860
3060288320,312342,16655
3060287870,312343,7281
3060289810,312344,17290
3060289440,312345,5171
3060286300,312346,16405
3060286450,312347,30137
3060287710,312348,7071
3060287880,312349,5343
3060284900,312350,25131
3060331440,312360,14405
3060331330,312370,16649
3060345570,312380,43246
3060345400,312390,19450
3060386960,312411,53365
3060381630,312412,62759
3060381460,312413,8761
3060380740,312414,134409
3060380480,312415,36997
3060380900,312416,41790
3060381100,312417,21052
3060383280,312418,131588
3060383520,312419,47766
3060397200,312421,30780
3060386680,312422,42904
3060386820,312423,9216
3060390440,312424,52906
3060390450,312425,6552
3060383390,312426,28242
3060383530,312427,663
3060382160,312428,22030
3060382030,312429,58281
3060397510,312431,45160
3060410600,312432,1210
3060410450,312433,1
3060410330,312434,5500
3060410610,312435,2994
3060428120,312436,2578
3060428240,312437,531
3060443080,312438,8553
3060443220,312439,797
3060452480,312441,916
3060456930,312442,4429
3060456640,312443,465
3060453200,312444,2506
3060453050,312445,4832
3060476360,312446,7016
3060476520,312447,16
3060478410,312448,1957
3060478090,312449,1681
3060452330,312450,15440
3060458330,312461,26
3060460330,312462,3005
3060460320,312463,25158
3060470400,312464,3037
3060470540,312465,2083
3060467530,312466,3559
3060467660,312467,7397
3060471100,312468,2325
3060471000,312469,13607
3060458510,312471,1391
3060471360,312472,8319
3060471370,312473,2189
3060477600,312474,29800
3060477610,312475,5774
3060488080,312476,2532
3060488070,312477,1264
3060496810,312478,4149
3060496620,312479,253
3060495750,312481,56508
3060523990,312482,2542678
3060523980,312483,2585438
3060611950,312484,233619
3060612010,312485,1166984
3060637200,312486,88639
3060637090,312487,185323
3060635420,312488,183649
3060635570,312489,210893
3060495710,312491,13819
3060495470,312492,9375
3060495620,312493,45877
3060519970,312494,217677
3060519830,312495,1335
3060523060,312496,135698
3060522920,312497,8507
3060511240,312498,35366
3060511230,312499,386807
3060387130,312510,16629
3060399930,312521,36620
3060437710,312522,27234
3060437550,312523,1304
3060436120,312524,14795
3060436350,312525,2426
3060437540,312526,44551
3060437700,312527,1815
3060437690,312528,26112
3060437530,312529,62074
3060399940,312530,11170
3060439410,312541,2074
3060439250,312542,1460
3060439260,312543,301
3060445230,312544,884
3060444960,312545,1770
3060457610,312546,3379
3060457620,312547,1605
3060464030,312548,2852
3060464040,312549,6484
3060439400,312550,1733
3060452740,312560,10519
3060452730,312570,6812
3060460630,312580,18157
3060460810,312590,93335
3060024510,312600,51916
3060481930,312610,9106
3060492920,312621,45350
3060458130,312622,3593
3060458290,312623,1485
3060436870,312624,13751
3060437080,312625,1476
3060439380,312626,48147
3060439510,312627,10360
3060451380,312628,37271
3060451260,312629,189234
3060493080,312630,20221
3060511880,312641,5416
3060514570,312642,754592
3060514480,312643,572728
3060502090,312644,419902
3060501940,312645,28413
3060470490,312646,196923
3060470650,312647,21240
3060479920,312648,42798
3060479860,312649,142225
3060511890,312650,90362
3060530830,312661,57572
3060545780,312662,1823017
3060545960,312663,12520
3060560090,312664,8787
3060559980,312665,13230
3060565320,312666,9271
3060565200,312667,15156
3060568430,312668,399003
3060568270,312669,1171278
3060027750,312670,2685
3060530840,312671,30561
3060542080,312672,24379
3060542240,312673,3331
3060548370,312674,17541
3060548190,312675,350235
3060571220,312676,22812
3060571330,312677,15022
3060578810,312678,30042
3060578820,312679,23959
3060591340,312681,1158
3060595100,312682,6920
3060595110,312683,30890
3060612610,312684,45237
3060612710,312685,3461
3060619740,312686,18743
3060619790,312687,10681
3060635970,312688,8619
3060636230,312689,16090
3060591290,312691,4018
3060593620,312692,101570
3060593690,312693,65
3060593860,312694,381513
3060594070,312695,4847
3060603100,312696,88542
3060603110,312697,269469
3060625860,312698,89917
3060626020,312699,79776
3060024570,312700,190057
3060481940,312701,19018
3060487640,312702,93344
3060487440,312703,1541
3060486850,312704,1047
3060486960,312705,622
3060486600,312706,965
3060486480,312707,1829
3060490750,312708,3140
3060490890,312709,978
3060024320,312801,1208678
3060024620,312802,3314
3060024890,312803,3757
3060026330,312804,313
3060024450,312805,7958
3060496590,312811,471
3060500760,312812,5342
3060500560,312813,11083
3060520980,312814,10128
3060520990,312815,76046
3060545680,312816,45398
3060545810,312817,199289
3060608990,312818,14453
3060608870,312819,13676
3060628660,312820,20044
3060628740,312830,32569
3060660730,312840,34707
3060660640,312850,11394
3060651560,312860,29641
3060651650,312870,7722
3060650360,312880,105921
3060650460,312890,666272
3060024480,312901,176270
3060024460,312902,121281
3060024470,312903,106475
3060024360,312904,304146
3060024370,312905,180616
3060024830,312906,13626
3060024420,312907,192491
3060024430,312908,27079
3060024490,312909,102321
3060496490,312910,41171
3060025110,312920,16334
3060511910,312921,74
3060513600,312922,8933
3060513610,312923,12597
3060541500,312924,5279
3060541400,312925,13480
3060542090,312926,10876
3060542250,312927,11555
3060556130,312928,12993
3060556010,312929,19487
3060511770,312931,1451
3060515440,312932,13538
3060515430,312933,6205
3060528980,312934,26789
3060529090,312935,38464
3060559880,312936,40512
3060560100,312937,109509
3060575080,312938,156183
3060574950,312939,289218
3060577100,312941,438695
3060559720,312942,30996
3060559910,312943,17255
3060562740,312944,13068
3060562890,312945,49850
3060558130,312946,6125
3060557960,312947,12480
3060550600,312948,5903
3060550480,312949,1467
3060577190,312950,681941
3060024710,312960,2926
3060671820,312961,14938
3060680570,312962,27312
3060680690,312963,5091
3060686230,312964,90160
3060686240,312965,5950
3060699480,312966,1984
3060699570,312967,580
3060705700,312968,1633
3060705860,312969,5594
3060671720,312971,81694
3060677450,312972,35681
3060677350,312973,56742
3060679680,312974,98496
3060679820,312975,344429
3060693220,312976,54650
3060693280,312977,18262
3060709620,312978,6553
3060709670,312979,31100
3060713950,312980,37739
3060024340,312990,213941
3060713960,312991,15873
3060718000,312992,41918
3060717930,312993,44770
3060718460,312994,14515
3060718560,312995,91565
3060720650,312996,23188
3060720690,312997,224002
3060726940,312998,11840
3060727010,312999,38866
3060001850,313100,12654
3060002000,313201,5779
3060227470,313202,7270
3060227480,313203,152
3060230560,313204,4373
3060230720,313205,91
3060233240,313206,9054
3060233080,313207,1317
3060242570,313208,5161
3060242560,313209,14096
3060002010,313300,23159
3060002560,313410,222
3060173830,313420,12886
3060173840,313430,22172
3060228750,313440,4998
3060228760,313450,1412
3060246580,313460,22103
3060246570,313470,6980
3060263750,313480,5847
3060263630,313490,11955
3060002570,313500,3150
3060002680,313611,3109
3060173650,313612,3313
3060173660,313613,1977
3060173930,313614,2060
3060174040,313615,93
3060177330,313616,3265
3060177340,313617,4818
3060205610,313618,5849
3060205620,313619,455
3060213570,313620,3299
3060213560,313630,920
3060221280,313640,8434
3060221270,313650,20892
3060276270,313660,12356
3060276280,313670,12809
3060283470,313680,8945
3060283640,313690,13826
3060002690,313700,2615
3060002870,313800,20032
3060002880,313901,3204
3060003090,313902,5191
3060003100,313903,837
3060003130,313904,2017
3060003140,313905,14688
3060003740,313906,3095
3060003750,313907,2
3060003760,313908,8805
3060003770,313909,410
3060003790,321001,2034
3060003840,321002,4180
3060003850,321003,9169
3060004450,321004,10409
3060004460,321005,266
3060004700,321006,1444
3060004710,321007,1
3060004720,321008,237
3060004730,321009,0
3060004740,322110,20
3060101920,322120,600
3060102000,322130,9057
3060143020,322140,5973
3060143180,322150,1124
3060193350,322161,1021
3060163640,322162,386
3060163460,322163,271
3060136020,322164,110
3060136180,322165,132
3060172800,322166,86
3060172940,322167,8
3060176590,322168,55
3060176500,322169,145
3060193540,322170,73
3060202590,322180,1156
3060202600,322190,268
3060215990,322211,462
3060220890,322212,175
3060221030,322213,283
3060264030,322214,122
3060264190,322215,97
3060271330,322216,345
3060271480,322217,166
3060277610,322218,125
3060277740,322219,46
3060288370,322220,434
3060288120,322230,112
3060288380,322241,39
3060300360,322242,115
3060300240,322243,235
3060334840,322244,34
3060334850,322245,9
3060336550,322246,62
3060336780,322247,36
3060339890,322248,59
3060339710,322249,88
3060288130,322250,4
3060284260,322260,561
3060284270,322270,520
3060268680,322281,64
3060257160,322282,439
3060257170,322283,77
3060250070,322284,393
3060249940,322285,68
3060233430,322286,201
3060233420,322287,57
3060230610,322288,274
3060230620,322289,339
3060268850,322291,535
3060304010,322292,338
3060303840,322293,25
3060296370,322294,405
3060296560,322295,1322
3060414830,322296,324
3060414840,322297,224
3060448060,322298,5918
3060448050,322299,508
3060216320,322310,178
3060235540,322320,609
3060235530,322330,1390
3060273600,322340,493
3060273590,322350,976
3060309230,322360,3659
3060309060,322370,608
3060337170,322381,18
3060333590,322382,355
3060333580,322383,231
3060306280,322384,375
3060306120,322385,222
3060292520,322386,393
3060292640,322387,72
3060291840,322388,324
3060291970,322389,624
3060337380,322390,677
3060369320,322410,586
3060359860,322421,184
3060385380,322422,832
3060385210,322423,99
3060388790,322424,1927
3060388800,322425,483
3060392180,322426,139
3060392350,322427,131
3060396910,322428,554
3060396900,322429,1120
3060359650,322430,414
3060368720,322441,19
3060370070,322442,181
3060369970,322443,11
3060362990,322444,139
3060363140,322445,12
3060362040,322446,140
3060362190,322447,55
3060364880,322448,79
3060365040,322449,636
3060368830,322450,170
3060399310,322460,330
3060399320,322471,71
3060415480,322472,114
3060415360,322473,183
3060416740,322474,79
3060416600,322475,64
3060413070,322476,75
3060413270,322477,30
3060411130,322478,171
3060411560,322479,36
3060419930,322480,305
3060419770,322490,2795
3060369500,322510,316
3060391360,322520,2142
3060391370,322530,1378
3060415020,322541,507
3060423300,322542,1054
3060423180,322543,1026
3060409250,322544,1093
3060409170,322545,8
3060408090,322546,543
3060408290,322547,314
3060403640,322548,384
3060403420,322549,3181
3060414790,322550,826
3060424160,322560,2548
3060423840,322570,3075
3060455480,322580,5843
3060455600,322590,86995
3060483980,322610,41990
3060532900,322621,9101
3060545270,322622,27601
3060545120,322623,228373
3060556700,322624,13093
3060556710,322625,72
3060559360,322626,5579
3060559200,322627,7703
3060588440,322628,1807
3060588280,322629,1331
3060025150,322630,13571
3060532890,322631,1078764
3060550340,322632,34220
3060550170,322633,35163
3060566260,322634,5485
3060566380,322635,2682
3060572820,322636,6220
3060572690,322637,29184
3060593150,322638,10914
3060593200,322639,9919
3060601790,322641,9296
3060602560,322642,5289
3060602570,322643,5843
3060605880,322644,15331
3060605740,322645,331
3060604190,322646,17111
3060604230,322647,9744
3060606730,322648,1840
3060606360,322649,10461
3060601680,322650,169548
3060026650,322660,2353
3060607050,322661,47570
3060611980,322662,17652
3060611990,322663,70047
3060624780,322664,10058
3060624900,322665,22347
3060633290,322666,4085
3060633280,322667,2005
3060639150,322668,2252
3060639100,322669,3867
3060607060,322671,113406
3060613820,322672,7507
3060613940,322673,78461
3060642780,322674,7534
3060642770,322675,3850
3060650900,322676,66208
3060650910,322677,27669
3060654760,322678,15341
3060654610,322679,87518
3060650920,322681,37882
3060630590,322682,661
3060630700,322683,48
3060629610,322684,2755
3060629440,322685,42
3060628530,322686,701
3060628600,322687,377
3060626190,322688,511
3060626270,322689,1240
3060651040,322691,23547
3060658420,322692,7021
3060658430,322693,3232
3060659790,322694,3719
3060659700,322695,1757
3060655890,322696,1428
3060656000,322697,3196
3060658820,322698,1240
3060658910,322699,3516
3060483880,322710,6050
3060483590,322721,2323
3060494160,322722,26531
3060493920,322723,2292
3060495910,322724,139627
3060495790,322725,28219
3060522830,322726,4083
3060522940,322727,5981
3060547220,322728,5182
3060547400,322729,35868
3060483500,322731,16527
3060472020,322732,11542
3060472100,322733,21328
3060467020,322734,13855
3060467180,322735,5001
3060478140,322736,10204
3060477960,322737,95410
3060495980,322738,49309
3060495970,322739,234384
3060545280,322741,12977
3060558930,322742,89876
3060558830,322743,24717
3060596090,322744,8228
3060596100,322745,64970
3060603590,322746,11210
3060603600,322747,19884
3060633430,322748,589
3060633440,322749,1275
3060545290,322751,148422
3060625080,322752,95003
3060625090,322753,47632
3060630900,322754,191555
3060630800,322755,536832
3060638700,322756,166266
3060638840,322757,86652
3060648260,322758,41090
3060648270,322759,55504
3060639170,322761,14072
3060628850,322762,2402
3060628900,322763,4442
3060624730,322764,11387
3060624660,322765,2556
3060614240,322766,31460
3060614080,322767,35474
3060548610,322768,1778
3060548460,322769,2976
3060639250,322771,12836
3060641990,322772,5766
3060642250,322773,127092
3060648950,322774,326646
3060648940,322775,60762
3060656470,322776,22808
3060656650,322777,3084
3060659830,322778,127565
3060659820,322779,2947
3060664490,322781,42896
3060685820,322782,2233
3060685780,322783,1023
3060680430,322784,7448
3060680250,322785,2110
3060674030,322786,1401
3060673930,322787,3887
3060681050,322788,1390
3060681160,322789,2053
3060664370,322791,1946
3060665280,322792,5802
3060665340,322793,1069
3060666660,322794,25958
3060666800,322795,5391
3060671160,322796,50885
3060671260,322797,9105
3060675920,322798,602
3060676020,322799,818
3060024640,322800,3848
3060679760,322810,24197
3060686590,322820,16458
3060686770,322830,15307
3060692580,322840,427956
3060692570,322850,13414
3060704040,322861,119858
3060710300,322862,1251
3060710230,322863,7441
3060719560,322864,29714
3060719570,322865,382
3060719960,322866,11173
3060719950,322867,340
3060722010,322868,3740
3060721920,322869,13663
3060704050,322870,3713
3060714200,322880,12647
3060024870,322890,1153
3060714210,322891,2973
3060716280,322892,6575
3060716290,322893,3851
3060718770,322894,4014
3060718850,322895,3232
3060725930,322896,1173
3060725910,322897,46900
3060719880,322898,43412
3060719840,322899,1337434
3060025010,322900,1361
3060679750,322910,11180
3060696460,322921,1005
3060690650,322922,727
3060690740,322923,3088
3060684450,322924,1729
3060684440,322925,1271
3060678890,322926,5179
3060679010,322927,8786
3060668430,322928,1448
3060668420,322929,363
3060696590,322930,3869
3060697190,322940,16342
3060697120,322950,13221
3060698660,322960,52554
3060698770,322970,168
3060700640,322980,17024
3060700380,322990,22478
3060004750,323000,827
3060020950,331000,19
3060005240,331100,217
3060005440,331210,306
3060049480,331220,1043
3060049490,331230,882
3060051820,331240,522
3060051810,331250,466
3060069590,331260,620
3060069600,331270,99
3060078880,331281,82
3060076220,331282,202
3060076210,331283,42
3060074650,331284,84
3060074660,331285,31
3060073910,331286,297
3060073760,331287,86
3060069350,331288,50
3060069430,331289,432
3060078870,331291,74
3060088060,331292,181
3060088050,331293,30
3060091000,331294,87
3060091010,331295,148877
3060112100,331296,470
3060112250,331297,4024
3060115500,331298,36
3060115600,331299,210
3060005450,331301,15
3060005480,331302,208
3060005490,331303,342
3060005760,331304,383
3060005770,331305,153
3060005880,331306,94
3060005890,331307,203
3060006070,331308,65
3060006080,331309,140
3060006250,331410,206
3060037200,331420,730
3060037170,331430,8
3060037630,331440,342
3060037660,331450,337
3060040750,331461,121
3060041500,331462,347
3060041470,331463,112
3060040490,331464,114
3060040520,331465,10
3060040640,331466,127
3060040590,331467,2
3060040260,331468,221
3060040250,331469,306
3060040740,331470,561
3060048500,331480,416
3060048460,331490,867
3060006260,331501,49
3060006330,331502,368
3060006340,331503,2163
3060007680,331504,174
3060007690,331505,7
3060007700,331506,511
3060007710,331507,105
3060007860,331508,160
3060007870,331509,0
3060007880,331610,347
3060057180,331620,683
3060057220,331630,184
3060062630,331641,304
3060069540,331642,850
3060069530,331643,360
3060081600,331644,291
3060081500,331645,165
3060079200,331646,310
3060079280,331647,343
3060093270,331648,317
3060093260,331649,661
3060062640,331650,862
3060085080,331660,1017
3060085070,331670,801
3060127150,331681,42
3060134040,331682,36
3060134160,331683,118
3060162980,331684,80
3060162970,331685,103
3060187980,331686,45
3060187970,331687,64
3060199480,331688,35
3060199560,331689,90
3060127140,331691,101
3060146670,331692,56
3060146660,331693,12
3060149560,331694,218
3060149730,331695,20
3060157250,331696,91
3060157240,331697,91
3060176920,331698,239
3060176750,331699,450
3060022360,331700,126
3060007890,331710,124
3060007940,331721,83
3060053270,331722,85
3060053280,331723,27
3060054930,331724,65
3060054940,331725,187
3060060310,331726,939
3060060240,331727,254
3060066000,331728,64
3060066030,331729,244
3060007950,331730,500
3060008270,331740,455
3060008280,331750,24
3060008310,331761,699
3060064740,331762,276
3060064730,331763,355
3060081620,331764,326
3060081610,331765,6
3060082100,331766,60
3060082200,331767,87
3060099060,331768,44
3060099050,331769,207
3060008320,331770,8
3060008330,331780,1153
3060008340,331790,486
3060008610,331810,950
3060063660,331820,376
3060063670,331831,877
3060091700,331832,58
3060091610,331833,10
3060092580,331834,56
3060092490,331835,25
3060105260,331836,122
3060105370,331837,2
3060107340,331838,65
3060107250,331839,338
3060136040,331840,170
3060136030,331850,80
3060134370,331861,2
3060132960,331862,101
3060133120,331863,24
3060137880,331864,79
3060138000,331865,39
3060138670,331866,205
3060138760,331867,55
3060149250,331868,42
3060149100,331869,133
3060134500,331870,158
3060172010,331880,1972
3060171850,331890,330
3060008620,331900,47
3060020970,332001,3
3060020980,332002,10
3060021030,332003,292
3060021580,332004,56
3060021630,332005,131
3060021920,332006,2
3060021930,332007,321
3060022340,332008,14
3060008670,341000,1005
3060009130,342111,521
3060066340,342112,164
3060066380,342113,314
3060079680,342114,425
3060079690,342115,456
3060091280,342116,309
3060091380,342117,201
3060102480,342118,641
3060102580,342119,35
3060108380,342120,1313
3060108480,342130,925
3060145430,342140,678
3060145330,342150,225
3060150810,342160,673
3060150910,342171,8
3060159500,342172,266
3060159780,342173,14
3060168230,342174,255
3060168080,342175,17
3060170450,342176,552
3060170710,342177,482
3060200730,342178,702
3060201050,342179,414
3060238760,342180,917
3060238580,342191,24
3060244870,342192,1742
3060245370,342193,547
3060255340,342194,2997
3060255200,342195,7
3060257700,342196,131
3060257860,342197,2
3060258220,342198,1362
3060258480,342199,73
3060264710,342210,8718
3060287680,342221,1100
3060269350,342222,2639
3060269230,342223,2605
3060245350,342224,1811
3060245340,342225,5782
3060202150,342226,1095
3060202140,342227,677
3060193430,342228,276
3060193240,342229,148
3060287750,342231,400
3060290500,342232,3592
3060290270,342233,1431
3060293050,342234,1624
3060292920,342235,1662
3060295330,342236,7125
3060295490,342237,19
3060295620,342238,3683
3060295480,342239,484
3060298820,342241,1234
3060290060,342242,2396
3060290490,342243,9234
3060241080,342244,649
3060241070,342245,250
3060236650,342246,4810
3060236800,342247,794
3060250290,342248,89
3060250500,342249,11283
3060298910,342251,5394
3060319780,342252,5439
3060319930,342253,5072
3060350630,342254,2692
3060350420,342255,138
3060354830,342256,3910
3060354580,342257,11453
3060314390,342258,5087
3060314380,342259,1156
3060318180,342260,7704
3060318170,342270,9856
3060318150,342281,217
3060322230,342282,1581
3060322240,342283,2102
3060353470,342284,1107
3060353290,342285,995
3060353280,342286,97
3060353460,342287,505
3060358750,342288,2255
3060358740,342289,316
3060318140,342291,2564
3060298680,342292,1616
3060298390,342293,1790
3060274540,342294,3493
3060274530,342295,3624
3060240880,342296,5370
3060240730,342297,7613
3060216170,342298,110
3060216020,342299,101
3060264560,342301,22
3060269050,342302,2810
3060268880,342303,582
3060282370,342304,5111
3060282160,342305,5013
3060297700,342306,740
3060297840,342307,50
3060297180,342308,159290
3060297030,342309,559
3060299300,342411,414
3060299320,342412,1738
3060299520,342413,2976
3060303460,342414,2230
3060303860,342415,19594
3060315730,342416,12191
3060315530,342417,2079
3060328680,342418,4518
3060328880,342419,10
3060330670,342421,14909
3060410080,342422,1428
3060409970,342423,6696
3060425050,342424,1446
3060425260,342425,4703
3060440460,342426,896
3060440580,342427,981
3060443630,342428,703
3060443750,342429,2767
3060330490,342431,284
3060333670,342432,1038
3060333840,342433,17
3060340630,342434,1361
3060340790,342435,8463
3060367940,342436,824
3060368090,342437,2405
3060404010,342438,2003
3060404170,342439,656
3060410810,342441,1220
3060451210,342442,2007
3060451370,342443,73
3060463420,342444,338
3060463580,342445,138
3060498150,342446,240
3060497870,342447,138
3060492170,342448,232
3060491840,342449,761
3060410800,342451,786
3060437330,342452,1438
3060437460,342453,101
3060445020,342454,1189
3060445170,342455,1758
3060456220,342456,1043
3060456030,342457,1695
3060462380,342458,3404
3060462390,342459,1
3060462780,342461,2129
3060496700,342462,4162
3060496850,342463,503
3060507330,342464,592
3060507460,342465,1
3060509180,342466,12545
3060509000,342467,5206
3060527880,342468,12132
3060527800,342469,10188
3060462940,342470,4918
3060464790,342481,1365
3060478230,342482,1020
3060478360,342483,1509
3060496970,342484,912
3060496960,342485,2914
3060507970,342486,3681
3060508120,342487,4409
3060521410,342488,3502
3060521320,342489,7268
3060464610,342491,5423
3060479160,342492,1562
3060479300,342493,10
3060478880,342494,1957
3060479020,342495,1740
3060488780,342496,5091
3060488790,342497,1057
3060497560,342498,5723
3060497350,342499,3513
3060299510,342511,99391
3060350110,342512,12207
3060350280,342513,66274
3060363710,342514,9584
3060363530,342515,13510
3060370990,342516,3602
3060370790,342517,49
3060372820,342518,2658
3060372760,342519,2726
3060378670,342520,3875
3060378520,342530,7181
3060385980,342541,2180
3060370770,342542,1076
3060370760,342543,64
3060369210,342544,883
3060369370,342545,24
3060368880,342546,1409
3060368790,342547,2943
3060341920,342548,626
3060342010,342549,1019
3060386120,342550,10196
3060403520,342560,2708
3060403320,342570,4725
3060402620,342580,5120
3060402820,342590,253
3060411580,342610,86
3060414000,342621,142
3060429210,342622,3895
3060428990,342623,461
3060432580,342624,1301
3060432890,342625,1113
3060463850,342626,5266
3060463700,342627,1383
3060486820,342628,492
3060486940,342629,2393
3060413840,342631,417
3060426540,342632,245
3060426550,342633,1370
3060458780,342634,389
3060458770,342635,299
3060468360,342636,606
3060468370,342637,976
3060508940,342638,1899
3060509150,342639,1663
3060516780,342640,2435
3060516790,342650,998
3060531400,342661,1253
3060554430,342662,776
3060554440,342663,14
3060556640,342664,405
3060556650,342665,272
3060564120,342666,503
3060564300,342667,17
3060566610,342668,512
3060566600,342669,1314
3060531600,342670,1212
3060565990,342680,500
3060565810,342690,852
3060411570,342710,727
3060416480,342720,1691
3060416640,342730,2326
3060423340,342740,5949
3060423220,342750,2166
3060406640,342761,1625
3060391600,342762,3269
3060391810,342763,232
3060393970,342764,2269
3060394070,342765,6332
3060420080,342766,1534
3060420070,342767,868
3060417130,342768,2014
3060416940,342769,1700
3060406840,342770,7409
3060436940,342780,7472
3060437120,342790,168
3060441670,342810,121
3060447690,342820,2333
3060447680,342830,5360
3060479700,342840,4297
3060479690,342850,5476
3060494540,342861,2516
3060514450,342862,1442
3060514440,342863,1658
3060530340,342864,1656
3060530330,342865,3712
3060552540,342866,4014
3060552530,342867,1946
3060576830,342868,3003
3060576960,342869,3403
3060494390,342870,23598
3060526250,342880,19643
3060526410,342891,11147
3060548020,342892,2001
3060548130,342893,3572
3060576600,342894,4335
3060576820,342895,177
3060581930,342896,3145
3060581920,342897,6370
3060604340,342898,12991
3060604350,342899,4716
3060441450,342910,1584
3060477790,342920,3339
3060477800,342931,867
3060492570,342932,2207
3060492430,342933,1721
3060503270,342934,559
3060503210,342935,1485
3060512330,342936,828
3060512170,342937,2915
3060534340,342938,990
3060534470,342939,86
3060536190,342940,6922
3060536360,342950,3420
3060566420,342961,178
3060575890,342962,515
3060575880,342963,247
3060580220,342964,2654
3060580100,342965,1840
3060569980,342966,798
3060570200,342967,109
3060580600,342968,250
3060580480,342969,736
3060566430,342970,92
3060566790,342980,2864
3060566920,342991,242
3060573600,342992,2088
3060573720,342993,891
3060590250,342994,2344
3060590110,342995,3247
3060612520,342996,7991
3060612400,342997,1900
3060618970,342998,3796
3060618860,342999,5508
3060009140,343000,526
3060009320,351101,66
3060009410,351102,119
3060009420,351103,0
3060009430,351104,89
3060009440,351105,8
3060009470,351106,51
3060009480,351107,15
3060009510,351108,2118
3060009520,351109,118
3060009670,351211,67
3060075240,351212,224
3060075250,351213,44
3060078780,351214,149
3060078770,351215,752
3060109340,351216,242
3060109330,351217,361
3060117790,351218,293
3060117800,351219,77
3060125440,351221,74
3060131180,351222,245
3060131070,351223,696
3060157290,351224,398
3060157410,351225,58
3060171450,351226,355
3060171300,351227,229
3060180130,351228,344
3060180120,351229,531
3060125450,351230,1730
3060140440,351241,27
3060147440,351242,474
3060147450,351243,402
3060162220,351244,1718
3060162130,351245,975
3060203130,351246,731
3060203140,351247,226
3060223990,351248,287
3060224120,351249,822
3060140450,351250,80
3060149450,351260,1774
3060149440,351270,2385
3060185590,351280,2981
3060185470,351290,1482
3060009680,351310,189
3060009770,351320,1129
3060009780,351330,979
3060010130,351340,290
3060010140,351350,0
3060010150,351361,229
3060071560,351362,129
3060071570,351363,24
3060076900,351364,490
3060076970,351365,23
3060080740,351366,107
3060080980,351367,6
3060084910,351368,66
3060084900,351369,219
3060010160,351370,134
3060010310,351380,155
3060010320,351390,152
3060010470,351411,9
3060078520,351412,233
3060078360,351413,200
3060084760,351414,123
3060084820,351415,241
3060104890,351416,257
3060104900,351417,266
3060117610,351418,351
3060117600,351419,494
3060136060,351421,15
3060134090,351422,213
3060134080,351423,100
3060134760,351424,157
3060134710,351425,2
3060133520,351426,630
3060133510,351427,782
3060116750,351428,197
3060116740,351429,461
3060136270,351430,840
3060151750,351440,1698
3060151880,351451,1
3060152680,351452,465
3060152550,351453,145
3060157780,351454,146
3060157700,351455,324
3060171320,351456,387
3060171330,351457,186
3060189940,351458,127
3060189950,351459,38
3060193810,351461,259
3060207220,351462,329
3060207090,351463,256
3060220320,351464,66
3060220420,351465,18
3060225920,351466,75
3060226050,351467,20
3060227640,351468,144
3060227630,351469,155
3060193800,351470,1631
3060256590,351480,2605
3060256580,351491,962
3060268900,351492,2496
3060269090,351493,296
3060290290,351494,2584
3060290300,351495,240
3060301750,351496,1073
3060301960,351497,301
3060326810,351498,455
3060326820,351499,829
3060010480,351500,430
3060010550,351601,328
3060107410,351602,1409
3060107420,351603,240
3060128380,351604,212
3060128370,351605,302
3060142630,351606,208
3060142480,351607,27
3060143430,351608,436
3060143560,351609,581
3060023670,351700,8
3060010560,351701,316
3060010650,351702,285
3060010660,351703,25
3060010670,351704,245
3060010680,351705,192
3060010830,351706,1134
3060010840,351707,11
3060010850,351708,272
3060010860,351709,119
3060010910,351810,419
3060133030,351821,14
3060137430,351822,2514
3060137440,351823,225
3060141510,351824,538
3060141630,351825,312
3060152590,351826,129
3060152390,351827,11
3060151920,351828,120
3060152040,351829,741
3060132830,351830,175
3060127590,351841,657
3060185290,351842,257
3060185280,351843,69
3060193020,351844,928
3060193160,351845,339
3060220810,351846,298
3060220690,351847,541
3060261710,351848,230
3060261700,351849,401
3060127410,351851,972
3060158750,351852,2040
3060158680,351853,504
3060172870,351854,1227
3060173010,351855,1310
3060200500,351856,1501
3060200560,351857,122
3060211240,351858,472
3060211250,351859,1
3060211820,351861,3
3060218090,351862,1063
3060218100,351863,97
3060233320,351864,155
3060233330,351865,16
3060237010,351866,1480
3060237000,351867,86
3060251360,351868,175
3060251510,351869,1255
3060211830,351870,1162
3060253260,351881,17
3060246480,351882,108
3060246490,351883,7
3060243790,351884,61
3060243670,351885,9
3060239940,351886,550
3060240180,351887,879
3060291800,351888,136
3060291870,351889,36
3060253420,351891,160
3060269890,351892,1782
3060269880,351893,53
3060280140,351894,840
3060280040,351895,396
3060323770,351896,4032
3060323760,351897,13334
3060342960,351898,3865
3060342950,351899,1585
3060023700,351900,166
3060010920,351910,387
3060011110,351920,990
3060011120,351930,783
3060011410,351940,1629
3060011420,351950,2
3060011430,351960,652
3060011440,351970,1258
3060011680,351980,786
3060011690,351990,62
3060022480,352001,306
3060022640,352002,52
3060022680,352003,1353
3060023360,352004,31
3060023370,352005,18
3060023380,352006,194
3060023650,352007,4
3060023660,352008,2
3060011770,353011,1063
8060020760,353012,9995
3060012060,353013,254
3060023800,353020,93
8060022650,353020,194
3060012270,354110,158
3060012340,354121,18
3060241300,354122,69
3060241190,354123,13
3060236480,354124,558
3060236470,354125,66
3060220720,354126,57
3060220550,354127,143
3060199810,354128,57
3060199800,354129,262
3060012350,354130,38
3060012400,354141,26
3060255770,354142,290
3060255630,354143,291
3060224610,354144,1456
3060224760,354145,125
3060238050,354146,1093
3060237950,354147,794
3060232280,354148,335
3060232120,354149,945
3060012410,354150,35
3060012480,354161,129
3060277820,354162,63
3060277670,354163,32
3060280960,354164,61
3060280950,354165,24
3060288050,354166,159
3060287860,354167,117
3060307620,354168,52
3060307240,354169,330
3060012490,354171,11997
3060012640,354172,313
3060012650,354173,11
3060012680,354174,63
3060012690,354175,217
3060012890,354176,64
3060012900,354177,3
3060012910,354178,47
3060012920,354179,65
3060013050,354180,516
3060013060,354191,317
3060013190,354192,357
3060013200,354193,675
3060013560,354194,855
3060013570,354195,64
3060013620,354196,669
3060013630,354197,441
3060013890,354198,809
3060013900,354210,2439
3060014640,354220,1417
3060014650,354230,1578
3060014970,354241,1064
3060540040,354242,756
3060539890,354243,255
3060536570,354244,1595
3060536680,354245,2167
3060553830,354246,1542
3060553710,354247,62
3060557020,354248,1160
3060557010,354249,7474
3060014980,354250,16328
3060015490,354260,9127
3060015500,354270,161527
3060015630,354280,7811
3060015640,354290,31081
3060024010,354300,2670
3060015900,354410,4291
3060016150,354420,8965
3060016160,354431,3880
3060016710,354432,441
3060016720,354433,130
3060016790,354434,297
3060016800,354435,29
3060016850,354436,238
3060016860,354437,26
3060016890,354438,228
3060016900,354439,1
3060016910,354440,859
3060016920,354450,252
3060017010,354460,1068
3060017020,354470,148
3060017070,354480,459
3060017080,354491,3213
3060017250,354492,202
3060017260,354493,365
3060017390,354494,476
3060017400,354495,28
3060017430,354496,264
3060017440,354497,70
3060017490,354498,64
3060017500,354499,16
3060017570,354501,33
3060017720,354502,631
3060017730,354503,3
3060017760,354504,1079
3060017770,354505,8
3060017800,354506,11
3060017810,354507,3
3060017820,354508,15
3060024180,355000,784
3060017830,356011,138
3060017940,356012,277
3060017950,356013,343
3060018390,356014,263
3060018400,356015,2541
3060018920,356016,1266
3060018930,356017,1155
3060019350,356018,4218
3060019360,356021,84264
3060019510,356022,2502
3060019520,356023,334
3060019750,356024,928
3060019760,356025,1033
3060019900,356026,987
3060019910,356027,706
3060020100,356028,651
3060020110,356029,422
3060024170,356030,0
3060024670,361010,2701
3060024330,361011,7094
3060679070,361012,25218
3060679080,361013,0
3060679200,361014,4896
3060678950,361016,6751
3060678960,361017,0
3060679090,361018,5730
3060678860,361019,21843
3060024580,361020,8739
3060024310,361021,9181
3060704250,361022,3408
3060704320,361023,1754
3060713270,361024,30177
3060713340,361025,4642
3060713510,361026,19372
3060713450,361027,32704
3060697620,361028,9745
3060697710,361029,58481
3060024530,361031,3543
3060024610,361032,4002
3060024440,361033,3188
3060024970,361034,1081
3060024390,361035,11922
4060034510,411001,101493
4060035830,411002,1478
4060035840,411003,2830
4060035970,411004,13956
4060035980,411005,20543
4060036470,411006,11160
4060036480,411007,23667
4060036750,411008,54276
4060036760,411009,195813
4060037060,412001,5261891
4060039230,412002,6772
4060039270,412003,4135
4060039390,412004,1865
4060039430,412005,52
4060039210,412006,416
4060039220,412007,1157
4060039440,412008,0
4060041320,413011,31632751
4060043170,413012,1861382
4060043180,413013,5619083
4060044180,413014,1214696
4060044190,413015,4839922
4060044540,413016,8617076
4060044550,413017,47264392
4060045420,413018,2289405
4060045430,413019,1656013
4060045850,413020,17627
4060041290,413030,141836
4060040710,413040,3609227
4060039450,413051,254252
4060039500,413052,147745
4060039510,413053,142722
4060039600,413054,164466
4060039610,413055,1710275
4060039730,413056,1017262
4060039740,413057,7340014
4060040450,413058,426342
4060040460,413059,1322105
4060045690,413060,59179
4060045700,413070,135621
4060045800,413080,19768
4060045820,413090,59290
4060045890,414000,11611
4060046100,415000,1532706
4060034410,421000,48
4060000010,421010,19
4060000080,421020,61
4060000090,421030,15
4060000160,421041,2
4060084970,421042,84
4060084980,421043,79
4060086180,421044,849
4060086140,421045,87
4060083610,421046,68
4060083620,421047,435
4060081530,421048,226
4060081500,421049,342
4060000170,421050,43
4060000240,421060,93
4060000250,421070,98
4060000370,421080,286
4060000380,421090,8494
4060051850,422000,27317
4060050260,422010,962
4060188900,422020,2151
4060188910,422030,204
4060051030,422040,17100
4060199500,422041,285
4060212100,422042,1344
4060212210,422043,43
4060215280,422044,671
4060215130,422045,435
4060217120,422046,194
4060217260,422047,124
4060225140,422048,1627
4060225040,422049,1078
4060199510,422050,5313
4060247970,422061,858
4060260850,422062,1384
4060260860,422063,9
4060262360,422064,3406
4060262170,422065,2185
4060275720,422066,15306
4060275710,422067,516
4060283780,422068,10938
4060283960,422069,246895
4060247980,422070,34615
4060255200,422080,61483
4060255100,422090,72095
4060000880,422110,13159
4060098940,422121,333
4060099660,422122,1475
4060099720,422123,621
4060101200,422124,455
4060101190,422125,829
4060105140,422126,1948
4060105220,422127,1214
4060114670,422128,3338
4060114590,422129,9520
4060098950,422131,1433
4060105110,422132,5832
4060105120,422133,343
4060108300,422134,3322
4060108290,422135,1162
4060116430,422136,1671
4060116490,422137,5672
4060127570,422138,1608
4060127650,422139,1151
4060128730,422140,23112
4060128810,422151,244184
4060133180,422152,1553
4060133310,422153,3894
4060137860,422154,13744
4060137850,422155,1620
4060142620,422156,44154
4060142630,422157,330
4060143150,422158,820
4060143220,422159,847
4060150580,422160,18513
4060150570,422170,246939
4060165380,422181,5792
4060163110,422182,38550
4060163230,422183,2132
4060164440,422184,8074
4060164350,422185,3439
4060154010,422186,5844
4060154000,422187,6430
4060145280,422188,6232
4060145170,422189,6577
4060165470,422190,102255
4060169400,422210,240220
4060183770,422220,32746
4060183970,422230,36157
4060195690,422240,1141719
4060195810,422251,3714
4060200170,422252,8696
4060200280,422253,13710
4060208200,422254,35579
4060208190,422255,47080
4060230540,422256,26890
4060230780,422257,311
4060232550,422258,96104
4060232560,422259,1442
4060236610,422260,66183
4060236600,422270,10602
4060240510,422281,50295
4060250390,422282,338572
4060250400,422283,40433
4060277320,422284,88333
4060277330,422285,5659
4060285020,422286,14473
4060285190,422287,1269
4060293880,422288,11604
4060294080,422289,11062
4060240390,422290,1856983
4060169390,422300,476197
4060186800,422411,159209
4060197600,422412,566437
4060197470,422413,176454
4060199150,422414,668660
4060199310,422415,1271563
4060213920,422416,843878
4060214110,422417,70636
4060224160,422418,1621816
4060224150,422419,732
4060225210,422421,171752
4060240750,422422,303431
4060240740,422423,1073527
4060289170,422424,385912
4060289300,422425,173142
4060297550,422426,47868
4060297340,422427,383670
4060328040,422428,327235
4060327900,422429,72862
4060225200,422431,317746
4060237570,422432,984281
4060237430,422433,1899736
4060239010,422434,4900885
4060239130,422435,14006
4060239440,422436,1235856
4060239850,422437,6263767
4060252760,422438,3449963
4060252610,422439,700925
4060251620,422441,161133
4060247070,422442,2549922
4060247250,422443,326718
4060209040,422444,1022934
4060209190,422445,704984
4060186170,422446,189492
4060186180,422447,513248
4060180500,422448,148687
4060180330,422449,511818
4060251820,422450,14119
4060255430,422461,1049609
4060277280,422462,7390305
4060277290,422463,3553198
4060343050,422464,2279749
4060343060,422465,87278
4060362080,422466,425634
4060362090,422467,89609
4060361100,422468,49064
4060361250,422469,82583
4060255230,422471,430
4060255420,422472,189269
4060255220,422473,17424
4060256070,422474,2000721
4060255830,422475,3116
4060254300,422476,6910
4060254430,422477,173424
4060248630,422478,12406
4060248760,422479,23707
4060245080,422481,14761
4060244890,422482,440193
4060245070,422483,49506
4060246920,422484,442053
4060247240,422485,164766
4060258090,422486,524253
4060257960,422487,156613
4060235670,422488,239824
4060235400,422489,247522
4060244900,422491,315828
4060209330,422492,278224
4060209160,422493,9973
4060205640,422494,766305
4060205650,422495,1839308
4060175950,422496,208128
4060175960,422497,1181614
4060154700,422498,342718
4060154710,422499,473092
4060186730,422510,73196
4060185230,422520,19018
4060185380,422530,169088
4060154300,422540,9456
4060154410,422550,10326
4060150480,422561,42804
4060132670,422562,6133
4060132510,422563,6195
4060123040,422564,1397
4060122930,422565,486
4060118490,422566,3982
4060118420,422567,2748
4060109410,422568,1135
4060109470,422569,1487
4060150470,422570,27915
4060148980,422580,144435
4060148900,422590,230870
4060136170,422610,203777
4060124280,422620,93700
4060124220,422630,102067
4060113950,422641,3672
4060109750,422642,4582
4060109760,422643,1542
4060105280,422644,3863
4060105400,422645,255
4060105440,422646,1450
4060105410,422647,2358
4060096600,422648,1806
4060096540,422649,653
4060113890,422650,12478
4060094650,422660,8118
4060094550,422670,22953
4060090000,422681,325
4060086500,422682,2541
4060086510,422683,2317
4060084880,422684,1247
4060084820,422685,39
4060085010,422686,1154
4060085020,422687,696
4060084520,422688,815
4060084500,422689,962
4060089990,422690,36551
4060136250,422710,149007
4060114800,422721,14915
4060113050,422722,7720
4060112980,422723,1628
4060111270,422724,4743
4060111150,422725,56528
4060106910,422726,52873
4060106900,422727,36324
4060109820,422728,19200
4060109910,422729,16370
4060114730,422730,36704
4060094870,422740,82152
4060094810,422750,4777
4060092730,422760,7062
4060092770,422770,11738
4060094160,422780,10641
4060094220,422790,1210
4060050490,422801,16335
4060066090,422802,2148
4060065930,422803,1269
4060056090,422804,704
4060055020,422805,911
4060056340,422806,3731
4060060620,422807,172
4060053060,422808,4347
4060051730,422809,15358
4060095270,422810,8752
4060099810,422820,19308
4060099870,422830,40345
4060111700,422840,41369
4060111760,422850,19326
4060114260,422861,28087
4060115960,422862,8997
4060115890,422863,4438
4060113560,422864,14025
4060113480,422865,61524
4060110580,422866,120165
4060110620,422867,167939
4060124390,422868,3125
4060124380,422869,7287
4060114350,422870,48087
4060118460,422880,31006
4060118450,422891,42949
4060130280,422892,33805
4060130190,422893,47560
4060150760,422894,4474
4060150890,422895,2373
4060155770,422896,5571
4060155960,422897,5201
4060166130,422898,2426
4060166050,422899,3678
4060050970,422900,5896
4060095320,422911,2978
4060099680,422912,10727
4060099780,422913,1398
4060103750,422914,2742
4060103710,422915,3468
4060108020,422916,4722
4060108030,422917,33
4060108480,422918,3822
4060108600,422919,708
4060110370,422920,40850
4060110480,422931,1727
4060117240,422932,6160
4060117340,422933,11468
4060130920,422934,10450
4060130990,422935,1241
4060134400,422936,60890
4060134500,422937,386
4060135410,422938,16662
4060135450,422939,780
4060136410,422940,135932
4060136400,422950,26228
4060146590,422961,21901
4060153390,422962,25514
4060153400,422963,71499
4060152570,422964,442588
4060152640,422965,163881
4060157440,422966,29701
4060157380,422967,21795
4060172830,422968,2675
4060172840,422969,1176
4060146480,422970,239493
4060050990,422980,9140
4060151740,422981,0
4060153710,422982,4534
4060153820,422983,11648
4060171480,422984,4542
4060171580,422985,1984
4060178010,422986,53651
4060178130,422987,746
4060197760,422988,1249
4060197770,422989,1042
4060060870,422990,176
4060151730,422991,71533
4060189270,422992,736
4060189160,422993,12429
4060198770,422994,8880
4060199020,422995,1576
4060205890,422996,1386
4060205980,422997,13019
4060191690,422998,2009
4060191410,422999,37792
4060000890,423010,13192
4060001240,423020,28881
4060001250,423030,41138
4060001560,423040,3424
4060001570,423051,4825
4060001880,423052,1172
4060001890,423053,37040
4060002140,423054,4974
4060002150,423055,7441
4060002260,423056,8841
4060002270,423057,40807
4060002300,423058,66834
4060002310,423059,787105
4060002470,423060,561870
4060002480,423070,117431
4060002770,423081,291218
4060357970,423082,169534
4060357810,423083,241440
4060348050,423084,1303435
4060348230,423085,400358
4060380850,423086,81251
4060380840,423087,4632
4060382520,423088,47985
4060382530,423089,95570
4060002780,423090,1031856
4060045780,424000,5768
4060034010,424100,569404
4060003020,424101,9346167
4060003940,424102,6213170
4060003950,424103,1680018
4060004100,424104,332818
4060004110,424105,781939
4060004500,424106,1809862
4060004510,424107,1690292
4060004680,424108,3729155
4060004690,424109,11307321
4060005050,424200,17028984
4060005060,424301,1018521
4060005090,424302,1512567
4060005100,424303,108397
4060005120,424304,735397
4060005130,424305,1697373
4060005410,424306,7397545
4060005420,424307,991386
4060005540,424308,1195408
4060005550,424309,1870030
4060005710,424401,1102893
4060449570,424402,568695
4060449580,424403,686040
4060423090,424404,1906035
4060423200,424405,117855
4060419040,424406,663368
4060418870,424407,596397
4060404490,424408,192947
4060404250,424409,548530
4060005720,424500,10579844
4060006520,424600,16841011
4060006530,424700,71589
4060006570,424811,280162
4060414540,424812,1468072
4060414670,424813,1627876
4060389100,424814,350856
4060389280,424815,2022648
4060370560,424816,689943
4060370730,424817,573772
4060362250,424818,1455011
4060362240,424819,400253
4060348030,424820,2443028
4060348020,424830,405067
4060327110,424841,54949
4060320450,424842,156107
4060320440,424843,129421
4060311910,424844,417300
4060311990,424845,255109
4060314110,424846,204865
4060314260,424847,4452
4060327650,424848,30037
4060327490,424849,366953
4060327320,424850,1420145
4060332620,424860,651984
4060332450,424870,112350
4060332910,424880,775482
4060333000,424890,2861203
4060006580,424901,19227
4060006620,424902,4466136
4060006630,424903,132576
4060006670,424904,1666359
4060006680,424905,722544
4060006750,424906,241252
4060006760,424907,238221
4060006840,424908,530110
4060006850,424909,409646
4060051530,431000,1144007
4060006940,431100,2356560
4060007080,431201,537027
4060460870,431202,1015353
4060460860,431203,1982252
4060420910,431204,496614
4060421080,431205,201210
4060419030,431206,555033
4060419170,431207,285768
4060398160,431208,23318
4060398360,431209,347210
4060007090,431300,7511801
4060007380,431400,5973707
4060007400,431500,452934
4060051890,431600,557121
4060007410,431610,5966839
4060483080,431621,858707
4060479560,431622,16314159
4060479550,431623,13429833
4060443160,431624,2690549
4060443420,431625,293533
4060449240,431626,667996
4060449230,431627,503611
4060461010,431628,1657496
4060461150,431629,2973795
4060483160,431630,2425185
4060486110,431641,200036
4060487460,431642,5064057
4060487620,431643,181516
4060491290,431644,2681674
4060491440,431645,57459
4060493450,431646,4593256
4060493260,431647,1817285
4060497290,431648,792467
4060497590,431649,1240127
4060486260,431650,3502
4060486970,431661,7299
4060487880,431662,4213634
4060487710,431663,21528
4060488910,431664,2574181
4060489140,431665,1049304
4060511760,431666,20527070
4060511540,431667,2715589
4060509930,431668,2199068
4060509830,431669,2542064
4060486980,431670,4024434
4060567390,431680,11654155
4060567380,431690,6079955
4060007420,431700,11271877
4060007660,431800,7778577
4060007670,431900,808349
4060051010,432010,456855
4060050550,432020,1571104
4060050850,432030,175532
4060051670,432040,72998
4060051880,432050,5362
4060052650,432060,3921
4060051450,432070,4236
4060051020,432080,91522
4060052810,432090,66250
4060007850,432101,6088413
4060577480,432102,6815779
4060577130,432103,58643
4060579160,432104,3997372
4060579370,432105,5378905
4060615410,432106,4607586
4060615400,432107,522741
4060620160,432108,8027560
4060620090,432109,3358039
4060627620,432210,72829
4060625500,432220,2577218
4060625630,432230,2513448
4060629590,432240,1968493
4060629690,432250,1038719
4060631880,432261,2143208
4060611660,432262,402854
4060611300,432263,180830
4060606120,432264,1921967
4060606020,432265,827903
4060582960,432266,122052
4060583100,432267,287639
4060557630,432268,27341
4060557350,432269,46906
4060631960,432270,15753161
4060625490,432280,2159676
4060625230,432290,2153379
4060627250,432300,3342546
4060603740,432401,1397615
4060595190,432402,792985
4060594950,432403,4143805
4060547230,432404,1171756
4060547240,432405,1536351
4060536060,432406,525391
4060535910,432407,212516
4060529780,432408,1697974
4060529540,432409,4470000
4060603570,432500,2518483
4060052820,432600,351604
4060548260,432601,244114
4060533700,432602,256480
4060533710,432603,296690
4060519260,432604,597351
4060519310,432605,186298
4060516800,432606,291512
4060516600,432607,102259
4060517720,432608,44182
4060517870,432609,215035
4060051600,432700,105761
4060053450,432710,123478
4060548370,432711,179724
4060537130,432712,869858
4060537000,432713,1042066
4060511660,432714,129364
4060511750,432715,43122
4060506690,432716,1100747
4060506700,432717,1710626
4060458880,432718,289976
4060458870,432719,75920
4060448840,432720,3662287
4060448990,432730,3649198
4060431060,432740,1398042
4060055630,432750,16073
4060431380,432751,852632
4060481200,432752,2043100
4060481210,432753,10819
4060484030,432754,160929
4060484020,432755,1145793
4060510650,432756,237995
4060510640,432757,159374
4060516040,432758,516861
4060516030,432759,733415
4060534180,432760,1255421
4060534090,432770,1164377
4060564070,432780,973823
4060563950,432790,4347378
4060050460,432800,110206
4060578640,432801,54620
4060575750,432802,10338
4060575620,432803,191378
4060571960,432804,3489026
4060571560,432805,386690
4060516300,432806,1302
4060516010,432807,757
4060514580,432808,2598
4060514390,432809,1567
4060051460,432900,48078
4060578830,432910,161683
4060585650,432920,2142956
4060585760,432930,73333
4060589480,432940,881279
4060066240,432950,1286
4060589340,432951,603928
4060588650,432952,128243
4060588530,432953,340334
4060578950,432954,39940
4060579340,432955,10816
4060589470,432956,45758
4060589460,432957,30259
4060598330,432958,28264
4060598730,432959,7972
4060603550,432960,23799
4060603560,432970,258184
4060646320,432980,53257
4060646500,432991,20842
4060660750,432992,37494
4060660740,432993,147246
4060628280,432994,1710
4060628060,432995,4048
4060621070,432996,3846
4060620840,432997,1680
4060614190,432998,4080
4060614330,432999,768
4060007860,433010,1085480
4060007940,433020,8982990
4060007950,433030,4218868
4060008060,433040,3360554
4060008070,433051,34135
4060008100,433052,1994364
4060008110,433053,8775778
4060008720,433054,1210145
4060008730,433055,4574372
4060008820,433056,3327644
4060008830,433057,4367527
4060009080,433058,2342681
4060009090,433059,971874
4060009170,433061,405669
4060638900,433062,1838378
4060638740,433063,971644
4060641680,433064,3286964
4060641880,433065,95024
4060641860,433066,7210407
4060642010,433067,9527211
4060615420,433068,5564098
4060615290,433069,10581923
4060009180,433070,1295005
4060009280,433080,6986571
4060009290,433090,10102456
4060009880,434100,5418442
4060694190,434210,9995888
4060667920,434220,5093184
4060668010,434230,1607708
4060670370,434240,7440498
4060670500,434250,1713046
4060675920,434260,10650864
4060676030,434270,9063105
4060689150,434281,21659
4060690450,434282,1853954
4060690330,434283,3043452
4060688870,434284,1594453
4060689010,434285,675834
4060691530,434286,6775179
4060691810,434287,251662
4060693500,434288,803651
4060693490,434289,3547391
4060689020,434291,1590793
4060676890,434292,3076584
4060676710,434293,5090439
4060656150,434294,9647243
4060656300,434295,1340
4060656140,434296,5962605
4060656290,434297,2463224
4060654220,434298,2314827
4060654030,434299,2633335
4060694350,434301,2744689
4060696170,434302,3080682
4060696300,434303,9650225
4060713110,434304,5451978
4060713100,434305,449922
4060720570,434306,8705700
4060720580,434307,6030529
4060750050,434308,1602069
4060750160,434309,2709810
4060773260,434410,386813
4060783970,434421,551754
4060794670,434422,5358265
4060794820,434423,49473
4060804900,434424,6297262
4060804910,434425,589379
4060817400,434426,524352
4060817150,434427,2509296
4060816210,434428,1138753
4060816400,434429,1011049
4060783960,434430,568920
4060791810,434440,2404068
4060791820,434450,3599236
4060817380,434460,2377810
4060817390,434470,5818436
4060859240,434480,1826348
4060859250,434491,89585
4060861310,434492,354894
4060861390,434493,1748621
4060897200,434494,2171507
4060897210,434495,373989
4060896760,434496,1508243
4060896610,434497,1228787
4060893880,434498,1646704
4060893870,434499,1662734
4060773130,434501,1667263
4060769560,434502,1037761
4060769140,434503,3258906
4060752770,434504,834476
4060752890,434505,327195
4060752520,434506,1095230
4060752200,434507,175756
4060748330,434508,1482999
4060748320,434509,6219279
4060748300,434610,2365558
4060744360,434620,6471485
4060744670,434630,4542968
4060704560,434640,11157552
4060704410,434650,3115674
4060687330,434660,2472612
4060687420,434670,1184929
4060681060,434680,1040180
4060680810,434691,442638
4060678440,434692,620508
4060678630,434693,314105
4060679720,434694,424162
4060679920,434695,1623592
4060688510,434696,384791
4060688400,434697,2571439
4060671040,434698,542903
4060670890,434699,145789
4060748310,434700,9242638
4060783330,434810,3202769
4060795660,434821,11257627
4060835350,434822,3708880
4060835360,434823,5896843
4060856600,434824,2345254
4060856770,434825,476532
4060863840,434826,3698350
4060863830,434827,8223450
4060884430,434828,1617061
4060884440,434829,2190799
4060795650,434830,312780
4060802680,434840,10728747
4060802670,434850,251748
4060801220,434860,6252984
4060801390,434870,3459390
4060815730,434880,2975890
4060815910,434891,1201272
4060830110,434892,1349361
4060830030,434893,1357787
4060857900,434894,418237
4060857710,434895,55170
4060855410,434896,1885523
4060855550,434897,136767
4060857570,434898,756082
4060857280,434899,2379925
4060783120,434911,1991533
4060756820,434912,981521
4060756940,434913,730380
4060752870,434914,2243551
4060752740,434915,2282681
4060732480,434916,492598
4060732820,434917,2079350
4060736830,434918,1398918
4060736820,434919,3054657
4060774570,434921,784195
4060789960,434922,861532
4060789820,434923,1306510
4060801680,434924,639140
4060801670,434925,2715754
4060853730,434926,3833344
4060853610,434927,5309384
4060867040,434928,3464562
4060867050,434929,2353423
4060774560,434930,4861240
4060779600,434941,3425090
4060765990,434942,11042251
4060765830,434943,11786
4060764560,434944,11375080
4060764320,434945,6717668
4060693050,434946,2749323
4060693040,434947,403407
4060680470,434948,213714
4060680220,434949,932841
4060779690,434951,2606094
4060788460,434952,1621513
4060788450,434953,2359233
4060804580,434954,4210078
4060804380,434955,667508
4060801370,434956,17979611
4060801560,434957,2563468
4060806290,434958,1335910
4060806110,434959,146191
4060805770,434961,2546948
4060780120,434962,14963029
4060780110,434963,37977
4060779790,434964,1638432
4060780100,434965,2064325
4060738870,434966,92371
4060738860,434967,113552
4060709860,434968,178442
4060710060,434969,105259
4060805930,434971,249712
4060810520,434972,3648319
4060810390,434973,1481862
4060847390,434974,2344003
4060847380,434975,2172291
4060883040,434976,5464951
4060882890,434977,871949
4060894390,434978,1370372
4060894110,434979,181166
4060872680,434981,23624
4060869640,434982,1811540
4060869520,434983,492663
4060828460,434984,578716
4060828450,434985,38066
4060784200,434986,51215
4060784050,434987,91800
4060758850,434988,154535
4060758990,434989,296561
4060051560,434990,200
4060872820,434991,2987976
4060837180,434992,81329
4060837170,434993,403397
4060818790,434994,73251
4060818780,434995,626587
4060625430,434996,3058
4060625570,434997,14064
4060642770,434998,4221
4060642530,434999,751
4060009890,435010,12206185
4060010150,435020,47544802
4060010160,435030,9377744
4060010370,435041,3915946
4060761890,435042,2427636
4060761880,435043,1249690
4060771880,435044,522371
4060772170,435045,188024
4060781040,435046,7723072
4060780940,435047,466402
4060780930,435048,142496
4060780770,435049,1333440
4060010380,435050,23988382
4060011100,435060,3875191
4060011110,435070,10405064
4060011540,435081,3281511
4060893580,435082,689129
4060893370,435083,1294358
4060879660,435084,620795
4060879520,435085,160348
4060871910,435086,1614337
4060872090,435087,140286
4060873920,435088,1020169
4060874020,435089,1472073
4060011550,435090,2554110
4060011690,436101,39249
4060011700,436102,1632187
4060011710,436103,2825256
4060011800,436104,3994296
4060011810,436105,8904846
4060011960,436106,3239049
4060011970,436107,2592693
4060012210,436108,559960
4060012220,436109,849766
4060012280,436200,7494960
4060012290,436300,39316660
4060012770,436401,1137829
4060979010,436402,1305001
4060979220,436403,10776093
4060980130,436404,3886548
4060979950,436405,1587998
4060962350,436406,1125561
4060962450,436407,1331491
4060940690,436408,407549
4060940820,436409,439608
4060012780,436500,25308073
4060012990,436610,3722844
4060978610,436621,1713677
4060976010,436622,1877908
4060976020,436623,2489876
4060953500,436624,1337164
4060953510,436625,141207
4060949740,436626,784452
4060949460,436627,815100
4060930160,436628,1060190
4060930150,436629,1605068
4060978600,436631,2643141
4060979210,436632,1483027
4060979000,436633,431656
4060971890,436634,2004535
4060971880,436635,38431
4060970040,436636,3972188
4060970270,436637,774812
4060972680,436638,2849363
4060972600,436639,2470543
4060060350,436640,96407
4060972260,436641,7599269
4060987170,436642,3664268
4060987030,436643,113030
4060981360,436644,734879
4060981620,436645,2152958
4060957100,436646,353899
4060956990,436647,80908
4060948940,436648,520617
4060948690,436649,371731
4060972210,436650,713003
4060960280,436661,415481
4060946690,436662,996416
4060946780,436663,1985515
4060938140,436664,1544366
4060938150,436665,1075111
4060904430,436666,377709
4060904420,436667,681236
4060895850,436668,196068
4060896050,436669,425972
4060060640,436670,242734
4060960530,436671,867609
4060965540,436672,1197693
4060965530,436673,598901
4060953480,436674,363197
4060953700,436675,1840595
4060917320,436676,408095
4060917310,436677,441
4060916600,436678,1094184
4060916750,436679,179346
4060925420,436680,5819484
4060060440,436690,79099
4060925590,436691,1642308
4060932660,436692,1681210
4060932810,436693,172126
4060935010,436694,581139
4060935000,436695,1468933
4060960650,436696,1416681
4060960640,436697,166065
4060948920,436698,1298085
4060948930,436699,2988220
4060013000,436701,1456126
4060013090,436702,2205220
4060013100,436703,4571743
4060013510,436704,5698449
4060013520,436705,9697053
4060014250,436706,3988108
4060014260,436707,6284753
4060014930,436708,6313647
4060014940,436709,3140143
4060015000,436810,4817256
4061022750,436821,263461
4061015370,436822,832776
4061015380,436823,194113
4061009750,436824,1373610
4061009800,436825,133458
4061000830,436826,144976
4061000720,436827,194963
4060986930,436828,290330
4060987020,436829,1019118
4061022740,436830,65325
4061023260,436841,1288450
4060995260,436842,378620
4060995320,436843,898983
4060971610,436844,356790
4060971600,436845,425491
4060947690,436846,1171672
4060947700,436847,74269
4060939460,436848,203378
4060939450,436849,548791
4061023270,436850,1919209
4061005540,436860,781922
4061005660,436870,372105
4060984750,436880,566690
4060984860,436890,520186
4060015010,436900,8305577
4060046380,437001,23917749
4060047470,437002,85494
4060046370,437003,539
4060047450,437004,1606
4060047460,437005,2291
4060047490,438000,0
4060047500,439001,9997726
4060048410,439002,352
4060015090,441010,143033
4060015100,441020,2842984
4060015110,441030,2230020
4060015260,441040,2414956
4060015270,441051,812990
4060015420,441052,264721
4060015430,441053,3570903
4060015780,441054,807280
4060015790,441055,884288
4060015910,441056,534989
4060015920,441057,2427488
4060016210,441058,1356247
4060016220,441059,5312175
4060016810,441060,19591277
4060016820,441070,27345
4060016830,441080,4791718
4060016840,441090,4886014
4060017020,442100,8538740
4061144880,442201,2153061
4061140120,442202,1454961
4061140110,442203,705898
4061135850,442204,334985
4061135810,442205,1467975
4061130860,442206,1186453
4061130890,442207,1028675
4061127980,442208,1176884
4061128040,442209,1044379
4061144860,442300,1734949
4061128330,442401,1296
4061128090,442402,428563
4061128120,442403,8817
4061128130,442404,1259714
4061128180,442405,326531
4061130800,442406,459060
4061130840,442407,1060464
4061138550,442408,246170
4061138600,442409,746390
4061128230,442500,1203312
4061108580,442610,309212
4061108770,442620,523068
4061108670,442630,991288
4061110370,442641,1376347
4061107780,442642,454964
4061107770,442643,295596
4061108860,442644,575544
4061108740,442645,1098832
4061108070,442646,533579
4061108020,442647,812812
4061112280,442648,413335
4061112220,442649,530584
4061110320,442650,1043110
4061098410,442660,821523
4061098480,442670,519534
4061096750,442680,1643013
4061096740,442690,1372614
4060060240,442700,16660
4061108500,442710,249830
4061100320,442720,743501
4061100360,442730,1803037
4061080170,442740,1126808
4061080120,442750,112905
4061071320,442760,193577
4061071310,442770,417394
4061073760,442780,741330
4061073830,442791,12760
4061075650,442792,545548
4061075640,442793,1816668
4061077940,442794,126981
4061077930,442795,383632
4061045990,442796,145501
4061045940,442797,11357
4061045140,442798,103445
4061045130,442799,2458
4061043590,442800,654714
4061043580,442911,282264
4061043000,442912,226243
4061042900,442913,55065
4061041330,442914,674615
4061041310,442915,144199
4061040840,442916,847629
4061040790,442917,493511
4061031450,442918,33394
4061031350,442919,78750
4061022090,442920,656344
4061022100,442931,21459
4061017050,442932,274264
4061017040,442933,160031
4061011520,442934,311809
4061011680,442935,847045
4060986500,442936,512397
4060986490,442937,109629
4060976600,442938,491167
4060976610,442939,1152511
4060933190,442940,1471524
4060933180,442951,86659
4060922270,442952,111514
4060922260,442953,148441
4060905950,442954,159326
4060905860,442955,439330
4060746500,442956,61766
4060746370,442957,145
4060745590,442958,48705
4060745580,442959,14561
4060730280,442960,121293
4060730290,442970,61102
4060705050,442980,86144
4060705180,442990,114622
4060017030,443010,882913
4060017110,443020,2606549
4060017120,443031,3474301
4060017490,443032,410010
4060017500,443033,831826
4060017640,443034,45327
4060017650,443035,91761
4060017860,443036,10672
4060017870,443037,750952
4060018070,443038,408541
4060018080,443039,2270663
4060018230,443040,8680217
4060018240,443050,1815855
4060018280,443061,8979313
4061120980,443062,2650523
4061120970,443063,1856275
4061104190,443064,3705955
4061104200,443065,213414
4061102650,443066,2057868
4061102660,443067,986942
4061089850,443068,275008
4061089840,443069,917442
4060018290,443070,1228785
4060018330,443080,5355950
4060018340,443090,25937
4060034220,444000,131966
4060018350,444010,112161
4060018360,444020,1474442
4060018370,444031,138218
4060018410,444032,295113
4060018420,444033,1418617
4060018970,444034,1091067
4060018990,444035,1399941
4060019410,444036,632692
4060019420,444037,3494219
4060019710,444038,877449
4060019720,444039,2146417
4060020060,444040,1110570
4060020070,444051,35015
4060020150,444052,87123
4060020160,444053,15611
4060020210,444054,241739
4060020220,444055,7902190
4060020620,444056,641770
4060020630,444057,11273751
4060020950,444058,200538
4060020960,444059,14802
4060020980,444060,1679422
4060034180,444070,150456
4060020990,444071,3003260
4060021260,444072,604675
4060021270,444073,533085
4060021320,444074,689970
4060021330,444075,810914
4060021580,444076,493967
4060021590,444077,2208404
4060022350,444078,47647
4060022360,444079,80101
4060022440,444080,266873
4060022450,444090,729540
4060022790,445100,1136580
4060023050,445200,657375
4060023070,445300,488334
4060023060,445410,564876
4061077760,445420,615838
4061077730,445430,51981
4061062690,445440,1595381
4061062700,445450,117341
4061046810,445460,306407
4060064300,445470,17507
4061046870,445471,216591
4061028980,445472,365290
4061028990,445473,53115
4061017430,445474,379543
4061017260,445475,570266
4060972020,445476,882827
4060972010,445477,2656874
4060811140,445478,43080
4060811130,445479,265722
4060718180,445480,89486
4060718400,445490,215596
4060023210,445500,11249
4060023220,445601,1515302
4061062230,445602,83024
4061062170,445603,381
4061062050,445604,232184
4061061910,445605,330359
4061050860,445606,109243
4061050840,445607,13483
4061049140,445608,303806
4061049260,445609,319769
4060023230,445700,11456537
4060023810,445811,2437575
4061060000,445812,164511
4061060010,445813,487407
4061044460,445814,645988
4061044450,445815,349077
4061039090,445816,176506
4061039040,445817,735030
4061029990,445818,364386
4061030000,445819,863660
4061019890,445821,1601943
4060977220,445822,3118425
4060976980,445823,588095
4060930100,445824,399776
4060929890,445825,59781
4060913560,445826,487666
4060913570,445827,183415
4060876200,445828,74219
4060876090,445829,27515
4061020030,445830,2507124
4061010350,445841,38838
4061011650,445842,1795397
4061011660,445843,899871
4061002120,445844,268901
4061002130,445845,168237
4060991520,445846,286436
4060991510,445847,130450
4060976590,445848,90489
4060976580,445849,100825
4061010310,445850,2659260
4060956240,445860,1887426
4060956110,445871,135789
4060943690,445872,71268
4060943790,445873,94938
4060950570,445874,59133
4060950490,445875,53644
4060947780,445876,735996
4060947770,445877,105624
4060927750,445878,412606
4060927760,445879,295854
4060902890,445880,235696
4060903190,445890,103757
4060023820,445900,2609408
4060048470,446000,396972
4060024190,451001,858856
4060024780,451002,250041
4060024790,451003,254864
4060024890,451004,655038
4060024900,451005,5821239
4060025260,451006,5897614
4060025270,451007,3317127
4060025330,451008,3733930
4060025340,451009,4371228
4060025450,452100,323510
4060975160,452201,6720668
4060967130,452202,35666061
4060967140,452203,8803377
4060949680,452204,14776059
4060949690,452205,10168252
4060929740,452206,882312
4060929440,452207,2248663
4060947550,452208,146588
4060947390,452209,657735
4060975150,452300,4370509
4060053370,452400,3965
4060960480,452411,3522501
4060940040,452412,11253451
4060940160,452413,1924513
4060929850,452414,1030005
4060929710,452415,859743
4060921230,452416,14150733
4060921220,452417,895740
4060912930,452418,2661698
4060912840,452419,828856
4060056170,452420,3213
4060911800,452421,11992356
4060901970,452422,18632338
4060901870,452423,25656
4060901010,452424,9069003
4060900840,452425,7231449
4060863940,452426,1423280
4060863950,452427,377591
4060816640,452428,37126
4060816630,452429,41967
4060911950,452431,8759319
4060909770,452432,20105392
4060909900,452433,362044
4060914430,452434,16861317
4060914420,452435,18342754
4060905060,452436,12307569
4060905050,452437,3399975
4060903120,452438,19384174
4060902870,452439,2157883
4060901850,452441,13659907
4060883570,452442,18733434
4060883690,452443,21480091
4060840120,452444,4058630
4060839990,452445,4254067
4060806930,452446,781586
4060806700,452447,87899
4060799160,452448,772657
4060799260,452449,760130
4060901960,452451,3309105
4060903560,452452,11906435
4060903720,452453,1787634
4060908910,452454,5359720
4060908790,452455,4952975
4060909020,452456,32400928
4060909110,452457,11237050
4060915780,452458,7472980
4060915590,452459,754306
4060911460,452461,12913780
4060856670,452462,5182635
4060856790,452463,22183
4060855780,452464,21025329
4060855950,452465,250704
4060854130,452466,12168684
4060854010,452467,17185080
4060760950,452468,580868
4060760960,452469,816782
4060911450,452471,7823057
4060900980,452472,6718384
4060900650,452473,5606231
4060895600,452474,14613761
4060895450,452475,181505
4060888020,452476,6127545
4060888130,452477,1890387
4060878420,452478,10012689
4060878430,452479,22353
4060051550,452480,2508724
4060876840,452481,2656072
4060895960,452482,17298936
4060896170,452483,326390
4060898640,452484,3608510
4060898630,452485,399689
4060903960,452486,1277256
4060904120,452487,23074
4060908090,452488,7080172
4060908080,452489,11255699
4060876680,452491,1122376
4060861820,452492,17560909
4060861710,452493,1933609
4060855100,452494,5124324
4060855310,452495,4462509
4060816250,452496,10360917
4060816480,452497,11515855
4060807120,452498,21933636
4060806680,452499,9266079
4060960200,452510,185127
4060956220,452520,19437985
4060956230,452530,21802062
4060900670,452540,4289621
4060900680,452550,5958489
4060886200,452561,132119
4060884090,452562,2225201
4060883850,452563,420696
4060866220,452564,60199
4060866230,452565,11197
4060859650,452566,179845
4060859640,452567,45926
4060826780,452568,7067
4060826770,452569,15921
4060886350,452570,4413304
4060884570,452580,5073038
4060884290,452591,20320
4060883720,452592,1262268
4060883390,452593,975708
4060876180,452594,619007
4060876190,452595,1343492
4060872230,452596,450704
4060872360,452597,1279000
4060870190,452598,3176313
4060870060,452599,122069
4060865800,452601,664566
4060860530,452602,207015
4060860710,452603,748172
4060836200,452604,221093
4060836210,452605,138287
4060818150,452606,5809
4060818360,452607,1796
4060820850,452608,8588
4060820560,452609,23553
4060865930,452700,5713640
4060839030,452801,79566
4060835610,452802,60888
4060835750,452803,95914
4060836400,452804,194590
4060836060,452805,106058
4060827540,452806,4723
4060827660,452807,19797
4060815490,452808,4695
4060815410,452809,11154
4060838850,452910,227746
4060769230,452920,76601
4060769470,452930,5803
4060783910,452940,96976
4060784170,452950,257056
4060786460,452961,26524
4060778570,452962,37458
4060778700,452963,491756
4060759490,452964,31907
4060759500,452965,4366
4060751770,452966,12360
4060751920,452967,4377
4060751020,452968,7600
4060750870,452969,16310
4060786650,452971,71960
4060788290,452972,56971
4060788280,452973,51524
4060786990,452974,56343
4060787190,452975,14745
4060787650,452976,217089
4060787530,452977,40679
4060787520,452978,36066
4060787180,452979,27046
4060784890,452980,52858
4060061740,452990,1307
4060785160,452991,76858
4060787380,452992,5713
4060787490,452993,9191
4060778530,452994,3476
4060778660,452995,1644
4060770100,452996,1443
4060769810,452997,574
4060767740,452998,3425
4060767880,452999,5005
4060025460,453111,9970996
4060025870,453112,1881609
4060025880,453113,1311552
4060026040,453114,8546857
4060026050,453115,275560
4060026090,453116,5313834
4060026100,453117,915589
4060026250,453118,4349409
4060026260,453119,15642307
4060026610,453120,40124712
4060026620,453130,1814894
4060026660,453141,375477
4060994510,453142,3614609
4060994360,453143,23669
4060993110,453144,5405637
4060993020,453145,5283936
4060963930,453146,4901064
4060964080,453147,5284397
4060961540,453148,1175660
4060961650,453149,2458134
4060026670,453150,8010433
4060026820,453160,10310405
4060026830,453170,4588288
4060027010,453181,33793
4061033360,453182,3865291
4061033370,453183,4491253
4061026790,453184,321633
4061026690,453185,1353904
4061001260,453186,1296256
4061001220,453187,1307101
4060992540,453188,629375
4060992780,453189,1789929
4060027020,453190,542861
4060027100,453210,4992135
4061031720,453220,5277610
4061031590,453230,3031236
4061017890,453240,2486274
4061017990,453250,3749912
4061013640,453260,2023983
4061013760,453270,1180275
4061013620,453280,3130918
4061013550,453291,1322344
4061010920,453292,1452350
4061010840,453293,122837
4061010040,453294,1242462
4061010190,453295,342051
4061012790,453296,684401
4061012880,453297,181376
4061017010,453298,2972787
4061016930,453299,4556803
4060027110,453301,2751027
4060027280,453302,3435632
4060027290,453303,54433
4060027300,453304,2661131
4060027310,453305,2126165
4060027460,453306,1972674
4060027470,453307,97853
4060027480,453308,2496197
4060027490,453309,9044496
4060027780,453410,2148876
4061081260,453420,2727082
4061081310,453430,1542193
4061065170,453441,140368
4061056640,453442,219148
4061056570,453443,10239
4061053980,453444,564811
4061054030,453445,605829
4061056950,453446,416174
4061057040,453447,84270
4061057510,453448,524539
4061057570,453449,1781817
4061065250,453450,109311
4061063700,453461,110719
4061057220,453462,608782
4061057120,453463,229875
4061051450,453464,13458622
4061051540,453465,772961
4061045970,453466,5444057
4061046020,453467,1242793
4061045910,453468,1227021
4061045960,453469,3622116
4061063690,453471,92607
4061065530,453472,5148497
4061065520,453473,1681634
4061059800,453474,370679
4061059910,453475,616591
4061061360,453476,483995
4061061290,453477,503027
4061060870,453478,379631
4061060950,453479,719060
4061063810,453481,427438
4061066200,453482,801690
4061066270,453483,25604
4061066970,453484,666987
4061066980,453485,4312983
4061074270,453486,1069999
4061074330,453487,61540
4061074820,453488,1014023
4061074710,453489,2326446
4061063670,453491,2401965
4061059070,453492,6096359
4061059140,453493,1680997
4061056740,453494,1094162
4061056630,453495,2422361
4061051090,453496,735844
4061051200,453497,81637
4061050830,453498,1904837
4061050730,453499,5397162
4060027790,453500,7290576
4060027940,453610,7847362
4061092490,453620,12148556
4061092530,453630,3826633
4061101510,453641,263935
4061103070,453642,984059
4061103020,453643,3001906
4061103970,453644,5543026
4061103960,453645,2035472
4061109880,453646,760040
4061109830,453647,1182116
4061113080,453648,1386513
4061113150,453649,4246069
4061101500,453650,3033074
4061096410,453661,1045291
4061097880,453662,863034
4061098040,453663,449401
4061098720,453664,3919546
4061098680,453665,310272
4061097210,453666,3537666
4061097120,453667,9055347
4061084990,453668,1333848
4061085090,453669,423302
4061096370,453670,6695536
4061083890,453680,3982974
4061083880,453691,730984
4061080740,453692,989723
4061080660,453693,910207
4061076080,453694,2406886
4061076050,453695,1045439
4061068520,453696,1246352
4061068510,453697,230204
4061067580,453698,6979271
4061067500,453699,1703860
4060027950,453710,3727665
4060028040,453720,1721631
4060028050,453730,2038402
4060028200,453741,1185327
4061118950,453742,1689012
4061118910,453743,1242525
4061116970,453744,1318053
4061116860,453745,98743
4061116520,453746,1877294
4061116510,453747,325279
4061114660,453748,1463876
4061114520,453749,3628620
4060028210,453750,17128311
4060028550,453760,9283382
4060028560,453770,3725325
4060028670,453780,11896161
4060028680,453790,5320099
4060028760,453801,5729507
4061148830,453802,3745430
4061148790,453803,7539104
4061145720,453804,2229989
4061145690,453805,12510279
4061139400,453806,3067022
4061139430,453807,836784
4061140230,453808,3047364
4061140240,453809,3627853
4060028770,453901,9753403
4060029250,453902,3851151
4060029260,453903,143045
4060029290,453904,2403052
4060029310,453905,246075
4060029360,453906,2385600
4060029370,453907,731968
4060029440,453908,3206588
4060029450,453909,749138
4060029530,454010,15890161
4060029810,454020,2903922
4060029820,454031,2233064
4060029860,454032,5535987
4060029870,454033,16787906
4060030570,454034,914486
4060030580,454035,21605574
4060031160,454036,8749518
4060031170,454037,960728
4060031210,454038,2288095
4060031220,454039,7451695
4060031520,454041,6936166
4061024050,454042,1146575
4061024010,454043,1519675
4061025600,454044,3916132
4061025510,454045,532767
4061026490,454046,1004909
4061026390,454047,623081
4061026400,454048,6150234
4061026240,454049,2018747
4060031530,454050,4216482
4060031610,454061,11093030
4061001610,454062,1060232
4061001460,454063,2189512
4060988000,454064,1375527
4060987920,454065,3012554
4060979760,454066,1552190
4060979850,454067,2693078
4060989860,454068,520565
4060989720,454069,499485
4060031620,454070,3686237
4060031730,454081,2833848
4060980270,454082,1548250
4060980000,454083,1236391
4060971400,454084,3161810
4060971120,454085,1588322
4060960150,454086,2875612
4060960310,454087,323839
4060965560,454088,438371
4060965550,454089,1671832
4060031740,454090,28189
4060031750,455100,1668205
4060031820,455200,18088922
4060031830,455300,7364429
4060032410,455400,3144736
4060032420,455500,4271857
4060032880,455600,7618509
4060032890,455700,1534888
4060050400,455801,1527738
4060059530,455802,57261
4060051200,455803,908917
4060051140,455804,1482572
4060051690,455805,1091913
4060051380,455806,1230019
4060052180,455807,287186
4060052460,455808,1240988
4060054740,455809,1185224
4060033430,455810,1398502
4060053190,455820,677365
4060952550,455821,927350
4060953900,455822,306195
4060954060,455823,3956756
4060922650,455824,1738647
4060922570,455825,1992653
4060899290,455826,2017753
4060899470,455827,1480115
4060896130,455828,943208
4060895930,455829,3074409
4060952440,455830,4417162
4060919930,455840,1245836
4060919920,455851,2439748
4060897660,455852,211342
4060897650,455853,2162248
4060859270,455854,2039391
4060859120,455855,637850
4060831040,455856,1098066
4060830950,455857,2277193
4060812360,455858,355774
4060812200,455859,1917510
4060802250,455860,8880962
4060802440,455870,2295211
4060785260,455881,140079
4060790370,455882,772976
4060790030,455883,464266
4060793050,455884,1375062
4060792940,455885,758704
4060795290,455886,2172559
4060795170,455887,2278050
4060793600,455888,1937488
4060793440,455889,3135428
4060785020,455890,12081991
4060033440,455900,330430
4060033640,456100,5837757
4060879040,456201,468811
4060875530,456202,218745
4060875540,456203,2759326
4060839580,456204,4949361
4060839570,456205,152656
4060833310,456206,490913
4060833320,456207,426431
4060772500,456208,143877
4060772610,456209,569548
4060879050,456301,225478
4060874690,456302,2101002
4060874860,456303,2874267
4060827580,456304,451475
4060827710,456305,529526
4060815620,456306,120480
4060815630,456307,647954
4060801430,456308,2256324
4060801440,456309,346785
4060053490,456400,7902
4060794730,456410,629909
4060066990,456420,74021
4060786190,456421,7337733
4060748940,456422,1503751
4060748950,456423,189996
4060747960,456424,1240047
4060747970,456425,323502
4060746720,456426,42123172
4060746560,456427,6338226
4060729320,456428,21797917
4060729330,456429,19069727
4060786200,456430,272764
4060784150,456440,13813350
4060784370,456450,16231040
4060729700,456460,5356956
4060729890,456470,11449470
4060709980,456480,21266
4060709990,456491,2927
4060714700,456492,1456
4060714850,456493,247
4060716340,456494,1105
4060716480,456495,4231
4060730760,456496,1109
4060730580,456497,3273
4060743070,456498,1299
4060742930,456499,1027
4060794590,456510,2703103
4060744380,456520,179738
4060744390,456530,1837435
4060718640,456541,98516
4060710860,456542,99809
4060710750,456543,244167
4060701770,456544,351946
4060701930,456545,35297
4060712580,456546,44929
4060712590,456547,131610
4060737930,456548,30963
4060738140,456549,165581
4060718650,456550,2896459
4060685650,456560,5714408
4060685660,456570,545377
4060673650,456580,7795518
4060673550,456590,5623514
4060648310,456601,10056426
4060641800,456602,7131383
4060641790,456603,1815336
4060633040,456604,8464577
4060632940,456605,385366
4060619030,456606,195935
4060619040,456607,568978
4060575240,456608,101715
4060575490,456609,128419
4060648320,456701,1719882
4060641530,456702,2355589
4060641250,456703,4014090
4060596060,456704,94014
4060595920,456705,33740
4060590330,456706,376106
4060590440,456707,92618
4060603660,456708,52566
4060603790,456709,9230
4060053320,456800,697
4060607260,456801,37456
4060609110,456802,23948
4060609270,456803,45167
4060628270,456804,9808
4060628370,456805,4218
4060639910,456806,22724
4060639900,456807,18639
4060656800,456808,3566
4060656710,456809,1803
4060056520,456900,3610
4060607420,456901,50172
4060623270,456902,202634
4060623190,456903,44165
4060640110,456904,52120
4060640120,456905,47903
4060689380,456906,4189
4060689270,456907,14788
4060690120,456908,1917
4060690000,456909,4149
4060033650,457001,375157
4060033730,457002,247928
4060033740,457003,848865
4060033770,457004,4238985
4060033780,457005,9355983
4060033840,457006,2074366
4060033850,457007,108789
4060033920,457008,238877
4060033930,457009,24165
4060048900,458001,20853916
4060050150,458002,609310
4060050360,461011,92986
4060299920,461012,14478
4060299570,461013,3743
4060300170,461014,29607
4060299930,461015,12379
4060303130,461016,13950
4060303140,461017,1237
4060308600,461018,15251
4060308590,461019,5291
4060050540,461020,131793
4060051930,461030,210158
4060051400,461040,297084
4060051720,461050,111679
4060050960,461060,530604
4060051420,461070,591745
4060052570,461080,419277
4060050220,461101,0
4060274290,461102,425700
4060273970,461104,87052
4060055680,461200,20682
4060273960,461201,0
4060273830,461202,8589
4060273700,461203,1322
4060255710,461204,11569
4060255700,461205,16839
4060270590,461206,11103
4060270580,461207,65099
4060328430,461208,23292
4060328420,461209,134274
4060051920,461300,100579
4060274280,461301,1185
4060281940,461302,39818
4060282100,461303,709058
4060441530,461304,292077
4060441780,461305,106084
4060469270,461306,158725
4060469510,461307,89082
4060477710,461308,397164
4060477720,461309,14672
4060274300,461401,0
4060276370,461402,59727
4060276550,461403,47667
4060319830,461404,67116
4060319630,461405,23821
4060326790,461406,49691
4060326690,461407,43846
4060289470,461408,2360
4060289350,461409,47161
4060482720,461500,4384
4060063840,461600,60031
4060484700,461601,17459
4060481170,461602,215082
4060480960,461603,37272
4060470980,461604,3633594
4060470930,461605,305944
4060456210,461606,1316801
4060456310,461607,1473414
4060477090,461608,54480
4060476920,461609,65150
4060484760,461710,17828
4060062250,461720,23342
4060496820,461721,127777
4060535960,461722,63138
4060536090,461723,4330
4060539080,461724,1003484
4060538860,461725,97524
4060565720,461726,96220
4060565730,461727,139608
4060576670,461728,232608
4060576830,461729,78711
4060496830,461730,1034497
4060531330,461740,978845
4060531200,461750,387367
4060538240,461760,1013638
4060538040,461771,123414
4060537600,461772,533058
4060537690,461773,182873
4060542340,461774,1903370
4060542500,461775,272765
4060552650,461776,128254
4060552470,461777,806
4060552060,461778,2404783
4060552070,461779,34246
4060549780,461781,88148
4060554780,461782,1068679
4060554970,461783,407487
4060580590,461784,138036
4060580600,461785,165675
4060594480,461786,138223
4060594670,461787,73791
4060606400,461788,159414
4060606200,461789,74850
4060549620,461790,5714
4060545530,461801,262405
4060529010,461802,576219
4060528930,461803,234206
4060521460,461804,471385
4060521540,461805,372361
4060492070,461806,84265
4060491870,461807,199899
4060480370,461808,29082
4060480310,461809,66309
4060051940,461900,1323
4060545690,461910,600632
4060544080,461920,1046599
4060543770,461930,33451
4060540620,461940,996358
4060540630,461950,876894
4060520710,461961,7620
4060533250,461962,4379
4060533260,461963,334
4060534300,461964,84194
4060534460,461965,54624
4060548960,461966,10849
4060549210,461967,3337
4060549810,461968,1156
4060550020,461969,4528
4060520570,461970,15371
4060508720,461980,3967
4060508830,461990,12308
4060050240,462110,21683
4060237460,462120,48319
4060237450,462131,21167
4060244250,462132,34602
4060244240,462133,5351
4060253880,462134,106821
4060254010,462135,150379
4060311390,462136,48800
4060311000,462137,104733
4060339770,462138,369936
4060340060,462139,17329
4060355290,462140,1681260
4060355280,462150,152406
4060411980,462161,77356
4060419960,462162,1207494
4060419950,462163,3184
4060422350,462164,86229
4060422200,462165,40228
4060425250,462166,303851
4060425390,462167,65903
4060429520,462168,214067
4060429680,462169,304200
4060411990,462171,845813
4060421180,462172,2911425
4060421390,462173,71739
4060425430,462174,2247298
4060425640,462175,3869477
4060427670,462176,135714
4060427550,462177,638007
4060425860,462178,3645391
4060425650,462179,1130687
4060421200,462180,4351656
4060420980,462191,948215
4060394190,462192,110489
4060394340,462193,27144
4060403840,462194,24016
4060403610,462195,24758
4060405760,462196,16433
4060405510,462197,66819
4060401050,462198,25249
4060401180,462199,32079
4060053660,462201,9606
4060051520,462202,11189
4060053600,462203,12033
4060053690,462204,12594
4060053760,462205,11016
4060055480,462206,1879
4060055730,462207,4141
4060050730,462208,18597
4060056600,462209,2603
4060052360,462301,5448
4060055210,462302,2618
4060053090,462303,2848
4060051540,462304,5014
4060057730,462305,1464
4060053360,462306,1783
4060053080,462307,2467
4060055860,462410,1106
4060050250,462411,0
4060176230,462412,38123
4060176020,462413,2746
4060173700,462414,27937
4060173610,462415,1010
4060160150,462416,5065
4060160160,462417,2775
4060142770,462418,12716
4060142820,462419,28210
4060052040,462420,9204
4060054280,462430,2539
4060052290,462440,20403
4060050690,462451,12444
4060055190,462452,1269
4060061900,462453,694
4060062440,462454,1406
4060054520,462455,8181
4060057140,462460,1626
4060051440,462470,13171
4060050310,462511,12583
4060194150,462512,24644
4060194230,462513,13635
4060171200,462514,2911
4060171330,462515,1990
4060168250,462516,4148
4060168170,462517,1
4060168180,462518,2693
4060168070,462519,9311
4060052690,462520,5768
4060053400,462530,3513
4060052210,462540,10899
4060051150,462550,27604
4060050680,462560,14730
4060050300,462611,17408
4060284600,462612,74068
4060284370,462613,24153
4060282860,462614,42796
4060282630,462615,38217
4060312760,462616,92338
4060312480,462617,15452
4060334680,462618,166975
4060334560,462619,1685585
4060050570,462620,278011
4060051190,462630,38465
4060056290,462640,2365
4060050350,462641,5
4060313080,462642,8416
4060313090,462643,3227
4060312740,462644,96888
4060313100,462645,1591
4060313820,462646,2501
4060313670,462647,806
4060311840,462648,265243
4060311730,462649,400760
4060051590,462650,21950
4060050860,462660,18093
4060052560,462670,13904
4060050660,462680,27739
4060050330,463001,3729
4060230700,463002,62430
4060230710,463003,2624
4060230950,463004,18895
4060227430,463005,209
4060225400,463006,8325
4060225410,463007,222830
4060220430,463008,112458
4060220170,463009,289291
4060050230,463100,1331
4060051280,463200,37834
4060223160,463210,15265
4060214350,463220,42474
4060214510,463230,30773
4060213020,463240,34207
4060212930,463250,34863
4060219380,463260,268167
4060219180,463271,971
4060218020,463272,4339
4060218170,463273,8559
4060221100,463274,9626
4060221000,463275,9
4060222720,463276,13456
4060222550,463277,0
4060222560,463278,32349
4060222430,463279,8320
4060214010,463280,50703
4060214180,463290,37180
4060223260,463300,283
4060225090,463400,20372
4060225300,463500,4359
4060234270,463601,0
4060235130,463602,7486
4060235330,463603,103
4060238970,463604,3680
4060239210,463605,576
4060256670,463606,109878
4060256300,463607,49
4060256680,463608,1672
4060256830,463609,45791
4060234430,463700,103666
4060298640,463800,235541
4060298550,463910,2288993
4060317280,463920,224020
4060317010,463930,265111
4060313840,463940,59148
4060313680,463950,1551103
4060325660,463960,175160
4060325880,463970,200766
4060326920,463980,294890
4060327070,463990,370144
4060055200,471100,2688
4060050340,471101,16715
4060273730,471102,441314
4060273860,471103,1340
4060276820,471104,19473
4060276640,471105,11863
4060271590,471106,64594
4060271400,471107,6783
4060270680,471108,212854
4060270860,471109,431286
4060052310,471200,0
4060050290,471201,47
4060242010,471202,54236
4060242150,471203,777
4060247920,471204,291348
4060248080,471205,190869
4060255940,471206,1134750
4060255950,471207,269851
4060280510,471208,154104
4060280360,471209,4004363
4060050590,471301,1018370
4060052100,471302,5588
4060052150,471303,3290
4060050870,471304,206638
4060051390,471305,70338
4060050650,471306,32302
4060051180,471307,5194
4060051610,471401,67700
4060053580,471402,1566
4060050740,471403,7462
4060057460,471404,553
4060051290,471405,2596
4060054410,471406,115
4060051070,471501,3946
4060055420,471502,3237
4060052470,471503,12445
4060052230,471504,4446
4060050580,471505,8268
4060055720,471506,136
4060050440,471601,10965
4060053390,471602,2974
4060051580,472011,7146
4060052770,472012,1370
4060050430,472013,16492
4060053890,472014,717
4060051060,472015,4364
4060050820,472020,45527
4060051090,472030,4956
4060051130,472040,2136
4060051240,472051,691
4060056460,472052,207
4060050630,472053,3223
4060066100,472054,28
4060051310,472055,876
4060064720,472056,77
4060050530,472061,7459
4060052110,472062,1334
4060052860,472063,622
4060055350,472064,284
4060058720,472065,170
4060050790,473100,4825
4060051800,473201,345
4060050930,473202,2621
4060050640,473203,5289
4060052320,473204,146
4060050480,473205,5568
4060055130,473206,106
4060061040,473207,0
4060055620,473208,384
4060052450,473209,1803
4060050700,473300,432310
4060050320,473401,1853
4060369450,473402,3693
4060369740,473403,862
4060419320,473404,3962
4060419640,473405,11258
4060445400,473406,560296
4060445600,473407,407170
4060486210,473408,391735
4060486310,473409,375386
4060050920,473501,4873
4060050370,473502,11513
4060052600,473503,12579
4060052670,473504,2023
4060051350,473505,11151
4060051980,473506,1410
4060052190,473601,403
4060050380,473602,15659
4060057450,473603,1747
4060051100,473700,4188
4060050390,474011,59424
4060051640,474012,7111
4060055080,474013,1965
4060051770,474014,18229
4060052060,474020,9253
4060051430,474030,9418
4060053110,474041,1262
4060052420,474042,1000
4060053620,474043,6073
4060053130,474044,4477
4060055370,474045,796
4060052200,474046,2588
4060055220,474047,9568
4060052500,474050,15254
4060064770,475100,45
4060050450,475101,0
4060378180,475102,4468
4060378020,475103,108
4060378190,475104,1620
4060377860,475105,2
4060377870,475106,1569
4060377780,475107,3151
4060370150,475108,1075
4060370290,475109,4086
4060050520,475201,21426
4060051960,475202,5830
4060052220,475203,1828
4060051170,475204,2559
4060050800,475205,19333
4060058290,475206,5323
4060055450,475207,779
4060053310,475208,912
4060059170,475209,462
4060052730,475301,2411
4060051210,475302,12644
4060051840,475303,2246
4060053680,475304,4022
4060053140,475305,2120
4060051330,475306,4377
4060051650,475307,2678
4060055760,475308,2496
4060052720,475309,4791
4060054500,475401,2126
4060052130,475402,23443
4060052140,475403,894
4060053740,475404,799
4060050840,475405,143337
4060053200,475406,6933
4060053940,475407,623
4060050830,475408,179694
4060056350,475409,425
4060053900,475501,1492
4060057010,475502,1424
4060052380,475503,127631
4060055870,475504,4410
4060050900,475505,13057
4060064390,475506,1468
4060064420,475507,1029
4060058270,475508,894
4060056230,475509,7670
4060050940,475601,158941
4060051620,475602,40024
4060052260,475603,38432
4060052030,475604,113361
4060054610,475605,12063
4060057310,475606,24503
4060054990,475607,14095
4060051000,475608,16616
4060057240,475609,19124
4060053210,481011,22988
4060050410,481012,672743
4060050750,481013,21712
4060053930,481014,0
4060050880,481021,35685
4060061140,481022,0
4060052630,481023,9262
4060054030,481024,14983
4060052080,481025,0
4060050560,481026,512881
4060050620,481027,14081
4060050890,481028,7669
4060056640,481029,6
4060050280,482011,3078
4060444460,482012,1308
4060444220,482013,973
4060442160,482014,13362
4060441890,482015,12018
4060437450,482016,243708
4060437270,482017,76190
4060434650,482018,73601
4060435200,482019,22056
4060051820,482020,0
4060051910,482030,0
4060062830,482040,0
4060051260,482100,5843
4060050210,482101,0
4060449810,482102,1999
4060449800,482104,585
4060051660,482200,6974
4060449660,482201,147340
4060398730,482202,48296
4060398440,482203,4735
4060396590,482204,80662
4060396600,482205,615946
4060387890,482206,11344
4060387690,482207,324528
4060378670,482208,46912
4060378910,482209,33957
4060449990,482310,7363
4060476110,482320,27497
4060475930,482330,12
4060475170,482341,1573
4060474410,482342,1499
4060474830,482343,11231
4060501850,482344,15861
4060502020,482345,42421
4060528470,482346,58
4060528370,482347,455
4060542530,482348,0
4060542660,482349,0
4060475000,482350,5087
4060452880,482360,428
4060452670,482370,10396
4060416010,482381,83540
4060404830,482382,112998
4060404990,482383,213946
4060400630,482384,165744
4060400800,482385,87585
4060392930,482386,18433
4060393330,482387,150018
4060394210,482388,14525
4060394520,482389,72481
4060416000,482390,1466
4060052610,482400,157
4060416430,482410,43
4060427020,482420,53
4060427010,482430,1140
4060055910,482440,0
4060442120,482441,0
4060443530,482442,50332
4060443240,482443,0
4060468730,482444,1172
4060468520,482445,0
4060484110,482446,6521
4060484100,482447,1082
4060505620,482448,2423
4060505610,482449,1487
4060441830,482450,0
4060440700,482460,42595
4060440840,482470,0
4060439980,482480,7546
4060056630,482490,658
4060440300,482491,0
4060441630,482492,395
4060441260,482493,0
4060445550,482494,2
4060445320,482495,31
4060492500,482496,301
4060492490,482497,17205
4060536470,482498,60970
4060536590,482499,211992
4060416190,482501,1583
4060414870,482502,11503
4060414700,482503,143029
4060415850,482504,287977
4060415990,482505,150156
4060436140,482506,1061
4060435750,482507,4869
4060436800,482508,121730
4060437230,482509,2098
4060051120,482600,3780
4060438130,482610,25829
4060505600,482620,295772
4060505750,482630,7620
4060508980,482640,42357
4060509080,482650,3572
4060510850,482660,272694
4060510750,482670,24911
4060515600,482680,619106
4060515470,482690,327248
4060051300,482700,20449
4060438030,482701,2577
4060438520,482702,1043762
4060438720,482703,174
4060439810,482704,400
4060439670,482705,274832
4060441570,482706,127767
4060442090,482707,10803
4060458130,482708,2279
4060458030,482709,24524
4060462690,482801,196169
4060464220,482802,296787
4060464480,482803,147
4060465510,482804,1422492
4060465600,482805,564836
4060487530,482806,50928
4060487390,482807,87834
4060487510,482808,337307
4060487520,482809,451163
4060462930,482910,2572
4060469570,482920,199298
4060469310,482930,4840
4060469680,482940,496335
4060469430,482950,237552
4060492120,482960,566330
4060492110,482970,764494
4060523580,482980,41609
4060523690,482990,22840
4060050770,483011,0
4060061060,483012,0
4060051790,483013,0
4060050510,483014,86
4060057150,483015,5
4060050500,483016,10727
4060062620,483017,864
4060051710,483018,122
4060057790,483019,6
4060050420,483021,5570
4060051250,483022,276
4060052300,483023,24673
4060054560,483024,8721
4060052900,483025,1094
4060054080,483031,300
4060051700,483032,785
4060050760,483033,3875
4060054310,483034,1790
4060050600,483035,7305
4060050720,483040,164368
4060050270,483051,0
4060549440,483052,104085
4060549450,483053,212671
4060559970,483054,5983
4060559760,483055,1
4060559100,483056,22019
4060559110,483057,8848
4060573250,483058,28640
4060573460,483059,55599
4060050810,491101,7250
4060051480,491102,4305
4060052780,491103,3268
4060052660,491104,3350
4060052680,491105,1088
4060051950,491106,515
4060052000,491107,993
4060051080,491108,275
4060052640,491201,3082
4060051780,491202,929
4060054060,491203,0
4060051320,491204,2241
4060054250,491205,1854
4060054570,491206,667
4060053050,491207,1472
4060051270,491208,471
4060052990,491209,1009
4060053650,491301,1636
4060051360,491302,5327
4060051510,491303,4468
4060050780,491304,13119
4060052960,491305,2553
4060054270,491401,928
4060050670,491402,6326
4060052340,491403,6108
4060053250,491404,3659
4060056500,491405,389
4060050610,491406,17211
4060051040,491407,7790
4060051220,491501,7473
4060050710,491502,17254
4060050470,491503,28054
4060057980,491504,828
4060053240,491505,6024
4060052490,491506,6173
4060050910,491601,14209
4060061380,491602,262
4060051810,491603,9881
4060052510,491604,13558
4060055770,491605,14335
4060055030,491606,5083
4060052400,491607,5886
4060052410,491701,3398
4060053530,491702,2360
4060051970,491703,3681
4060054460,491704,1525
4060052910,491705,53
4060052590,491706,189
4060052330,491707,492
4060052350,491708,23
4060050950,491709,327
4060051760,492010,0
4060052370,492020,133
4060051630,492031,0
4060053950,492032,0
4060054650,492033,0
4060050980,492034,0
4060055590,492035,0
4060055160,492036,0
4060054350,492037,0
4060056650,492038,0
4060054140,492039,0
4060052440,492041,0
4060052050,492042,0
4060052240,492043,0
4060052250,492044,0
4060053670,492045,0
4060052520,492046,0
4060051740,492047,0
4060052120,492050,0
4060051160,492060,0
4060051340,492070,0
5060000010,511111,1434219
5060000770,511112,151672
5060000780,511113,384766
5060001020,511114,211445
5060001030,511115,2080879
5060001430,511116,362987
5060001440,511117,29985
5060001490,511118,157347
5060001500,511119,388089
5060001700,511120,525331
5060001710,511130,992848
5060001960,511140,942209
5060001970,511151,422037
5060002210,511152,76837
5060002220,511153,2798918
5060002940,511154,317142
5060002950,511155,404581
5060003070,511156,303272
5060003080,511157,574680
5060003170,511158,943063
5060003180,511159,7248831
5060003520,511160,654340
5060003530,511170,1079272
5060003610,511180,856665
5060003620,511190,290246
5060003690,511200,1751590
5060006460,511300,388650
5060003700,511301,665357
5060003960,511302,64363
5060003970,511303,8848
5060003980,511304,163104
5060003990,511305,2825
5060004000,511306,2020408
5060004010,511307,173570
5060004170,511308,57618
5060004180,511309,27470
5060004220,511400,1806636
5060004230,511501,326405
5060004470,511502,211481
5060004480,511503,22024
5060004510,511504,2043714
5060004520,511505,118814
5060004610,511506,226158
5060004620,511507,12086
5060004650,511508,281232
5060004660,511509,224112
5060004800,511601,1064799
5060164150,511602,803528
5060164140,511603,65896
5060163830,511604,203952
5060163740,511605,85117
5060162420,511606,435151
5060162330,511607,630026
5060159930,511608,216319
5060159940,511609,65784
5060004810,511700,1288098
5060005140,511801,413248
5060176530,511802,2451915
5060176520,511803,953287
5060176640,511804,858959
5060176600,511805,134004
5060175940,511806,137415
5060176040,511807,111108
5060172980,511808,284589
5060173030,511809,1314049
5060005150,511901,694271
5060005470,511902,386255
5060005480,511903,7108
5060005500,511904,1386285
5060005510,511905,17388
5060005530,511906,2330572
5060005540,511907,512707
5060005650,511908,2300092
5060005660,511909,1734103
5060005830,512000,1070342
5060006690,513000,2670081
5060006900,514000,1657424
5060007690,515011,19499274
5060008500,515012,2909753
5060008510,515013,49725199
5060009500,515014,13834913
5060009510,515015,30853317
5060010700,515016,12117401
5060010710,515017,5754830
5060010810,515018,11608831
5060010820,515019,5163960
5060011560,515020,4759510
5060011790,515030,122726
5060011290,515040,3585397
5060011510,515050,88322
5060011520,515060,339060
5060011270,515070,52784
5060011280,515080,243049
5060011800,516001,3698908
5060012090,516002,1551910
5060012690,516003,2358554
5060013340,516004,217994
5060013460,516005,872461
5060014000,516006,89649
5060031190,516007,4691
5060014020,517001,147494
5060014050,517002,3470499
5060015350,517003,25886
5060015450,517004,121307
5060015150,517005,57489
5060015300,517006,7842
5060015290,517007,14
5060015660,521100,3299370
5060015820,521201,16958
5060176860,521202,286907
5060176870,521203,514261
5060157870,521204,48214
5060157860,521205,45207
5060155060,521206,15296
5060155090,521207,26425
5060151510,521208,46107
5060151520,521209,38834
5060015830,521310,4082
5060015870,521320,472344
5060015880,521330,86792
5060016040,521340,179368
5060016050,521350,6060
5060016080,521360,393883
5060016090,521370,385201
5060016380,521380,314039
5060016390,521391,29674
5060016440,521392,115411
5060016450,521393,160778
5060016640,521394,198605
5060016650,521395,36607
5060016750,521396,57273
5060016760,521397,11344
5060016790,521398,58536
5060016800,521399,354813
5060017030,521401,391776
5060149390,521402,190002
5060149420,521403,302890
5060149720,521404,378669
5060149690,521405,12057
5060147370,521406,81568
5060147330,521407,26640
5060144770,521408,30119
5060144800,521409,216163
5060017040,521501,12751
5060017060,521502,1048680
5060017070,521503,814033
5060017340,521504,615542
5060017350,521505,1198498
5060017590,521506,108917
5060017600,521507,46159
5060017680,521508,79132
5060017690,521509,226950
5060017820,521601,134470
5060133850,521602,36549
5060133900,521603,23221
5060134730,521604,17684
5060134680,521605,4225
5060134630,521606,44267
5060134470,521607,31821
5060130700,521608,7789
5060130720,521609,20756
5060017830,521710,844956
5060018260,521720,126250
5060018270,521731,446826
5060018340,521732,45456
5060018350,521733,109646
5060018510,521734,398836
5060018520,521735,1752271
5060019030,521736,83372
5060019040,521737,16945
5060019100,521738,129042
5060019110,521739,552061
5060019300,521740,271173
5060019310,521751,31912
5060019380,521752,149137
5060019390,521753,731041
5060019860,521754,121331
5060019870,521755,142898
5060019990,521756,45034
5060020000,521757,18264
5060020060,521758,124597
5060020070,521759,9988
5060020110,521760,108978
5060020120,521770,379093
5060020270,521780,162828
5060020280,521791,52913
5060020460,521792,188405
5060020470,521793,80839
5060020740,521794,31387
5060020750,521795,20906
5060020860,521796,61107
5060020870,521797,23068
5060020980,521798,51262
5060020990,521799,401368
5060021180,521801,1212517
5060151720,521802,305259
5060151830,521803,5335
5060152300,521804,303326
5060152390,521805,134107
5060153270,521806,45404
5060153210,521807,62427
5060142210,521808,22973
5060142200,521809,52217
5060022050,521900,96021
5060021190,521901,955707
5060021440,521902,126074
5060021450,521903,36285
5060021550,521904,130078
5060021560,521905,143339
5060021680,521906,68098
5060021690,521907,294464
5060021900,521908,157719
5060021910,521909,350393
5060022200,522000,129455
5060022430,523000,0
5060031050,524000,35951
5060023260,524010,827339
5060037260,524020,281
5060023450,524021,3368346
5060024070,524022,593989
5060024080,524023,3003938
5060024400,524024,1750381
5060024410,524025,2641643
5060024990,524026,651281
5060025000,524027,5385727
5060025710,524028,5169776
5060025720,524029,2265581
5060022500,524030,1405119
5060027190,524041,1311572
5060027310,524042,101173
5060027320,524043,5133890
5060027490,524044,4482871
5060027930,524045,159186
5060027940,524046,205859
5060027960,524047,4688373
5060026110,524050,5924230
5060028320,524060,2087881
5060030950,524070,292558
5060031010,524080,94656
5060028890,524091,31798908
5060029400,524092,5948219
5060029410,524093,2601240
5060029740,524094,2858535
5060029750,524095,3098963
5060029980,524096,474528
5060029990,524097,1212619
5060030230,524098,4107682
5060030240,524099,5391173
5060031240,525011,4171707
5060031620,525012,851930
5060031630,525013,1659608
5060031990,525014,412431
5060032000,525015,6860881
5060034780,525016,469489
5060034790,525017,2748622
5060035930,525018,1230271
5060035940,525019,1298615
5060036230,525020,139793
5060036300,525030,1010296
5060036740,525040,83436
5060036790,525050,205842
5060036920,525060,225927
5060037100,525070,31230
5060037150,525080,278547
5060039910,525090,2846
5060022170,526000,38792
5060040360,531101,107026
5060040770,531102,37793
5060040780,531103,216294
5060040820,531104,240330
5060040830,531105,94132
5060041010,531106,143415
5060041020,531107,19683
5060041160,531108,47402
5060041170,531109,1953
5060099910,531200,18183
5060041230,531201,2211
5060209030,531202,134917
5060209020,531203,58026
5060205820,531204,409567
5060205830,531205,39254
5060204390,531206,319008
5060204420,531207,116139
5060203850,531208,346855
5060203800,531209,936330
5060049670,531300,2066
5060041240,531301,7089
5060041390,531302,611564
5060041400,531303,5248
5060041490,531304,16891
5060041500,531305,17703
5060041620,531306,14418
5060041630,531307,130
5060041650,531308,14863
5060041660,531309,4182
5060041870,531401,16117
5060213070,531402,77000
5060213020,531403,1812
5060210960,531404,11440
5060211010,531405,17922
5060203610,531406,38723
5060203580,531407,134048
5060196490,531408,8259
5060196500,531409,373595
5060049750,531500,114664
5060041880,531510,74752
5060042540,531520,54089
5060042550,531530,214225
5060042830,531540,156359
5060042840,531550,31263
5060043020,531560,73797
5060043030,531570,77272
5060043310,531580,708903
5060043320,531591,80192
5060043470,531592,166915
5060043480,531593,1886511
5060045200,531594,50370
5060045210,531595,51843
5060045250,531596,84360
5060045260,531597,1357269
5060046440,531598,50152
5060046450,531599,26899
5060046910,531601,7173
5060175690,531602,602781
5060175700,531603,529590
5060183130,531604,547928
5060183140,531605,73736
5060185020,531606,126547
5060185030,531607,44509
5060180930,531608,36219
5060180920,531609,68501
5060050820,531700,2273
5060046920,531701,919
5060046960,531702,6181
5060046970,531703,27329
5060047220,531704,17156
5060047230,531705,200102
5060047370,531706,281311
5060047380,531707,12588
5060047390,531708,34401
5060047400,531709,139197
5060047720,531801,15067
5060188180,531802,45990
5060188190,531803,48632
5060189040,531804,594355
5060189030,531805,62743
5060189930,531806,46525
5060189920,531807,353583
5060186890,531808,23759
5060187030,531809,72618
5060047730,531901,2201
5060047760,531902,401703
5060047770,531903,631921
5060048610,531904,258844
5060048620,531905,74416
5060048810,531906,50329
5060048820,531907,142992
5060049190,531908,53930
5060049200,531909,113052
5060037270,532001,239881
5060037610,532002,794798
5060038380,532003,629714
5060038460,532004,4183
5060038480,532005,125579
5060038550,532006,113744
5060038440,532007,1027
5060038450,532008,32
5060038430,532009,40
5060038940,533000,1389617
5060040040,534000,49729
5060050310,535000,336142
5060050850,536001,5688
5060050860,536002,22840
5060050910,536003,621673
5060052480,536004,587
5060052710,536005,181957
5060053080,536006,14480
5060052680,536007,10756
5060052550,536008,52970
5060052500,536009,1236
5060053180,537001,298749
5060053800,537002,35127
5060054140,537003,86831
5060053940,537004,33733
5060054360,537005,265283
5060054130,537006,148928
5060054870,537007,51859
5060081360,537008,3833
5060053140,537009,1703
5060050550,538000,202999
5060054880,541000,118434
5060055000,542000,0
5060055010,543000,204610
5060055130,544000,53
5060055420,545000,148607
5060055870,551000,10942
5060081550,552000,899460
5060055950,553000,319858
5060079730,554000,291095
5060079490,555000,2011
5060079570,556000,0
5060079480,557000,342
5060087740,561001,3360
5060089780,561002,331
5060096220,561003,25
5060087910,561004,403
5060091560,561005,7
5060088970,561006,30
5060055960,561101,10316
5060056090,561102,1921
5060056100,561103,10091
5060056250,561104,24350
5060056260,561105,76240
5060056390,561106,52270
5060056400,561107,13777
5060056430,561108,104783
5060056440,561109,232673
5060089470,561200,195
5060056460,561210,982085
5060558240,561220,9278
5060558410,561230,13630
5060090760,561240,540
5060560780,561241,875
5060566740,561242,790
5060566770,561243,1287
5060573840,561244,1732
5060573760,561245,458
5060571360,561246,84
5060571460,561247,12
5060572020,561248,56
5060572130,561249,88
5060560670,561250,4886
5060546000,561260,717
5060546200,561270,730
5060543690,561280,1023
5060543700,561290,153
5060056470,561301,418490
5060056510,561302,6433
5060056520,561303,3049
5060056540,561304,355
5060056550,561305,3641
5060056580,561306,2466
5060056590,561307,882
5060056610,561308,3346
5060056620,561309,36562
5060087990,561400,297
5060056740,561410,429
5060467820,561420,62
5060467810,561430,28
5060442770,561440,17
5060442690,561450,24
5060435920,561460,35
5060436020,561470,10
5060439380,561480,110
5060439480,561490,823
5060089900,561500,160
5060056750,561501,666
5060057040,561502,16
5060057050,561503,0
5060057060,561504,35
5060057070,561505,7
5060057140,561506,6
5060057150,561507,6
5060057240,561508,6
5060057250,561509,2510
5060057320,561601,2725
5060414900,561602,73
5060415030,561603,23
5060405420,561604,4
5060405540,561605,1
5060408080,561606,125
5060408220,561607,57
5060413880,561608,14
5060414040,561609,69
5060087790,561700,142
5060057330,561701,2623
5060057540,561702,43
5060057550,561703,2
5060057560,561704,52
5060057570,561705,1
5060057580,561706,30
5060057590,561707,9
5060057620,561708,157
5060057630,561709,38
5060057710,561801,142
5060360220,561802,137
5060360140,561803,53
5060358030,561804,294
5060358230,561805,40
5060361690,561806,3433
5060361850,561807,1885
5060381340,561808,705
5060381480,561809,382
5060077010,561900,9
5060057720,561910,863
5060057900,561920,728
5060057910,561930,162
5060057970,561941,1321
5060353070,561942,723
5060352950,561943,124
5060355840,561944,619
5060355710,561945,570
5060361870,561946,578
5060362010,561947,135
5060375510,561948,9
5060375500,561949,5891
5060057980,561950,22969
5060058410,561960,648
5060058420,561970,13969
5060058580,561981,120
5060309740,561982,142
5060309680,561983,215
5060313040,561984,349
5060313050,561985,83
5060317080,561986,295
5060316990,561987,86
5060338720,561988,77
5060338800,561989,84
5060058590,561990,764
5060077040,562000,0
5060059020,562100,14361
5060059440,562201,229
5060272930,562202,39
5060272870,562203,548
5060279280,562204,47
5060279210,562205,336
5060279560,562206,884
5060279420,562207,1165
5060274020,562208,371
5060273990,562209,188
5060059450,562310,3679
5060059560,562320,152
5060059570,562331,813
5060059950,562332,66
5060059960,562333,1
5060059970,562334,23
5060059980,562335,38
5060060420,562336,10
5060060430,562337,28
5060060770,562338,495
5060060780,562339,2
5060060860,562340,47
5060060870,562350,72
5060061140,562360,44
5060061150,562370,931
5060061240,562381,1636
5060244490,562382,218
5060244510,562383,3485
5060253280,562384,433
5060253290,562385,31
5060258670,562386,25
5060258710,562387,26
5060266370,562388,18
5060266380,562389,1477
5060061250,562390,676
5060061660,562410,3
5060241230,562420,276
5060241060,562430,310
5060250400,562440,296
5060250410,562450,187
5060257150,562460,569
5060257160,562470,249
5060269970,562480,478
5060269980,562490,23
5060077080,562500,2549
5060061670,562510,2925
5060062110,562521,13
5060228230,562522,121
5060228240,562523,734
5060232920,562524,308
5060232950,562525,42
5060234650,562526,27
5060234660,562527,66
5060234880,562528,265
5060234860,562529,8952
5060062120,562531,221
5060062200,562532,543
5060062210,562533,117814
5060062380,562534,3349
5060062390,562535,49
5060062470,562536,338
5060062480,562537,41
5060062530,562538,81
5060062540,562539,35
5060062580,562540,189
5060062590,562550,18
5060062660,562560,2431
5060062670,562571,0
5060062680,562572,12
5060062690,562573,753
5060062930,562574,68
5060062940,562575,10
5060063020,562576,128
5060063030,562577,2282
5060063110,562578,177
5060063120,562579,1391
5060063210,562580,805
5060077440,562590,2373
5060063220,562591,8848
5060063840,562592,70
5060063850,562593,13
5060063910,562594,31
5060063920,562595,0
5060063950,562596,2
5060063960,562597,488
5060064020,562598,397
5060064030,562599,10
5060064130,562601,1070
5060235690,562602,523
5060235670,562603,1
5060235230,562604,422
5060235220,562605,25
5060236300,562606,30
5060236230,562607,1387
5060238960,562608,30
5060239020,562609,40
5060064140,562710,12
5060064280,562720,111
5060064290,562730,68
5060064530,562740,1118
5060077570,562750,1122
5060064540,562751,24
5060064650,562752,31
5060064660,562753,16
5060064760,562754,274
5060064770,562755,5
5060064920,562756,24
5060064930,562757,7
5060065070,562758,16
5060065080,562759,113
5060094500,562760,2
5060065420,562761,3
5060269490,562762,232
5060269340,562763,1283
5060271540,562764,10
5060271430,562765,0
5060270760,562766,2
5060270930,562767,10
5060270750,562768,6
5060270900,562769,6
5060065430,562770,239
5060065470,562781,2
5060270120,562782,55
5060270230,562783,9
5060277520,562784,21
5060277540,562785,10
5060283610,562786,22
5060283620,562787,15
5060290240,562788,85
5060290250,562789,20719
5060065480,562790,23
5060065600,562810,7
5060277960,562820,103
5060277930,562830,0
5060279120,562841,0
5060281170,562842,59
5060281310,562843,38
5060294430,562844,157
5060294440,562845,6
5060295230,562846,14
5060295240,562847,15
5060303760,562848,826
5060303600,562849,2460
5060279190,562850,27
5060305580,562860,151
5060305550,562870,44
5060315790,562880,112
5060315930,562890,1999
5060065610,562910,11
5060065630,562921,1153
5060266340,562922,40
5060266400,562923,207
5060276180,562924,52
5060276270,562925,1
5060278680,562926,46
5060278670,562927,26
5060280940,562928,97
5060280950,562929,43
5060065640,562930,583
5060065780,562941,8
5060264000,562942,193
5060263910,562943,1
5060265720,562944,38
5060265630,562945,5
5060264950,562946,294
5060264900,562947,165
5060279670,562948,67
5060279680,562949,115
5060065790,562950,9
5060065850,562960,147
5060065860,562970,1059
5060065980,562981,7
5060240230,562982,57
5060240280,562983,6
5060247870,562984,144
5060247900,562985,23
5060251700,562986,222
5060251650,562987,19
5060252320,562988,1742
5060252420,562989,2472
5060065990,562991,677
5060066180,562992,22
5060066190,562993,1
5060066270,562994,339
5060049720,562995,15048
5060067410,562996,43
5060067420,562997,1
5060067450,562998,427
5060067460,562999,30257
5060079500,563000,1
5060067860,563100,397375
5060068450,563210,4421
5060310980,563220,2440
5060311060,563230,115
5060315040,563241,55
5060318990,563242,593
5060319070,563243,157
5060332260,563244,1871
5060332500,563245,7
5060336860,563246,627
5060336850,563247,321
5060366140,563248,140
5060366250,563249,508
5060315010,563250,10267
5060300580,563260,77
5060300480,563270,536
5060289850,563280,129
5060289740,563290,315
5060068460,563300,163384
5060069590,563410,82842
5060382770,563421,365
5060389760,563422,12042
5060389920,563423,1230
5060402980,563424,1449
5060403110,563425,2808
5060427230,563426,223
5060427220,563427,532
5060429460,563428,1013
5060429550,563429,950
5060382670,563430,812
5060365270,563440,14633
5060365400,563450,7790
5060381140,563460,2489
5060381030,563470,1584
5060378580,563480,5763
5060378670,563490,14420
5060069600,563500,66800
5060069960,563601,57673
5060427340,563602,17507
5060427330,563603,3495
5060428660,563604,13716
5060428570,563605,2
5060428460,563606,3410
5060428560,563607,95
5060430730,563608,133
5060430620,563609,280
5060069970,563701,84957
5060070100,563702,88132
5060070110,563703,786228
5060070390,563704,1118702
5060070400,563705,185947
5060070440,563706,308546
5060070450,563707,613354
5060070670,563708,107860
5060070680,563709,3457
5060070700,563800,59119
5060088130,563900,16257
5060070710,563911,95312
5060070900,563912,49941
5060070910,563913,5116
5060070930,563914,40709
5060070940,563915,35681
5060070980,563916,37808
5060070990,563917,41615
5060071100,563918,3737
5060071110,563919,43868
5060071130,563920,258913
5060071140,563930,577521
5060071270,563940,844907
5060071280,563950,3754113
5060071980,563960,13201
5060071990,563971,35739
5060072180,563972,133959
5060072190,563973,1596852
5060072670,563974,1979966
5060072680,563975,614406
5060072810,563976,216117
5060072820,563977,35193
5060072960,563978,45234
5060072970,563979,53863
5060073130,563980,21239
5060073140,563990,53389
5060087630,564001,689
5060090000,564002,39
5060088710,564100,3236
5060073410,564101,32056
5060590130,564102,1426
5060590140,564103,421
5060590200,564104,830
5060590270,564105,29256
5060591330,564106,119
5060591290,564107,119
5060590920,564108,18798
5060590940,564109,175
5060092640,564200,4990
5060088270,564201,31901
5060093420,564202,982
5060090020,564203,2755
5060089870,564204,738
5060089460,564205,5885
5060091500,564206,865
5060089650,564207,2632
5060089170,564208,4602
5060092870,564209,1438
5060591050,564210,51849
5060087890,564220,1295
5060595240,564221,25
5060594120,564222,14
5060594090,564223,16
5060593120,564224,9
5060593100,564225,19
5060590970,564226,9
5060591060,564227,10
5060590520,564228,155
5060590560,564229,69
5060595260,564230,73
5060595640,564241,67
5060596500,564242,27551
5060596490,564243,11500
5060599470,564244,151263
5060599480,564245,82705
5060603790,564246,118208
5060603740,564247,42942
5060603260,564248,38986
5060603240,564249,119721
5060595630,564250,1465
5060090520,564260,550
5060593360,564261,68
5060591770,564262,37062
5060591690,564263,1598
5060581630,564264,318
5060581690,564265,1670
5060579910,564266,25455
5060579800,564267,2860
5060579820,564268,13287
5060579920,564269,44811
5060593410,564270,93386
5060597480,564280,9563
5060597410,564290,434944
5060088110,564300,4419
5060591010,564301,1703
5060571570,564302,53
5060571560,564303,1300
5060550830,564304,68
5060550820,564305,13
5060543270,564306,18
5060543490,564307,26
5060537810,564308,24
5060537670,564309,32
5060533380,564401,1316
5060472380,564402,89
5060472390,564403,30
5060452200,564404,276
5060452190,564405,2
5060449580,564406,322
5060449590,564407,3365
5060437270,564408,96
5060437200,564409,524
5060533450,564500,2597
5060524870,564610,0
5060525070,564621,408
5060549530,564622,1641
5060549590,564623,2104
5060557920,564624,144
5060557930,564625,197
5060560100,564626,155
5060560180,564627,48
5060562660,564628,658
5060562670,564629,3071
5060524970,564630,2453
5060528460,564641,8
5060529700,564642,13305
5060529860,564643,4
5060531190,564644,1124
5060531180,564645,8953
5060567600,564646,5096
5060567680,564647,60148
5060574810,564648,19994
5060574980,564649,73325
5060528230,564650,2868
5060525860,564661,1700
5060526450,564662,431
5060526550,564663,12885
5060539390,564664,2035
5060539400,564665,7123
5060544500,564666,10982
5060544430,564667,303
5060543720,564668,50608
5060543670,564669,6006
5060525750,564670,24908
5060510880,564680,1508
5060510890,564691,19
5060508000,564692,2048
5060507710,564693,830
5060494810,564694,2467
5060494910,564695,6689
5060496730,564696,21444
5060496620,564697,148
5060495930,564698,1640
5060496270,564699,17488
5060524780,564700,783
5060511420,564801,5
5060509220,564802,121
5060509230,564803,5
5060506250,564804,224
5060506360,564805,49
5060495910,564806,71
5060495920,564807,59
5060468290,564808,26
5060468300,564809,204
5060511570,564901,20
5060504320,564902,364
5060504490,564903,3034
5060478340,564904,1816
5060478350,564905,571
5060463150,564906,8030
5060463410,564907,1425
5060461170,564908,2652
5060461480,564909,180752
5060087760,565011,0
5060549890,565012,898
5060550110,565013,1
5060550120,565014,29
5060549900,565016,8
5060553930,565017,0
5060555320,565018,322
5060555420,565019,2901
5060088300,565021,36
5060090090,565022,20
5060094030,565023,6
5060095220,565024,279
5060093700,565025,4676
5060089710,565026,24
5060093770,565030,2
5060087980,565031,120
5060092540,565032,1035
5060091060,565033,312
5060088910,565034,26
5060090570,565035,31
5060090790,565036,18
5060090580,565037,24
5060091900,565038,2
5060092630,565039,70
5060073420,565100,1339002
5060074320,565200,11802
5060089730,565301,36
5060092950,565302,323
5060090980,565303,9
5060088900,565304,3
5060090230,565305,2
5060093220,565306,0
5060091870,565307,1
5060090030,565308,1
5060088240,565309,2
5060074330,565310,23627
5060074440,565320,5446
5060074450,565330,24140
5060074640,565340,301
5060074650,565350,1479
5060074720,565360,866
5060089340,565370,2617
5060074730,565371,19993
5060075040,565372,181
5060075050,565373,160
5060075080,565374,649
5060075090,565375,755
5060075100,565376,182
5060075110,565377,526
5060075220,565378,101
5060075230,565379,2806
5060075380,565380,6
5060075390,565390,15
5060075460,565400,12
5060089230,565500,42
5060089250,565501,39
5060090380,565502,13
5060088720,565503,24
5060089300,565504,34
5060089070,565505,45
5060088610,565506,25
5060091670,565507,7
5060088220,565508,40
5060088760,565509,58
5060075470,565510,13
5060075500,565520,28
5060075510,565530,25
5060075580,565540,7
5060075590,565550,1
5060075600,565560,5
5060075610,565570,153
5060076320,565580,49
5060076330,565590,518
5060076520,565600,3885
5060076530,565700,11086
5060076880,565800,1886
5060076890,565900,32891
5060089290,566001,58
5060089060,566002,125
5060089620,566003,216
5060088600,566004,813
5060089000,566005,2736
5060089240,566006,48
5060089930,566007,27
5060088370,566008,81
5060088850,566100,297
5060092410,566210,5
5060093230,566220,1
5060087810,566221,2
5060503640,566222,1
5060503650,566223,6
5060487680,566224,1
5060487520,566225,10
5060478760,566226,9
5060478750,566227,0
5060476450,566228,52
5060476440,566229,305
5060090170,566230,4
5060088470,566240,8
5060090510,566250,2
5060097170,566260,1
5060088930,566270,1
5060088340,566280,814
5060087900,566290,134
5060091430,566301,2
5060090640,566302,2
5060090500,566303,74
5060089560,566304,2
5060088010,566305,4
5060092980,566306,0
5060089260,566307,15
5060087830,566401,210
5060096380,566402,1
5060090130,566403,44
5060089600,566404,5
5060088530,566405,156
5060094810,566501,2
5060088750,566502,7
5060091370,566503,3
5060090400,566504,8
5060092320,566505,2
5060088780,566506,5
5060087710,566507,367
5060091820,566508,9
5060088650,566601,22
5060089840,566602,222
5060090910,566603,11
5060089580,566604,7
5060090280,566605,6
5060088380,566606,493
5060088570,566607,16
5060087950,566710,77
5060088330,566720,9
5060088120,566730,24
5060088440,566740,54
5060088290,566750,26
5060094540,566760,3
5060087800,566761,3
5060439600,566762,35
5060439690,566763,18
5060439820,566764,22
5060762990,566765,1
5060447180,566766,8
5060447090,566767,7
5060448260,566768,14
5060448380,566769,23
5060088630,566770,88
5060088870,566810,40
5060088350,566820,25
5060091480,566830,6
5060088050,566840,280
5060088160,566850,795
5060088640,566860,153
5060088090,566870,958
5060088450,566880,111
5060088150,566890,426
5060088840,566900,18
5060090270,566910,8
5060087690,566911,6
5060548550,566912,6
5060548600,566913,43
5060533600,566914,19
5060533610,566915,1105
5060499430,566916,35
5060499330,566917,156
5060487510,566918,8
5060487380,566919,30
5060092960,566920,22
5060089540,566930,31933
5060089550,566940,21
5060090710,566950,13
5060088210,566960,15
5060090220,566970,37
5060088030,566980,28
5060088250,566990,30
5060087620,567011,14
5060284030,567012,21
5060284090,567013,0
5060285280,567014,46
5060285290,567015,15
5060291030,567016,34
5060291060,567017,32
5060304820,567018,223
5060304950,567019,248
5060087720,567021,0
5060276150,567022,83
5060276080,567023,6
5060276160,567024,13
5060271210,567025,0
5060271020,567026,3
5060271030,567027,0
5060270890,567028,8
5060271040,567029,10
5060088000,567110,101
5060089020,567120,41
5060092530,567130,3
5060087670,567131,3
5060377820,567132,22
5060377610,567133,7
5060377620,567134,111
5060373470,567135,0
5060375390,567136,12
5060375380,567137,1
5060376620,567138,10
5060376900,567139,55
5060090540,567140,14
5060089830,567150,11
5060088320,567160,42
5060092880,567170,10
5060088420,567180,49
5060088950,567190,64
5060089090,567200,26
5060088670,567210,16
5060087730,567221,0
5060356080,567222,3
5060355860,567223,14
5060356190,567224,105
5060356340,567225,0
5060357790,567226,0
5060357840,567227,0
5060364990,567228,0
5060365100,567229,6
5060088230,567230,49
5060087820,567240,77
5060089690,567250,36
5060088100,567260,46
5060087970,567270,361
5060089380,567280,17
5060087960,567290,86
5060088400,567310,40
5060091710,567320,5
5060087750,567331,7
5060292590,567332,20
5060292690,567333,27
5060298430,567334,20
5060298560,567335,0
5060299170,567336,32
5060299060,567337,17
5060300600,567338,21
5060300500,567339,27
5060088800,567340,99
5060090060,567350,27
5060088580,567360,87
5060088260,567371,49
5060088510,567372,35
5060088690,567373,31
5060089010,567374,23
5060089850,567375,14
5060095450,567376,3
5060096540,567377,2
5060099220,567378,1
5060087640,567401,1278
5060091020,567402,4
5060088890,567403,34
5060089120,567404,15
5060087870,567510,621
5060088140,567520,1373
5060087660,567531,0
5060358940,567532,216
5060358950,567533,1
5060358840,567534,21
5060359000,567536,459
5060357850,567537,0
5060356530,567538,14
5060356810,567539,234
5060087860,567540,28
5060087850,567550,40
5060092240,567560,6
5060088040,567570,29
5060088980,567580,3
5060088480,567590,9
5060089960,567601,9
5060088280,567602,165
5060088680,567603,188
5060088560,567604,12
5060088170,567605,3
5060088500,567606,8
5060087840,567701,1706
5060091610,567702,14
5060088200,567703,43
5060088080,567704,23
5060088790,567705,15
5060088060,567706,318
5060090990,567707,3
5060088550,567708,4
5060087600,567811,0
5060282340,567812,10
5060282280,567813,9
5060294720,567814,26
5060294630,567815,5
5060294960,567816,3827
5060295110,567817,555
5060340410,567818,17
5060340400,567819,59
5060089140,567820,10
5060087680,567831,12
5060292330,567832,21
5060292480,567833,2
5060297860,567834,8
5060297870,567835,7
5060310240,567836,5
5060310250,567837,16
5060324630,567838,211
5060324730,567839,213
5060089320,567840,10
5060089420,567850,9
5060087780,567901,58
5060088940,567902,364
5060088880,567903,22
5060089590,567904,33
5060087610,568001,1154
5060088310,568002,146
5060093010,568100,8
5060087590,568101,0
5060491580,568102,457
5060491570,568104,1
5060491670,568106,18
5060088590,568201,2499
5060087700,568202,344
5060088190,568203,37
5060087920,568204,44
5060089390,568205,20
5060089990,568206,60
5060089860,568207,47
5060088660,568208,97
5060088430,568210,74
5060491510,568211,0
5060487750,568212,2
5060487910,568213,40
5060472680,568214,3
5060472480,568215,2
5060470880,568216,2
5060470960,568217,10
5060472770,568218,1
5060472620,568219,1
5060472870,568220,82
5060472780,568230,44
5060455880,568240,95
5060455890,568250,32
5060434260,568260,110
5060434220,568270,18
5060418250,568281,23
5060415010,568282,37
5060414870,568283,376
5060391680,568284,1952
5060391610,568285,60
5060385200,568286,63
5060385050,568287,1413
5060378570,568288,80
5060378660,568289,97
5060089880,568290,62
5060418140,568291,47
5060397520,568292,86
5060397530,568293,125
5060384200,568294,111
5060384280,568295,3520
5060369010,568296,536
5060368940,568297,64
5060356130,568298,157
5060356140,568299,402
5060491500,568300,0
5060087930,568400,78
5060089210,568401,12
5060087880,568402,281
5060091190,568403,3
5060094380,568404,24
5060087650,568405,1629
5060091110,568406,16
5060087770,568407,26773
5060088730,568408,21
5060088180,568409,60
5060491370,568410,0
5060088390,568420,1505
5060486630,568421,0
5060482110,568422,4
5060482180,568423,9
5060482640,568424,192
5060482730,568425,5
5060482860,568426,11
5060482700,568427,5
5060485510,568428,24
5060485300,568429,17
5060486640,568430,1
5060476910,568440,16
5060477050,568450,2
5060473310,568460,6
5060473110,568470,14
5060462200,568480,68
5060462270,568490,408
5060491380,568500,47
5060089050,568600,19
5060456070,568610,48
5060431410,568620,38
5060431700,568630,6
5060092470,568640,6
5060429340,568641,0
5060430490,568642,20
5060430400,568643,6
5060420330,568644,16
5060420460,568645,2
5060424370,568646,22
5060424140,568647,15
5060416680,568648,12
5060416600,568649,51
5060429160,568650,47
5060380650,568660,47
5060380550,568670,249
5060351780,568680,1023
5060351690,568690,57
5060088460,568701,18
5060089750,568702,14
5060090160,568703,5
5060088020,568704,222
5060089610,568705,5
5060087940,568706,41
5060088740,568707,21
5060088990,568708,32
5060096990,568709,12
5060455970,568710,15
5060413200,568720,86
5060413450,568730,54
5060383700,568740,129
5060383690,568750,6
5060373660,568760,463
5060373650,568770,32
5060366980,568780,84
5060366850,568791,29
5060345640,568792,37
5060345720,568793,11
5060341100,568794,12
5060341090,568795,4
5060335620,568796,11
5060335430,568797,26
5060328550,568798,61
5060328540,568799,6
5060324520,568801,447
5060320770,568802,54
5060320610,568803,1
5060318960,568804,374
5060319040,568805,6
5060323380,568806,3
5060323250,568807,15
5060327780,568808,6
5060327710,568809,10
5060091140,568900,14
5060324690,568901,4
5060327880,568902,9
5060327800,568903,15
5060342370,568904,11
5060342260,568905,4
5060339710,568906,233
5060339580,568907,0
5060339150,568908,448
5060339370,568909,526
5060077790,569001,487055
5060077740,569002,1548
5060077660,569003,752
5060077650,569004,4
5060077640,569005,2
5060085040,571010,510734
5060085190,571020,131619
5060085200,571030,1933
5060085220,571040,14551
5060085230,571050,6307
5060085290,571060,40868
5060085300,571070,132116
5060085810,571080,341412
5060085820,571091,422569
5060085970,571092,22369
5060085980,571093,1550093
5060086740,571094,8417
5060086750,571095,72717
5060087120,571096,5378
5060087130,571097,45837
5060087240,571098,80238
5060087250,571099,23929
5060082270,572010,90714
5060082510,572020,5239
5060082520,572030,23217
5060083490,572040,7497
5060083500,572051,109789
5060083870,572052,3786
5060083880,572053,32487
5060083980,572054,144
5060083990,572055,3370
5060084070,572056,3343
5060084080,572057,22237
5060084170,572058,51911
5060084180,572059,475567
5060084670,572060,5551
5060084680,572070,147005
5060084900,572080,62029
5060084910,572090,581
5060084940,573000,382
5060087540,574000,0
5060087520,575000,0
6060000010,611001,53588
6060000200,611002,608263
6060000210,611003,22685
6060000240,611004,293907
6060000250,611005,543280
6060000450,611006,1518428
6060000460,611007,433569
6060000580,611008,360505
6060000590,611009,2561881
6060000740,612010,2904505
6060068100,612020,1367897
6060068110,612030,55127
6060070260,612041,2186
6060070330,612042,451794
6060070390,612043,115933
6060078120,612044,4613559
6060078150,612045,1393550
6060107870,612046,141717
6060107990,612047,1782802
6060122070,612048,1053333
6060122060,612049,5922732
6060070270,612050,263464
6060069430,612060,1193557
6060069460,612070,2027691
6060089660,612080,1902957
6060089740,612091,284046
6060094960,612092,207607
6060094950,612093,156531
6060102080,612094,663513
6060102120,612095,1911076
6060130930,612096,8008910
6060131030,612097,3296647
6060136040,612098,257753
6060136120,612099,1701987
6060000750,613011,8693
6060000780,613012,418757
6060000790,613013,958822
6060001110,613014,395420
6060001120,613015,763979
6060001590,613016,478490
6060001600,613017,2604457
6060001910,613018,117696
6060001920,613019,2605
6060001940,613020,1926548
6060001950,613031,1680
6060001970,613032,333879
6060001980,613033,867876
6060002270,613034,556252
6060002280,613035,1164028
6060002860,613036,102765
6060002870,613037,591873
6060003100,613038,68889
6060003110,613039,35582
6060003210,613040,1147493
6060003220,613050,7157090
6060003680,613060,497678
6060003690,613071,112293
6060003730,613072,761064
6060003740,613073,451090
6060003800,613074,58303
6060003810,613075,390633
6060004000,613076,387164
6060004010,613077,10211
6060004030,613078,385416
6060004040,613079,2750
6060004060,613080,615841
6060004070,613090,196268
6060034810,614000,3406728
6060004470,615100,314850
6060075410,615201,611203
6060093530,615202,36195
6060093540,615203,3411
6060101170,615204,24295
6060101210,615205,15004
6060123500,615206,12110
6060123510,615207,7046
6060120320,615208,11074
6060120370,615209,29651
6060075390,615310,637788
6060079390,615320,60543
6060079310,615330,39340
6060084230,615341,5638
6060089780,615342,3957
6060089790,615343,4761
6060097370,615344,6153
6060097380,615345,2670
6060102930,615346,1745
6060102920,615347,456
6060105580,615348,5754
6060105620,615349,7899
6060084190,615350,182781
6060084130,615360,27556
6060084040,615370,4714
6060084380,615380,118707
6060084460,615390,148
6060041010,615400,2283548
6060084750,615410,99032
6060080920,615420,654446
6060081020,615430,10921
6060079860,615441,13409
6060076650,615442,207407
6060076610,615443,5491
6060075000,615444,119745
6060075090,615445,5133
6060073070,615446,913570
6060073150,615447,4684
6060071120,615448,1661459
6060071160,615449,550698
6060079970,615450,2032
6060079250,615460,76592
6060079280,615470,899719
6060083060,615480,352375
6060083130,615490,936974
6060084790,615501,7698
6060086300,615502,453600
6060086370,615503,47032
6060089850,615504,30763
6060089950,615505,192
6060090230,615506,136795
6060090290,615507,12594
6060096010,615508,27721
6060096020,615509,20882
6060102250,615610,12309
6060104180,615620,201002
6060104230,615631,17665
6060111430,615632,10622
6060111530,615633,850
6060112920,615634,22312
6060113030,615635,18645
6060117110,615636,40691
6060117150,615637,93840
6060124240,615638,218121
6060124370,615639,88648
6060126730,615640,307699
6060126850,615650,1622
6060129810,615660,40882
6060129600,615670,119351
6060130490,615680,396376
6060130600,615690,3239884
6060102330,615701,143854
6060113870,615702,21202
6060113940,615703,616
6060115330,615704,7798
6060115340,615705,590
6060118140,615706,9866
6060118200,615707,49
6060120030,615708,25909
6060120040,615709,7415
6060134460,615810,864
6060136450,615821,1976
6060132240,615822,937
6060132160,615823,697
6060129500,615824,1429
6060129490,615825,921
6060118700,615826,1816
6060118710,615827,471
6060117780,615828,3417
6060117840,615829,2997
6060136480,615830,3969
6060150580,615840,2367
6060150590,615850,1534
6060154590,615860,3761
6060154700,615870,56
6060156750,615880,3455
6060156880,615890,6315
6060134450,615910,5
6060134790,615920,13175
6060134890,615930,826
6060137380,615941,5990
6060140960,615942,14696
6060140970,615943,24106
6060153610,615944,6456
6060153670,615945,11620
6060167330,615946,13444
6060167220,615947,74842
6060169680,615948,6248
6060169670,615949,7445
6060137270,615950,16265
6060143380,615960,7373
6060143540,615970,76155
6060160730,615980,218853
6060160900,615990,153293
6060004480,616101,239
6060004500,616102,67160
6060004510,616103,53914
6060004610,616104,16067
6060004620,616105,6
6060004630,616106,7723
6060004640,616107,4072
6060004720,616108,11507
6060004730,616109,42219
6060004870,616210,0
6060099010,616221,10136
6060099880,616222,11990
6060099810,616223,9610
6060094680,616224,34019
6060094760,616225,25272
6060095920,616226,22144
6060095840,616227,247
6060095580,616228,73515
6060095530,616229,46720
6060099060,616230,777
6060113570,616240,3622
6060113660,616250,917
6060121450,616260,3246
6060121460,616270,707
6060134940,616280,8809
6060134950,616290,2346
6060004880,616301,71067
6060004960,616302,92690
6060004970,616303,222880
6060004980,616304,61779
6060004990,616305,10114
6060005020,616306,6951
6060005030,616307,16574
6060005050,616308,19234
6060005060,616309,85716
6060005180,616401,4436
6060118800,616402,1068
6060118790,616403,777
6060143150,616404,718
6060143240,616405,56
6060147040,616406,511
6060146940,616407,366
6060165080,616408,86
6060165020,616409,271
6060005190,616501,5410
6060005230,616502,20336
6060005240,616503,10484
6060005320,616504,15461
6060005330,616505,1
6060005350,616506,134168
6060005360,616507,73223
6060005390,616508,293332
6060005400,616509,48063
6060005490,616601,41493
6060123160,616602,641
6060123170,616603,9384
6060128770,616604,37079
6060128760,616605,544
6060136630,616606,1453
6060136580,616607,1856
6060147310,616608,1735
6060147270,616609,1914
6060005500,616701,2316
6060005530,616702,59388
6060005540,616703,4619
6060005660,616704,4108
6060005670,616705,188100
6060005870,616706,879
6060005880,616707,249
6060005980,616708,35286
6060005990,616709,35818
6060006470,616801,835
6060185540,616802,16376
6060185670,616803,34766
6060194060,616804,2419
6060194220,616805,962
6060196170,616806,2329
6060196060,616807,31253
6060185640,616808,1929
6060185650,616809,54
6060006480,616900,1497
6060035240,621000,9267
6060006540,621001,670964
6060006700,621002,14192
6060006710,621003,4707
6060006720,621004,9737
6060006730,621005,11305
6060006780,621006,3818
6060006790,621007,5074
6060006820,621008,9993
6060006830,621009,16324
6060007000,622100,36558
6060239820,622211,31399
6060248080,622212,54341
6060248200,622213,1274
6060253040,622214,3652
6060253120,622215,32775
6060290300,622216,38660
6060290180,622217,113
6060291750,622218,105
6060291740,622219,119673
6060298170,622221,1719
6060317490,622222,40
6060317690,622223,824
6060327360,622224,461
6060327370,622225,158
6060345150,622226,14548
6060345160,622227,1633
6060444300,622228,2232
6060444310,622229,2557
6060298270,622231,1060
6060344990,622232,41
6060345060,622233,56
6060349510,622234,558
6060349880,622235,1934
6060359590,622236,51357
6060359720,622237,9879
6060374250,622238,4233
6060374260,622239,21338
6060384210,622241,86913
6060395150,622242,71800
6060395270,622243,1016
6060399120,622244,1457
6060398920,622245,101
6060404790,622246,5348
6060404900,622247,1705
6060418360,622248,9644
6060418530,622249,6693
6060384320,622251,33953
6060439360,622252,108
6060439370,622253,1203
6060471400,622254,14238
6060471240,622255,1000
6060484120,622256,1337
6060484220,622257,1602
6060503690,622258,3301
6060503800,622259,264
6060506420,622260,57405
6060506430,622270,32788
6060532340,622281,1
6060532970,622282,1670
6060532880,622283,72
6060536080,622284,13017
6060536210,622285,200
6060543840,622286,981
6060543710,622287,846
6060566840,622288,78
6060566830,622289,194
6060532350,622291,1764
6060539390,622292,6051
6060539250,622293,598
6060549400,622294,6194
6060549570,622295,1120
6060556530,622296,18497
6060556700,622297,1097
6060572100,622298,9093
6060572090,622299,3969
6060239720,622310,299
6060238630,622321,82026
6060219900,622322,411
6060220040,622323,223
6060207790,622324,144
6060207720,622325,13
6060194730,622326,26
6060194720,622327,29
6060182980,622328,52
6060182970,622329,98
6060238750,622330,1814
6060241250,622341,17429
6060213530,622342,218
6060213260,622343,336
6060198030,622344,62
6060197930,622345,141
6060188710,622346,183
6060188720,622347,192
6060171800,622348,82
6060171790,622349,51
6060241280,622351,2606
6060246380,622352,4563
6060246250,622353,866
6060246370,622354,5238
6060246450,622355,8910
6060247810,622356,9053
6060247690,622357,1640
6060250440,622358,52067
6060250530,622359,5651
6060261380,622361,542
6060267790,622362,83502
6060267740,622363,757
6060277480,622364,6157
6060277380,622365,1688
6060290960,622366,3087
6060291060,622367,1976
6060295230,622368,2644
6060295220,622369,30082
6060261280,622370,14595
6060263540,622380,89598
6060263530,622390,129418
6060262220,622411,105971
6060261920,622412,20493
6060262200,622413,23939
6060295580,622414,59312
6060295570,622415,98407
6060314540,622416,12343
6060314680,622417,4496
6060322690,622418,1703
6060322780,622419,200
6060325820,622421,4941
6060345440,622422,890
6060345450,622423,319
6060347610,622424,776
6060347900,622425,1006
6060373250,622426,2181
6060373260,622427,26100
6060410430,622428,378
6060410440,622429,1814
6060325720,622431,565
6060357280,622432,2904
6060357270,622433,465
6060368050,622434,594
6060368040,622435,1
6060368410,622436,1025
6060368400,622437,4101
6060400660,622438,709
6060400740,622439,71
6060405310,622441,340
6060408450,622442,23
6060408590,622443,253
6060450950,622444,18548
6060451030,622445,34134
6060492990,622446,179156
6060493000,622447,1295
6060501010,622448,12230
6060501000,622449,165770
6060405320,622451,122
6060410660,622452,125
6060410950,622453,28
6060434470,622454,61
6060434460,622455,67
6060449800,622456,207
6060449970,622457,652
6060455550,622458,399
6060455540,622459,1
6060457830,622460,18703
6060457840,622470,73964
6060483020,622480,111918
6060483010,622491,563
6060488410,622492,39745
6060488320,622493,4731
6060499880,622494,788
6060500010,622495,119086
6060527200,622496,125483
6060527210,622497,62803
6060540300,622498,2644
6060540290,622499,144061
6060262110,622510,74922
6060250180,622521,33051
6060246620,622522,52842
6060246540,622523,26330
6060242270,622524,9911
6060242260,622525,8533
6060230790,622526,2063
6060230730,622527,158
6060228890,622528,229
6060228900,622529,694
6060250260,622530,60825
6060266470,622541,7407
6060269920,622542,14379
6060269800,622543,61561
6060286100,622544,47202
6060286090,622545,24309
6060301850,622546,5446
6060301750,622547,11020
6060342520,622548,4916
6060342690,622549,2960
6060266340,622550,93179
6060262360,622561,25191
6060264040,622562,17776
6060264050,622563,2329
6060245720,622564,418
6060245810,622565,341
6060213770,622566,17
6060213670,622567,381
6060197920,622568,323
6060197780,622569,2951
6060262490,622570,2142
6060272340,622580,66744
6060272470,622590,87562
6060285990,622611,134
6060286190,622612,88340
6060286300,622613,139
6060287890,622614,1684
6060288020,622615,161
6060289880,622616,6592
6060289870,622617,48241
6060316140,622618,1023
6060316270,622619,13743
6060337320,622621,8703
6060366230,622622,17493
6060366220,622623,1492
6060411830,622624,99034
6060411690,622625,114
6060438650,622626,1282
6060438660,622627,420
6060470930,622628,24197
6060470810,622629,5778
6060337190,622631,3862
6060348140,622632,2289
6060348130,622633,30352
6060359950,622634,5106
6060359820,622635,7308
6060367430,622636,12328
6060367370,622637,658
6060372420,622638,2353
6060372250,622639,55252
6060425550,622641,1
6060426300,622642,38512
6060426310,622643,6161
6060453500,622644,46209
6060453350,622645,8641
6060483480,622646,75546
6060483490,622647,426984
6060525240,622648,124382
6060525230,622649,31307
6060425540,622651,3017
6060436810,622652,302714
6060436800,622653,436781
6060457710,622654,30536
6060457560,622655,7417
6060469630,622656,4823
6060469450,622657,133
6060471640,622658,77959
6060471650,622659,15100
6060491720,622661,25548
6060502630,622662,49766
6060502760,622663,1720
6060507240,622664,427021
6060507380,622665,153230
6060606870,622666,784353
6060606880,622667,27027
6060619850,622668,582390
6060619860,622669,281758
6060491730,622671,11359
6060493160,622672,4789
6060493260,622673,197
6060494500,622674,56274
6060494510,622675,42095
6060504920,622676,2722
6060504910,622677,11102
6060524030,622678,846
6060524130,622679,9478
6060532210,622681,4696
6060545290,622682,393995
6060545440,622683,14
6060546760,622684,53530
6060546770,622685,148122
6060656890,622686,25820
6060656980,622687,3225
6060664260,622688,19770
6060664330,622689,80533
6060532200,622691,9889
6060575000,622692,56580
6060575010,622693,132813
6060609300,622694,194451
6060609150,622695,8012
6060622830,622696,234463
6060622840,622697,7933
6060626480,622698,794076
6060626320,622699,4021175
6060285930,622700,215255
6060280400,622811,2181690
6060278070,622812,2517
6060278200,622813,19199
6060255010,622814,5055
6060255000,622815,2
6060254800,622816,1006
6060254550,622817,87
6060250730,622818,1005
6060250740,622819,10
6060247270,622821,2724
6060221990,622822,57
6060221890,622823,8
6060220550,622824,3184
6060220540,622825,54
6060207080,622826,35
6060207030,622827,38
6060204890,622828,5146
6060204970,622829,20058
6060247260,622830,2259
6060237120,622841,2354
6060199150,622842,1677
6060199160,622843,8
6060189870,622844,37041
6060189860,622845,38800
6060163510,622846,25607
6060163520,622847,411898
6060152610,622848,72952
6060152600,622849,27541
6060237360,622851,181
6060236640,622852,2713
6060236630,622853,142
6060235640,622854,298
6060235470,622855,1
6060234150,622856,163
6060234140,622857,78
6060228180,622858,12448
6060227920,622859,17
6060224470,622861,76
6060216980,622862,2220
6060216880,622863,138
6060199280,622864,270
6060199290,622865,2414
6060184050,622866,201
6060184180,622867,189
6060180520,622868,2235
6060180640,622869,137
6060224360,622871,802
6060215520,622872,4683
6060215600,622873,1607
6060218130,622874,1559
6060218070,622875,26511
6060216150,622876,628
6060215970,622877,835
6060212400,622878,1165
6060212280,622879,23766
6060207670,622881,310
6060199940,622882,14687
6060199950,622883,400
6060190720,622884,1296
6060190800,622885,2788
6060171210,622886,4652
6060171200,622887,2676
6060159570,622888,763
6060159560,622889,15429
6060207660,622891,578
6060204430,622892,204
6060204620,622893,159
6060206500,622894,6270
6060206300,622895,3300
6060196330,622896,15857
6060196210,622897,3123
6060187870,622898,13852
6060187970,622899,58621
6060280410,622910,203853
6060294360,622921,41892
6060360870,622922,1880
6060360960,622923,50138
6060404300,622924,24693
6060404060,622925,41016
6060445040,622926,671365
6060445030,622927,7075
6060453440,622928,47100
6060453450,622929,26878
6060294270,622931,45016
6060297370,622932,6239
6060297460,622933,5801
6060304630,622934,3123
6060304520,622935,1834
6060305980,622936,65209
6060305880,622937,1359
6060301940,622938,6934
6060302010,622939,8478
6060287830,622941,21745
6060243660,622942,5306
6060243550,622943,956
6060238550,622944,83320
6060238540,622945,14235
6060220440,622946,112243
6060220500,622947,14934
6060211140,622948,542736
6060210920,622949,156205
6060287820,622951,2093
6060286260,622952,56085
6060286170,622953,12683
6060275680,622954,8930
6060275520,622955,38
6060274870,622956,1526
6060274710,622957,1774
6060264350,622958,599
6060264340,622959,1837
6060266880,622961,20
6060267130,622962,1773
6060267240,622963,55378
6060385520,622964,108061
6060385510,622965,28765
6060389590,622966,5548
6060389300,622967,126867
6060413940,622968,34061
6060413950,622969,69836
6060266740,622971,12907
6060269510,622972,14361
6060269370,622973,19622
6060279120,622974,1041336
6060279130,622975,86074
6060314660,622976,89809
6060314490,622977,160285
6060288920,622978,692453
6060289030,622979,546678
6060315910,622981,10366
6060317770,622982,39413
6060317930,622983,46246
6060336410,622984,1988714
6060336230,622985,4910
6060331410,622986,1476493
6060331400,622987,114997
6060316360,622988,1284593
6060316520,622989,2450380
6060315920,622991,15883
6060334720,622992,24222
6060334600,622993,662945
6060445500,622994,156299
6060445660,622995,42081
6060499610,622996,1125643
6060499800,622997,858385
6060539910,622998,1042239
6060539900,622999,1832602
6060007010,623010,2283
6060007050,623020,28030
6060007060,623030,4236
6060007090,623040,29716
6060007100,623050,33703
6060007240,623060,24757
6060007250,623070,304137
6060007650,623081,12554
6060250220,623082,59093
6060250270,623083,56361
6060271810,623084,6239
6060271680,623085,1537
6060283070,623086,10234
6060282910,623087,998
6060288970,623088,27534
6060288960,623089,43612
6060007660,623090,209930
6060007950,624101,3376
6060258720,624102,32031
6060258770,624103,252183
6060299890,624104,41466
6060299900,624105,48516
6060323290,624106,7538
6060323400,624107,907
6060331250,624108,26780
6060331260,624109,47251
6060344660,624201,172231
6060345930,624202,18300
6060345840,624203,9280
6060353510,624204,56387
6060353500,624205,7637
6060352310,624206,406955
6060352300,624207,24247
6060368450,624208,5917
6060368300,624209,14202
6060344540,624300,143094
6060345000,624411,486034
6060359870,624412,17831
6060360020,624413,12798
6060366940,624414,24419
6060367030,624415,64512
6060379960,624416,5319
6060379950,624417,68055
6060390310,624418,20872
6060390420,624419,35614
6060408040,624420,34453
6060408150,624430,120847
6060451390,624441,14459
6060462200,624442,9810
6060462190,624443,9056
6060478100,624444,25096
6060477950,624445,6574
6060486490,624446,1781
6060486650,624447,356
6060498060,624448,67
6060497960,624449,2193
6060451380,624451,516562
6060509190,624452,9898
6060509200,624453,4389
6060516540,624454,41619
6060516530,624455,6207
6060522510,624456,99042
6060522650,624457,414
6060528770,624458,77639
6060528780,624459,10559
6060546360,624461,875
6060549710,624462,69766
6060550000,624463,41991
6060572820,624464,18511
6060572890,624465,32211
6060586940,624466,75218
6060587040,624467,10816
6060594380,624468,13242
6060594270,624469,35500
6060546240,624471,11356
6060563680,624472,4821
6060563830,624473,24902
6060571240,624474,740
6060571360,624475,79
6060573010,624476,2541
6060573000,624477,1645
6060579610,624478,57820
6060579600,624479,54966
6060594790,624480,272632
6060594780,624490,346479
6060345180,624511,82457
6060375350,624512,25171
6060375520,624513,31292
6060382740,624514,210762
6060382840,624515,1569
6060384900,624516,13973
6060384890,624517,18509
6060399620,624518,69263
6060399630,624519,6709
6060411440,624520,112828
6060411450,624530,87185
6060442950,624540,11120
6060443080,624550,16055
6060449170,624560,18438
6060449500,624570,5791
6060459050,624580,67226
6060458930,624590,99076
6060476800,624601,44
6060480090,624602,469
6060480100,624603,164
6060486950,624604,21594
6060486940,624605,68
6060496350,624606,46479
6060496260,624607,192
6060499430,624608,150
6060499330,624609,9033
6060476790,624701,299
6060481630,624702,10737
6060481840,624703,884
6060490160,624704,16876
6060490170,624705,4474
6060498490,624706,58664
6060498620,624707,2863
6060517810,624708,83
6060517980,624709,6583
6060527670,624801,2843
6060543860,624802,12496
6060543870,624803,9351
6060590110,624804,3463
6060590040,624805,331
6060596160,624806,30029
6060596300,624807,18248
6060599570,624808,5521
6060599670,624809,68781
6060527680,624910,152
6060551090,624920,1729
6060550960,624930,18934
6060565980,624940,83050
6060565970,624951,2441
6060583880,624952,34003
6060583870,624953,14143
6060603770,624954,65824
6060603760,624955,1193
6060615450,624956,89386
6060615600,624957,210
6060619510,624958,4007
6060619500,624959,2300
6060622990,624960,69946
6060622980,624970,23491
6060624770,624980,82837
6060624870,624990,72747
6060007960,625001,49495
6060008010,625002,57827
6060008020,625003,276686
6060008110,625004,480553
6060008120,625005,618
6060008140,625006,1326372
6060008150,625007,1927603
6060008260,625008,15879
6060008270,625009,63579
6060008320,631010,765015
6060008620,631021,74143
6060269710,631022,114222
6060269830,631023,6129
6060285480,631024,3786
6060285570,631025,1854
6060291760,631026,80411
6060291840,631027,41568
6060312090,631028,54749
6060312240,631029,124775
6060008630,631031,42180
6060008710,631032,124379
6060008720,631033,35455
6060008830,631034,214287
6060008840,631035,114592
6060009040,631036,160753
6060009050,631037,32856
6060009130,631038,85570
6060009140,631039,66049
6060009220,631041,3076
6060285490,631042,152381
6060285720,631043,187642
6060295380,631044,109489
6060295260,631045,41910
6060294830,631046,20763
6060295100,631047,24044
6060309630,631048,93916
6060309620,631049,99140
6060009230,631050,55
6060009250,631061,69756
6060293000,631062,334103
6060293010,631063,97797
6060306300,631064,105536
6060306470,631065,172149
6060329550,631066,127606
6060329540,631067,85522
6060349570,631068,24666
6060349340,631069,69660
6060009260,631070,1683597
6060009430,631081,205109
6060295390,631082,106390
6060295400,631083,115065
6060316350,631084,112659
6060316490,631085,374298
6060350950,631086,90606
6060350940,631087,80928
6060365520,631088,15504
6060365750,631089,37458
6060009440,631091,1667
6060009470,631092,386416
6060009480,631093,74367
6060009570,631094,18969
6060009580,631095,7948
6060009630,631096,81277
6060009640,631097,170
6060009650,631098,27554
6060009660,631099,96254
6060009760,632101,231100
6060279350,632102,35150
6060279200,632103,1176
6060280770,632104,622594
6060280760,632105,7712
6060283890,632106,50394
6060283990,632107,17749
6060288260,632108,38460
6060288070,632109,393169
6060334800,632201,644120
6060354460,632202,76578
6060354470,632203,3415
6060354480,632204,101891
6060354100,632205,74537
6060332890,632206,102635
6060332980,632207,105567
6060339930,632208,28322
6060339840,632209,57074
6060334790,632300,603932
6060372340,632401,10557
6060384370,632402,496730
6060384460,632403,19278
6060408900,632404,26541
6060408890,632405,13097
6060425130,632406,27646
6060425140,632407,27238
6060440120,632408,10502
6060440270,632409,110577
6060372330,632500,108187
6060389870,632601,4167
6060406790,632602,5760
6060406800,632603,27674
6060440430,632604,6977
6060440580,632605,61847
6060467880,632606,16835
6060467890,632607,823
6060477510,632608,34986
6060477660,632609,54385
6060389860,632700,64515
6060401900,632801,5192
6060404520,632802,9999
6060404390,632803,23200
6060435170,632804,1752
6060435010,632805,20912
6060460890,632806,1818
6060461030,632807,198
6060466420,632808,11426
6060466410,632809,734
6060401890,632900,186000
6060035440,633000,3273
6060009770,633010,492073
6060010100,633020,727557
6060010110,633031,84465
6060010170,633032,85682
6060010180,633033,258878
6060010250,633034,352430
6060010260,633035,4229003
6060010440,633036,318672
6060010450,633037,27233
6060010480,633038,77311
6060010490,633039,4439
6060010510,633041,298601
6060337870,633042,509961
6060338070,633043,198984
6060373400,633044,996939
6060373290,633045,211672
6060380720,633046,149108
6060380590,633047,19589
6060382080,633048,65340
6060381820,633049,129211
6060010520,633050,812779
6060010670,633061,191156
6060370930,633062,320353
6060370750,633063,71890
6060378380,633064,176329
6060378220,633065,105126
6060386850,633066,304085
6060386940,633067,71424
6060397610,633068,44625
6060397730,633069,157374
6060010680,633071,610684
6060010980,633072,701703
6060010990,633073,625091
6060011040,633074,231419
6060011050,633075,201240
6060011100,633076,250018
6060011110,633077,66792
6060011180,633078,454665
6060011190,633079,35383
6060011240,633080,1494023
6060011250,633091,2805468
6060011370,633092,1924024
6060011380,633093,2832696
6060011450,633094,713256
6060011460,633095,1047497
6060011630,633096,849639
6060011640,633097,9172
6060011650,633098,316197
6060011660,633099,499838
6060011780,634111,638396
6060480270,634112,152902
6060480480,634113,73676
6060477990,634114,412350
6060477980,634115,159330
6060471900,634116,83523
6060471890,634117,279376
6060461530,634118,286078
6060461520,634119,73180
6060450420,634120,450850
6060450410,634130,230319
6060441200,634140,368263
6060441330,634150,781714
6060466270,634160,101298
6060466150,634170,185365
6060481680,634180,165621
6060481670,634191,15395
6060484560,634192,49911
6060484570,634193,442
6060488630,634194,219411
6060488620,634195,12082
6060501730,634196,41898
6060501720,634197,547
6060502730,634198,7793
6060502850,634199,18460
6060510750,634201,39725
6060517380,634202,69563
6060517520,634203,59919
6060534110,634204,49981
6060534270,634205,135653
6060537520,634206,82038
6060537710,634207,85905
6060543390,634208,10015
6060543400,634209,7978
6060510890,634301,7013
6060523160,634302,207334
6060523150,634303,5368
6060535260,634304,6150
6060535270,634305,30839
6060548310,634306,51966
6060548460,634307,16799
6060552340,634308,23516
6060552620,634309,48352
6060562010,634401,2693
6060562730,634402,28371
6060562980,634403,47883
6060568500,634404,49687
6060568690,634405,17199
6060579770,634406,561
6060579820,634407,3
6060581990,634408,123
6060581980,634409,86
6060562020,634501,102496
6060573280,634502,21518
6060573370,634503,2130
6060576580,634504,158203
6060576570,634505,573
6060579700,634506,15903
6060579780,634507,31939
6060589150,634508,53127
6060589230,634509,9765
6060595210,634601,3458
6060599950,634602,76307
6060599940,634603,1951
6060603120,634604,177688
6060603050,634605,59437
6060622150,634606,13418
6060622250,634607,13612
6060629140,634608,12078
6060629290,634609,471819
6060595200,634701,179377
6060620930,634702,15716
6060621100,634703,2159
6060622480,634704,13318
6060622650,634705,49503
6060627060,634706,4470
6060627140,634707,6049
6060629720,634708,101349
6060629730,634709,67964
6060639910,634801,4421
6060649570,634802,5834
6060649560,634803,513
6060651710,634804,4735
6060651650,634805,19186
6060648560,634806,185619
6060648480,634807,99411
6060628060,634808,98375
6060628070,634809,2740
6060639920,634910,60499
6060649360,634920,85166
6060649500,634930,589
6060652910,634940,4814140
6060653020,634950,82756
6060670380,634960,66067
6060670510,634970,59222
6060684180,634980,1231833
6060684130,634990,1643783
6060011790,635110,1405692
6060011890,635120,377241
6060011900,635130,648122
6060012020,635141,148386
6060510410,635142,73892
6060510650,635143,151586
6060510300,635144,93464
6060510110,635145,138564
6060506130,635146,43528
6060506360,635147,72396
6060506900,635148,253992
6060507100,635149,104036
6060012030,635150,5174999
6060012280,635161,173352
6060546270,635162,685302
6060546380,635163,147099
6060548480,635164,92256
6060548820,635165,16956
6060547120,635166,79793
6060547360,635167,192886
6060548100,635168,46119
6060548090,635169,123169
6060012290,635170,390161
6060012370,635180,252705
6060012380,635190,386522
6060012580,635201,88719
6060588040,635202,127110
6060587880,635203,146409
6060581220,635204,37571
6060581120,635205,180556
6060577650,635206,7397
6060577890,635207,51530
6060583660,635208,366316
6060583770,635209,127527
6060012590,635301,14229
6060012610,635302,70610
6060012620,635303,42915
6060012630,635304,389650
6060012640,635305,22549
6060012690,635306,41211
6060012700,635307,14469
6060012760,635308,815363
6060012770,635309,183
6060012790,635401,353050
6060644080,635402,300558
6060643850,635403,8775
6060641180,635404,73647
6060641270,635405,1089
6060641880,635406,20017
6060641950,635407,7220
6060643350,635408,21785
6060643420,635409,78864
6060012800,635501,405439
6060013040,635502,91639
6060013050,635503,5712
6060013070,635504,140603
6060013080,635505,219429
6060013180,635506,343370
6060013190,635507,131050
6060013310,635508,361625
6060013320,635509,104479
6060013420,635601,565692
6060696660,635602,300816
6060696540,635603,287953
6060685080,635604,212873
6060685130,635605,401480
6060692260,635606,158468
6060692360,635607,324850
6060696860,635608,575886
6060696980,635609,747655
6060013430,635700,3085646
6060013750,635801,407973
6060737540,635802,461233
6060737700,635803,32755
6060735790,635804,293315
6060735770,635805,14674
6060736450,635806,641137
6060736580,635807,150518
6060744370,635808,792488
6060744470,635809,3943615
6060013760,635900,15433296
6060014330,641101,1899020
6060014460,641102,519205
6060014470,641103,1512528
6060014900,641104,1439193
6060014910,641105,1735465
6060015110,641106,300775
6060015120,641107,3439619
6060015530,641108,2206703
6060015540,641109,1536
6060015560,641201,114754
6060848790,641202,1378158
6060848850,641203,67140
6060849480,641204,227973
6060849520,641205,114008
6060850090,641206,17723
6060849860,641207,2495
6060848620,641208,344982
6060848590,641209,520141
6060015570,641300,404216
6060015940,641401,354414
6060873590,641402,72428
6060873600,641403,25579
6060880980,641404,64424
6060881010,641405,59733
6060886180,641406,38205
6060886210,641407,6964
6060887500,641408,41331
6060887560,641409,11996
6060015950,641501,198941
6060016020,641502,1464
6060016030,641503,1907604
6060016370,641504,395535
6060016380,641505,44889
6060016480,641506,32982
6060016490,641507,95658
6060016690,641508,25050
6060016700,641509,239
6060016720,641601,59496
6060884760,641602,1567
6060884880,641603,398
6060886070,641604,6309
6060886010,641605,2
6060886020,641606,82900
6060885980,641607,25001
6060878210,641608,174886
6060878290,641609,132798
6060016730,641700,30542
6060016760,641811,146171
6060875260,641812,12393
6060875230,641813,95136
6060867720,641814,8959
6060867780,641815,232566
6060860990,641816,6560
6060860920,641817,6623
6060859040,641818,54310
6060858960,641819,35281
6060852410,641820,75741
6060852400,641830,42
6060852180,641840,75953
6060852210,641850,150033
6060842130,641861,6049
6060841320,641862,69647
6060841230,641863,34351
6060845560,641864,66938
6060845660,641865,396
6060847080,641866,60658
6060847070,641867,27107
6060853430,641868,94085
6060853440,641869,38092
6060842120,641871,21070
6060838310,641872,40875
6060838360,641873,161639
6060824720,641874,58810
6060824590,641875,9842
6060823060,641876,342001
6060822990,641877,1198381
6060811150,641878,216369
6060811230,641879,1245420
6060818840,641880,105292
6060818720,641890,405864
6060016770,641900,193985
6060016970,642110,71392
6060893010,642120,769311
6060892920,642130,9872
6060887840,642140,347680
6060887830,642150,3678
6060887050,642160,80771
6060887140,642170,1589194
6060040570,642180,329936
6060879890,642181,1547
6060878570,642182,292994
6060878610,642183,129522
6060884280,642184,221430
6060884270,642185,24689
6060883900,642186,77465
6060883820,642187,86667
6060876090,642188,24641
6060876170,642189,20351
6060879900,642190,96362
6060870370,642210,37094
6060869680,642220,317916
6060869670,642230,499021
6060846530,642241,38995
6060833930,642242,67185
6060833870,642243,17490
6060827710,642244,40712
6060827700,642245,10340
6060825040,642246,64817
6060825100,642247,2424
6060824770,642248,17558
6060824830,642249,33138
6060846520,642250,55074
6060830430,642260,48003
6060830420,642270,36809
6060819640,642280,250738
6060819650,642291,6460
6060808330,642292,18360
6060808340,642293,249564
6060789760,642294,251854
6060789840,642295,11768
6060798510,642296,19914
6060798610,642297,35195
6060809680,642298,8391
6060809650,642299,7763
6060870380,642310,430353
6060849790,642320,184984
6060849780,642330,124622
6060837900,642340,166003
6060837910,642351,929
6060837640,642352,74436
6060837570,642353,49337
6060825950,642354,246395
6060825960,642355,147
6060825250,642356,307178
6060825300,642357,120719
6060818410,642358,246649
6060818320,642359,36324
6060816630,642360,163694
6060816640,642370,17743
6060816160,642380,91167
6060816240,642390,60255
6060040520,642400,35830
6060814820,642410,47521
6060808660,642421,26804
6060793960,642422,130803
6060793850,642423,81223
6060762840,642424,430396
6060762920,642425,57
6060763190,642426,20417
6060763120,642427,252548
6060776390,642428,516922
6060776330,642429,304093
6060808670,642431,2322
6060808430,642432,54876
6060808390,642433,23390
6060805790,642434,771836
6060805780,642435,120
6060804910,642436,57757
6060804920,642437,236486
6060796820,642438,344223
6060796830,642439,1115851
6060790150,642441,6870
6060789600,642442,34445
6060789560,642443,127359
6060722690,642444,540445
6060722770,642445,62260
6060724060,642446,179378
6060724140,642447,25832
6060739970,642448,37581
6060739900,642449,78495
6060790160,642451,2573818
6060776010,642452,437452
6060776000,642453,18015
6060771810,642454,24787
6060771820,642455,443604
6060759330,642456,20833
6060759190,642457,171263
6060725890,642458,8232
6060725820,642459,6638
6060710170,642461,1088
6060719540,642462,7674
6060719710,642463,36
6060720620,642464,1562
6060720760,642465,69
6060721430,642466,8857
6060721590,642467,4793
6060730680,642468,19619
6060730580,642469,11555
6060710030,642471,0
6060709630,642472,61345
6060709640,642473,3358
6060695370,642474,263313
6060695210,642475,148
6060692440,642476,12622
6060692380,642477,9
6060691740,642478,114699
6060691730,642479,152141
6060667090,642481,2152
6060662650,642482,37878
6060662660,642483,32040
6060647650,642484,7377
6060647640,642485,461
6060634390,642486,90313
6060634290,642487,111549
6060625240,642488,121493
6060625390,642489,116211
6060667100,642491,212
6060659900,642492,519
6060659690,642493,14
6060654810,642494,455802
6060654800,642495,1003579
6060597460,642496,3854
6060597540,642497,2241
6060601730,642498,18269
6060601680,642499,4672
6060814830,642511,92184
6060814210,642512,62928
6060814280,642513,1312578
6060798960,642514,51389
6060798890,642515,16727
6060797300,642516,64056
6060797280,642517,58423
6060793900,642518,372538
6060793910,642519,643
6060793620,642521,517110
6060793080,642522,386152
6060793090,642523,155314
6060795780,642524,209894
6060795880,642525,197566
6060801970,642526,18917
6060801920,642527,92398
6060798650,642528,442872
6060798490,642529,3455817
6060793610,642530,1585826
6060774200,642540,690295
6060774150,642550,270668
6060762870,642561,731894
6060769080,642562,112888
6060769040,642563,37389
6060772020,642564,48547
6060771970,642565,34598
6060772420,642566,98332
6060772510,642567,12777
6060774680,642568,34829
6060774750,642569,190343
6060762760,642570,6752
6060759370,642581,3611
6060753170,642582,16350
6060753180,642583,37464
6060740710,642584,72073
6060740740,642585,1991
6060741950,642586,193315
6060742020,642587,224193
6060745910,642588,77237
6060745830,642589,16769
6060759380,642590,70511
6060752470,642610,1206087
6060755240,642620,1780175
6060755160,642630,49187
6060757580,642640,275682
6060757590,642650,159129
6060757070,642660,326381
6060757160,642670,103859
6060760600,642680,242962
6060760520,642690,689973
6060752460,642710,255611
6060738860,642721,21757
6060736420,642722,879040
6060736390,642723,8067
6060717040,642724,967
6060716970,642725,1515
6060714450,642726,90151
6060714460,642727,760
6060706220,642728,415
6060706140,642729,713
6060738870,642730,622384
6060728570,642740,24743
6060728580,642750,636463
6060721300,642760,44413
6060721310,642770,3699
6060718180,642781,1183200
6060738430,642782,200121
6060738540,642783,13238
6060739880,642784,658578
6060739950,642785,932532
6060752280,642786,4082218
6060752420,642787,181876
6060758360,642788,1527707
6060758230,642789,23874464
6060718170,642790,245518
6060709810,642811,58903
6060697450,642812,70743
6060697460,642813,7390
6060694430,642814,4666
6060694440,642815,7940
6060691040,642816,89063
6060691130,642817,69
6060690070,642818,143329
6060690200,642819,100785
6060681720,642820,174273
6060681620,642830,2641
6060680380,642841,36793
6060671320,642842,2273
6060671260,642843,3094
6060669740,642844,336562
6060669670,642845,4491
6060664690,642846,112153
6060664760,642847,59169
6060644240,642848,174281
6060644230,642849,34853
6060680410,642850,2882911
6060674150,642861,366
6060673280,642862,93510
6060673310,642863,111033
6060661140,642864,27038
6060661150,642865,36063
6060654560,642866,42460
6060654680,642867,5985
6060644890,642868,1926999
6060644880,642869,2542627
6060674210,642870,22992
6060675150,642880,1056502
6060675090,642891,2323
6060675590,642892,45419
6060675660,642893,200285
6060677460,642894,17340
6060677380,642895,51881
6060675380,642896,30681
6060675170,642897,1402
6060673380,642898,259050
6060673370,642899,54542
6060709820,642910,307711
6060705490,642920,1020004
6060705380,642930,210268
6060709930,642941,329250
6060723000,642942,1604765
6060722990,642943,187773
6060727900,642944,50058
6060727970,642945,468440
6060742400,642946,211602
6060742440,642947,569223
6060748810,642948,177075
6060748650,642949,158227
6060709700,642950,264270
6060708820,642960,589776
6060708750,642970,656056
6060719850,642980,1634386
6060719760,642990,1014253
6060016980,643000,17104792
6060040480,644011,52266
6060860210,644012,210923
6060860120,644013,1448388
6060857520,644014,655527
6060857460,644015,58918
6060837830,644016,148737
6060837840,644017,372777
6060817650,644018,194428
6060817460,644019,1299410
6060041050,644020,3114
6060040460,644021,66588
6060851520,644022,328675
6060851430,644023,375
6060851130,644024,314659
6060851240,644025,56253
6060846920,644026,135930
6060846930,644027,71928
6060831010,644028,37534
6060831020,644029,60696
6060040610,644030,47752
6060040900,651010,86018
6060041200,651020,109880
6060040760,651030,96702
6060041070,651040,137312
6060040600,651051,168254
6060040650,651052,67050
6060040660,651053,60421
6060043660,651054,1592
6060040510,651061,162140
6060040580,651062,63927
6060040640,651063,88226
6060044100,651064,5239
6060040910,651070,80795
6060040750,651080,178499
6060017370,651100,13
6060017380,651201,16576
6060911700,651202,78284
6060911680,651203,92593
6060907520,651204,227376
6060907490,651205,1815
6060906910,651206,330863
6060906970,651207,155788
6060916830,651208,22577
6060916780,651209,11230
6060017390,651300,5433
6060017530,651400,137320
6060017540,651500,983877
6060017970,651600,98665
6060017980,651700,103419
6060018280,651800,41046
6060040830,651900,34465
6060018290,651901,7684
6060018410,651902,32556
6060018420,651903,14634
6060018440,651904,79215
6060018450,651905,84607
6060018500,651906,96791
6060018510,651907,82331
6060018560,651908,24743
6060018570,651909,25519
6060040530,652001,9420
6060041060,652002,4509
6060041080,652003,2708
6060041290,652004,1726
6060040690,652005,6698
6060018850,652100,35842
6060041380,652200,58910
6060933820,652201,51312
6060929480,652202,844
6060929600,652203,58211
6060927460,652204,32030
6060927470,652205,58947
6060918580,652206,9167
6060918550,652207,4479
6060910020,652208,749
6060909950,652209,5749
6060040800,652300,11292
6060933800,652301,2001
6060925960,652302,2375
6060925990,652303,858
6060923410,652304,1733
6060923460,652305,79
6060919110,652306,17990
6060919090,652307,58
6060917010,652308,466
6060917060,652309,348
6060913900,652401,50128
6060903990,652402,22473
6060903930,652403,3504
6060901000,652404,31751
6060901010,652405,11104
6060903110,652406,6500
6060903070,652407,298
6060902690,652408,14983
6060902800,652409,19926
6060040700,652500,124458
6060913910,652501,51667
6060898920,652502,49627
6060898890,652503,6141
6060898190,652504,45691
6060898150,652505,29767
6060891020,652506,193859
6060890970,652507,44873
6060885150,652508,91272
6060885110,652509,43029
6060041030,652600,32162
6060877660,652601,12392
6060874710,652602,374039
6060874640,652603,144
6060874440,652604,1036632
6060874330,652605,416090
6060865200,652606,3513
6060865230,652607,33325
6060872440,652608,1952
6060872430,652609,2576
6060877590,652700,40257
6060862810,652800,24124
6060041630,652900,1785
6060862860,652901,146
6060862510,652902,6450
6060862570,652903,10684
6060852360,652904,2069
6060852280,652905,4398
6060843660,652906,4163
6060843670,652907,3765
6060828160,652908,1037
6060828080,652909,694
6060040790,653000,13510
6060042900,653010,266
6060040500,653020,5221
6060040920,653030,1151
6060041310,653040,589
6060040780,653050,6257
6060040590,653060,12387
6060040680,653070,10472
6060041130,653080,5710
6060040550,653090,14581
6060018860,653100,20780
6060040670,653200,18598
6060019090,653210,181473
6060041850,653220,26118
6060934630,653221,32170
6060931980,653222,101599
6060931920,653223,52447
6060931240,653224,27772
6060931190,653225,367
6060930500,653226,12168
6060930380,653227,11940
6060922880,653228,7607
6060922950,653229,10509
6060934620,653230,254464
6060937230,653240,8306
6060937260,653250,8176
6060942410,653260,3732
6060942390,653270,542
6060942470,653280,61025
6060942450,653290,58213
6060041160,653300,70349
6060019100,653301,39204
6060019330,653302,3570
6060019340,653303,4444
6060019420,653304,4754
6060019440,653305,2123
6060019540,653306,5381
6060019550,653307,106502
6060019950,653308,41173
6060019960,653309,9894
6060040820,653401,340
6060041340,653402,56405
6060041470,653403,319
6060041750,653404,4181
6060041500,653405,255
6060040810,653406,2031
6060042580,653407,2618
6060020000,653410,36080
6060954860,653421,35
6060955520,653422,146
6060955480,653423,1441
6060950640,653424,1233
6060950660,653425,1552
6060950420,653426,16141
6060950400,653427,1213
6060949410,653428,12034
6060949420,653429,3610
6060954870,653430,101325
6060960240,653440,16006
6060960220,653450,19923
6060960610,653460,3088
6060960580,653470,2443
6060958450,653480,2956
6060958420,653490,1881
6060020010,653500,130292
6060043770,653600,5017
6060020950,653601,15639
6060963570,653602,13189
6060963550,653603,10533
6060962990,653604,799
6060962980,653605,1601
6060962580,653606,1047
6060962610,653607,1492
6060963990,653608,598
6060963930,653609,825
6060040890,653701,12101
6060043520,653702,21754
6060041150,653703,28672
6060042280,653704,4366
6060042330,653705,12464
6060041840,653706,3321
6060041100,653707,4215
6060041140,653708,1042
6060020960,653710,2414
6060021020,653720,1324
6060021030,653730,2122
6060021060,653740,1336
6060021070,653750,1912
6060021160,653760,1217
6060021170,653770,14
6060040960,653780,5533
6060021180,653781,733
6060969790,653782,522
6060969740,653783,190
6060969810,653784,11602
6060969770,653785,1
6060969780,653786,503
6060969730,653787,3357
6060967000,653788,514
6060966990,653789,512
6060021190,653790,25
6060021210,653800,30146
6060042840,653900,13545
6060021220,653901,5507
6060021450,653902,64461
6060021460,653903,10029
6060021500,653904,30559
6060021510,653905,2114
6060021550,653906,7223
6060021560,653907,12402
6060021810,653908,59
6060021820,653909,1171
6060035460,654000,2555
6060035990,661001,4271
6060036450,661002,168182
6060036010,661003,2440
6060037890,661004,12063
6060037950,661005,24501
6060038060,661006,42165
6060038660,661100,6602
6060021870,661101,9271
6060021940,661102,5997
6060021950,661103,40691
6060022840,661104,748
6060022850,661105,442
6060022910,661106,9390
6060022920,661107,9740
6060023690,661108,438
6060023700,661109,264
6060023980,661200,7182
6060023990,661300,364
6060024060,661400,14228
6060039330,661500,7262
6060024070,661501,13
6060024110,661502,25
6060024120,661503,205
6060024350,661504,250
6060024360,661505,10554
6060024700,661506,1678
6060024710,661507,3032
6060024900,661508,1608
6060024910,661509,5639
6060025130,661600,73246
6060025140,661700,5455
6060025410,661800,12801
6060039730,661900,241550
6060025420,661901,2473
6060025560,661902,37381
6060025570,661903,11655
6060025900,661904,128412
6060025910,661905,2158
6060025960,661906,36584
6060025970,661907,273245
6060026100,661908,155762
6060026110,661909,10239
6060026140,662101,31235
6060026290,662102,347403
6060026300,662103,79375
6060026380,662104,266676
6060026390,662105,33345
6060026450,662106,209554
6060026460,662107,17933
6060026510,662108,737352
6060026520,662109,372156
6060026750,662200,892671
6060026760,662300,1179824
6060026990,662400,797707
6060027000,662510,392070
6060027220,662520,949453
6060027230,662530,16639
6060027290,662540,8909154
6060027300,662550,2052085
6060027770,662560,139632
6060027780,662570,659523
6060028110,662580,22370
6060028120,662590,88840
6060028290,662600,111408
6060040630,662700,177617
6060028300,662701,31164
6060028470,662702,7348
6060028480,662703,1567
6060028520,662704,4968
6060028530,662705,2039
6060028620,662706,3159
6060028630,662707,68988
6060028860,662708,47078
6060028870,662709,40687
6060029040,662801,26856
6060732550,662802,28796
6060732640,662803,15240
6060748740,662804,770
6060748830,662805,5
6060749110,662806,15434
6060749270,662807,29967
6060748670,662808,23938
6060748600,662809,57832
6060040560,662900,40862
6060029050,662901,348826
6060029140,662902,1651
6060029150,662903,449
6060029170,662904,2365
6060029180,662905,25384
6060029220,662906,80860
6060029230,662907,3351
6060029240,662908,40572
6060029250,662909,31088
6060040020,663000,6958
6060041170,664010,35579
6060040730,664021,1503
6060040740,664022,1323
6060040880,664023,2248
6060041830,664024,57366
6060040710,664025,5911
6060041040,664026,2927
6060040770,664027,4409
6060041400,664028,5368
6060040540,664030,165349
6060040490,664041,62692
6060045840,664042,778
6060041390,664043,2064
6060041230,664044,22771
6060040470,664051,0
6060691250,664052,41322
6060691260,664053,680294
6060654380,664054,22776
6060654280,664055,1499991
6060631840,664056,233481
6060631920,664057,12282
6060628460,664058,248086
6060628360,664059,835118
6060029280,671011,275263
6060029350,671012,89086
6060029360,671013,728
6060029380,671014,33580
6060029390,671015,73832
6060029420,671016,38663
6060029430,671017,26179
6060029490,671018,85362
6060029500,671019,37472
6060029580,671020,1158356
6060029590,671030,35796
6060029610,671040,219334
6060029620,671050,15621
6060029720,671060,78137
6060029730,671071,116600
6060030200,671072,91941
6060030210,671073,816
6060030220,671074,242207
6060030230,671075,14061685
6060031400,671076,549513
6060031410,671077,3568103
6060032050,671078,997281
6060032060,671079,124533
6060032100,671080,766716
6060032110,671090,369907
6060040090,672000,59
6060032290,672010,1555552
6060032610,672021,216518
6060256400,672022,1818430
6060256490,672023,238097
6060251400,672024,290777
6060251530,672025,481219
6060240420,672026,68309
6060240430,672027,13052
6060236250,672028,73516
6060236260,672029,416102
6060032620,672030,4013639
6060033220,672040,3986332
6060033230,672050,1018506
6060033560,672060,1743481
6060033570,672070,821370
6060034060,672080,308486
6060040100,672090,3123
6060034070,672091,15888
6060034250,672092,77400
6060034260,672093,42312
6060034510,672094,5117
6060034520,672095,4868
6060034580,672096,39182
6060034590,672097,23049
6060034740,672098,49748
6060034750,672099,254831
6060040110,673000,34302
7060021430,711100,0
7060021550,711200,0
7060021560,711300,0
7060021620,711401,0
7060099390,711402,0
7060099500,711403,0
7060100460,711404,0
7060100540,711405,345
7060108890,711406,0
7060108930,711407,0
7060112520,711408,0
7060112450,711409,0
7060021630,711500,0
7060021690,711600,0
7060021700,711700,0
7060021740,711811,0
7060114090,711812,0
7060114060,711813,0
7060121920,711814,891
7060121810,711815,0
7060123710,711816,1
7060123800,711817,420
7060130660,711818,535
7060130730,711819,3522
7060142610,711821,0
7060135300,711822,62
7060135250,711823,1060
7060118090,711824,47
7060117980,711825,0
7060114730,711826,7
7060114740,711827,2902
7060113260,711828,0
7060113180,711829,0
7060142810,711830,15
7060145630,711840,9913
7060145540,711851,2528
7060139370,711852,0
7060139360,711853,0
7060140080,711854,1135
7060140020,711855,0
7060137710,711856,0
7060137570,711857,0
7060134420,711858,0
7060134520,711859,625
7060144640,711860,10087
7060144740,711870,1103
7060161120,711880,9191
7060161180,711891,1
7060165930,711892,6615
7060166020,711893,640
7060169010,711894,9678
7060168960,711895,629
7060170490,711896,3384
7060170140,711897,21126
7060166920,711898,18833
7060166730,711899,264
7060021750,711900,863
7060074540,712000,11396
7060022240,712110,4684
7060132870,712120,13871
7060132960,712130,0
7060134090,712140,5587
7060134100,712150,64
7060159950,712160,0
7060159850,712170,10952
7060192440,712180,937
7060192430,712190,0
7060073860,712200,12946
7060192560,712210,7
7060206680,712221,3082
7060245400,712222,36939
7060245390,712223,2249
7060235660,712224,19500
7060235410,712225,2381
7060199390,712226,1112
7060199540,712227,0
7060201290,712228,11614
7060201280,712229,10169
7060206690,712231,0
7060214090,712232,1147
7060214380,712233,0
7060219980,712234,1379
7060220090,712235,0
7060224340,712236,5842
7060224350,712237,92
7060230950,712238,750
7060231030,712239,1981
7060250990,712241,14452
7060276840,712242,22095
7060277090,712243,32174
7060318150,712244,5120
7060318020,712245,1130
7060317870,712246,6944
7060317700,712247,18646
7060314820,712248,3519
7060314930,712249,14485
7060250980,712250,407728
7060073820,712260,21632
7060284240,712261,343716
7060302030,712262,12762
7060302170,712263,1969
7060306430,712264,18092
7060306440,712265,76986
7060334030,712266,57532
7060334190,712267,77617
7060356710,712268,252258
7060356500,712269,106556
7060284070,712270,271011
7060074670,712280,7408
7060289200,712281,62585
7060284060,712282,10050
7060284140,712283,21041
7060269280,712284,50100
7060269450,712285,42667
7060262850,712286,20455
7060263060,712287,3223
7060264650,712288,236744
7060264520,712289,47833
7060289500,712291,5090
7060290680,712292,8350
7060290770,712293,16002
7060314300,712294,12005
7060314180,712295,37
7060316050,712296,17711
7060316210,712297,61862
7060300250,712298,8950
7060300390,712299,41836
7060075500,712300,5351
7060192420,712301,2101
7060192820,712302,1877
7060192810,712303,7782
7060179920,712304,23817
7060179770,712305,2232
7060177100,712306,14336
7060177090,712307,31
7060179080,712308,3908
7060179090,712309,7393
7060073880,712400,16934
7060194860,712410,74554
7060217900,712420,12957
7060217780,712430,1980
7060208540,712440,147754
7060208410,712450,74964
7060184580,712460,28235
7060184430,712470,1487339
7060202930,712480,553
7060203140,712490,14727
7060076630,712500,9299
7060194980,712501,15000
7060213040,712502,5225
7060212920,712503,301571
7060227100,712504,6751
7060226990,712505,10733
7060263970,712506,19163
7060263820,712507,1061
7060260120,712508,577
7060260000,712509,2510
7060075830,712600,1955
7060256540,712601,23064
7060259200,712602,626
7060259190,712603,8752
7060242880,712604,37600
7060242640,712605,199696
7060224630,712606,11884
7060224750,712607,15
7060224740,712608,20407
7060224620,712609,10497
7060256690,712700,97009
7060282770,712800,201806
7060282720,712900,1620618
7060059430,713000,0
7060022250,713100,0
7060022270,713210,0
7060129240,713221,0
7060133990,713222,0
7060133910,713223,2412
7060157540,713224,0
7060157640,713225,0
7060161960,713226,0
7060162040,713227,0
7060171020,713228,0
7060171100,713229,0
7060129300,713230,836
7060137410,713240,209
7060137520,713250,29
7060147190,713260,876
7060146980,713270,2198
7060163620,713280,68
7060163780,713290,7942
7060022280,713300,186
7060022840,713410,86
7060136230,713420,0
7060136320,713430,0
7060146370,713440,1040
7060146310,713450,0
7060151610,713460,2
7060151690,713470,214
7060191700,713480,2
7060191640,713490,2643
7060022850,713510,1
7060023220,713521,0
7060149790,713522,0
7060150030,713523,75
7060152650,713524,0
7060152640,713525,119
7060168780,713526,0
7060168790,713527,0
7060175260,713528,0
7060175330,713529,1
7060023230,713531,0
7060023450,713532,0
7060023460,713533,0
7060023470,713534,0
7060023480,713535,0
7060023720,713536,0
7060023730,713537,0
7060023850,713538,0
7060023860,713539,0
7060023960,713540,0
7060023970,713550,0
7060024030,713561,0
7060200040,713562,0
7060199890,713563,0
7060197200,713564,0
7060197330,713565,0
7060222910,713566,0
7060223010,713567,0
7060233450,713568,298
7060233240,713569,52
7060024040,713570,0
7060024100,713580,0
7060024110,713590,810
7060024290,713610,367
7060220300,713620,26
7060220180,713630,71
7060241310,713640,0
7060241270,713650,0
7060251370,713661,0
7060255600,713662,739
7060255780,713663,0
7060257090,713664,17
7060257230,713665,0
7060270660,713666,656
7060270810,713667,0
7060270960,713668,1052
7060271090,713669,4160
7060251360,713670,86
7060237380,713680,93
7060237270,713691,69
7060243120,713692,1
7060243020,713693,7
7060251010,713694,7
7060250850,713695,490
7060254310,713696,104
7060254300,713697,157
7060245440,713698,403
7060245620,713699,2
7060024300,713700,510
7060024580,713810,3739
7060252700,713820,44442
7060252580,713830,9
7060262150,713840,6875
7060262320,713850,2
7060284520,713860,11943
7060284470,713870,0
7060287980,713880,34496
7060287970,713890,1139
7060024590,713900,0
7060059690,721000,0
7060024600,721101,0
7060024610,721102,0
7060024620,721103,0
7060024660,721104,0
7060024670,721105,0
7060024680,721106,59214
7060024690,721107,0
7060024730,721108,1
7060024740,721109,0
7060024830,721201,0
7060252480,721202,0
7060252330,721203,2
7060284350,721204,13269
7060284340,721205,1723
7060295550,721206,2493
7060295390,721207,2768
7060319640,721208,5860
7060319800,721209,38
7060024840,721300,2519
7060024890,721401,4
7060244280,721402,18
7060244230,721403,7
7060245300,721404,0
7060245520,721405,0
7060253350,721406,0
7060253490,721407,0
7060256760,721408,3867
7060256770,721409,0
7060024900,721500,1054
7060025090,721601,579
7060220600,721602,0
7060220780,721603,29
7060220950,721604,0
7060221070,721605,0
7060228720,721606,0
7060228380,721607,0
7060227150,721608,0
7060227160,721609,0
7060025100,721700,6465
7060025560,721801,436
7060184050,721802,0
7060184130,721803,0
7060185280,721804,0
7060185140,721805,0
7060184650,721806,0
7060184500,721807,0
7060178270,721808,0
7060178410,721809,0
7060059780,721900,895
7060025570,721910,1
7060025860,721921,717
7060150330,721922,0
7060150240,721923,187
7060147110,721924,0
7060147220,721925,0
7060155100,721926,0
7060154870,721927,0
7060148930,721928,0
7060148740,721929,0
7060025870,721930,778
7060026040,721940,0
7060026050,721950,496
7060026200,721960,0
7060026210,721971,0
7060026360,721972,0
7060026370,721973,103
7060026460,721974,479
7060026470,721975,1193
7060026580,721976,0
7060026590,721977,0
7060026650,721978,0
7060026660,721979,86
7060026740,721980,1290
7060026750,721991,530
7060026840,721992,0
7060026850,721993,677
7060027040,721994,0
7060027050,721995,399
7060027290,721996,0
7060027300,721997,1486
7060027400,721998,0
7060027410,721999,0
7060059960,722000,0
7060027430,722100,1812
7060028070,722201,0
7060093370,722202,0
7060093380,722203,0
7060093650,722204,0
7060093620,722205,0
7060093830,722206,0
7060093860,722207,0
7060096470,722208,0
7060096520,722209,0
7060028080,722300,217
7060028410,722401,0
7060102570,722402,0
7060102690,722403,0
7060105110,722404,0
7060105150,722405,0
7060107570,722406,0
7060107620,722407,0
7060109290,722408,0
7060109330,722409,0
7060028420,722500,2835
7060028670,722610,174
7060112130,722621,0
7060113240,722622,0
7060113160,722623,0
7060115800,722624,0
7060115860,722625,0
7060120870,722626,0
7060120880,722627,0
7060137460,722628,0
7060137470,722629,0
7060112210,722630,0
7060121890,722640,1411
7060121880,722650,0
7060143810,722660,0
7060143720,722670,0
7060156440,722680,0
7060156430,722690,0
7060028680,722701,0
7060028740,722702,0
7060028750,722703,0
7060028790,722704,0
7060028800,722705,0
7060028840,722706,0
7060028850,722707,0
7060028900,722708,0
7060028910,722709,0
7060029000,722801,0
7060106280,722802,0
7060106320,722803,0
7060114610,722804,0
7060114600,722805,0
7060121090,722806,0
7060121180,722807,0
7060136860,722808,9
7060136810,722809,16
7060029010,722900,977
7060059990,723010,43924
7060060310,723020,11647
7060060320,723030,38329
7060061510,723040,19001
7060061520,723050,14472
7060061620,723060,13413
7060061630,723071,12820
7060061820,723072,410
7060061830,723073,1527
7060061870,723074,371
7060061880,723075,335281
7060062870,723076,0
7060062880,723077,121
7060062930,723078,0
7060062940,723079,5892
7060063050,723080,2
7060063060,723090,7543
7060029460,723111,0
7060030200,723112,0
7060030210,723113,0
7060030400,723114,0
7060030410,723115,0
7060030440,723116,0
7060030450,723117,1365
7060030510,723118,0
7060030520,723119,0
7060030610,723120,0
7060030620,723130,0
7060030660,723140,0
7060030670,723150,1082
7060030870,723160,0
7060030880,723170,0
7060030940,723180,1
7060030950,723190,792
7060031660,723200,1086
7060031670,723300,3091
7060031710,723401,5064
7060195660,723402,0
7060195540,723403,0
7060187940,723404,631
7060187840,723405,4
7060179020,723406,0
7060179010,723407,7
7060198080,723408,2
7060197970,723409,9341
7060031720,723501,49
7060032050,723502,9
7060032060,723503,0
7060032070,723504,5
7060032080,723505,4845
7060032690,723506,79
7060032700,723507,724
7060032800,723508,23
7060032810,723509,1378
7060032940,723600,29
7060032950,723700,520
7060033110,723800,47
7060063420,723900,215
7060033120,723901,1122
7060033180,723902,0
7060033190,723903,2257
7060033390,723904,4
7060033400,723905,856
7060033440,723906,27
7060033450,723907,98
7060033460,723908,10
7060033470,723909,47
7060033480,724010,583
7060033690,724020,3093
7060033700,724030,56406
7060034000,724041,151
7060293920,724042,9
7060293910,724043,9
7060271330,724044,3
7060271320,724045,4
7060252370,724046,1
7060252360,724047,0
7060239440,724048,0
7060239430,724049,0
7060034010,724050,7892
7060034100,724060,83
7060034110,724070,9694
7060034330,724081,61566
7060321100,724082,30490
7060320860,724083,137616
7060314650,724084,22527
7060314560,724085,0
7060314550,724086,22959
7060314420,724087,4468
7060293380,724088,0
7060293370,724089,23
7060034340,724090,539793
7060034520,725100,704390
7060374800,725201,113731
7060360220,725202,3170
7060360130,725203,10982
7060341270,725204,8
7060341150,725205,40
7060338230,725206,21
7060338280,725207,948
7060334690,725208,2161
7060334580,725209,2249
7060374950,725301,62546
7060377320,725302,106994
7060377200,725303,76288
7060380530,725304,699876
7060380380,725305,12180
7060382860,725306,1072251
7060382790,725307,69298
7060393220,725308,2159332
7060393390,725309,1602233
7060402320,725410,700839
7060398520,725420,46210
7060398580,725430,337485
7060400540,725440,131207
7060400760,725450,966698
7060400660,725460,31213
7060400520,725471,41791
7060388700,725472,2058
7060388530,725473,803
7060387450,725474,1007
7060387700,725475,37055
7060386900,725476,10523
7060386520,725477,28449
7060356140,725478,566
7060356130,725479,31
7060354130,725480,2549
7060354140,725491,18384
7060343930,725492,16335
7060343940,725493,5533
7060343060,725494,2460
7060343150,725495,1283
7060334070,725496,42349
7060334080,725497,515
7060343960,725498,0
7060344050,725499,3
7060402430,725510,464218
7060434140,725520,611897
7060434190,725530,153458
7060439780,725540,1075630
7060439770,725551,383789
7060450950,725552,544732
7060450680,725553,1832549
7060453370,725554,6027044
7060453430,725555,1281969
7060474840,725556,992211
7060475060,725557,3156337
7060498700,725558,273800
7060498570,725559,164867
7060494540,725560,1685811
7060494360,725571,63162
7060490010,725572,518128
7060489890,725573,2187125
7060481890,725574,691132
7060481800,725575,256697
7060480630,725576,68670
7060480440,725577,1720113
7060446640,725578,51323
7060446550,725579,25188
7060431340,725581,10754
7060433760,725582,59370
7060433870,725583,263139
7060456100,725584,88024
7060456060,725585,2
7060456090,725586,690278
7060455940,725587,71962
7060450170,725588,91370
7060450440,725589,101791
7060431350,725590,77615
7060426320,725601,0
7060422720,725602,12128
7060422540,725603,11699
7060400750,725604,984333
7060400650,725605,13
7060383830,725606,10930
7060384130,725607,4916
7060379040,725608,62843
7060378910,725609,18192
7060426310,725701,1207
7060419920,725702,496
7060419750,725703,1100
7060414930,725704,36954
7060414850,725705,3023
7060399240,725706,189010
7060399420,725707,1395
7060396070,725708,4628
7060396220,725709,6083
7060392650,725810,236291
7060398060,725821,68
7060399530,725822,52045
7060399650,725823,11866
7060411100,725824,74733
7060411200,725825,17844
7060414120,725826,21097
7060414400,725827,734842
7060438060,725828,80444
7060437890,725829,181295
7060398190,725831,65703
7060424420,725832,60296
7060424410,725833,17334
7060434930,725834,101523
7060435070,725835,0
7060437180,725836,44415
7060437290,725837,122805
7060447550,725838,36673
7060447540,725839,9845
7060450160,725840,243845
7060450430,725850,0
7060453940,725860,1696398
7060453930,725870,2347255
7060481280,725880,4237510
7060481290,725890,943975
7060392520,725911,125876
7060363960,725912,60
7060363950,725913,81
7060358930,725914,3850
7060359070,725915,7069
7060347420,725916,51746
7060347220,725917,1
7060345330,725918,473
7060345050,725919,1
7060343600,725920,3452
7060343690,725930,0
7060343680,725940,39572
7060343590,725950,3300
7060337870,725961,0
7060331860,725962,1381
7060331850,725963,4022
7060293670,725964,489
7060293660,725965,0
7060293450,725966,528
7060293560,725967,7
7060288450,725968,2
7060288400,725969,213
7060337970,725970,36
7060335180,725980,122506
7060335300,725991,10148
7060343660,725992,5842
7060343580,725993,1094
7060345190,725994,579
7060345310,725995,0
7060346460,725996,39688
7060346350,725997,201879
7060361320,725998,8912
7060361190,725999,59529
7060063860,726000,282183
7060034530,726011,38833
7060034570,726012,23715
7060034580,726013,145801
7060034790,726014,7444
7060034800,726015,7575
7060034860,726016,9226
7060034870,726017,58227
7060035320,726018,1149
7060035330,726019,9144
7060035360,726020,640
7060035370,726030,13504
7060035470,726040,26107
7060035480,726050,105322
7060035860,726060,32452
7060035870,726071,585939
7060037340,726072,3548
7060037350,726073,57807
7060037690,726074,25678
7060037700,726075,77225
7060037890,726076,63517
7060037900,726077,75977
7060038180,726078,151510
7060038190,726079,45704
7060038320,726081,105444
7060390750,726082,8799
7060390740,726083,183469
7060364000,726084,4335
7060363990,726085,999
7060363040,726086,33243
7060363050,726087,77535
7060355260,726088,61
7060355150,726089,11681
7060038330,726090,8804
7060064730,731000,7676831
7060038340,731110,119492
7060038810,731120,180055
7060038820,731130,100831
7060038980,731140,451232
7060038990,731150,300114
7060039060,731160,122773
7060039070,731170,416507
7060039160,731180,2072944
7060039170,731190,6121936
7060039620,731200,2332448
7060039630,731300,5071093
7060039870,731401,2020780
7060493120,731402,351238
7060493000,731403,595294
7060471140,731404,628175
7060471150,731405,80021
7060467130,731406,83997
7060467060,731407,201647
7060457640,731408,20773
7060457790,731409,23740
7060039880,731501,1117551
7060039920,731502,2038993
7060039930,731503,1447137
7060039990,731504,1359119
7060040000,731505,1986411
7060040360,731506,8162473
7060040370,731507,699827
7060040790,731508,101270
7060040800,731509,336603
7060041050,731601,1928507
7060530380,731602,312509
7060530520,731603,194631
7060519270,731604,504598
7060519280,731605,708819
7060492010,731606,221875
7060491800,731607,176973
7060488160,731608,151244
7060488320,731609,156502
7060041060,731700,4718320
7060041400,731801,1962602
7060559710,731802,362740
7060559650,731803,83324
7060557800,731804,459775
7060557610,731805,634377
7060550350,731806,20201
7060550230,731807,13514
7060552560,731808,117397
7060552690,731809,34912
7060041410,731901,2129945
7060041650,731902,365315
7060041660,731903,159445
7060041820,731904,148171
7060041830,731905,783284
7060041900,731906,1153411
7060041910,731907,0
7060041920,731908,308620
7060041930,731909,1005600
7060042040,732110,363515
7060042240,732120,215693
7060042250,732130,15343
7060042310,732140,1002330
7060042320,732150,535605
7060042740,732160,2070660
7060042750,732170,544942
7060042940,732180,2342646
7060042950,732190,258445
7060043090,732201,14406
7060689970,732202,280998
7060689850,732203,3197
7060687690,732204,348510
7060687750,732205,2688
7060684850,732206,102573
7060684690,732207,338714
7060656490,732208,776472
7060656440,732209,1145587
7060043100,732300,199316
7060043160,732401,43345
7060686940,732402,2165430
7060686950,732403,156772
7060669120,732404,98092
7060669130,732405,253537
7060661200,732406,777048
7060661260,732407,240700
7060656220,732408,227779
7060656320,732409,699384
7060043170,732510,1309264
7060043500,732520,1382198
7060043510,732530,515679
7060043640,732541,62404
7060724490,732542,70233
7060724640,732543,21480
7060723190,732544,787364
7060723420,732545,477
7060723900,732546,48107
7060724010,732547,833489
7060694040,732548,916595
7060693970,732549,876776
7060043650,732550,475984
7060043860,732560,4151696
7060064920,732570,37943
7060043870,732571,5852871
7060044350,732572,1619044
7060044360,732573,1364343
7060044770,732574,1500898
7060044780,732575,341920
7060044860,732576,506674
7060044870,732577,4386238
7060045410,732578,489366
7060045420,732579,24646
7060045480,732580,653555
7060045490,732590,566061
7060045890,732601,3639
7060757750,732602,86171
7060757700,732603,26329
7060746040,732604,952498
7060746030,732605,76424
7060723400,732606,4191
7060723410,732607,55270
7060714730,732608,31764
7060714720,732609,3294279
7060045900,732701,244286
7060046130,732702,308111
7060046140,732703,211237
7060046320,732704,92842
7060046330,732705,107022
7060046390,732706,163966
7060046400,732707,240658
7060046460,732708,57831
7060046470,732709,195693
7060046590,732810,150739
7060739170,732821,58089
7060713890,732822,23715
7060713800,732823,4550
7060712110,732824,437017
7060712030,732825,180719
7060697240,732826,26505
7060697250,732827,206766
7060690750,732828,179918
7060690760,732829,338310
7060739180,732830,44131
7060715790,732840,487816
7060715800,732850,313574
7060712470,732860,478363
7060712410,732870,679247
7060676360,732880,362307
7060676410,732890,1005412
7060046600,732900,861895
7060046750,741001,52529
7060046780,741002,120550
7060046790,741003,123684
7060046850,741004,49968
7060046860,741005,0
7060046870,741006,767359
7060046880,741007,98
7060046900,741008,1225740
7060046910,741009,5179
7060047060,742100,830142
7060741760,742210,152
7060736850,742221,143
7060735130,742222,93468
7060735140,742223,3734
7060729590,742224,28983
7060729580,742225,4907
7060724930,742226,79414
7060724920,742227,327583
7060698800,742228,172784
7060698850,742229,245555
7060736840,742231,125539
7060727840,742232,22192
7060727830,742233,181823
7060718510,742234,158806
7060718500,742235,61678
7060712340,742236,232864
7060712260,742237,17450
7060699700,742238,218108
7060699710,742239,25914
7060689550,742240,79425
7060689810,742250,297453
7060683900,742260,182984
7060683890,742271,84189
7060683600,742272,13053
7060683610,742273,51681
7060679160,742274,125642
7060679070,742275,25
7060678900,742276,135980
7060678990,742277,16841
7060677450,742278,22009
7060677370,742279,294
7060674630,742280,87460
7060674750,742290,242993
7060741770,742301,11170
7060736120,742302,18005
7060736110,742303,45412
7060724090,742304,27678
7060724080,742305,1465
7060721150,742306,174023
7060721140,742307,24439
7060715640,742308,634708
7060715630,742309,19966
7060686450,742411,416
7060679710,742412,143659
7060679700,742413,468358
7060660610,742414,10112
7060660530,742415,116142
7060655900,742416,25628
7060655770,742417,304627
7060650970,742418,100326
7060650960,742419,55037
7060649900,742421,12442
7060653440,742422,993438
7060653580,742423,628724
7060647900,742424,16318
7060647890,742425,2194
7060651590,742426,730
7060651710,742427,6292
7060643600,742428,5424
7060643680,742429,13568
7060649910,742430,481980
7060642090,742441,99664
7060626330,742442,13994
7060626430,742443,33939
7060621060,742444,143319
7060620890,742445,3808
7060617740,742446,300775
7060617540,742447,86737
7060579800,742448,16993
7060579990,742449,29898
7060642080,742450,245
7060641790,742460,579944
7060641910,742470,485810
7060632870,742481,113199
7060637750,742482,52312
7060637840,742483,316398
7060611510,742484,2579
7060611580,742485,1613
7060613610,742486,8678
7060613780,742487,32679
7060602480,742488,10345
7060602590,742489,2507
7060074260,742490,6867
7060632730,742491,32185
7060622700,742492,56208
7060622710,742493,892325
7060585430,742494,9389
7060585540,742495,81591
7060586890,742496,8078
7060587030,742497,11380
7060587910,742498,18384
7060587790,742499,1034088
7060686540,742510,2038
7060682360,742521,32545
7060666670,742522,61337
7060666880,742523,99594
7060655590,742524,81501
7060655510,742525,31951
7060645560,742526,205117
7060645680,742527,54666
7060631800,742528,42727
7060631790,742529,752969
7060682120,742530,5334
7060668390,742540,410274
7060668250,742550,1190602
7060647780,742560,166156
7060647770,742570,8127
7060639390,742580,353633
7060639300,742590,95369
7060612640,742610,97759
7060610850,742621,158410
7060638690,742622,334769
7060638810,742623,1919874
7060650450,742624,282759
7060650370,742625,65460
7060640420,742626,529478
7060640560,742627,683133
7060638230,742628,884175
7060638110,742629,702725
7060610760,742630,1634
7060609780,742641,128899
7060624370,742642,287652
7060624500,742643,905125
7060632290,742644,527681
7060632180,742645,328626
7060631300,742646,187539
7060631120,742647,199398
7060612900,742648,49304
7060612660,742649,246491
7060609610,742650,112635
7060594240,742661,169
7060591780,742662,114273
7060591790,742663,108231
7060579270,742664,2921833
7060579260,742665,7589
7060573670,742666,132747
7060573680,742667,873036
7060527470,742668,137597
7060527530,742669,430589
7060594340,742671,249445
7060591570,742672,705669
7060591460,742673,1759411
7060572890,742674,940484
7060572690,742675,228046
7060562230,742676,1572357
7060562310,742677,2062441
7060571810,742678,2196973
7060571990,742679,775332
7060082250,742680,2887
7060569090,742681,98105
7060579680,742682,55616
7060579690,742683,67801
7060580820,742684,55348
7060580930,742685,61007
7060585550,742686,40677
7060585700,742687,88801
7060597680,742688,41541
7060597760,742689,416489
7060568950,742691,288782
7060558980,742692,100242
7060558770,742693,30929
7060555510,742694,1443660
7060555650,742695,525793
7060523060,742696,912522
7060523200,742697,561073
7060529460,742698,1334021
7060529340,742699,1352611
7060612840,742701,11447
7060606190,742702,54366
7060606110,742703,53878
7060599260,742704,224166
7060599170,742705,42864
7060589830,742706,489857
7060589890,742707,153947
7060579820,742708,559365
7060579830,742709,962451
7060569650,742810,166129
7060566040,742821,160653
7060540990,742822,624454
7060540820,742823,6917
7060533210,742824,71406
7060533070,742825,567408
7060506940,742826,1905137
7060507040,742827,3808118
7060514260,742828,64245
7060514270,742829,338653
7060566090,742830,722770
7060531210,742841,104892
7060503080,742842,22596
7060502970,742843,213637
7060500890,742844,315175
7060500660,742845,216014
7060483120,742846,21754
7060483020,742847,36047
7060473380,742848,19333
7060473370,742849,56643
7060531330,742850,381021
7060512060,742861,11299
7060508820,742862,281408
7060508690,742863,435027
7060475160,742864,84357
7060475010,742865,148
7060474550,742866,16395
7060474480,742867,9308
7060464200,742868,30221
7060464320,742869,49482
7060511950,742871,56102
7060503090,742872,2080202
7060502840,742873,610166
7060465790,742874,643082
7060465780,742875,628297
7060429560,742876,344704
7060429630,742877,371662
7060420200,742878,458210
7060420340,742879,563458
7060415980,742881,763731
7060435970,742882,93312
7060435860,742883,16818
7060432540,742884,22686
7060432240,742885,94857
7060414530,742886,33563
7060414650,742887,483
7060412280,742888,8926
7060411940,742889,36063
7060415850,742891,1468039
7060407660,742892,136130
7060407800,742893,23714
7060406640,742894,215006
7060406580,742895,453432
7060376630,742896,114670
7060376640,742897,114286
7060349950,742898,13455
7060349590,742899,45148
7060073760,742900,16278
7060569640,742911,495476
7060573090,742912,151199
7060573000,742913,37708
7060575000,742914,676192
7060574920,742915,328698
7060565660,742916,140155
7060565330,742917,65064
7060556150,742918,125028
7060556270,742919,1311093
7060562140,742921,808489
7060560490,742922,178683
7060560580,742923,60057
7060563480,742924,189984
7060563320,742925,81393
7060537830,742926,17311
7060537550,742927,20947
7060534960,742928,12403
7060535230,742929,23353
7060562040,742931,153483
7060559140,742932,128858
7060559080,742933,157584
7060543580,742934,22885
7060543790,742935,10132
7060541090,742936,26829
7060540960,742937,25947
7060527760,742938,63577
7060527750,742939,39195
7060074550,742940,749
7060514640,742941,366086
7060512450,742942,123971
7060512440,742943,46111
7060505540,742944,63818
7060505760,742945,154274
7060513230,742946,4299003
7060513060,742947,64610
7060485360,742948,47117
7060485210,742949,119182
7060076950,742950,3309
7060514490,742951,1147158
7060478320,742952,429179
7060478560,742953,65966
7060468870,742954,153210
7060468930,742955,30227
7060470900,742956,34479
7060470820,742957,20360
7060448140,742958,42520
7060448300,742959,35588
7060419360,742961,904
7060424300,742962,1617
7060424530,742963,492
7060429220,742964,104648
7060429360,742965,147118
7060454870,742966,7764
7060454960,742967,36
7060456330,742968,492
7060456180,742969,1089
7060075120,742970,3660
7060419260,742971,3071
7060404520,742972,7105
7060404530,742973,3626
7060397370,742974,8436
7060397380,742975,12969
7060372880,742976,5736
7060372750,742977,175785
7060342130,742978,9385
7060341960,742979,37494
7060332680,742981,22930
7060364600,742982,26533
7060364590,742983,9902
7060373260,742984,33726
7060373250,742985,10129
7060380010,742986,211725
7060380120,742987,10612
7060416820,742988,34367
7060416830,742989,65511
7060332670,742991,1542
7060328250,742992,5324
7060328380,742993,14552
7060330450,742994,39859
7060330560,742995,1669
7060346150,742996,9223
7060346030,742997,13486
7060333560,742998,29917
7060333810,742999,314917
7060047070,743001,97619
7060047210,743002,206079
7060047220,743003,30594
7060047480,743004,429792
7060047490,743005,160993
7060047770,743006,257850
7060047780,743007,376
7060047800,743008,271850
7060047810,743009,111
7060047840,751100,6
7060047850,751201,292
7060761080,751202,179729
7060760990,751203,94
7060759730,751204,760668
7060759790,751205,91676
7060743810,751206,34778
7060743800,751207,368910
7060710520,751208,31883
7060710600,751209,177757
7060047860,751300,8594
7060047970,751401,263795
7060724910,751402,196016
7060724780,751403,2773
7060720650,751404,158596
7060720640,751405,129889
7060712530,751406,1620793
7060712460,751407,1506992
7060706180,751408,1630323
7060706280,751409,2785392
7060047980,751500,6824551
7060075130,751600,24870
7060048300,751610,730570
7060752470,751620,223007
7060752460,751630,125708
7060744170,751640,1261693
7060744090,751650,595185
7060701750,751660,196986
7060701650,751670,10083
7060696350,751680,429233
7060696340,751690,56418
7060048310,751700,57635
7060048410,751810,1623785
7060747570,751820,22032
7060747500,751830,13613
7060737080,751840,18387
7060736950,751850,63802
7060730500,751860,129555
7060730390,751870,12404
7060718740,751880,43134
7060718850,751890,483421
7060048420,751910,28372
7060048480,751920,47236
7060048490,751930,48466
7060048620,751940,3002141
7060048630,751950,117224
7060048860,751961,51783
7060775830,751962,152460
7060775890,751963,4132
7060778820,751964,1390
7060778740,751965,9179
7060775230,751966,15666
7060775150,751967,4538
7060766660,751968,2540
7060766650,751969,178
7060048870,751970,426004
7060049120,751980,2209
7060049130,751990,1167464
7060073900,752101,2136
7060073810,752102,858
7060075340,752103,377
7060075650,752104,39820
7060073850,752105,16634
7060074430,752106,17199
7060074140,752107,59
7060075030,752108,129
7060074010,752109,33105
7060049270,752110,1832910
7060794460,752121,19141
7060798070,752122,2369592
7060798060,752123,7541513
7060797390,752124,1024321
7060797330,752125,5935
7060796890,752126,932
7060796920,752127,1576
7060800010,752128,19190
7060799940,752129,4110
7060794420,752130,92665
7060074630,752140,223
7060790520,752141,38
7060790790,752142,52892
7060790680,752143,640
7060787740,752144,368
7060787680,752145,28503
7060783950,752146,191401
7060783990,752147,428548
7060789310,752148,14421
7060789410,752149,2732
7060790420,752151,878268
7060773540,752152,122986
7060773430,752153,100487
7060771090,752154,2919
7060771060,752155,224252
7060764560,752156,8659
7060764550,752157,353
7060763960,752158,205
7060763880,752159,18
7060076750,752160,696
7060761710,752161,48287
7060734620,752162,7702
7060734790,752163,19
7060733990,752164,3261
7060733840,752165,83601
7060694700,752166,78476
7060694590,752167,617
7060690200,752168,703
7060690100,752169,34567
7060073930,752170,875
7060761700,752171,46
7060760610,752172,70
7060760600,752173,928
7060763200,752174,765
7060763300,752175,1019
7060770490,752176,1088
7060770450,752177,3995
7060763820,752178,2767
7060763870,752179,30526
7060074200,752180,3670
7060763030,752181,15318
7060774750,752182,988357
7060774820,752183,33173
7060776580,752184,228506
7060776590,752185,48577
7060782380,752186,211615
7060782370,752187,50459
7060785200,752188,21213
7060785140,752189,33675
7060074410,752190,712
7060762950,752191,2573915
7060675980,752192,2727
7060675990,752193,89
7060674060,752194,43925
7060674070,752195,1233614
7060636470,752196,12742
7060636480,752197,54625
7060602110,752198,9044
7060602100,752199,26182
7060074500,752200,541
7060074100,752210,486872
7060074660,752220,20522
7060073770,752230,331101
7060076700,752240,288
7060073670,752241,0
7060802360,752242,12499
7060802350,752243,669031
7060802450,752244,1363
7060805560,752245,385
7060805720,752246,58361
7060805670,752247,229454
7060815200,752248,15455
7060815220,752249,7408
7060073640,752251,495
7060799110,752252,43496
7060799140,752253,778301
7060803540,752254,31436
7060803530,752255,39704
7060800610,752256,22457
7060800660,752257,6825
7060803420,752258,8145
7060803430,752259,40389
7060074560,752260,37178
7060073750,752271,13006
7060075700,752272,22
7060073950,752273,12253
7060074170,752274,270137
7060074470,752275,39213
7060074250,752276,7045
7060075100,752277,892
7060074380,752280,1450
7060074210,752290,6572
7060073660,752311,37
7060738660,752312,56884
7060738830,752313,0
7060740930,752314,544
7060740840,752315,7350
7060746410,752316,17
7060746540,752317,9133
7060755970,752318,3364
7060755960,752319,18629
7060075110,752320,11587
7060073970,752330,21909
7060074360,752340,209395
7060073790,752350,55701
7060073730,752360,147775
7060074230,752370,733
7060065050,753000,102302
7060049280,753101,42432
7060049390,753102,92317
7060049400,753103,1428
7060049410,753104,62187
7060049420,753105,13395
7060049500,753106,178156
7060049510,753107,8547
7060049820,753108,534174
7060049830,753109,289277
7060075180,753201,22662
7060073700,753202,1629782
7060076040,753203,23893
7060075480,753204,71770
7060073940,753205,25925
7060074700,753206,7441
7060074370,753207,31152
7060074310,753208,23591
7060075640,753209,5726
7060049990,753210,388575
7060820630,753220,587639
7060820700,753230,232949
7060073910,753240,23548771
7060822270,753241,18757
7060823440,753242,623691
7060823390,753243,285355
7060826280,753244,734214
7060826240,753245,89763
7060827280,753246,171091
7060827320,753247,53849
7060830450,753248,894693
7060830460,753249,1347588
7060822250,753250,103291
7060822970,753260,209746
7060823030,753270,68469
7060824090,753280,346686
7060824100,753290,326597
7060050000,753301,169588
7060050190,753302,538946
7060050200,753303,727449
7060050290,753304,1276197
7060050300,753305,2651239
7060050570,753306,980708
7060050580,753307,40379
7060050600,753308,1084967
7060050610,753309,4964
7060050640,753401,76463
7060847180,753402,583094
7060847040,753403,4372
7060848300,753404,240151
7060848380,753405,207634
7060852120,753406,590294
7060852130,753407,297611
7060854180,753408,82969
7060854130,753409,666376
7060050650,753501,162522
7060050760,753502,1179999
7060050770,753503,20242
7060050790,753504,262791
7060050800,753505,14990
7060050810,753506,64073
7060050820,753507,576072
7060050890,753508,423488
7060050900,753509,16516
7060050920,753610,47609
7060078710,753620,248118
7060849600,753621,9328
7060851310,753622,620076
7060851280,753623,144012
7060853350,753624,1245026
7060853280,753625,539966
7060859740,753626,204821
7060859760,753627,1909532
7060866520,753628,711206
7060866530,753629,804795
7060849610,753630,187046
7060855510,753640,259839
7060855570,753650,202333
7060863270,753660,1400857
7060863310,753670,11296
7060864030,753680,604127
7060864080,753690,1899298
7060064970,753700,0
7060075070,753710,627832
7060050930,753711,255932
7060051120,753712,127784
7060051130,753713,66034
7060051210,753714,60811
7060051220,753715,3936834
7060052560,753716,180331
7060052570,753717,1583392
7060053240,753718,4609165
7060053250,753719,1628958
7060053320,753720,2543186
7060053330,753730,1303128
7060053840,753740,813148
7060053850,753750,68412
7060054060,753760,1125406
7060054070,753770,440138
7060054300,753780,1034212
7060054310,753790,457410
7060054660,753801,18569
7060883080,753802,161263
7060883060,753803,4674
7060883030,753804,218531
7060883020,753805,104801
7060882590,753806,104150
7060882580,753807,106855
7060882110,753808,123643
7060882120,753809,2462634
7060054670,753901,84628
7060054740,753902,486558
7060054750,753903,182961
7060054920,753904,41014
7060054930,753905,32023
7060054970,753906,65862
7060054980,753907,242221
7060055450,753908,311569
7060055460,753909,120561
7060069860,761000,441617
7060065780,762011,743692
7060066080,762012,1074292
7060066090,762013,999280
7060066740,762014,256345
7060066750,762015,792656
7060067070,762016,132360
7060067080,762017,4643600
7060068570,762018,112487
7060068580,762019,2326819
7060069670,762020,81603
7060065760,762030,69369
7060065770,762040,2545
7060065090,763000,2770291
7060070800,764001,26418864
7060072780,764002,403251
7060070790,764003,0
7060072800,765000,4550731
7060055630,771000,0
7060055620,771100,0
7060000010,771111,1792861
7060000240,771112,175328
7060000250,771113,1023605
7060001220,771114,224848
7060001230,771115,2851350
7060001650,771116,180267
7060001660,771117,944647
7060002340,771118,238736
7060002350,771119,214692
7060002400,771120,1834292
7060002410,771130,1384148
7060002700,771140,4493186
7060077010,771150,315492
7060002710,771151,1709188
7060003000,771152,681900
7060003010,771153,51523
7060003050,771154,379460
7060003060,771155,26463
7060003100,771156,2127754
7060003110,771157,1302500
7060003300,771158,454895
7060003310,771159,4273752
7060004210,771160,256775
7060004220,771170,577631
7060004660,771180,1689626
7060004670,771191,128606
7060004790,771192,376964
7060004800,771193,279338
7060004990,771194,664200
7060005000,771195,1053781
7060005140,771196,35934
7060005150,771197,44135
7060005220,771198,34442
7060005230,771199,179569
7060074600,771200,614096
7060005410,771210,64015
7060847740,771220,1251607
7060847750,771230,285197
7060849640,771240,1227448
7060849630,771250,985952
7060854410,771260,2740009
7060854440,771270,1055219
7060851700,771280,482658
7060851630,771290,4694190
7060075220,771300,248327
7060005420,771301,256856
7060005730,771302,429683
7060005740,771303,120559
7060005800,771304,618011
7060005810,771305,400748
7060005980,771306,11874
7060005990,771307,319374
7060006250,771308,750558
7060006260,771309,242931
7060006390,771410,576947
7060822930,771420,115056
7060823010,771430,42931
7060826790,771440,240566
7060826810,771450,2572405
7060829810,771460,2465658
7060829830,771470,9778745
7060831470,771480,3484531
7060831510,771490,6207847
7060006400,771510,733
7060006420,771520,1053274
7060055700,771530,3634
7060006430,771531,48162
7060006510,771532,77274
7060006520,771533,39349
7060006580,771534,104176
7060006590,771535,10411
7060006630,771536,101519
7060006640,771537,477424
7060006740,771538,29895
7060006750,771539,77942
7060006910,771540,76770
7060006920,771550,287333
7060007000,771560,780605
7060007010,771570,271304
7060007210,771580,266603
7060007220,771590,539756
7060007380,771601,110944
7060794890,771602,18726
7060794900,771603,61417
7060789690,771604,41563
7060789780,771605,4451
7060789710,771606,36429
7060789730,771607,1710
7060790500,771608,18121
7060790490,771609,72966
7060007390,771700,965801
7060074180,771800,14246
7060007830,771801,61656
7060768530,771802,32045
7060768540,771803,900
7060767930,771804,7026
7060767880,771805,4
7060763700,771806,161134
7060763760,771807,2340
7060770570,771808,5360
7060770580,771809,69779
7060055520,771900,0
7060007840,771910,280392
7060008110,771920,992426
7060008130,771930,6941
7060008150,771940,5475
7060008160,771950,4457
7060008340,771960,216503
7060008350,771970,10124
7060008450,771980,32213
7060008460,771990,260302
7060073710,772000,1801459
7060008710,772100,433430
7060074030,772200,3444
7060707810,772211,45587
7060706220,772212,673
7060706120,772213,14463
7060696810,772214,8253
7060696750,772215,4421
7060695490,772216,23369
7060695610,772217,232707
7060693990,772218,1287437
7060694070,772219,1400
7060075920,772220,244
7060694150,772221,1996975
7060690970,772222,43965
7060690850,772223,82538
7060667030,772224,24290
7060667020,772225,37037
7060662970,772226,2457
7060662960,772227,98297
7060657250,772228,2187
7060657240,772229,946
7060694250,772230,41716
7060696970,772240,1734015
7060696820,772250,1674794
7060702450,772260,146226
7060702370,772270,49304
7060702460,772280,7319
7060702590,772290,5929
7060074270,772300,59919
7060707710,772310,47039
7060675410,772320,9215
7060675400,772330,2891294
7060077410,772340,9
7060633430,772341,140
7060626100,772342,247264
7060626220,772343,10225
7060620580,772344,5804
7060620790,772345,100
7060621250,772346,28
7060621130,772347,2611
7060580030,772348,3
7060580200,772349,583
7060633600,772350,2712
7060629700,772360,8481
7060629520,772370,20
7060627380,772380,7900
7060627570,772390,1620
7060632220,772401,148
7060639670,772402,20582
7060639920,772403,100475
7060653540,772404,16332
7060653630,772405,35929
7060662290,772406,60422
7060662440,772407,50468
7060668200,772408,14515
7060668050,772409,11399
7060632150,772500,16892
7060608130,772601,3172
7060607590,772602,34989
7060607440,772603,53844
7060618200,772604,21382
7060618130,772605,42077
7060619360,772606,96525
7060619590,772607,32616
7060619370,772608,1377
7060619150,772609,33902
7060607990,772700,5093
7060585120,772801,11016
7060569390,772802,14426
7060569290,772803,70193
7060563580,772804,111207
7060563440,772805,151716
7060552010,772806,55690
7060552020,772807,2809
7060549460,772808,54189
7060549350,772809,51844
7060585110,772910,33418
7060539540,772920,7755
7060539340,772930,0
7060538950,772940,31302
7060538960,772950,34822
7060527230,772960,42894
7060526960,772970,1620
7060508340,772980,11996
7060508350,772990,68039
7060074080,773100,89606
7060075850,773200,8817
7060073690,773201,4245
7060073800,773202,499842
7060074530,773203,7557
7060074610,773204,68763
7060074330,773205,455953
7060074900,773206,12251
7060074450,773207,46613
7060074830,773208,41
7060073840,773209,30341
7060074040,773301,307
7060074580,773302,96
7060074320,773303,40
7060073980,773304,500
7060074060,773305,3872
7060076300,773306,201
7060074350,773307,505
7060074940,773308,1196
7060073830,773309,23287
7060073630,773401,239481
7060074050,773402,202
7060074340,773403,2180
7060073890,773404,1631
7060074280,773405,57
7060073920,773501,550771
7060074570,773502,27710
7060074120,773503,86961
7060074860,773504,240
7060074240,773505,547
7060073720,773506,1409
7060075490,773507,66
7060074020,773508,216
7060079260,773509,17
7060075190,773601,1320
7060075630,773602,18
7060074150,773603,223
7060074130,773604,62
7060073780,773605,7043
7060076870,773606,0
7060074730,773607,2140
7060075800,773608,142
7060074650,773609,440
7060074520,773701,540
7060073870,773702,10108
7060074640,773703,79
7060074680,773810,3
7060073620,773811,3
7060505390,773812,8229
7060505400,773813,1391
7060505090,773814,764
7060510360,773815,0
7060511880,773816,2436979
7060511710,773817,0
7060511170,773818,291775
7060511050,773819,269775
7060074870,773820,0
7060075260,773830,3
7060073650,773831,0
7060561290,773832,44591
7060561130,773833,0
7060560880,773834,4803
7060560730,773835,0
7060559260,773836,1503
7060559270,773837,64780
7060583850,773838,1147
7060583840,773839,3767
7060074110,773840,28110
7060055710,774000,73
7060055730,774100,4246
7060075200,774110,503
7060008720,774111,970393
7060010500,774112,5598
7060010510,774113,789
7060010540,774114,16306
7060010550,774115,2333
7060010650,774116,1107
7060010660,774117,2618
7060010820,774118,2415
7060010830,774119,16242
7060011220,774120,13593
7060011230,774131,20132
7060011530,774132,327
7060011540,774133,2055
7060011850,774134,1665
7060011860,774135,125255
7060012090,774136,8715
7060012100,774137,433360
7060012230,774138,16808
7060012240,774139,335285
7060012270,774140,1934145
7060012280,774150,4754533
7060012590,774160,4852539
7060012600,774170,11992910
7060012950,774180,158226
7060012960,774190,301804
7060013170,774200,235003
7060013180,774300,6383374
7060073680,774401,1107390
7060074000,774402,563937
7060075780,774403,502
7060013550,774410,68353
7060588070,774421,358617
7060587130,774422,339630
7060587260,774423,901038
7060598410,774424,265681
7060598590,774425,178138
7060603670,774426,56106
7060603720,774427,455497
7060617620,774428,169290
7060617820,774429,924409
7060587960,774430,713840
7060574760,774440,1364284
7060574630,774450,396864
7060570240,774460,392857
7060570620,774470,824
7060569840,774480,37180
7060569580,774491,79704
7060548610,774492,5052
7060548690,774493,176667
7060531120,774494,17396
7060530980,774495,179492
7060521410,774496,1480
7060521470,774497,6985
7060515830,774498,1234
7060515720,774499,15601
7060013560,774500,1291297
7060014040,774600,51706
7060014050,774700,100942
7060073990,774800,14534
7060014200,774801,1006
7060511360,774802,18648
7060511270,774803,2851
7060496450,774804,5270
7060496400,774805,483
7060495280,774806,21561
7060494970,774807,55022
7060476020,774808,1044
7060476350,774809,2452
7060014210,774900,28432
7060014250,781001,17610
7060014340,781002,319368
7060014350,781003,7371
7060014440,781004,17367
7060014450,781005,44080
7060014520,781006,114120
7060014530,781007,89777
7060014800,781008,8609
7060014810,781009,36833
7060014930,782100,502228
7060394680,782200,2668617
7060394690,782300,637473
7060395340,782400,269608
7060395190,782501,863
7060392390,782502,10289
7060392060,782503,1615
7060390420,782504,2842
7060390130,782505,10426
7060386560,782506,61291
7060386330,782507,6043
7060382460,782508,75144
7060382280,782509,30838
7060379430,782611,178120
7060377730,782612,409704
7060377370,782613,57033
7060362660,782614,106567
7060362510,782615,73235
7060345990,782616,29887
7060345900,782617,18585
7060330710,782618,6613
7060330630,782619,4122
7060329370,782620,400778
7060329490,782630,18409
7060334790,782640,740948
7060334780,782650,51322
7060305410,782661,15905
7060327530,782662,3335
7060327640,782663,48387
7060348000,782664,145666
7060347990,782665,17275
7060361120,782666,92879
7060361000,782667,54161
7060360890,782668,6949
7060361010,782669,55472
7060305280,782670,27425
7060298300,782681,1473
7060295790,782682,6042
7060295800,782683,19797
7060289830,782684,3203
7060289980,782685,47883
7060301390,782686,13279
7060301180,782687,2070
7060290340,782688,32033
7060290130,782689,1541
7060298200,782691,15775
7060223370,782692,219
7060223480,782693,21
7060234190,782694,14
7060234330,782695,868
7060245930,782696,2841
7060246020,782697,3032
7060256810,782698,96
7060256650,782699,9063
7060379310,782701,4254
7060367960,782702,91252
7060368100,782703,4
7060369340,782704,2115
7060369150,782705,12306
7060372710,782706,59166
7060372820,782707,26106
7060381890,782708,32955
7060381900,782709,6
7060388580,782801,4650
7060402940,782802,74
7060402830,782803,19
7060405220,782804,12
7060405050,782805,1584
7060408090,782806,2053
7060408080,782807,4277
7060421730,782808,246
7060421620,782809,2907
7060073740,782900,8442
7060388740,782910,83794
7060438780,782920,13520
7060438790,782930,21360
7060444390,782940,773268
7060444490,782950,18
7060445150,782960,3103
7060445160,782970,25518
7060466690,782980,827
7060466540,782991,25630
7060468670,782992,38049
7060468880,782993,5280
7060472210,782994,2622
7060472220,782995,275285
7060461980,782996,55329
7060461870,782997,149249
7060446330,782998,56942
7060446380,782999,69446
7060057510,783000,3826
7060014940,783101,31626
7060015090,783102,142107
7060015100,783103,1325650
7060015900,783104,340443
7060015910,783105,2473718
7060016000,783106,304753
7060016010,783107,198316
7060016090,783108,92347
7060016100,783109,1008176
7060016260,783210,1104683
7060274860,783221,482
7060269970,783222,14813
7060269780,783223,1919
7060261880,783224,3985
7060261890,783225,45320
7060263190,783226,38647
7060263330,783227,41147
7060257320,783228,565
7060257410,783229,51700
7060274850,783230,7161
7060234040,783240,1513
7060234050,783250,50693
7060192890,783260,406
7060192750,783270,47431
7060177760,783281,26711
7060178720,783282,2663
7060178710,783283,463
7060176340,783284,5346
7060176450,783285,8769
7060174100,783286,8514
7060174230,783287,757
7060190200,783288,1
7060190090,783289,87
7060177910,783291,3084
7060174580,783292,2868
7060174590,783293,26
7060174110,783294,631
7060173970,783295,89
7060171730,783296,4
7060171990,783297,29
7060174890,783298,78
7060174770,783299,3089
7060055790,783301,4114
7060055920,783302,22385
7060055930,783303,17054
7060056620,783304,410
7060056630,783305,1380
7060056700,783306,589
7060056710,783307,1381
7060056760,783308,9189
7060056770,783309,746640
7060016270,783310,1350280
7060016850,783320,141
7060016860,783330,2656
7060017140,783340,84
7060017150,783350,233
7060017930,783360,1928
7060017940,783370,0
7060018020,783380,607
7060057190,783390,706
7060018030,783391,1219
7060018590,783392,1
7060018600,783393,0
7060018610,783394,0
7060018620,783395,1538
7060018780,783396,6802
7060018790,783397,102
7060018950,783398,14
7060018960,783399,5
7060019010,783401,1184
7060163080,783402,1854
7060163190,783403,13987
7060162660,783404,396
7060162570,783405,2646
7060148380,783406,19141
7060148370,783407,1390
7060140470,783408,3
7060140620,783409,709
7060019020,783500,12540
7060019190,783600,1381
7060057980,783700,16930
7060019200,783701,450
7060019440,783702,281
7060019450,783703,269
7060019800,783704,1
7060019810,783705,0
7060019840,783706,0
7060019850,783707,28
7060019970,783708,0
7060019980,783709,2169
7060020090,783801,4
7060123580,783802,330
7060123570,783803,238
7060108050,783804,4
7060108080,783805,108
7060108980,783806,4
7060108990,783807,1
7060111530,783808,0
7060111430,783809,0
7060058600,783900,13282
7060020100,783901,18
7060020430,783902,2
7060020440,783903,10
7060020500,783904,10
7060020510,783905,31305
7060020680,783906,0
7060020690,783907,3119
7060020780,783908,620
7060020790,783909,383
8060019790,811000,7781
8060000010,811101,0
8060000060,811102,923
8060000070,811103,521
8060000290,811104,1
8060000300,811105,0
8060000400,811106,0
8060000410,811107,0
8060000670,811108,0
8060000680,811109,0
8060000810,811201,1
8060274890,811202,1
8060274880,811203,14
8060260470,811204,17
8060260480,811205,2
8060263780,811206,2
8060263840,811207,1
8060267640,811208,7
8060267770,811209,2
8060000820,811301,26503
8060001750,811302,2424
8060001760,811303,5373
8060001790,811304,21370
8060001800,811305,309531
8060002140,811306,25
8060002150,811307,0
8060002160,811308,0
8060002170,811309,493
8060002260,811401,0
8060259380,811402,0
8060259450,811403,0
8060242630,811404,0
8060242620,811405,0
8060241980,811406,0
8060241920,811407,0
8060229830,811408,0
8060229820,811409,0
8060019080,811500,218
8060002270,811510,322
8060002400,811520,26
8060019610,811530,40
8060002410,811531,16
8060003220,811532,65
8060003230,811533,2608
8060003720,811534,0
8060003730,811535,94
8060004160,811536,0
8060004170,811537,7
8060004200,811538,4
8060004210,811539,105
8060004280,811540,9
8060004290,811550,85
8060004350,811560,521
8060004360,811570,210
8060004410,811580,692
8060004420,811590,62
8060004480,811601,14
8060306870,811602,467
8060306880,811603,2
8060303220,811604,0
8060303260,811605,615
8060297740,811606,206
8060297750,811607,1
8060278910,811608,1
8060278870,811609,0
8060004490,811700,4643
8060004910,811811,63
8060285170,811812,0
8060285160,811813,9118
8060275630,811814,765
8060275490,811815,1033
8060272800,811816,1
8060272850,811817,396
8060258870,811818,0
8060258770,811819,0
8060257060,811820,1
8060256960,811830,0
8060254470,811840,2
8060254340,811850,347
8060225860,811860,0
8060225700,811870,0
8060224230,811880,0
8060224140,811890,1
8060020220,811900,156
8060004920,811901,1480
8060005050,811902,443
8060005060,811903,1176
8060005150,811904,375
8060005160,811905,0
8060005190,811906,0
8060005200,811907,0
8060005250,811908,0
8060005260,811909,4309
8060005510,812101,866
8060248080,812102,647
8060248210,812103,606
8060248700,812104,0
8060248850,812105,833
8060246290,812106,114
8060246280,812107,68
8060236950,812108,73
8060236960,812109,557
8060183760,812201,497
8060142150,812202,0
8060142260,812203,2
8060142620,812204,0
8060142510,812205,0
8060141930,812206,4
8060141820,812207,1
8060134260,812208,405
8060134390,812209,58
8060183880,812301,404
8060187200,812302,0
8060187150,812303,141
8060186210,812304,1
8060186220,812305,5
8060182000,812306,3
8060181840,812307,0
8060176860,812308,0
8060176870,812309,0
8060176200,812410,95
8060186150,812420,21
8060186110,812430,2
8060182380,812440,8205
8060182480,812450,116
8060191000,812460,1865
8060190880,812471,6124
8060185330,812472,86617
8060185450,812473,13802
8060191680,812474,524
8060191670,812475,538
8060200510,812476,1705
8060200390,812477,1202
8060200690,812478,128
8060200840,812479,4066
8060224890,812480,134
8060224880,812490,187
8060176060,812501,299
8060149600,812502,0
8060149760,812503,0
8060149930,812504,35
8060149770,812505,0
8060147270,812506,0
8060147380,812507,71
8060142980,812508,284
8060143060,812509,0
8060141350,812601,0
8060140910,812602,2
8060141040,812603,31
8060130340,812604,1
8060130480,812605,204
8060119620,812606,56
8060119700,812607,38
8060129020,812608,6
8060129130,812609,7
8060141480,812701,469
8060146840,812702,60
8060146890,812703,0
8060154080,812704,128
8060153970,812705,261
8060194110,812706,30
8060194180,812707,903
8060202520,812708,908
8060202510,812709,191
8060219130,812801,64
8060214100,812802,18
8060214160,812803,43
8060212940,812804,118
8060212970,812805,359
8060213590,812806,16
8060213720,812807,5
8060216240,812808,3
8060216310,812809,2
8060219290,812910,1
8060221500,812921,6
8060222000,812922,26
8060222130,812923,4
8060234860,812924,137
8060234870,812925,4
8060239840,812926,4
8060240040,812927,2
8060252250,812928,7
8060252130,812929,176
8060221510,812930,19
8060231190,812941,419
8060230650,812942,1
8060230530,812943,0
8060228670,812944,9
8060228740,812945,1
8060236260,812946,1
8060236470,812947,441
8060249210,812948,18
8060249330,812949,448
8060231240,812950,666
8060251780,812960,67
8060251940,812970,1
8060259520,812981,656
8060274770,812982,1712
8060274780,812983,28335
8060280610,812984,106
8060280670,812985,1105
8060287740,812986,917
8060287840,812987,36
8060298170,812988,348
8060298100,812989,134
8060259590,812990,472
8060020750,813100,101
8060005520,813101,2735
8060006000,813102,196
8060006010,813103,2632
8060006230,813104,2
8060006240,813105,1055
8060006850,813106,434
8060006860,813107,3015
8060006940,813108,877
8060006950,813109,0
8060007020,813201,813
8060132810,813202,143
8060132980,813203,132
8060128840,813204,0
8060128980,813205,78
8060130250,813206,110
8060130330,813207,512
8060137590,813208,0
8060137520,813209,0
8060007030,813300,5
8060007180,813401,591
8060112750,813402,0
8060112810,813403,0
8060111600,813404,0
8060111760,813405,0
8060110370,813406,0
8060110500,813407,0
8060111120,813408,0
8060111190,813409,0
8060007190,813501,1255
8060007630,813502,15
8060007640,813503,0
8060007690,813504,0
8060007700,813505,0
8060007830,813506,0
8060007840,813507,5779
8060008020,813508,300
8060008030,813509,3
8060008230,813600,0
8060008240,813700,218
8060008380,813801,486
8060089980,813802,9
8060089970,813803,0
8060090400,813804,0
8060090390,813805,0
8060096530,813806,0
8060096520,813807,0
8060097530,813808,0
8060097430,813809,0
8060008390,813901,327
8060008470,813902,192
8060008480,813903,1139
8060008510,813904,1126
8060008520,813905,168
8060008550,813906,26
8060008560,813907,13
8060008630,813908,13
8060008640,813909,299
8060008900,821001,0
8060008970,821002,0
8060008980,821003,0
8060009130,821004,1
8060009140,821005,0
8060009240,821006,0
8060009250,821007,0
8060009460,821008,632
8060009470,821009,0
8060009560,822110,3457
8060112340,822121,796
8060155680,822122,12
8060155780,822123,1
8060158000,822124,14
8060157910,822125,0
8060160330,822126,14
8060160210,822127,2
8060159800,822128,6
8060159890,822129,14
8060112350,822130,2
8060122100,822140,29
8060122010,822150,113
8060148430,822160,102
8060148510,822170,364
8060164230,822180,0
8060164290,822190,658
8060183070,822210,645
8060170630,822220,0
8060170460,822230,0
8060155650,822240,0
8060155550,822250,0
8060155470,822261,0
8060148890,822262,0
8060148880,822263,0
8060147670,822264,0
8060147790,822265,0
8060147850,822266,0
8060147910,822267,0
8060152640,822268,0
8060152450,822269,0
8060155560,822270,0
8060150880,822280,0
8060150960,822291,0
8060162570,822292,0
8060162560,822293,0
8060176270,822294,0
8060176280,822295,0
8060191300,822296,259
8060191160,822297,0
8060185510,822298,0
8060185500,822299,0
8060183170,822310,215
8060194580,822320,0
8060194590,822330,0
8060196880,822340,0
8060196780,822350,128
8060231560,822360,1
8060231700,822370,0
8060243490,822380,0
8060243400,822390,903
8060252760,822410,281
8060270510,822421,49
8060265470,822422,0
8060265410,822423,0
8060260060,822424,0
8060259990,822425,0
8060258800,822426,0
8060258940,822427,0
8060241570,822428,0
8060241560,822429,0
8060270520,822430,450
8060286910,822440,116
8060286860,822450,13
8060298780,822461,0
8060303960,822462,2
8060304100,822463,41
8060306890,822464,6
8060306980,822465,408
8060309320,822466,3796
8060309340,822467,349
8060316070,822468,13
8060316110,822469,17
8060298770,822471,6
8060296400,822472,5
8060296490,822473,2
8060302220,822474,13
8060302210,822475,13
8060299220,822476,2
8060299210,822477,0
8060297330,822478,2
8060297380,822479,3
8060297840,822480,8
8060297770,822491,0
8060293820,822492,1
8060293870,822493,2
8060292670,822494,307
8060292590,822495,1454
8060287650,822496,39
8060287560,822497,1
8060286130,822498,95
8060285990,822499,34
8060252610,822511,0
8060254850,822512,0
8060254970,822513,61
8060264760,822514,89
8060264660,822515,0
8060260870,822516,0
8060261020,822517,0
8060261290,822518,0
8060261410,822519,701
8060269450,822520,43
8060269310,822530,4
8060272130,822541,3845
8060294870,822542,0
8060294970,822543,0
8060298840,822544,0
8060298910,822545,198
8060306950,822546,264
8060306940,822547,128
8060308670,822548,2055
8060308720,822549,61
8060272020,822550,87
8060271080,822560,8
8060271000,822570,1
8060266590,822580,440
8060266430,822590,0
8060264670,822610,0
8060262310,822621,0
8060245770,822622,18834
8060245940,822623,2776
8060229140,822624,553
8060229150,822625,185
8060226220,822626,0
8060226210,822627,0
8060197650,822628,0
8060197790,822629,144
8060262400,822630,0
8060258570,822641,1
8060261310,822642,8
8060261430,822643,3
8060275110,822644,7
8060275180,822645,0
8060279900,822646,4
8060279860,822647,5
8060283050,822648,74
8060282950,822649,82
8060258460,822650,0
8060252780,822660,0
8060252880,822670,1
8060246160,822680,339
8060246110,822691,11
8060201750,822692,0
8060201890,822693,0
8060203090,822694,0
8060202910,822695,0
8060193680,822696,0
8060193730,822697,0
8060189340,822698,0
8060189330,822699,0
8060264770,822700,2158
8060307300,822810,199
8060311330,822820,1707
8060311240,822830,1407
8060311060,822841,78
8060303080,822842,15
8060302950,822843,797
8060303200,822844,219
8060303240,822845,857
8060305580,822846,639
8060305540,822847,41
8060304890,822848,7
8060305050,822849,7
8060311100,822850,9617
8060328000,822861,28049
8060328820,822862,2889
8060328810,822863,64
8060328010,822864,121
8060328070,822865,108
8060327140,822866,11
8060327190,822867,0
8060325830,822868,0
8060325760,822869,0
8060327990,822870,81343
8060338740,822880,19833
8060338780,822891,270
8060340710,822892,34050
8060340700,822893,846
8060342260,822894,1681
8060342280,822895,7723
8060342780,822896,20395
8060342750,822897,442
8060343100,822898,14
8060343130,822899,15406
8060307380,822910,2465
8060315230,822921,6
8060315580,822922,6979
8060315650,822923,464
8060325250,822924,1429
8060325210,822925,47
8060331230,822926,802
8060331290,822927,0
8060331570,822928,4143
8060331600,822929,1469
8060315160,822931,249
8060314130,822932,5910
8060314150,822933,3406
8060320060,822934,147
8060320050,822935,102
8060324030,822936,2089
8060323980,822937,757
8060328340,822938,1012
8060328330,822939,12264
8060331980,822941,3141
8060335620,822942,10681
8060335660,822943,6867
8060338810,822944,1123
8060338830,822945,22
8060338970,822946,95330
8060339000,822947,28
8060341350,822948,0
8060341320,822949,4509
8060331970,822950,40811
8060332600,822960,14332
8060332620,822971,1966
8060332270,822972,7763
8060332200,822973,15014
8060331910,822974,763
8060331810,822975,1711
8060331740,822976,741
8060331800,822977,1197
8060332890,822978,23
8060332940,822979,23
8060333260,822980,3850
8060333190,822991,0
8060332850,822992,14
8060332820,822993,0
8060332210,822994,0
8060332260,822995,0
8060327690,822996,48
8060327650,822997,68
8060322700,822998,69
8060322730,822999,187
8060009570,823010,731
8060009890,823020,0
8060009900,823030,0
8060010040,823041,0
8060104840,823042,0
8060104850,823043,0
8060105600,823044,0
8060105550,823045,0
8060109640,823046,135
8060109650,823047,0
8060125280,823048,0
8060125380,823049,0
8060010050,823050,0
8060010200,823060,0
8060010210,823070,311
8060010430,823080,0
8060010440,823090,0
8060010700,831101,0
8060010730,831102,0
8060010740,831103,0
8060010850,831104,0
8060010860,831105,0
8060010990,831106,0
8060011000,831107,6
8060011250,831108,13
8060011260,831109,1092
8060011270,831201,323
8060126470,831202,0
8060126630,831203,0
8060129850,831204,0
8060130010,831205,0
8060152250,831206,0
8060152090,831207,0
8060154280,831208,0
8060154140,831209,0
8060011280,831301,139
8060011310,831302,0
8060011320,831303,0
8060011370,831304,0
8060011380,831305,0
8060011450,831306,0
8060011460,831307,0
8060011680,831308,0
8060011690,831309,0
8060011800,831400,0
8060011810,831501,0
8060011880,831502,0
8060011890,831503,0
8060011980,831504,0
8060011990,831505,6
8060012100,831506,0
8060012110,831507,0
8060012500,831508,0
8060012510,831509,0
8060012600,831600,0
8060028390,831700,1297
8060012610,831701,0
8060012680,831702,0
8060012690,831703,0
8060012760,831704,0
8060012770,831705,0
8060012900,831706,0
8060012910,831707,0
8060013040,831708,0
8060013050,831709,0
8060013480,831810,0
8060129330,831820,0
8060129410,831830,0
8060156310,831840,0
8060156300,831850,0
8060159820,831860,0
8060160010,831870,0
8060177370,831880,0
8060177260,831890,0
8060013490,831911,0
8060013680,831912,0
8060013690,831913,0
8060013760,831914,0
8060013770,831915,1034
8060014080,831916,0
8060014090,831917,0
8060014500,831918,0
8060014510,831919,0
8060014730,831920,0
8060014740,831930,0
8060014810,831940,0
8060030930,831950,0
8060014820,831951,671
8060014830,831952,209
8060014840,831953,46
8060015210,831954,0
8060015220,831955,1177
8060015920,831956,0
8060015930,831957,0
8060016020,831958,0
8060016030,831959,598
8060016080,831960,0
8060016090,831970,0
8060016570,831980,0
8060016580,831990,877
8060016860,832101,0
8060016890,832102,0
8060016910,832103,0
8060017300,832104,0
8060017310,832105,0
8060017600,832106,0
8060017610,832107,0
8060017800,832108,0
8060017810,832109,0
8060018080,832200,0
8060018090,832300,0
8060018120,832410,0
8060201110,832421,0
8060211650,832422,0
8060211690,832423,0
8060229590,832424,0
8060229750,832425,0
8060243800,832426,0
8060243620,832427,0
8060281800,832428,0
8060281810,832429,0
8060201080,832430,2124
8060190480,832441,0
8060192880,832442,0
8060193020,832443,0
8060199600,832444,0
8060199520,832445,0
8060211920,832446,0
8060211930,832447,2
8060239620,832448,17
8060239530,832449,22
8060190630,832450,0
8060227070,832460,0
8060226940,832470,0
8060261050,832480,5
8060261040,832490,13
8060018140,832500,3292
8060018730,832600,0
8060018740,832701,0
8060018810,832702,0
8060018820,832703,0
8060018830,832704,0
8060018840,832705,2569
8060018890,832706,0
8060018900,832707,0
8060018950,832708,0
8060018960,832709,0
8060018970,832801,0
8060282510,832802,0
8060282670,832803,0
8060283540,832804,0
8060283690,832805,0
8060290300,832806,0
8060290230,832807,0
8060293840,832808,0
8060293900,832809,0
8060018980,832900,0
8060032440,833000,0
8060030970,833001,0
8060031040,833002,0
8060031050,833003,0
8060031580,833004,0
8060031590,833005,892
8060032190,833006,0
8060032200,833007,0
8060032250,833008,0
8060032260,833009,0
8060022890,841001,111
8060023080,841002,0
8060023090,841003,0
8060023160,841004,0
8060023170,841005,0
8060023260,841006,0
8060023270,841007,0
8060023560,841008,0
8060023570,841009,0
8060024130,842010,1446
8060024230,842020,0
8060024240,842031,0
8060024290,842032,0
8060024300,842033,0
8060024340,842034,0
8060024350,842035,0
8060024670,842036,0
8060024680,842037,0
8060024850,842038,0
8060024860,842039,0
8060025160,842040,0
8060025170,842050,347
8060025650,842060,0
8060025660,842071,0
8060026280,842072,0
8060026290,842073,0
8060026320,842074,0
8060026330,842075,0
8060026580,842076,0
8060026590,842077,0
8060026830,842078,0
8060026840,842079,0
8060026850,842080,0
8060028180,842090,0
8060026860,842091,0
8060027540,842092,0
8060027550,842093,0
8060027600,842094,0
8060027610,842095,0
8060027930,842096,0
8060027940,842097,0
8060027950,842098,0
8060027960,842099,0
8060030100,843000,0
8060028930,843001,0
8060029020,843002,0
8060029030,843003,0
8060029740,843004,0
8060029750,843005,0
8060029760,843006,0
8060029770,843007,0
8060030000,843008,0
8060030010,843009,0
8060030130,844000,0
8060043200,851000,0
8060032840,851010,0
8060033310,851020,0
8060033320,851030,0
8060034090,851040,0
8060034100,851050,0
8060034170,851060,0
8060034180,851071,0
8060034210,851072,0
8060034220,851073,0
8060034350,851074,0
8060034360,851075,0
8060034410,851076,0
8060034420,851077,855
8060034890,851078,0
8060034900,851079,0
8060035010,851080,0
8060035020,851091,1656
8060036300,851092,0
8060036310,851093,905
8060036720,851094,0
8060036730,851095,2115
8060038790,851096,0
8060038800,851097,0
8060038860,851098,0
8060043890,852000,0
8060038870,852010,0
8060039130,852020,0
8060044350,852030,0
8060039140,852031,6777
8060040100,852032,0
8060040110,852033,2039
8060041620,852034,0
8060041630,852035,0
8060041740,852036,0
8060041750,852037,0
8060041920,852038,0
8060041930,852039,0
8060041980,852041,0
8060142120,852042,0
8060142230,852043,0
8060146880,852044,0
8060146950,852045,0
8060148000,852046,0
8060147990,852047,0
8060178540,852048,0
8060178550,852049,0
8060041990,852050,0
8060042220,852060,0
8060043700,852070,0
8060042230,852071,0
8060042460,852072,0
8060042470,852073,0
8060042570,852074,0
8060042580,852075,0
8060042710,852076,0
8060042720,852077,0
8060042770,852078,0
8060042780,852079,0
8060042910,852080,0
8060042920,852090,0
8060044560,861001,0
8060045460,861002,0
8060045500,861003,0
8060045520,861004,0
8060045610,861005,0
8060045900,861006,0
8060045910,861007,0
8060047650,862010,0
8060047690,862020,0
8060047730,862030,0
8060048550,862040,244
8060048860,862050,0
8060049370,862060,0
8060049390,862070,0
8060049610,862080,0
8060049710,862091,0
8060049760,862092,0
8060049770,862093,0
8060049910,862094,0
8060049920,862095,0
8060050500,862096,0
8060050510,862097,0
8060051210,862098,0
8060051220,862099,0
8060053110,863000,0
8060051550,863001,0
8060052070,863002,0
8060052080,863003,0
8060052550,863004,0
8060052560,863005,0
8060052780,863006,0
8060052790,863007,0
8060053040,863008,0
8060053050,863009,0
8060053140,863011,90
8060055670,863012,0
8060055680,863013,0
8060055790,863014,0
8060055800,863015,1
8060056630,863016,0
8060056640,863017,0
8060056650,863018,0
8060056660,863019,0
8060056830,863020,0
8060056840,863030,0
8060056990,863040,0
8060057000,863050,0
8060057510,863060,0
8060057520,863070,0
8060057550,863080,0
8060057560,863091,0
8060057950,863092,0
8060057960,863093,0
8060058090,863094,0
8060058100,863095,0
8060058500,863096,0
8060058510,863097,0
8060058610,863098,0
8060058620,863099,0
9060000010,911101,0
9060000400,911102,0
9060000410,911103,0
9060000510,911104,0
9060000520,911105,0
9060000550,911106,0
9060000560,911107,0
9060000570,911108,0
9060000580,911109,0
9060000590,911211,0
9060045710,911212,0
9060045680,911213,0
9060045350,911214,0
9060045320,911215,0
9060044700,911216,0
9060044670,911217,0
9060041330,911218,0
9060041260,911219,0
9060040250,911220,0
9060040100,911230,0
9060041830,911240,0
9060041690,911250,0
9060039150,911261,0
9060049790,911262,0
9060049680,911263,0
9060050340,911264,0
9060050220,911265,0
9060050320,911266,0
9060050190,911267,0
9060049360,911268,0
9060049280,911269,0
9060039120,911270,0
9060042260,911281,0
9060042250,911282,0
9060042140,911283,0
9060042340,911284,0
9060042240,911285,0
9060042000,911286,0
9060042110,911287,0
9060047870,911288,0
9060047860,911289,0
9060042380,911290,0
9060000600,911300,0
9060001020,911401,0
9060066030,911402,0
9060066040,911403,0
9060066470,911404,0
9060066480,911405,0
9060071150,911406,0
9060070920,911407,0
9060072930,911408,0
9060072830,911409,0
9060017740,911500,0
9060001030,911510,0
9060001780,911520,0
9060001790,911530,0
9060002040,911540,0
9060002050,911550,0
9060002120,911560,0
9060002130,911570,0
9060002400,911580,0
9060002410,911591,0
9060002690,911592,0
9060002700,911593,422
9060002970,911594,0
9060002980,911595,0
9060002990,911596,0
9060003000,911597,0
9060003230,911598,0
9060003240,911599,0
9060003270,911601,0
9060085960,911602,0
9060086030,911603,0
9060083690,911604,0
9060083650,911605,0
9060082820,911606,0
9060082790,911607,0
9060082460,911608,0
9060082520,911609,0
9060003280,911700,0
9060003610,911801,0
9060097840,911802,0
9060097930,911803,0
9060098750,911804,0
9060098700,911805,0
9060098200,911806,0
9060098130,911807,0
9060099220,911808,0
9060099200,911809,0
9060003620,911911,0
9060003770,911912,0
9060003780,911913,0
9060004080,911914,0
9060004090,911915,0
9060004250,911916,0
9060004260,911917,0
9060004290,911918,0
9060004300,911919,0
9060004410,911920,0
9060004420,911930,0
9060004590,911940,0
9060004600,911950,0
9060004770,911960,0
9060004780,911970,917
9060005230,911980,0
9060005240,911990,0
9060005280,912101,0
9060005290,912102,0
9060005300,912103,0
9060005350,912104,0
9060005360,912105,0
9060005370,912106,0
9060005380,912107,66
9060005630,912108,0
9060005640,912109,0
9060005760,912201,0
9060124640,912202,0
9060124670,912203,0
9060124820,912204,0
9060124850,912205,0
9060124870,912206,0
9060124860,912207,0
9060121950,912208,0
9060122000,912209,0
9060005770,912300,0
9060005880,912400,0
9060005890,912510,0
9060006010,912520,0
9060006020,912530,0
9060006240,912540,0
9060006250,912551,0
9060006430,912552,0
9060006440,912553,0
9060006450,912554,0
9060006460,912555,0
9060006550,912556,0
9060006560,912557,0
9060006570,912558,0
9060006580,912559,1562
9060007250,912560,0
9060007260,912571,2864
9060007310,912572,123
9060007320,912573,1453
9060007510,912574,0
9060007520,912575,13
9060007570,912576,0
9060007580,912577,184
9060007940,912578,0
9060007930,912580,0
9060007950,912590,17446
9060008450,912600,0
9060008460,912701,0
9060008490,912702,0
9060008500,912703,0
9060008590,912704,0
9060008600,912705,263
9060009250,912706,0
9060009260,912707,9
9060009300,912708,162
9060009310,912709,5685
9060009880,912801,0
9060120830,912802,0
9060120760,912803,0
9060120590,912804,0
9060120560,912805,0
9060118480,912806,0
9060118520,912807,0
9060118610,912808,0
9060118590,912809,0
9060009890,912900,2393
9060018060,913000,168
9060010370,913100,1201
9060010410,913210,0
9060109660,913220,0
9060109730,913230,0
9060111620,913240,0
9060111590,913250,0
9060103700,913260,0
9060103730,913270,0
9060103260,913280,0
9060103220,913290,0
9060010430,913300,4802
9060010550,913410,0
9060100020,913420,0
9060100080,913430,0
9060100090,913441,0
9060096990,913442,0
9060097020,913443,0
9060098410,913444,0
9060098480,913445,0
9060101230,913446,0
9060101270,913447,0
9060101310,913448,0
9060101360,913449,0
9060100030,913450,0
9060094850,913460,0
9060094910,913471,0
9060094730,913472,0
9060094780,913473,0
9060092570,913474,0
9060092650,913475,0
9060092340,913476,0
9060092400,913477,0
9060091390,913478,0
9060091450,913479,0
9060089660,913480,0
9060089740,913490,0
9060018370,913500,68
9060010560,913510,123
9060010670,913520,0
9060010680,913530,1213
9060011090,913540,0
9060011100,913550,24
9060011220,913561,0
9060081990,913562,0
9060082000,913563,0
9060079120,913564,0
9060079140,913565,0
9060078520,913566,0
9060078540,913567,0
9060077450,913568,0
9060077430,913569,0
9060011230,913570,317
9060011510,913580,0
9060011530,913590,427
9060011740,913601,0
9060068800,913602,0
9060068750,913603,0
9060067440,913604,0
9060067310,913605,0
9060062530,913606,0
9060062570,913607,0
9060064650,913608,0
9060064600,913609,0
9060011750,913700,95
9060012040,913801,0
9060058710,913802,0
9060058730,913803,0
9060059680,913804,0
9060059780,913805,0
9060058850,913806,0
9060058900,913807,0
9060060320,913808,0
9060060390,913809,0
9060012050,913901,0
9060013160,913902,0
9060013170,913903,156
9060013730,913904,0
9060013740,913905,0
9060013750,913906,0
9060013760,913907,0
9060013770,913908,0
9060013780,914100,477
9060014800,914201,0
9060031800,914202,0
9060031700,914203,0
9060028750,914204,0
9060028670,914205,0
9060027210,914206,0
9060027250,914207,0
9060033590,914208,0
9060033490,914209,0
9060014810,914300,0
9060015210,914401,0
9060024060,914402,0
9060023990,914403,0
9060024340,914404,0
9060024350,914405,0
9060035990,914406,0
9060035910,914407,0
9060034940,914408,0
9060034860,914409,0
9060015220,914501,0
9060015410,914502,0
9060015420,914503,0
9060015550,914504,0
9060015560,914505,0
9060015650,914506,0
9060015660,914507,0
9060015710,914508,0
9060015720,914509,0
9060016100,914600,0
9060018400,914700,0
9060016110,914701,0
9060016420,914702,0
9060016430,914703,0
9060017060,914704,0
9060017070,914705,0
9060017100,914706,0
9060017110,914707,0
9060017140,914708,0
9060017150,914709,0
9060017460,914801,0
9060030450,914802,0
9060030410,914803,0
9060030270,914804,0
9060030200,914805,0
9060028080,914806,0
9060028060,914807,0
9060027400,914808,0
9060027360,914809,0
9060017470,914900,0
