PFAF_ID,basin_area_km2,population,pixel_count,area_pct,runoff_onset_median,runoff_onset_mad,runoff_onset_WY2015,runoff_onset_anomaly_WY2015,pixel_count_WY2015,runoff_onset_WY2016,runoff_onset_anomaly_WY2016,pixel_count_WY2016,runoff_onset_WY2017,runoff_onset_anomaly_WY2017,pixel_count_WY2017,runoff_onset_WY2018,runoff_onset_anomaly_WY2018,pixel_count_WY2018,runoff_onset_WY2019,runoff_onset_anomaly_WY2019,pixel_count_WY2019,runoff_onset_WY2020,runoff_onset_anomaly_WY2020,pixel_count_WY2020,runoff_onset_WY2021,runoff_onset_anomaly_WY2021,pixel_count_WY2021,runoff_onset_WY2022,runoff_onset_anomaly_WY2022,pixel_count_WY2022,runoff_onset_WY2023,runoff_onset_anomaly_WY2023,pixel_count_WY2023,runoff_onset_WY2024,runoff_onset_anomaly_WY2024,pixel_count_WY2024,runoff_onset_WY2025,runoff_onset_anomaly_WY2025,pixel_count_WY2025,_version,_git_sha,_analysis_git_sha,_written_at
11429,22823.2,1262622,9,0.0,,,,,0,,,0,,,2,,,9,,,0,,,9,,,7,,,0,,,0,,,0,,,0,v10,18992fa,fedca7c,2026-09-04T23:05:01+00:00
11732,46797.7,10056635,1163,0.016,,,,,1071,,,796,,,807,,,1143,,,1104,,,1072,,,1062,,,1047,,,1010,,,1048,,,1071,v10,18992fa,fedca7c,2026-09-04T23:05:01+00:00
11734,51382.7,4259873,2011,0.025,,,,,1926,,,1766,,,1684,,,1997,,,1766,,,1905,,,1863,,,1844,,,1667,,,1761,,,1792,v10,18992fa,fedca7c,2026-09-04T23:05:01+00:00
12780,98763.6,2376431,216,0.001,,,,,102,,,0,,,0,,,0,,,0,,,0,,,93,,,214,,,101,,,0,,,215,v10,18992fa,fedca7c,2026-09-04T23:05:01+00:00
15140,95886.5,953900,51594,0.344,,,,,834,,,19193,,,50345,,,51384,,,31095,,,15048,,,40485,,,45363,,,43002,,,3792,,,43511,v10,18992fa,fedca7c,2026-09-04T23:05:01+00:00
15150,74061.5,8239552,50268,0.434,,,,,8287,,,39590,,,50133,,,50089,,,44318,,,32944,,,49499,,,46448,,,44149,,,10937,,,40973,v10,18992fa,fedca7c,2026-09-04T23:05:01+00:00
15160,38046.5,3692736,104826,1.763,,,,,3017,181.79,14.81,79613,153.974,-10.517,104126,171.077,6.632,104816,145.702,-22.667,70213,140.67,-28.782,59643,167.173,2.316,100910,159.393,-9.041,71295,165.455,-3.813,64880,,,12044,174.27,8.506,93160,v10,18992fa,fedca7c,2026-09-04T23:05:01+00:00
15180,37812.3,6813787,1301,0.022,,,,,1301,,,453,,,1281,,,1079,,,429,,,512,,,517,,,456,,,452,,,384,,,1242,v10,18992fa,fedca7c,2026-09-04T23:05:01+00:00
15302,54237.1,1307552,30690,0.362,,,,,14942,,,24728,,,30422,,,30376,,,24796,,,21007,,,28034,,,22143,,,23812,,,12644,,,29531,v10,18992fa,fedca7c,2026-09-04T23:05:01+00:00
15305,66780.9,21743118,1238,0.012,,,,,1238,,,1209,,,1190,,,1162,,,1238,,,432,,,28,,,402,,,353,,,442,,,902,v10,18992fa,fedca7c,2026-09-04T23:05:01+00:00
15430,52431.0,752219,11493,0.14,,,,,2244,,,7462,,,10696,,,11493,,,8118,,,5711,,,8901,,,8783,,,7653,,,1152,,,11117,v10,18992fa,fedca7c,2026-09-04T23:05:01+00:00
17294,57037.1,11043450,53,0.001,,,,,0,,,3,,,0,,,36,,,46,,,48,,,49,,,0,,,0,,,0,,,0,v10,18992fa,fedca7c,2026-09-04T23:05:01+00:00
21101,91133.5,33497121,24266,0.17,,,,,24266,,,24075,,,24266,,,24266,,,24266,,,24266,,,24266,,,24266,,,24234,,,24262,,,24133,v10,18992fa,fedca7c,2026-09-04T23:05:01+00:00
21103,74073.4,5987634,1953654,16.88,159.221,8.19,164.318,4.63,1904293,148.59,-13.63,1518302,159.627,0.293,1940139,151.429,-14.4,1281695,165.661,6.303,1939519,159.926,0.191,1902737,172.326,7.971,1419253,160.794,1.431,1940916,168.323,1.062,978102,162.543,-7.597,938182,160.634,-2.233,1544868,v10,18992fa,fedca7c,2026-09-04T23:05:01+00:00
21105,135473.7,21011590,276135,1.305,,,168.345,3.728,274067,,,191481,164.597,0.143,275766,151.148,-15.909,238586,167.98,3.533,275901,160.197,-4.399,273991,170.624,1.744,214200,172.073,7.618,275828,,,209804,,,182887,172.354,6.11,251045,v10,18992fa,fedca7c,2026-09-04T23:05:01+00:00
21200,21105.3,1189686,2979,0.09,,,,,2852,,,2290,,,2979,,,2800,,,2966,,,2886,,,2685,,,2977,,,2590,,,2940,,,2806,v10,18992fa,fedca7c,2026-09-04T23:05:01+00:00
21302,52511.4,3418607,76565,0.933,,,,,67880,,,47925,,,76352,,,68111,,,73768,,,49886,,,52693,,,73184,,,29636,,,56619,,,67781,v10,18992fa,fedca7c,2026-09-04T23:05:01+00:00
21303,12458.2,538406,49349,2.535,,,187.044,5.889,47835,179.273,-5.683,42950,171.688,-8.388,49077,177.755,-4.818,45846,179.654,-0.303,49316,186.996,0.132,40794,194.913,11.131,44416,187.712,7.314,48780,199.129,11.342,39803,170.591,-12.15,45444,177.184,-3.692,48049,v10,18992fa,fedca7c,2026-09-04T23:05:01+00:00
21304,16801.7,857574,119362,4.547,,,177.895,5.743,116570,182.076,-2.634,74232,164.107,-8.123,114921,171.122,-2.963,108509,170.371,-1.038,119157,179.402,2.485,95662,187.889,9.791,93262,181.513,8.841,113993,193.697,9.748,75567,159.55,-15.084,104389,167.172,-7.782,104010,v10,18992fa,fedca7c,2026-09-04T23:05:01+00:00
21305,7252.8,1190975,325,0.029,,,,,252,,,36,,,325,,,176,,,325,,,314,,,145,,,325,,,180,,,304,,,322,v10,18992fa,fedca7c,2026-09-04T23:05:01+00:00
21306,24524.0,2053742,199129,5.197,164.844,11.631,174.571,9.292,196101,171.19,-7.339,106538,154.624,-14.682,161316,167.46,-0.847,174043,160.774,-4.139,198543,172.717,1.984,150644,186.074,12.744,141015,174.98,9.348,192800,186.78,9.09,115198,147.765,-22.205,153756,163.075,-4.767,171521,v10,18992fa,fedca7c,2026-09-04T23:05:01+00:00
21307,109443.9,9845257,396889,2.321,,,167.874,4.329,378429,156.855,-13.424,224840,157.707,-6.177,364199,163.605,0.116,378085,161.206,-1.607,393549,168.271,-2.055,228306,171.315,6.679,348697,174.919,12.026,392721,172.471,4.758,280777,149.941,-19.238,235301,158.761,-6.833,321199,v10,18992fa,fedca7c,2026-09-04T23:05:01+00:00
21308,17534.9,1676609,404564,14.766,169.469,11.814,177.217,7.64,402589,169.185,-4.493,327398,157.044,-13.784,377446,169.755,0.196,402958,163.776,-5.875,400148,170.932,-2.925,320049,189.932,19.8,392648,178.614,8.848,398812,181.362,7.898,333795,151.792,-22.354,313178,165.606,-6.209,357742,v10,18992fa,fedca7c,2026-09-04T23:05:01+00:00
21309,47203.0,2873279,375441,5.09,157.821,9.866,161.676,3.638,364957,164.72,3.268,265623,155.738,-4.563,296049,163.808,5.828,371751,149.415,-8.657,361127,149.61,-15.253,175858,170.554,10.999,318196,162.535,2.734,306726,165.821,4.993,279740,149.771,-22.44,98556,139.954,-21.113,248836,v10,18992fa,fedca7c,2026-09-04T23:05:01+00:00
21401,13514.2,2638216,272454,12.903,179.45,10.428,171.706,-10.62,249655,188.17,5.301,244721,177.849,-9.224,184971,183.802,4.22,271616,192.078,7.688,231154,179.982,-2.603,246314,188.343,8.887,272418,173.661,-6.77,262301,177.957,-3.497,255961,175.337,-7.54,243632,181.592,0.14,256486,v10,18992fa,fedca7c,2026-09-04T23:05:01+00:00
21402,4810.8,1628939,72427,9.635,181.493,10.27,174.814,-6.931,71911,187.743,2.988,63952,181.466,-5.93,50339,185.457,3.827,72154,194.318,7.782,58669,180.03,-3.909,66185,191.538,10.046,72427,171.599,-11.42,67530,179.804,-2.966,69150,176.724,-8.679,63001,181.367,-1.799,68207,v10,18992fa,fedca7c,2026-09-04T23:05:01+00:00
21404,14459.7,2067152,731824,32.391,193.09,10.109,186.861,-8.641,661406,196.189,0.329,694398,193.677,-4.732,645588,193.717,0.587,731290,204.753,9.549,699739,192.182,-1.523,720939,203.483,10.383,731697,185.582,-9.887,695342,191.114,-3.958,702575,193.182,-1.966,701712,192.569,-2.159,708045,v10,18992fa,fedca7c,2026-09-04T23:05:01+00:00
21406,73289.8,18309645,1962481,17.137,193.506,10.416,192.543,-1.872,1770201,199.418,2.413,1711455,194.097,-2.814,1786665,197.828,4.238,1959346,204.253,5.64,1714459,188.498,-6.009,1913827,193.361,-0.253,1956630,182.549,-16.645,1679851,188.097,-9.206,1775169,199.712,2.726,1805957,199.353,4.192,1889482,v10,18992fa,fedca7c,2026-09-04T23:05:01+00:00
21408,5614.9,1220343,332,0.038,,,,,332,,,332,,,319,,,332,,,266,,,102,,,332,,,288,,,314,,,29,,,300,v10,18992fa,fedca7c,2026-09-04T23:05:01+00:00
21409,53210.1,8686383,128202,1.542,,,172.167,2.761,127610,171.969,-0.971,107857,165.31,-4.169,126868,166.431,-4.165,121541,168.353,-1.513,124511,,,65992,169.66,-0.149,125257,177.286,5.657,115694,178.95,7.483,116657,,,69439,174.82,4.396,121688,v10,18992fa,fedca7c,2026-09-04T23:05:01+00:00
21500,86469.6,20226519,72066,0.533,,,,,70426,,,47954,,,62552,,,70968,,,62504,,,18146,,,71439,,,58678,,,54648,,,12090,,,56970,v10,18992fa,fedca7c,2026-09-04T23:05:01+00:00
21601,12884.2,4224910,156836,7.791,175.679,12.048,171.327,-7.487,141303,183.609,0.235,116418,178.079,-1.675,135293,187.108,10.848,154543,191.793,8.404,117398,164.462,-12.147,151932,172.208,-3.523,156647,163.732,-21.89,103220,164.212,-16.582,130296,190.581,9.767,134148,186.597,7.363,139465,v10,18992fa,fedca7c,2026-09-04T23:05:01+00:00
21602,96637.0,11590327,2177763,14.423,192.598,9.558,188.622,-5.075,2128523,201.5,6.541,2082573,194.097,-2.34,2022606,198.524,5.75,2171232,202.937,7.799,2072335,186.653,-7.295,2120697,194.497,1.579,2164289,189.391,-5.723,2069442,193.792,-3.757,1968066,196.419,0.063,2022373,193.645,-0.152,2126220,v10,18992fa,fedca7c,2026-09-04T23:05:01+00:00
21603,35262.1,10514843,78808,1.43,,,169.151,-7.14,68217,187.47,8.975,62703,171.342,-2.394,77185,190.868,17.627,78780,175.533,-2.645,62593,158.627,-17.155,70035,161.417,-14.2,70127,179.336,2.693,66804,158.237,-20.975,55884,,,43172,183.778,7.44,69012,v10,18992fa,fedca7c,2026-09-04T23:05:01+00:00
21604,85458.8,3762056,514282,3.851,,,170.865,-9.041,484401,196.301,16.038,485971,175.832,-3.475,497055,193.113,14.647,514003,189.351,6.608,437400,168.045,-13.153,462126,164.906,-14.208,500890,178.579,-1.689,476140,163.904,-17.578,455984,188.664,2.791,383867,187.597,6.09,459823,v10,18992fa,fedca7c,2026-09-04T23:05:01+00:00
21605,15820.8,2952689,20,0.001,,,,,20,,,0,,,20,,,20,,,0,,,0,,,0,,,0,,,0,,,0,,,0,v10,18992fa,fedca7c,2026-09-04T23:05:01+00:00
21609,21476.5,4180012,21880,0.652,,,,,21702,,,18022,,,21773,,,21720,,,20236,,,14364,,,20689,,,20160,,,16062,,,18881,,,17908,v10,18992fa,fedca7c,2026-09-04T23:05:01+00:00
21800,33396.8,2019381,22891,0.439,,,,,22881,,,22110,,,22855,,,22808,,,18987,,,20043,,,22711,,,22032,,,22768,,,17652,,,22429,v10,18992fa,fedca7c,2026-09-04T23:05:01+00:00
21900,26322.7,5447699,709,0.017,,,,,500,,,200,,,556,,,480,,,589,,,559,,,241,,,585,,,614,,,353,,,476,v10,18992fa,fedca7c,2026-09-04T23:05:01+00:00
22100,58373.7,3272348,442158,4.848,,,168.032,1.586,418556,152.908,-14.964,374238,168.858,3.558,441389,151.701,-17.814,353534,168.693,3.261,438420,166.847,1.381,438052,178.392,7.952,339868,171.357,6.09,441947,181.528,5.817,231604,166.382,-6.798,285500,165.572,-3.585,361872,v10,18992fa,fedca7c,2026-09-04T23:05:01+00:00
22120,62833.9,8768353,125431,1.278,,,157.353,4.078,119923,,,97509,149.051,-3.722,125424,,,63561,151.206,-1.696,123718,155.523,2.693,124709,,,75729,166.615,13.83,125328,,,36250,,,61983,,,66258,v10,18992fa,fedca7c,2026-09-04T23:05:01+00:00
22130,29837.1,2013126,111054,2.382,,,155.934,4.285,105902,132.025,-19.325,107924,146.988,-4.237,110991,135.234,-21.014,53610,154.568,2.264,96256,155.163,3.737,108974,172.308,16.992,66598,167.043,15.777,110691,,,32658,141.23,-13.837,59266,144.878,-11.169,54605,v10,18992fa,fedca7c,2026-09-04T23:05:01+00:00
22140,80780.0,4041805,1560387,12.363,151.631,7.358,153.902,1.516,1410956,141.837,-11.464,1111097,150.537,-1.096,1559714,141.196,-17.849,564604,155.639,3.34,1408804,153.339,1.217,1473530,169.785,11.569,674573,159.295,7.622,1552951,162.96,-4.108,223344,153.537,-7.402,461204,148.869,-6.411,933449,v10,18992fa,fedca7c,2026-09-04T23:05:01+00:00
22150,2945.6,825295,17,0.004,,,,,0,,,17,,,15,,,10,,,0,,,10,,,0,,,17,,,7,,,4,,,0,v10,18992fa,fedca7c,2026-09-04T23:05:01+00:00
22160,36321.9,1446392,1443194,25.429,154.643,8.133,160.822,3.872,1249456,148.372,-7.463,1313879,155.062,0.4,1441462,142.477,-19.416,804184,159.935,4.139,1336106,153.137,-2.632,1347310,170.095,7.9,826424,162.933,8.228,1438142,156.814,-9.43,567271,154.904,-5.479,920138,159.114,1.606,1190975,v10,18992fa,fedca7c,2026-09-04T23:05:01+00:00
22170,24038.1,2100895,1149122,30.595,172.417,8.647,174.621,0.757,1100561,167.193,-5.634,1133746,173.556,1.127,1148749,156.143,-18.762,1055501,180.575,7.62,1131188,172.241,-0.703,1131820,179.47,1.428,943011,180.743,8.237,1146341,172.28,-6.186,923217,174.84,-0.445,1042880,175.251,1.503,1103017,v10,18992fa,fedca7c,2026-09-04T23:05:01+00:00
22180,22011.6,341550,2296794,66.781,166.011,9.403,169.223,1.443,2145839,158.443,-7.956,2262627,165.238,-0.775,2296581,156.723,-13.591,1893576,177.735,10.365,2182795,164.347,-4.862,2030493,171.619,0.292,1833815,175.955,8.299,2162023,167.022,-6.65,1608698,170.019,0.703,2015498,170.733,4.49,2278700,v10,18992fa,fedca7c,2026-09-04T23:05:01+00:00
22190,30076.7,1353513,1249130,26.58,192.127,8.102,192.457,-0.062,1238634,191.31,-1.032,1243189,196.094,3.961,1248981,184.042,-8.246,1244749,196.739,4.137,1236517,189.964,-2.29,1245504,192.791,0.105,1234097,198.86,6.706,1248375,189.273,-3.812,1218477,191.226,-0.99,1246919,192.567,0.425,1248709,v10,18992fa,fedca7c,2026-09-04T23:05:01+00:00
22201,9747.6,1053083,81123,5.326,184.54,9.055,189.918,5.107,80527,178.944,-5.68,80946,189.996,5.451,81113,171.519,-13.291,80541,190.359,5.794,81075,178.773,-5.967,80678,188.174,3.285,80354,189.457,4.914,81115,181.663,-3.478,79674,182.307,-2.398,80777,188.508,3.897,80988,v10,18992fa,fedca7c,2026-09-04T23:05:01+00:00
22202,52440.8,3239725,1032038,12.595,181.265,9.006,194.554,1.943,837513,185.292,0.165,959244,183.266,1.727,1026091,176.458,-7.681,975998,196.473,4.938,853372,188.372,-4.866,820851,192.168,1.986,875643,185.223,2.349,1000520,190.605,-3.34,810816,188.461,-2.149,867763,183.589,-0.487,979462,v10,18992fa,fedca7c,2026-09-04T23:05:01+00:00
22203,11633.1,1074139,71,0.004,,,,,48,,,18,,,53,,,6,,,9,,,8,,,31,,,60,,,5,,,65,,,54,v10,18992fa,fedca7c,2026-09-04T23:05:01+00:00
22204,13493.9,666428,235,0.011,,,,,84,,,184,,,202,,,81,,,170,,,16,,,184,,,82,,,99,,,131,,,76,v10,18992fa,fedca7c,2026-09-04T23:05:01+00:00
22205,1706.5,119675,217,0.081,,,,,149,,,105,,,175,,,50,,,119,,,16,,,118,,,67,,,81,,,94,,,122,v10,18992fa,fedca7c,2026-09-04T23:05:01+00:00
22207,2333.9,72114,95,0.026,,,,,52,,,62,,,86,,,32,,,54,,,4,,,50,,,36,,,24,,,67,,,57,v10,18992fa,fedca7c,2026-09-04T23:05:01+00:00
22310,7570.9,1666637,5897,0.498,,,,,8,,,1335,,,5273,,,1873,,,5879,,,495,,,42,,,4098,,,1419,,,2602,,,904,v10,18992fa,fedca7c,2026-09-04T23:05:01+00:00
22320,50350.4,1446781,1015,0.013,,,,,0,,,678,,,1015,,,926,,,891,,,295,,,600,,,396,,,547,,,0,,,757,v10,18992fa,fedca7c,2026-09-04T23:05:01+00:00
22330,21791.6,194631,3239,0.095,,,,,0,,,0,,,3239,,,3178,,,3239,,,0,,,2154,,,529,,,3100,,,3239,,,0,v10,18992fa,fedca7c,2026-09-04T23:05:01+00:00
22340,98720.5,7224052,8901163,57.706,144.567,11.042,168.491,18.142,551044,125.289,-18.355,3341298,140.942,-3.703,8668687,170.504,25.592,8245264,147.223,2.656,8874804,144.374,-1.956,1936124,132.914,-11.288,4165500,142.616,-1.898,8600104,138.395,-5.475,1556227,143.174,-1.284,2915430,138.457,-6.748,1274865,v10,18992fa,fedca7c,2026-09-04T23:05:01+00:00
22350,55753.3,1037961,5368226,61.623,147.693,11.669,165.905,11.113,785328,132.799,-19.736,661310,142.936,-4.929,5029919,167.642,18.786,4385372,149.128,1.097,4981681,139.481,-12.15,697060,133.579,-12.909,1917697,154.09,5.52,4919016,133.276,-11.922,3089983,152.315,5.031,4292338,143.509,-4.502,465846,v10,18992fa,fedca7c,2026-09-04T23:05:01+00:00
22360,34914.1,506892,5209694,95.497,154.211,13.377,167.653,12.427,2773919,129.288,-24.998,4108522,145.748,-8.464,5201821,174.086,19.823,5144383,173.617,19.402,5207498,139.653,-14.678,3578556,161.978,7.395,4290284,158.067,3.856,5209054,137.894,-16.157,4886950,160.947,6.723,5104900,146.419,-8.436,3508085,v10,18992fa,fedca7c,2026-09-04T23:05:01+00:00
22370,375.6,2282,51978,88.567,147.45,10.62,166.759,17.673,2504,,,98,142.865,-4.563,51666,163.596,16.158,36357,154.758,7.275,51077,134.751,-10.91,912,126.562,-20.846,2357,142.906,-4.548,51926,136.916,-8.907,27081,154.091,6.876,6419,148.484,0.137,4321,v10,18992fa,fedca7c,2026-09-04T23:05:01+00:00
22380,61053.3,990288,8746642,91.688,156.102,12.802,165.286,7.56,5746505,132.697,-24.28,5834859,146.814,-9.296,8726512,174.735,18.376,8435721,170.844,14.742,8744362,146.378,-11.719,4220318,163.712,7.183,8033160,160.488,4.387,8745738,136.221,-19.825,8434530,162.352,6.025,8227930,143.497,-14.407,5282700,v10,18992fa,fedca7c,2026-09-04T23:05:01+00:00
22391,17028.0,242926,2466283,92.696,149.973,9.935,164.464,13.215,851262,126.355,-23.732,317539,145.102,-4.822,2425112,169.319,19.182,2333345,159.237,9.264,2466167,140.565,-8.272,228751,140.322,-9.258,1207219,151.599,1.624,2465129,139.084,-10.676,2128781,144.935,-5.075,1115267,140.653,-8.807,564184,v10,18992fa,fedca7c,2026-09-04T23:05:01+00:00
22392,5706.7,158148,856889,96.099,149.712,10.239,163.606,12.283,82275,117.28,-30.505,193541,146.476,-3.218,853736,179.621,29.84,819224,158.899,9.188,856889,145.122,-3.402,302615,143.304,-4.806,273291,152.198,2.486,856790,141.237,-7.247,579976,120.864,-26.998,360310,135.589,-12.058,132123,v10,18992fa,fedca7c,2026-09-04T23:05:01+00:00
22393,3476.0,94358,453256,83.453,149.501,9.551,159.019,8.542,169647,126.25,-22.66,128004,148.847,-0.616,451312,178.519,29.01,446838,164.507,15.006,453256,143.68,-4.636,58249,145.033,-4.314,269463,149.625,0.125,453186,140.578,-8.713,443367,131.861,-17.217,285283,138.218,-10.903,238167,v10,18992fa,fedca7c,2026-09-04T23:05:01+00:00
22394,8817.9,171593,1248191,90.593,152.421,11.507,158.282,5.173,976221,124.412,-28.386,689796,149.222,-3.2,1248042,178.311,25.887,1247170,164.94,12.52,1247127,141.128,-11.693,264241,154.148,1.349,1045166,158.797,6.376,1248067,139.25,-13.174,1230725,156.134,3.507,1173625,139.049,-13.286,931862,v10,18992fa,fedca7c,2026-09-04T23:05:01+00:00
22395,12925.6,462399,1814596,89.848,148.65,11.134,162.11,12.061,470450,128.644,-19.353,1315309,146.125,-2.524,1813747,178.34,29.68,1799534,159.85,11.2,1814050,140.162,-7.43,673809,143.358,-4.906,1493726,156.094,7.444,1814248,138.313,-9.89,1081314,140.74,-7.534,1517003,138.803,-8.88,686261,v10,18992fa,fedca7c,2026-09-04T23:05:01+00:00
22396,21286.2,1747101,2815563,84.654,154.272,11.134,160.626,5.658,2144208,135.819,-18.112,2260102,150.852,-3.42,2814254,172.064,17.764,2796676,160.938,6.663,2811801,140.75,-13.305,1049619,159.672,5.315,2647462,159.766,5.492,2814388,138.755,-15.526,2786682,164.479,10.206,2814037,141.2,-13.115,1556840,v10,18992fa,fedca7c,2026-09-04T23:05:01+00:00
22397,7756.9,461944,1063776,87.769,148.567,11.357,167.535,16.045,185297,134.558,-13.789,970853,146.494,-2.075,1063621,174.784,26.208,1058822,162.052,13.485,1063558,133.693,-13.161,382685,148.555,0.083,1021149,149.572,1.004,1063694,137.219,-11.243,844885,160.006,11.438,1063727,135.793,-12.31,589271,v10,18992fa,fedca7c,2026-09-04T23:05:01+00:00
22398,13011.9,362105,1905677,93.732,154.986,12.738,167.382,10.76,379635,150.406,-4.584,1895965,149.686,-5.3,1905302,166.371,11.385,1904879,165.032,10.045,1905141,141.501,-12.662,1066588,170.396,15.404,1904184,151.089,-3.897,1905513,142.625,-12.48,1816853,161.467,7.352,1315414,125.382,-28.671,957356,v10,18992fa,fedca7c,2026-09-04T23:05:01+00:00
22399,17138.8,407654,2511613,93.789,148.199,12.243,165.01,14.77,140882,137.969,-10.213,2489537,145.355,-2.845,2511514,172.08,23.531,2221320,159.976,11.431,2222593,133.944,-13.776,1763049,155.751,7.447,2451213,146.539,-2.006,2223921,132.679,-17.963,690533,157.093,8.548,2223698,132.333,-16.109,1298904,v10,18992fa,fedca7c,2026-09-04T23:05:01+00:00
22400,75451.4,6452624,196538,1.667,,,,,22105,,,28294,140.165,-3.235,194547,,,105212,150.077,6.678,194631,,,34959,,,20489,134.506,-8.676,177512,,,10201,,,20911,,,23552,v10,18992fa,fedca7c,2026-09-04T23:05:01+00:00
22512,22733.9,1463428,329,0.009,,,,,0,,,25,,,329,,,311,,,329,,,30,,,34,,,329,,,0,,,0,,,0,v10,18992fa,fedca7c,2026-09-04T23:05:01+00:00
22513,12970.0,814575,317827,15.683,139.435,10.831,,,7636,136.295,-3.462,256551,141.47,2.035,317804,172.814,33.377,317663,135.777,-3.664,317052,,,6196,138.145,-5.143,27923,126.849,-12.517,298490,,,0,145.447,0.661,33734,132.626,-7.487,56258,v10,18992fa,fedca7c,2026-09-04T23:05:01+00:00
22514,14511.5,767852,1265234,55.801,140.998,9.605,170.045,25.168,90789,131.854,-9.161,1226578,141.411,0.41,1263803,166.603,25.524,1221445,140.838,-0.16,1264599,143.704,1.058,80402,142.918,1.611,998187,136.389,-4.851,1128627,,,1283,131.607,-9.655,748116,135.191,-5.031,233267,v10,18992fa,fedca7c,2026-09-04T23:05:01+00:00
22516,22782.0,951770,2075104,58.295,141.437,9.27,168.462,25.079,604093,133.136,-8.013,1738572,140.685,-0.752,2070343,166.682,24.583,1735507,142.879,1.387,2032161,140.738,-1.133,233648,144.591,2.961,1630962,137.892,-3.391,1760216,,,4195,123.178,-18.041,1466385,141.291,-0.26,666566,v10,18992fa,fedca7c,2026-09-04T23:05:01+00:00
22518,19218.2,564112,1440238,47.962,139.32,11.477,164.726,22.964,188899,133.064,-5.832,1280423,137.965,-1.409,1325852,170.413,30.936,1372092,138.07,-0.851,1233015,,,14743,147.859,8.416,1403476,128.718,-9.632,777444,,,27,109.283,-29.605,1132816,143.858,3.568,382920,v10,18992fa,fedca7c,2026-09-04T23:05:01+00:00
22519,28399.9,3756279,5339,0.12,,,,,0,,,4619,,,4750,,,5074,,,5339,,,12,,,4402,,,2707,,,56,,,2444,,,117,v10,18992fa,fedca7c,2026-09-04T23:05:01+00:00
22520,88491.4,3222450,8980667,64.951,143.314,10.808,163.577,17.401,478690,129.605,-14.171,4765638,138.72,-4.51,8727848,169.187,25.665,8498238,148.711,5.958,6908548,134.779,-9.775,1200005,148.517,5.06,8767664,141.865,-2.524,6892535,136.806,-10.088,1872303,132.129,-11.087,7286518,130.837,-13.778,2776770,v10,18992fa,fedca7c,2026-09-04T23:05:01+00:00
22530,19909.1,2071611,2117,0.068,,,,,0,,,145,,,2058,,,1910,,,1982,,,0,,,1638,,,8,,,107,,,60,,,288,v10,18992fa,fedca7c,2026-09-04T23:05:01+00:00
22541,1216.1,8894,33902,17.842,137.729,12.678,,,0,132.904,-4.886,4062,141.19,3.341,33503,163.186,25.457,33902,121.295,-13.438,19139,,,0,139.709,-0.97,16734,,,723,113.121,-21.087,12339,108.41,-24.814,8291,,,1559,v10,18992fa,fedca7c,2026-09-04T23:05:01+00:00
22542,8128.9,166779,22639,1.782,,,,,0,,,749,130.455,0.427,21507,160.747,28.822,17704,121.793,-8.121,20814,,,15,,,9400,,,1229,121.167,-8.457,17195,,,6150,,,931,v10,18992fa,fedca7c,2026-09-04T23:05:01+00:00
22543,11444.1,247303,503101,28.135,134.952,11.717,,,0,122.368,-11.315,23541,135.898,0.963,496714,160.838,25.719,492579,126.796,-7.382,442058,,,312,143.798,7.04,257230,120.705,-11.539,191407,118.945,-14.548,210964,115.978,-16.431,200721,130.975,-5.468,28849,v10,18992fa,fedca7c,2026-09-04T23:05:01+00:00
22544,9516.2,166256,720042,48.426,129.718,10.693,131.627,-0.252,89689,124.353,-7.977,44185,123.915,-5.672,696165,155.875,24.355,524888,130.05,0.271,682539,,,5518,145.912,13.406,482170,125.104,-4.661,610334,124.036,-5.534,529834,111.435,-16.191,319605,135.433,-0.779,28947,v10,18992fa,fedca7c,2026-09-04T23:05:01+00:00
22545,23120.4,529487,742640,20.557,122.565,8.942,,,28089,,,9940,117.365,-5.087,715543,153.77,28.16,320648,122.862,0.138,624195,,,616,147.192,22.422,406588,119.296,-2.515,642066,120.093,-2.816,508809,115.595,-6.134,520239,,,20182,v10,18992fa,fedca7c,2026-09-04T23:05:01+00:00
22546,39420.8,1665177,41961,0.681,,,,,7996,,,31,,,38474,,,6956,,,18576,,,21,,,30693,,,37869,,,11373,,,39215,,,477,v10,18992fa,fedca7c,2026-09-04T23:05:01+00:00
22548,13675.2,563394,37,0.002,,,,,0,,,0,,,37,,,24,,,37,,,0,,,15,,,37,,,0,,,0,,,0,v10,18992fa,fedca7c,2026-09-04T23:05:01+00:00
22549,11992.1,887736,60,0.003,,,,,0,,,0,,,60,,,1,,,56,,,0,,,60,,,1,,,0,,,0,,,32,v10,18992fa,fedca7c,2026-09-04T23:05:01+00:00
22550,4223.5,76047,357285,54.14,141.093,10.122,,,33,128.689,-9.614,18490,140.865,-0.258,353489,162.409,21.294,356152,132.24,-8.28,319686,,,124,142.713,1.225,296230,125.734,-11.824,15430,121.161,-18.248,88452,117.521,-20.802,78392,134.16,-5.063,24615,v10,18992fa,fedca7c,2026-09-04T23:05:01+00:00
22560,42198.0,1251733,3841429,58.261,147.698,11.754,164.676,9.678,81814,146.772,-3.741,945022,138.487,-9.103,3551329,166.695,18.979,3830161,153.356,5.605,3636786,,,50705,152.0,4.088,3678412,149.58,0.714,2992446,141.495,-6.281,3686336,138.538,-10.23,3115244,129.053,-19.481,1137317,v10,18992fa,fedca7c,2026-09-04T23:05:01+00:00
22570,2643.5,84063,235861,57.103,137.355,11.101,,,0,119.325,-15.357,6933,137.246,-0.088,232322,165.858,28.499,233865,132.417,-4.719,229105,,,0,142.6,4.139,166728,121.437,-14.274,88045,122.797,-14.016,120029,124.043,-12.878,60479,134.412,-3.119,29816,v10,18992fa,fedca7c,2026-09-04T23:05:01+00:00
22580,24894.6,3088235,1793823,46.116,137.392,11.184,130.203,-7.337,601504,137.318,-1.484,604896,127.251,-10.16,1739593,158.602,20.678,1669946,133.768,-3.648,1777728,128.958,-10.989,44066,145.803,7.995,1674958,132.774,-4.959,1553411,138.547,0.963,1668130,117.983,-18.983,480141,137.596,-2.301,289742,v10,18992fa,fedca7c,2026-09-04T23:05:01+00:00
22590,31851.3,1283140,2675321,53.756,148.178,11.657,159.762,4.901,203010,156.753,5.869,1750487,140.388,-7.429,2481855,164.863,16.634,2655266,142.78,-5.009,2506654,132.978,-21.443,103017,152.145,3.546,2573765,150.865,2.271,2319448,148.905,0.676,2656153,139.104,-10.574,2249903,134.219,-18.743,1059484,v10,18992fa,fedca7c,2026-09-04T23:05:01+00:00
22601,1092.9,227218,1,0.001,,,,,1,,,0,,,1,,,1,,,0,,,0,,,0,,,0,,,0,,,0,,,0,v10,18992fa,fedca7c,2026-09-04T23:05:01+00:00
22602,63568.5,3398761,391,0.004,,,,,4,,,0,,,390,,,339,,,385,,,0,,,68,,,158,,,1,,,0,,,106,v10,18992fa,fedca7c,2026-09-04T23:05:01+00:00
22603,2856.5,69979,44,0.01,,,,,21,,,25,,,28,,,34,,,5,,,3,,,12,,,0,,,6,,,2,,,11,v10,18992fa,fedca7c,2026-09-04T23:05:01+00:00
22605,7214.1,1366849,42,0.004,,,,,15,,,9,,,36,,,20,,,3,,,4,,,27,,,2,,,5,,,14,,,19,v10,18992fa,fedca7c,2026-09-04T23:05:01+00:00
22606,73158.7,6732258,201182,1.76,,,149.856,4.899,155963,,,75875,131.992,-10.175,201141,160.976,18.808,201089,142.764,-0.784,181529,138.884,-6.186,155246,164.113,19.386,164777,144.191,1.893,197246,,,94696,113.641,-32.003,115044,,,56858,v10,18992fa,fedca7c,2026-09-04T23:05:01+00:00
22607,3048.3,98586,54,0.011,,,,,30,,,3,,,48,,,46,,,1,,,2,,,23,,,1,,,0,,,22,,,42,v10,18992fa,fedca7c,2026-09-04T23:05:01+00:00
22710,39668.3,3486185,137736,2.222,,,148.036,-3.901,72680,125.081,-27.202,67672,128.13,-16.489,137355,161.449,16.708,136396,143.689,-1.635,130010,150.068,0.671,92074,169.466,21.735,111553,149.898,4.83,129648,,,44006,,,45518,146.611,-2.083,95140,v10,18992fa,fedca7c,2026-09-04T23:05:01+00:00
22720,45856.7,3171891,356940,4.982,,,145.687,-0.048,288003,121.937,-26.347,214699,124.786,-18.6,353281,159.021,15.085,343786,145.822,2.44,353192,147.579,-0.988,218756,163.352,15.117,233646,153.876,8.964,307682,167.249,9.079,100010,136.22,-19.305,105371,144.365,-1.177,290324,v10,18992fa,fedca7c,2026-09-04T23:05:01+00:00
22732,12622.2,5045213,35844,1.817,,,164.937,-1.243,35766,145.805,-22.829,31570,143.707,-24.48,31363,171.766,5.313,35403,166.648,0.505,35826,162.378,-13.319,20960,185.907,18.773,34326,179.353,12.377,34530,177.351,6.082,27931,155.833,-17.826,22496,165.709,-1.524,34010,v10,18992fa,fedca7c,2026-09-04T23:05:01+00:00
22734,12651.3,6585424,59061,2.988,,,178.468,-2.348,58395,172.34,-11.448,54194,170.06,-10.783,58167,179.086,-1.309,58950,177.975,-2.668,58537,176.788,-8.259,51979,200.994,17.387,54631,189.243,8.274,58126,195.803,11.119,52995,174.559,-9.678,51647,181.271,-0.91,56379,v10,18992fa,fedca7c,2026-09-04T23:05:01+00:00
22735,26714.5,1735455,9848,0.236,,,,,9560,,,8732,,,9848,,,9764,,,9720,,,9380,,,9093,,,9824,,,4701,,,9447,,,9724,v10,18992fa,fedca7c,2026-09-04T23:05:01+00:00
22736,24130.3,1743282,208721,5.536,158.413,10.988,160.994,0.046,185447,157.466,-16.095,115395,145.162,-13.358,206904,166.882,6.671,194851,160.226,1.135,201843,168.02,-4.701,116493,188.975,15.963,118627,176.403,9.068,141251,190.426,8.889,92459,165.784,-13.159,96181,167.509,-1.633,131700,v10,18992fa,fedca7c,2026-09-04T23:05:01+00:00
22737,55895.4,3815528,146941,1.682,,,171.201,5.13,136062,163.075,-10.12,103145,155.14,-9.259,143541,169.09,2.646,134721,161.656,-2.351,146651,168.765,-0.494,118782,186.772,14.775,108945,179.326,10.803,124203,185.816,9.189,91156,156.146,-16.462,106211,162.691,-6.7,118705,v10,18992fa,fedca7c,2026-09-04T23:05:01+00:00
22738,37809.9,3575374,146275,2.476,,,161.905,11.289,135109,,,47162,140.802,-9.896,121760,150.813,-0.263,124231,147.33,-2.381,145414,150.299,-1.207,111582,172.21,16.617,77694,161.065,10.021,129893,,,45699,127.047,-28.958,66934,133.462,-18.065,102799,v10,18992fa,fedca7c,2026-09-04T23:05:01+00:00
22739,12324.0,1112921,28329,1.471,,,167.447,2.649,27692,161.701,-10.933,20943,154.633,-9.504,28329,168.063,0.657,25229,163.202,-0.988,28275,162.903,-3.048,26394,189.594,19.599,23053,179.96,14.536,27017,181.801,10.524,22071,158.805,-12.546,21986,160.333,-5.815,26269,v10,18992fa,fedca7c,2026-09-04T23:05:01+00:00
22740,95460.8,8451686,625193,4.191,,,168.676,8.328,616404,166.74,1.925,449485,154.989,-7.412,531899,160.319,-0.284,599692,156.433,-3.77,619508,151.046,-11.557,505237,181.299,18.868,535047,167.905,7.417,609863,169.925,6.142,486831,144.623,-24.803,324400,145.131,-16.307,548793,v10,18992fa,fedca7c,2026-09-04T23:05:01+00:00
22761,15445.8,1327994,128,0.005,,,,,119,,,100,,,128,,,112,,,128,,,125,,,118,,,128,,,112,,,98,,,109,v10,18992fa,fedca7c,2026-09-04T23:05:01+00:00
22762,30190.9,1829459,267763,5.676,151.822,11.305,152.808,-0.434,246273,146.809,-17.247,133722,135.727,-16.273,263019,162.392,8.856,242599,156.485,4.24,260711,160.01,-3.187,136769,175.918,11.397,131841,169.645,13.389,195838,178.335,8.496,103592,151.101,-15.536,116645,153.379,-3.828,185355,v10,18992fa,fedca7c,2026-09-04T23:05:01+00:00
22764,27123.1,1722892,25045,0.591,,,,,19720,,,15617,,,25011,,,19920,,,24637,,,20188,,,12263,,,23376,,,15111,,,11163,,,18819,v10,18992fa,fedca7c,2026-09-04T23:05:01+00:00
22765,13046.8,1005129,110,0.005,,,,,5,,,34,,,100,,,101,,,108,,,12,,,18,,,33,,,0,,,7,,,33,v10,18992fa,fedca7c,2026-09-04T23:05:01+00:00
22766,12869.4,1477404,80430,4.0,,,151.471,8.158,70403,148.866,3.801,24718,128.543,-13.381,71638,158.871,16.251,75003,134.061,-8.473,73560,143.171,-1.933,37392,152.506,8.641,55912,146.742,0.632,36562,153.846,7.428,34901,112.486,-30.694,47118,,,17945,v10,18992fa,fedca7c,2026-09-04T23:05:01+00:00
22768,14310.1,1307094,53682,2.401,,,149.176,1.641,44050,,,16525,137.645,-8.363,53635,160.266,13.457,49634,145.999,-0.103,53106,143.485,-3.984,43930,162.887,14.784,42520,152.885,6.458,51400,,,18018,126.443,-25.511,24420,,,16203,v10,18992fa,fedca7c,2026-09-04T23:05:01+00:00
22769,34809.7,2800726,379564,6.979,150.164,11.375,148.542,-3.288,335255,138.414,-22.194,207437,137.049,-13.121,379351,163.423,10.578,326369,155.518,4.282,352037,154.124,-3.622,238152,168.992,12.742,264550,166.451,15.456,362657,174.894,9.184,165283,141.056,-20.391,198987,152.077,-4.453,254854,v10,18992fa,fedca7c,2026-09-04T23:05:01+00:00
22780,40250.1,3026031,882057,14.025,180.938,10.395,177.82,-7.972,799094,188.688,2.16,786915,178.954,-7.367,772369,183.921,2.764,878789,189.663,6.537,844723,184.29,-1.967,792569,193.449,12.369,879861,178.962,-2.998,862189,188.562,2.014,788113,175.623,-7.283,844032,179.965,-6.605,782522,v10,18992fa,fedca7c,2026-09-04T23:05:01+00:00
22791,40981.7,5255827,66905,1.045,,,,,60203,,,28156,,,61256,158.006,9.765,65210,148.266,0.16,66369,,,33853,,,51702,,,48858,,,38626,,,41853,,,31381,v10,18992fa,fedca7c,2026-09-04T23:05:01+00:00
22792,19484.4,2468590,281388,9.243,148.365,9.559,155.258,5.722,260810,156.264,-5.182,110184,138.625,-9.792,280161,157.273,6.131,229691,148.429,-0.065,278856,153.046,0.17,193907,158.16,5.366,195340,156.904,7.235,256145,157.677,4.091,184544,127.405,-26.843,172136,149.242,-11.056,112957,v10,18992fa,fedca7c,2026-09-04T23:05:01+00:00
22794,17740.0,1480363,22969,0.829,,,,,17523,,,12432,,,21118,,,22919,,,21204,,,10954,,,22770,,,15848,,,10772,,,14812,,,10111,v10,18992fa,fedca7c,2026-09-04T23:05:01+00:00
22796,26558.8,3137209,44263,1.067,,,,,32925,,,11569,128.831,-9.937,41928,,,36092,140.286,1.606,42534,,,20305,,,32795,,,35737,,,12282,,,9228,,,30952,v10,18992fa,fedca7c,2026-09-04T23:05:01+00:00
22797,28041.9,4542378,389662,8.893,175.571,9.689,179.275,3.282,385726,181.122,3.791,372796,172.014,-3.659,388546,173.134,-2.881,385721,183.499,7.855,388910,170.615,-7.458,364907,186.711,9.652,374053,177.635,1.695,386130,180.344,0.773,348610,163.472,-14.466,365422,173.152,-4.113,372053,v10,18992fa,fedca7c,2026-09-04T23:05:01+00:00
22798,25920.1,2430030,1507680,37.227,194.421,9.469,191.948,-1.608,1438267,198.293,3.389,1493247,194.813,-0.646,1477674,193.207,-1.277,1505938,205.685,11.25,1507319,188.853,-6.086,1492877,204.819,9.589,1484120,188.49,-6.171,1501070,196.26,-0.561,1437929,189.643,-5.834,1477310,189.651,-5.423,1487985,v10,18992fa,fedca7c,2026-09-04T23:05:01+00:00
22799,50388.9,8724941,371544,4.719,,,174.88,-1.284,363368,185.59,7.423,357503,180.698,3.333,365103,180.289,1.994,355684,185.087,8.251,371176,168.219,-11.436,341751,189.985,11.412,352435,172.255,-5.446,362062,183.034,1.859,325158,165.944,-14.596,332401,167.427,-9.595,368905,v10,18992fa,fedca7c,2026-09-04T23:05:01+00:00
22800,28146.4,2256431,10,0.0,,,,,4,,,1,,,6,,,9,,,0,,,0,,,1,,,0,,,3,,,3,,,8,v10,18992fa,fedca7c,2026-09-04T23:05:01+00:00
23120,57025.9,4790675,10253,0.115,,,,,9652,,,9233,,,10057,,,10017,,,9641,,,9348,,,9323,,,9573,,,8910,,,9136,,,9347,v10,18992fa,fedca7c,2026-09-04T23:05:01+00:00
23160,71139.2,9876377,25875,0.233,,,,,25304,,,21236,,,20458,,,25842,,,12522,,,6265,,,18162,,,11783,,,3774,,,4650,,,15964,v10,18992fa,fedca7c,2026-09-04T23:05:01+00:00
23170,14857.3,4157091,614,0.026,,,,,109,,,614,,,392,,,614,,,0,,,0,,,293,,,0,,,0,,,57,,,193,v10,18992fa,fedca7c,2026-09-04T23:05:01+00:00
23180,97239.7,3824627,107488,0.707,,,,,106948,,,92394,,,84797,,,105736,,,77522,,,69348,,,99560,,,72004,,,71485,,,20825,,,66341,v10,18992fa,fedca7c,2026-09-04T23:05:01+00:00
23190,60291.6,8564781,89249,0.947,,,,,87583,,,83145,,,59444,,,86215,,,69483,,,70725,,,87310,,,58407,,,78198,,,23778,,,53115,v10,18992fa,fedca7c,2026-09-04T23:05:01+00:00
23212,16838.8,1140189,158092,6.009,182.529,12.575,175.374,-7.157,158088,198.835,16.216,157676,182.589,-0.599,154790,194.201,11.646,157965,194.448,11.43,155655,170.272,-13.779,150098,168.735,-14.124,156206,185.642,3.004,157495,175.874,-7.117,155576,175.996,-8.086,149809,183.558,0.46,155010,v10,18992fa,fedca7c,2026-09-04T23:05:01+00:00
23214,56056.4,4543503,253401,2.893,,,175.332,-4.627,251341,193.522,12.696,244942,178.463,-3.017,239562,189.803,9.823,251272,189.627,7.68,236217,168.696,-15.257,220501,163.902,-16.08,251074,183.978,3.043,242761,173.433,-9.791,225598,179.332,-4.64,220505,185.467,3.764,237338,v10,18992fa,fedca7c,2026-09-04T23:05:01+00:00
23216,23784.0,1193797,12994,0.35,,,,,12946,,,12427,,,6331,,,11849,,,11176,,,7907,,,12428,,,6972,,,5405,,,3143,,,4630,v10,18992fa,fedca7c,2026-09-04T23:05:01+00:00
23228,14308.6,923507,13647,0.61,,,,,13405,,,11380,,,5670,,,10340,,,13028,,,4550,,,13363,,,5098,,,2984,,,1824,,,5751,v10,18992fa,fedca7c,2026-09-04T23:05:01+00:00
23229,18223.1,1227594,7652,0.269,,,,,7022,,,4104,,,3422,,,7267,,,7188,,,1858,,,7277,,,3193,,,1023,,,464,,,4279,v10,18992fa,fedca7c,2026-09-04T23:05:01+00:00
23250,76120.6,23940378,565,0.005,,,,,104,,,242,,,320,,,237,,,209,,,207,,,271,,,167,,,257,,,251,,,401,v10,18992fa,fedca7c,2026-09-04T23:05:01+00:00
23261,25335.7,16346324,131,0.003,,,,,116,,,128,,,131,,,126,,,131,,,40,,,20,,,131,,,41,,,89,,,131,v10,18992fa,fedca7c,2026-09-04T23:05:01+00:00
23262,28101.2,4475519,1018,0.023,,,,,1018,,,1018,,,971,,,1018,,,1017,,,764,,,1010,,,994,,,781,,,585,,,1011,v10,18992fa,fedca7c,2026-09-04T23:05:01+00:00
23263,11589.0,2511714,2,0.0,,,,,2,,,2,,,2,,,2,,,2,,,2,,,2,,,2,,,2,,,2,,,2,v10,18992fa,fedca7c,2026-09-04T23:05:01+00:00
23264,27404.6,6605224,3973,0.093,,,,,2153,,,1269,,,888,,,2209,,,2637,,,460,,,3686,,,3834,,,3510,,,503,,,3750,v10,18992fa,fedca7c,2026-09-04T23:05:01+00:00
23266,13946.2,5309754,217,0.01,,,,,209,,,215,,,10,,,127,,,116,,,10,,,108,,,43,,,23,,,9,,,107,v10,18992fa,fedca7c,2026-09-04T23:05:01+00:00
23267,20549.5,6012824,17130,0.534,,,,,16566,,,16989,,,13531,,,15288,,,16871,,,6439,,,12841,,,14075,,,5008,,,4948,,,14257,v10,18992fa,fedca7c,2026-09-04T23:05:01+00:00
23268,17568.6,4143948,755577,27.525,186.477,10.522,187.989,1.645,732266,193.424,8.716,702459,188.762,0.653,728872,187.691,0.773,748215,197.082,10.411,752390,177.435,-11.854,711719,192.424,5.635,750022,182.768,-5.389,729924,191.092,-0.209,672001,181.141,-8.813,698996,182.345,-4.476,749526,v10,18992fa,fedca7c,2026-09-04T23:05:01+00:00
23269,15847.8,3227517,753651,30.436,192.628,9.314,191.868,-0.576,734108,193.857,5.25,641966,193.885,-0.365,730857,191.569,-1.612,746062,203.967,11.283,752977,187.009,-7.676,724844,201.064,8.148,749526,188.193,-4.956,746495,196.569,-0.116,692377,189.792,-5.352,717918,186.137,-6.778,749321,v10,18992fa,fedca7c,2026-09-04T23:05:01+00:00
23270,90031.6,21880618,6440,0.046,,,,,3782,,,4939,,,4055,,,5128,,,4011,,,2875,,,5312,,,5457,,,5328,,,3462,,,5807,v10,18992fa,fedca7c,2026-09-04T23:05:01+00:00
23284,23580.2,3609626,1431,0.039,,,,,1376,,,1135,,,1399,,,1311,,,1334,,,725,,,1329,,,1398,,,1154,,,1161,,,1415,v10,18992fa,fedca7c,2026-09-04T23:05:01+00:00
23285,28342.0,4220208,61538,1.39,,,155.443,8.769,45431,,,25396,137.183,-8.331,49663,148.148,1.893,47197,149.27,4.571,59843,,,30161,151.795,6.672,55452,146.147,1.051,54499,,,24128,,,23107,135.966,-8.878,59117,v10,18992fa,fedca7c,2026-09-04T23:05:01+00:00
23286,13699.8,1911293,56497,2.639,,,155.763,4.397,54105,163.338,3.863,31953,142.695,-8.045,56102,157.074,5.419,53008,154.729,3.732,55140,148.213,-9.949,34160,164.177,9.689,43883,150.633,-0.042,56296,155.182,-4.77,30310,132.09,-31.455,22674,149.541,-3.536,47384,v10,18992fa,fedca7c,2026-09-04T23:05:01+00:00
23288,8870.4,944088,2876,0.208,,,,,1361,,,1173,,,962,,,1171,,,2000,,,1156,,,2537,,,2367,,,439,,,740,,,2668,v10,18992fa,fedca7c,2026-09-04T23:05:01+00:00
23289,17717.4,1213439,30667,1.108,,,156.926,3.778,29659,,,26408,144.759,-8.325,29362,163.609,10.272,29387,158.279,5.409,30156,,,24367,,,26741,159.426,5.244,27935,,,16170,,,24017,147.504,-6.126,28681,v10,18992fa,fedca7c,2026-09-04T23:05:01+00:00
23290,917.5,582661,1,0.001,,,,,0,,,1,,,1,,,1,,,0,,,0,,,0,,,0,,,0,,,0,,,0,v10,18992fa,fedca7c,2026-09-04T23:05:01+00:00
23301,72491.2,20424556,12119,0.107,,,,,7423,,,10364,,,3706,,,10197,,,831,,,3792,,,8456,,,964,,,4712,,,6468,,,6758,v10,18992fa,fedca7c,2026-09-04T23:05:01+00:00
23302,76262.8,5462181,1012386,8.496,138.097,15.033,141.05,2.436,934794,148.968,10.716,997358,126.877,-12.291,691809,161.476,23.293,1006141,130.993,-8.38,632540,148.633,9.754,894022,139.919,1.512,957132,128.669,-10.514,695957,118.634,-19.598,868028,130.135,-8.484,880843,125.424,-13.004,879993,v10,18992fa,fedca7c,2026-09-04T23:05:01+00:00
23303,78341.5,39550140,7044,0.058,,,,,2925,,,5675,,,2195,,,6254,,,1280,,,3267,,,5141,,,1310,,,4093,,,4088,,,5293,v10,18992fa,fedca7c,2026-09-04T23:05:01+00:00
23304,610.2,92349,24,0.025,,,,,0,,,10,,,18,,,9,,,5,,,11,,,8,,,4,,,15,,,11,,,14,v10,18992fa,fedca7c,2026-09-04T23:05:01+00:00
23305,3614.1,28452,1619,0.287,,,,,44,,,976,,,505,,,1150,,,631,,,1014,,,793,,,784,,,1157,,,913,,,1184,v10,18992fa,fedca7c,2026-09-04T23:05:01+00:00
23307,1254.1,23044,844,0.431,,,,,180,,,586,,,495,,,515,,,472,,,477,,,383,,,593,,,512,,,626,,,529,v10,18992fa,fedca7c,2026-09-04T23:05:01+00:00
23400,85561.3,7452901,4307,0.032,,,,,842,,,2410,,,1856,,,2941,,,2161,,,2565,,,2456,,,1817,,,2865,,,2859,,,3248,v10,18992fa,fedca7c,2026-09-04T23:05:01+00:00
23600,1717.9,52412,73963,27.555,136.884,17.027,,,2089,143.799,7.128,69505,136.921,2.463,53176,149.065,12.551,64688,128.55,-7.789,62105,157.706,20.867,72492,120.009,-15.36,60010,132.277,-3.218,63382,114.377,-20.386,57093,136.065,-0.164,63668,112.375,-23.559,62006,v10,18992fa,fedca7c,2026-09-04T23:05:01+00:00
23700,1668.3,22755,2459,0.943,,,,,13,,,2043,,,2156,,,2250,,,2146,,,2211,,,1834,,,2219,,,2224,,,2297,,,2207,v10,18992fa,fedca7c,2026-09-04T23:05:01+00:00
24100,76316.8,9111766,9686,0.081,,,,,4856,,,5507,,,5410,,,6052,,,3950,,,4237,,,4174,,,4774,,,4298,,,6930,,,6179,v10,18992fa,fedca7c,2026-09-04T23:05:01+00:00
24210,425.0,89799,87,0.131,,,,,38,,,61,,,69,,,53,,,26,,,36,,,52,,,68,,,29,,,62,,,59,v10,18992fa,fedca7c,2026-09-04T23:05:01+00:00
24222,52608.6,8431861,47282,0.575,,,,,39150,,,21351,,,41743,,,39513,,,42342,,,24045,,,36329,,,38766,,,17828,,,17481,,,30350,v10,18992fa,fedca7c,2026-09-04T23:05:01+00:00
24230,19259.2,2325158,1477,0.049,,,,,881,,,1013,,,1212,,,1181,,,974,,,898,,,1062,,,1063,,,982,,,1247,,,1119,v10,18992fa,fedca7c,2026-09-04T23:05:01+00:00
24244,84670.6,14296034,347493,2.627,,,154.46,7.461,319448,154.759,-0.278,137187,135.002,-10.565,347324,158.348,11.545,309106,142.755,-3.182,336119,150.778,1.688,258631,155.863,7.985,281757,149.743,1.814,290194,156.379,5.455,201709,120.037,-27.323,258092,144.313,-7.781,163441,v10,18992fa,fedca7c,2026-09-04T23:05:01+00:00
24248,28644.8,1642821,9055,0.202,,,,,1950,,,498,,,6749,,,6044,,,4153,,,51,,,8946,,,4469,,,3105,,,8076,,,1366,v10,18992fa,fedca7c,2026-09-04T23:05:01+00:00
24249,38675.7,2946319,2,0.0,,,,,0,,,0,,,2,,,2,,,2,,,0,,,2,,,2,,,0,,,0,,,0,v10,18992fa,fedca7c,2026-09-04T23:05:01+00:00
24250,26005.9,1854183,22796,0.561,,,,,12573,,,3053,,,20068,,,14524,,,19774,,,677,,,21756,,,14464,,,12788,,,21262,,,2433,v10,18992fa,fedca7c,2026-09-04T23:05:01+00:00
24260,92522.8,3863249,4674470,32.334,129.0,11.439,124.891,-5.661,2926537,132.858,1.925,1262348,120.769,-8.569,4372941,153.465,20.675,2170894,130.71,0.778,3355219,,,123996,147.764,18.187,3663713,123.682,-5.431,3410199,136.42,6.489,3686669,109.487,-18.35,3035468,134.866,2.106,1218274,v10,18992fa,fedca7c,2026-09-04T23:05:01+00:00
24270,43642.5,1583829,1454982,21.337,125.819,11.322,123.303,-3.132,1055852,129.725,2.257,426829,128.827,1.828,956850,148.969,22.057,1011865,125.377,-0.593,1306080,93.989,-29.563,69487,140.645,13.578,846403,114.917,-10.589,995928,127.322,1.228,1290357,108.306,-16.865,1115202,122.47,-3.93,640115,v10,18992fa,fedca7c,2026-09-04T23:05:01+00:00
24280,85615.0,2320221,5502312,41.132,140.421,11.76,128.324,-8.11,3422627,144.088,1.62,3485113,130.888,-8.74,5229281,157.262,14.328,4301078,140.202,-0.466,5309278,125.74,-23.159,310586,146.996,4.642,4413129,142.772,2.443,5391494,150.981,10.677,5401989,124.533,-15.948,4741666,132.459,-8.441,3148011,v10,18992fa,fedca7c,2026-09-04T23:05:01+00:00
24290,4206.0,52938,17954,2.732,,,,,4975,125.573,-4.597,10532,120.216,-8.242,7449,155.355,25.867,16594,127.212,-2.159,15368,,,5182,142.4,12.865,12242,120.019,-9.371,12900,133.413,4.196,14869,114.634,-14.405,16536,130.494,0.802,13354,v10,18992fa,fedca7c,2026-09-04T23:05:01+00:00
24292,9160.9,200305,519293,36.279,135.286,11.767,130.309,-5.03,513075,152.268,15.133,362414,125.526,-10.233,482243,149.776,10.379,298793,131.486,-3.805,518571,109.845,-28.355,42165,142.82,6.656,369908,139.417,4.132,518913,145.134,9.818,516441,117.215,-18.099,514975,125.936,-9.425,345066,v10,18992fa,fedca7c,2026-09-04T23:05:01+00:00
24293,5852.6,91824,392053,42.872,131.315,11.999,126.886,-4.703,342490,147.285,15.073,270773,123.798,-7.658,261431,156.131,24.357,333193,126.255,-5.057,388251,94.808,-35.519,13030,135.493,3.436,270547,131.802,0.419,385694,137.967,6.393,366509,114.207,-17.137,370247,127.794,-4.096,297457,v10,18992fa,fedca7c,2026-09-04T23:05:01+00:00
24294,6886.5,101015,488673,45.415,136.178,12.586,125.83,-10.399,480870,157.983,21.221,413890,122.407,-14.018,406956,155.245,19.058,487707,132.624,-3.577,485972,101.024,-36.629,41152,144.569,8.065,432889,142.834,6.655,488596,138.529,2.346,487113,119.536,-16.653,486933,127.489,-8.774,477309,v10,18992fa,fedca7c,2026-09-04T23:05:01+00:00
24295,15244.5,873327,1121835,47.097,139.056,12.804,133.579,-5.771,915446,158.899,19.232,1026618,127.214,-12.259,897761,154.751,15.496,1095933,137.537,-1.576,1107230,94.225,-45.396,266089,151.396,11.267,887708,150.531,11.456,1117750,132.297,-6.849,1078350,125.074,-14.126,1090709,129.417,-10.087,1026330,v10,18992fa,fedca7c,2026-09-04T23:05:01+00:00
24296,56229.2,811189,3266476,37.179,140.57,14.3,130.026,-10.557,3062915,154.307,13.426,2012155,123.171,-17.41,3099119,155.811,14.417,2922070,138.738,-1.866,3214441,113.625,-31.431,280412,150.32,8.215,2402692,152.466,11.893,3259453,153.783,13.209,3248607,121.853,-18.701,3242570,129.252,-12.611,2219212,v10,18992fa,fedca7c,2026-09-04T23:05:01+00:00
24297,193.5,4588,1843,6.096,147.408,14.531,133.519,-13.671,1656,161.632,14.188,1741,119.685,-27.736,1705,151.375,4.075,1731,159.845,12.481,1745,115.722,-29.049,862,153.097,6.0,1650,157.254,9.863,1786,152.775,5.522,1684,133.589,-13.874,1727,143.208,-4.031,1694,v10,18992fa,fedca7c,2026-09-04T23:05:01+00:00
24298,13363.6,354400,620882,29.735,151.515,13.258,145.465,-6.126,614258,149.079,-1.184,139751,129.894,-21.641,618622,163.409,11.85,617575,156.848,5.317,619060,118.809,-30.39,239690,155.917,4.213,606805,168.598,17.062,619506,161.604,10.064,618874,139.653,-11.892,617693,135.979,-15.676,604605,v10,18992fa,fedca7c,2026-09-04T23:05:01+00:00
24299,1645.8,55367,64220,24.973,155.009,13.327,148.546,-6.516,63629,158.897,5.193,51011,147.505,-7.568,63768,159.272,4.224,63926,169.723,14.659,63773,116.194,-36.653,20039,158.269,3.136,63283,168.739,13.688,63951,161.115,6.058,63862,130.873,-24.182,63844,140.651,-14.458,63428,v10,18992fa,fedca7c,2026-09-04T23:05:01+00:00
24310,1661.3,901802,103424,39.843,145.6,11.652,139.904,-5.714,102996,142.809,0.634,7105,137.764,-7.86,102991,157.479,11.873,103211,151.163,5.558,103235,115.89,-29.038,45500,149.145,3.233,98441,157.635,12.033,103152,155.082,9.481,103150,135.444,-10.161,103036,128.502,-17.109,103026,v10,18992fa,fedca7c,2026-09-04T23:05:01+00:00
24321,9272.3,3829119,460253,31.768,149.645,12.359,144.987,-4.693,457586,,,3222,133.113,-16.562,457705,160.762,11.085,458510,153.12,3.46,458295,116.377,-33.281,216548,152.311,2.511,452187,166.389,16.72,458781,157.873,8.21,458487,142.336,-7.329,457677,138.685,-11.014,455123,v10,18992fa,fedca7c,2026-09-04T23:05:01+00:00
24322,94629.6,923616,1467592,9.926,177.305,13.014,164.464,-13.524,1404210,165.727,-14.465,1227000,181.4,3.657,1434205,189.215,11.532,1441315,168.136,-9.621,1434596,152.874,-25.019,1421508,175.533,-2.389,1422786,188.394,10.668,1436085,186.249,8.51,1433632,173.514,-4.29,1426702,167.778,-9.955,1430612,v10,18992fa,fedca7c,2026-09-04T23:05:01+00:00
24323,7782.3,16086,69337,5.702,166.175,12.035,157.809,-8.507,68193,,,7054,162.331,-3.878,68736,175.861,9.647,68816,163.754,-2.507,68109,138.749,-27.491,67071,166.452,0.246,68270,181.786,15.59,68624,171.973,5.736,68442,158.761,-5.542,58922,155.671,-10.595,67758,v10,18992fa,fedca7c,2026-09-04T23:05:01+00:00
24324,84913.0,509378,1390960,10.484,176.889,10.433,164.838,-11.789,786975,175.998,-9.891,278347,178.196,2.495,1038666,182.977,5.953,1380676,171.261,-5.802,1364468,149.04,-28.122,1365208,176.506,-0.56,1374489,186.628,9.61,1370572,177.758,0.722,1368925,169.931,-9.058,524937,169.336,-7.693,1367698,v10,18992fa,fedca7c,2026-09-04T23:05:01+00:00
24325,21577.0,421550,835415,24.779,157.134,12.151,148.184,-7.792,691799,,,12,136.52,-18.121,478581,166.99,9.844,833887,161.959,4.81,833442,127.983,-29.62,643509,157.176,-0.019,819699,175.755,18.614,834535,160.273,3.126,833406,147.128,-9.946,826439,146.67,-10.539,815833,v10,18992fa,fedca7c,2026-09-04T23:05:01+00:00
24326,11910.1,129894,751280,40.371,144.725,15.747,134.636,-10.138,726994,,,13782,121.049,-23.651,745289,161.659,16.86,743270,144.605,-0.126,748998,115.443,-28.128,69124,149.609,3.996,561421,161.482,16.327,640336,168.674,23.521,639668,120.103,-25.034,638057,128.721,-16.523,462613,v10,18992fa,fedca7c,2026-09-04T23:05:01+00:00
24328,32016.9,263792,1495958,29.903,146.49,13.755,143.208,-4.422,622681,162.36,15.997,604538,124.375,-21.144,1377142,160.92,14.304,1471593,149.163,2.62,1475374,128.231,-20.026,206556,146.81,-0.403,1256959,151.99,7.688,897668,161.743,17.447,895776,127.035,-17.115,880767,123.314,-20.843,642074,v10,18992fa,fedca7c,2026-09-04T23:05:01+00:00
24329,23231.6,263610,611033,16.833,156.738,11.188,151.612,-4.962,135010,,,0,131.124,-20.51,94855,167.887,11.126,609786,163.322,6.234,587324,132.381,-24.013,468982,152.562,-4.186,601315,176.063,17.491,145346,164.718,6.143,144701,150.61,-7.887,143206,139.655,-18.929,143267,v10,18992fa,fedca7c,2026-09-04T23:05:01+00:00
24330,9293.4,1175548,249665,17.193,157.569,13.242,149.328,-8.34,242539,157.585,-1.143,206692,149.024,-8.607,247192,163.409,5.784,247707,170.515,12.884,247302,123.781,-33.887,244720,161.258,3.587,245173,169.614,12.015,248363,171.119,13.492,247592,152.952,-4.668,247443,146.316,-11.294,247342,v10,18992fa,fedca7c,2026-09-04T23:05:01+00:00
24340,26797.7,459345,403064,9.626,167.618,14.118,159.187,-9.688,360737,152.509,-15.446,389044,168.599,0.647,391859,181.072,13.226,395722,166.259,-1.626,394864,134.837,-33.271,386175,170.161,2.176,391356,179.021,11.172,395938,179.342,11.456,394321,167.055,-0.852,392625,153.248,-14.619,391173,v10,18992fa,fedca7c,2026-09-04T23:05:01+00:00
24350,1442.6,26071,7896,3.503,,,,,229,,,290,128.72,-4.249,7488,144.6,11.617,7771,135.975,3.052,7547,122.072,-10.951,7243,130.624,-2.455,5987,136.547,3.552,7736,143.009,9.978,7593,136.763,3.795,7596,118.921,-13.93,7568,v10,18992fa,fedca7c,2026-09-04T23:05:01+00:00
24351,28341.6,2428799,1478807,33.394,145.61,12.615,133.589,-11.698,1372080,142.371,-3.266,1469585,141.752,-3.901,1467802,158.776,13.133,1471286,149.138,3.507,1469876,121.458,-24.213,1452155,144.345,-1.336,1458722,154.699,9.065,1473192,156.712,11.051,1467420,149.566,3.933,1471322,129.594,-16.043,1466579,v10,18992fa,fedca7c,2026-09-04T23:05:01+00:00
24352,24567.2,745679,689325,17.958,151.069,14.002,141.891,-9.238,670561,145.258,-5.842,676920,142.906,-8.19,677543,169.494,18.385,682119,151.142,0.029,680071,124.251,-26.846,667686,148.494,-2.629,674967,167.118,16.01,680951,162.741,11.621,678124,155.275,4.181,679589,140.144,-10.945,673770,v10,18992fa,fedca7c,2026-09-04T23:05:01+00:00
24353,8998.1,178532,342000,24.325,153.134,14.821,136.905,-15.993,331335,141.422,-12.008,287303,148.288,-4.827,340524,172.31,19.171,341418,155.469,2.335,341162,125.546,-27.262,331153,150.427,-2.68,340234,171.358,18.224,341582,163.634,10.49,340950,158.968,5.839,341380,141.472,-11.473,336097,v10,18992fa,fedca7c,2026-09-04T23:05:01+00:00
24354,4437.0,80575,266800,38.484,153.45,14.366,141.158,-12.301,266383,145.272,-8.185,266366,148.625,-4.832,266492,179.497,26.044,266629,152.627,-0.83,266616,126.628,-26.827,266437,157.173,3.715,266421,171.005,17.549,266648,161.84,8.379,266460,158.402,4.949,266657,138.072,-15.38,266527,v10,18992fa,fedca7c,2026-09-04T23:05:01+00:00
24355,864.9,8880,40279,29.805,158.793,14.31,146.596,-11.632,38072,145.005,-13.673,39899,154.614,-4.089,39991,185.215,26.454,40192,157.299,-1.427,40078,132.568,-25.134,36492,161.705,3.004,40025,177.907,19.149,40183,166.313,7.56,40165,160.582,1.848,40103,140.977,-17.274,38522,v10,18992fa,fedca7c,2026-09-04T23:05:01+00:00
24356,4987.3,89855,247590,31.772,158.592,14.041,148.7,-9.921,246575,147.439,-11.183,246583,154.164,-4.466,246526,186.109,27.499,247084,157.183,-1.429,246889,130.463,-28.151,246734,158.657,0.044,246923,175.546,16.936,247259,165.485,6.87,246806,161.134,2.531,247186,146.52,-12.091,246876,v10,18992fa,fedca7c,2026-09-04T23:05:01+00:00
24357,10738.4,138955,444788,26.509,166.864,14.659,154.75,-12.118,438417,145.201,-21.715,441345,170.417,3.478,441309,190.585,23.679,442962,162.723,-4.183,442607,141.038,-25.824,438084,169.112,2.191,441425,187.346,20.437,442703,174.812,7.902,442701,166.857,-0.056,442338,151.883,-15.026,441529,v10,18992fa,fedca7c,2026-09-04T23:05:01+00:00
24358,4641.3,54017,203599,28.075,171.022,14.401,157.167,-13.887,202981,153.769,-17.293,202464,173.834,2.777,203106,193.88,22.829,202904,166.017,-5.037,203097,149.294,-21.758,202937,170.127,-0.953,202837,187.7,16.626,203003,182.479,11.43,203166,170.937,-0.106,203240,154.258,-16.821,202376,v10,18992fa,fedca7c,2026-09-04T23:05:01+00:00
24359,11497.5,118076,510199,28.4,176.645,13.545,160.829,-15.829,508155,151.422,-25.238,507701,182.497,5.825,509093,197.693,21.021,508999,170.259,-6.395,509491,156.436,-20.199,502643,176.112,-0.552,508678,187.241,10.575,508939,186.756,10.091,509193,176.313,-0.35,509008,161.487,-15.167,508003,v10,18992fa,fedca7c,2026-09-04T23:05:01+00:00
24360,25804.0,178330,708906,17.583,194.932,9.807,189.161,-6.188,697177,176.775,-18.634,697005,205.066,9.844,702574,201.273,5.98,701313,172.721,-22.389,705087,192.957,-2.323,700836,188.036,-7.166,702647,198.471,3.086,698353,204.208,8.869,700074,193.485,-1.751,701547,180.429,-14.823,700903,v10,18992fa,fedca7c,2026-09-04T23:05:01+00:00
24370,21435.1,154050,1055374,31.511,197.747,9.072,191.74,-6.162,1044918,183.894,-14.029,1046329,210.744,12.868,1049469,203.292,5.454,1051587,185.717,-12.118,1051559,204.666,6.805,1050607,190.835,-7.04,1049386,197.45,-0.417,1050128,205.263,7.399,1051090,191.055,-6.765,1051827,181.408,-16.445,1050385,v10,18992fa,fedca7c,2026-09-04T23:05:01+00:00
24380,53537.6,115515,3227627,38.584,205.694,7.596,196.792,-8.977,3218784,197.631,-8.16,3215646,222.727,16.958,3219284,207.756,2.015,3222826,194.132,-11.622,3220802,222.73,16.983,3221996,196.78,-9.003,3216692,200.921,-4.845,3219552,206.248,0.492,3221491,207.823,2.068,3220651,200.215,-5.549,3219486,v10,18992fa,fedca7c,2026-09-04T23:05:01+00:00
24390,295.0,5368,12200,26.468,196.999,9.111,183.278,-13.735,12184,186.221,-10.772,12181,211.338,14.338,12188,204.441,7.44,12196,191.896,-5.103,12200,206.177,9.174,12192,184.5,-12.496,12190,194.993,-2.005,12191,202.273,5.274,12194,194.512,-2.488,12195,183.302,-13.704,12188,v10,18992fa,fedca7c,2026-09-04T23:05:01+00:00
24410,141.5,2585,8317,37.618,192.702,10.22,177.534,-15.191,8269,182.231,-10.49,8252,205.269,12.552,8277,202.895,10.174,8293,184.377,-8.329,8293,200.8,8.096,8301,175.975,-16.746,8285,194.79,2.081,8295,200.162,7.461,8313,189.451,-3.26,8294,178.645,-14.054,8274,v10,18992fa,fedca7c,2026-09-04T23:05:01+00:00
24420,40545.4,55887,3732903,58.923,212.534,8.651,203.34,-9.438,3710309,205.012,-7.781,3708934,222.084,9.384,3717551,207.427,-5.32,3713989,196.528,-16.204,3714748,226.026,13.267,3713020,210.829,-1.962,3708393,210.982,-1.84,3705322,207.215,-5.522,3714713,210.389,-2.336,3715564,212.312,-0.526,3704517,v10,18992fa,fedca7c,2026-09-04T23:05:01+00:00
24431,2092.7,17454,83500,25.536,199.212,8.589,184.101,-15.455,82627,187.586,-11.973,82564,209.918,10.348,82763,204.729,5.161,82749,191.025,-8.447,82773,206.612,7.137,82799,189.977,-9.551,82702,196.858,-2.701,82661,205.926,6.576,83066,199.312,0.022,83200,182.12,-17.294,82824,v10,18992fa,fedca7c,2026-09-04T23:05:01+00:00
24432,17094.7,22860,1332090,49.871,210.153,9.435,207.59,-3.145,1278032,205.031,-5.548,1318495,219.966,9.567,1324185,207.142,-3.34,1322337,189.51,-20.922,1323218,222.764,12.324,1322593,205.306,-5.106,1323159,207.129,-3.425,1319416,205.147,-5.27,1323199,209.748,-0.705,1322255,198.993,-11.591,1318092,v10,18992fa,fedca7c,2026-09-04T23:05:01+00:00
24433,6621.3,68725,348493,33.685,203.914,8.994,192.981,-13.149,157795,197.437,-6.68,345393,216.704,12.664,347106,205.41,1.402,347376,176.731,-27.336,346565,214.465,10.426,347016,191.951,-12.16,346032,200.073,-3.972,346709,207.102,3.093,347206,208.754,4.741,347102,186.358,-17.626,347027,v10,18992fa,fedca7c,2026-09-04T23:05:01+00:00
24434,24955.2,19565,2278191,58.426,218.441,8.848,225.192,3.602,1750518,209.803,-9.122,2251896,226.795,8.082,2264386,209.331,-9.479,2259818,208.635,-10.139,2260837,230.925,12.178,2262108,214.498,-4.276,2259475,216.422,-2.482,2253096,214.118,-4.672,2258782,214.195,-4.56,2261499,213.018,-5.792,2257021,v10,18992fa,fedca7c,2026-09-04T23:05:01+00:00
24435,21160.1,110157,1219670,36.89,208.066,8.153,218.327,1.52,418181,204.259,-6.974,902970,214.62,6.313,1211610,206.649,-1.672,1211408,195.184,-13.167,1210830,218.548,10.25,1211623,201.325,-7.0,1210421,204.592,-3.745,1210042,206.286,-1.929,1214433,207.956,-0.343,1211923,195.406,-12.901,1210313,v10,18992fa,fedca7c,2026-09-04T23:05:01+00:00
24436,12531.2,39530,786302,40.158,209.177,8.686,215.279,0.351,482195,210.224,-5.222,516755,215.555,5.897,777004,206.418,-3.154,779272,198.232,-11.376,778243,221.032,11.513,779956,204.408,-5.166,778133,204.146,-5.467,777762,205.251,-4.163,781555,207.406,-2.12,779510,198.042,-11.552,777387,v10,18992fa,fedca7c,2026-09-04T23:05:01+00:00
24437,5356.1,91898,176897,21.137,190.095,10.155,165.558,-24.348,158614,,,2,188.738,-1.7,174772,200.606,10.235,174928,182.372,-7.896,175732,187.685,-2.558,175815,185.011,-5.308,175305,180.568,-9.681,175930,200.403,10.204,176318,193.769,3.442,175486,182.59,-7.686,175570,v10,18992fa,fedca7c,2026-09-04T23:05:01+00:00
24438,27547.0,56854,1938017,45.026,211.53,8.176,212.434,-1.097,1730367,211.985,-2.885,1646306,216.736,4.881,1923303,207.142,-4.653,1926987,202.693,-9.084,1927326,225.803,14.074,1929275,205.736,-6.068,1924854,211.014,-0.748,1927590,208.213,-3.482,1930650,208.524,-3.249,1927103,200.268,-11.514,1926235,v10,18992fa,fedca7c,2026-09-04T23:05:01+00:00
24439,15556.3,96525,511064,21.026,191.259,8.987,174.658,-16.357,344518,182.529,-8.959,314567,184.499,-7.068,505289,202.289,10.814,507359,184.522,-6.954,507107,196.396,4.879,505972,185.785,-5.655,507156,190.189,-1.228,508427,200.074,8.683,508918,190.621,-0.772,508660,178.888,-12.541,507431,v10,18992fa,fedca7c,2026-09-04T23:05:01+00:00
24440,31436.0,39807,1601994,32.615,205.263,8.889,200.547,-5.055,1589453,202.039,-3.596,1587555,210.004,4.326,1587052,206.477,0.93,1591946,195.52,-9.994,1592798,218.264,12.729,1592245,199.033,-6.603,1587103,205.661,0.1,1591477,207.18,1.708,1594945,203.833,-1.688,1592079,190.374,-15.217,1588884,v10,18992fa,fedca7c,2026-09-04T23:05:01+00:00
24450,72159.3,545762,3099410,27.489,190.37,11.598,177.464,-13.245,3069424,176.45,-14.274,3068895,184.963,-5.72,3072170,201.013,10.4,3080018,187.098,-3.48,3082000,196.392,5.678,3070845,188.183,-2.561,3066982,184.615,-5.996,3079271,199.471,8.899,3083056,193.952,3.323,3077783,175.85,-14.749,3077402,v10,18992fa,fedca7c,2026-09-04T23:05:01+00:00
24460,28435.4,252154,1227521,27.628,178.527,12.036,174.689,-4.095,1217481,162.849,-15.831,1221103,174.054,-4.644,1220983,197.534,18.862,1222092,181.544,2.871,1221951,173.201,-6.318,1195536,170.707,-8.141,1216343,173.975,-4.694,1222402,190.915,12.264,1223228,182.715,3.993,1219933,160.707,-18.034,1219546,v10,18992fa,fedca7c,2026-09-04T23:05:01+00:00
24470,610.9,38530,133,0.139,,,,,30,,,56,,,85,,,97,,,54,,,59,,,68,,,81,,,62,,,107,,,56,v10,18992fa,fedca7c,2026-09-04T23:05:01+00:00
24471,7384.6,531816,249988,21.666,131.208,10.927,128.714,-3.215,216890,128.703,-2.871,235395,127.453,-3.763,247238,158.249,27.024,248588,132.662,1.447,248404,121.198,-11.394,179037,134.133,2.684,234072,128.663,-2.855,236317,129.616,-1.997,227525,138.075,6.864,248428,122.874,-8.487,241823,v10,18992fa,fedca7c,2026-09-04T23:05:01+00:00
24472,22699.8,2234724,1035991,29.209,129.92,11.54,131.297,-0.425,618950,128.79,-1.617,926388,132.448,1.581,835382,160.617,30.624,1017099,128.072,-1.976,960139,114.742,-16.947,484154,130.962,0.482,880694,125.358,-5.303,753921,128.525,-2.297,763394,127.881,-2.051,1013290,127.426,-3.491,822960,v10,18992fa,fedca7c,2026-09-04T23:05:01+00:00
24473,8852.7,888314,27221,1.968,,,134.242,6.493,16159,130.266,2.465,25795,125.253,-2.143,22526,154.576,26.848,26664,119.471,-7.652,22977,118.746,-9.408,15129,131.716,3.968,24102,114.269,-12.965,23206,125.562,-2.613,23294,122.355,-5.267,25083,129.583,1.23,20692,v10,18992fa,fedca7c,2026-09-04T23:05:01+00:00
24474,15124.1,596142,57893,2.45,,,136.229,8.932,44471,136.064,8.492,48420,123.45,-3.96,44900,161.118,33.934,57462,120.74,-6.484,45934,115.356,-12.21,34795,138.458,10.92,51516,121.319,-5.921,50101,123.829,-3.273,48660,115.569,-11.556,53585,126.974,-0.293,45505,v10,18992fa,fedca7c,2026-09-04T23:05:01+00:00
24475,27169.3,649677,30248,0.713,,,,,23033,,,23283,,,24315,,,29690,,,24848,,,15517,,,20093,,,28175,,,24485,,,28197,,,24552,v10,18992fa,fedca7c,2026-09-04T23:05:01+00:00
24476,4578.6,176583,1,0.0,,,,,0,,,1,,,1,,,0,,,0,,,0,,,1,,,1,,,0,,,0,,,1,v10,18992fa,fedca7c,2026-09-04T23:05:01+00:00
24477,7910.2,1229468,305,0.025,,,,,66,,,166,,,208,,,229,,,185,,,145,,,162,,,212,,,135,,,246,,,193,v10,18992fa,fedca7c,2026-09-04T23:05:01+00:00
24478,6274.9,113022,13518,1.379,,,142.737,14.574,12300,149.137,21.077,12832,120.873,-7.165,11173,153.926,26.205,13510,120.609,-7.027,12000,,,9347,139.252,11.389,12245,116.131,-11.321,12030,126.486,-1.285,12137,109.824,-17.828,13121,123.943,-3.696,10685,v10,18992fa,fedca7c,2026-09-04T23:05:01+00:00
24479,13812.3,1302870,25603,1.186,,,,,19732,150.074,19.28,25193,,,18731,169.575,38.741,25377,,,18959,,,18510,,,20705,120.725,-9.432,21722,,,16021,114.813,-15.93,25195,,,20901,v10,18992fa,fedca7c,2026-09-04T23:05:01+00:00
24480,49858.8,899171,1107542,14.217,172.378,11.759,174.187,-3.653,972584,169.098,-5.027,1058340,173.135,-2.456,1021958,191.428,18.791,1098271,172.932,-0.517,1075281,176.913,-2.412,934700,168.474,-4.951,1076162,165.671,-9.241,1037753,181.808,8.019,1068371,170.229,-2.475,1095015,159.057,-14.284,1077247,v10,18992fa,fedca7c,2026-09-04T23:05:01+00:00
24490,6208.2,214788,5824,0.6,,,,,5309,,,4649,,,5389,,,5596,,,4984,,,4132,,,5327,,,4068,,,5516,,,5631,,,5563,v10,18992fa,fedca7c,2026-09-04T23:05:01+00:00
24500,3306.2,56338,510,0.099,,,,,125,,,391,,,425,,,455,,,373,,,375,,,317,,,433,,,372,,,443,,,398,v10,18992fa,fedca7c,2026-09-04T23:05:01+00:00
25101,223.9,34384,141,0.403,,,,,100,,,99,,,96,,,127,,,112,,,97,,,103,,,88,,,91,,,128,,,137,v10,18992fa,fedca7c,2026-09-04T23:05:01+00:00
25102,41121.6,732603,3270294,50.898,198.99,10.718,198.511,-1.297,3217131,201.034,1.77,3254363,196.669,-3.139,3227905,203.216,4.156,3264791,195.308,-3.81,3261396,206.204,5.941,3204552,198.234,-1.078,3251390,187.789,-11.99,3230056,205.193,6.116,3264371,194.572,-4.523,3262383,185.386,-13.761,3259661,v10,18992fa,fedca7c,2026-09-04T23:05:01+00:00
25103,3247.6,1165770,102326,20.165,141.776,13.663,132.767,-10.495,74745,150.446,8.421,99389,132.609,-9.602,88775,171.876,30.08,101703,148.548,6.693,101108,115.222,-26.931,65516,140.69,-1.743,94901,132.379,-10.013,93606,156.956,15.056,101142,141.35,-0.432,101760,131.197,-10.607,100960,v10,18992fa,fedca7c,2026-09-04T23:05:01+00:00
25104,17189.2,199435,1155454,43.021,204.581,10.276,206.496,1.489,1144275,209.021,4.249,1150526,192.78,-12.027,1148718,205.601,0.828,1149817,198.384,-6.393,1149891,211.287,6.353,1147268,207.507,2.573,1147429,185.498,-19.221,1151224,212.362,7.678,1152549,205.216,0.429,1149533,179.933,-24.892,1148432,v10,18992fa,fedca7c,2026-09-04T23:05:01+00:00
25105,7741.9,355903,486326,40.203,203.068,10.068,204.002,0.248,477756,207.456,4.227,483514,191.225,-12.361,480103,201.976,-1.206,483674,197.065,-6.135,484159,210.979,5.841,467060,199.064,-4.435,481476,194.043,-9.743,479231,209.168,5.998,484722,203.962,0.75,482920,177.245,-25.941,483499,v10,18992fa,fedca7c,2026-09-04T23:05:01+00:00
25106,11109.3,112170,853042,49.143,206.179,9.524,213.787,7.267,836241,208.88,2.452,844435,195.905,-10.642,844987,202.801,-3.587,847122,196.416,-9.981,847219,216.5,9.868,845312,202.826,-3.618,846574,201.606,-4.773,847863,210.492,4.224,850418,205.158,-1.253,845744,180.688,-25.697,846315,v10,18992fa,fedca7c,2026-09-04T23:05:01+00:00
25107,108812.4,2129562,9149435,53.814,194.95,11.519,198.03,1.702,7718953,198.612,1.196,7953628,194.276,-1.584,8976481,197.096,2.025,9120979,180.97,-14.782,8994414,207.338,11.824,9046305,192.885,-2.351,9089619,199.603,4.309,9083465,198.873,3.625,9091439,183.884,-11.456,9054169,177.745,-17.839,9004191,v10,18992fa,fedca7c,2026-09-04T23:05:01+00:00
25108,6557.4,9387,681911,66.554,202.879,9.846,198.933,-4.088,679078,203.003,-0.091,677798,208.967,5.9,678680,205.736,2.777,680631,186.495,-16.559,678977,219.468,16.406,678710,194.061,-9.073,677427,207.591,4.573,679769,204.239,1.247,679976,192.192,-10.805,679669,191.803,-11.207,679311,v10,18992fa,fedca7c,2026-09-04T23:05:01+00:00
25109,45412.9,293955,4964228,69.96,205.895,8.971,204.675,-2.618,4737391,203.422,-3.398,4785128,214.147,7.736,4880686,204.561,-1.597,4907869,200.375,-6.351,4832037,217.304,10.902,4870844,201.698,-4.929,4831074,206.932,-0.075,4774445,201.799,-4.421,4888231,199.552,-7.482,4785024,204.213,-2.968,4751263,v10,18992fa,fedca7c,2026-09-04T23:05:01+00:00
25210,74795.9,176618,10245826,87.67,213.65,10.111,196.884,-16.995,10131999,200.116,-13.741,10145984,228.73,14.961,10193252,211.472,-2.323,10184313,200.704,-13.126,10151423,227.112,13.325,10183926,210.712,-3.071,10177587,213.575,-0.273,10154214,205.787,-8.024,10164123,212.627,-1.16,10183858,221.945,8.092,10155411,v10,18992fa,fedca7c,2026-09-04T23:05:01+00:00
25220,17831.6,17410,1169081,41.96,205.49,10.115,192.229,-13.451,1161521,195.693,-9.989,1162013,223.318,17.62,1161237,208.229,2.545,1162030,195.326,-10.332,1162691,223.604,17.93,1162194,184.048,-21.583,1163310,200.069,-5.573,1163104,199.426,-6.238,1162790,208.998,3.315,1161157,215.628,9.956,1162262,v10,18992fa,fedca7c,2026-09-04T23:05:01+00:00
25230,9070.0,71222,1158081,81.717,206.666,9.459,192.416,-14.358,1150490,192.391,-14.405,1148057,226.602,19.81,1151472,208.932,2.157,1151621,197.036,-9.752,1150506,219.334,12.54,1151198,189.78,-16.964,1152605,201.941,-4.812,1152352,205.277,-1.503,1151535,209.478,2.697,1150542,217.941,11.174,1151747,v10,18992fa,fedca7c,2026-09-04T23:05:01+00:00
25240,26402.6,199201,1478844,35.847,205.083,9.535,190.245,-14.995,1461976,190.153,-15.092,1471852,224.213,18.923,1470697,206.586,1.382,1474103,199.006,-6.22,1472932,221.403,16.144,1471337,189.25,-15.978,1472650,197.63,-7.638,1471073,203.565,-1.692,1471732,204.661,-0.568,1472207,210.929,5.719,1473215,v10,18992fa,fedca7c,2026-09-04T23:05:01+00:00
25251,34543.5,190864,3808376,70.559,210.182,10.366,201.993,-7.898,398470,193.099,-16.418,2690764,229.329,20.132,2959188,205.758,-4.533,3793263,198.202,-11.595,3290782,224.968,14.555,3761588,199.737,-10.681,3761587,205.806,-3.711,2690217,209.507,-0.0,2690556,211.159,1.646,2687649,211.952,2.501,2712513,v10,18992fa,fedca7c,2026-09-04T23:05:01+00:00
25252,14246.3,2819,1648744,74.068,205.53,12.769,,,5,187.737,-16.362,575619,223.142,18.34,1090377,193.846,-11.708,1646860,198.02,-7.038,1084349,223.269,17.734,1642340,194.043,-11.487,1639170,198.53,-5.526,575700,207.261,3.208,575816,212.811,8.754,575340,195.019,-8.998,580027,v10,18992fa,fedca7c,2026-09-04T23:05:01+00:00
25253,12523.0,3169,1466126,74.928,210.344,9.497,,,2,200.149,-7.659,278536,223.869,13.393,1183192,205.419,-4.956,1463731,204.061,-4.215,716833,221.596,11.225,1463901,198.317,-12.086,1460032,199.134,-8.664,277052,210.67,2.878,276864,213.406,5.617,276397,199.364,-7.637,307452,v10,18992fa,fedca7c,2026-09-04T23:05:01+00:00
25254,10012.2,2954,900039,57.532,205.507,8.565,161.223,-44.502,34465,192.002,-13.546,894707,222.938,17.399,897421,205.663,0.133,899173,202.272,-3.271,898567,217.992,12.46,899111,195.394,-10.152,898624,199.955,-5.577,895117,208.113,2.591,895398,212.597,7.066,894928,198.151,-7.368,895632,v10,18992fa,fedca7c,2026-09-04T23:05:01+00:00
25255,11886.0,54600,619473,33.355,206.05,7.957,189.675,-14.264,287756,191.972,-14.125,607915,223.043,16.809,614785,206.25,0.087,616381,201.128,-5.113,614058,217.472,11.226,614720,197.04,-9.225,613502,202.482,-3.767,614532,204.566,-1.656,615510,210.368,4.155,615299,203.424,-2.772,615506,v10,18992fa,fedca7c,2026-09-04T23:05:01+00:00
25256,12478.1,118884,620231,31.812,207.462,8.858,189.117,-18.284,563202,194.829,-12.861,612816,228.375,20.646,615887,207.06,-0.614,616716,198.776,-8.976,615018,222.968,15.172,614394,202.681,-5.085,614688,201.847,-6.021,613271,206.59,-1.135,615726,208.064,0.367,616234,209.573,1.856,615777,v10,18992fa,fedca7c,2026-09-04T23:05:01+00:00
25257,1845.7,6207,64969,22.528,208.613,6.819,182.556,-26.098,64819,203.762,-4.957,64567,226.903,18.256,64854,209.583,0.927,64837,196.175,-12.51,64756,223.409,14.727,64804,206.562,-2.119,64768,205.917,-2.776,64738,210.335,1.689,64847,210.119,1.453,64834,203.731,-4.927,64819,v10,18992fa,fedca7c,2026-09-04T23:05:01+00:00
25258,10343.8,21330,196788,12.176,202.934,8.203,192.549,-10.833,193909,194.657,-8.874,192817,217.169,13.862,194349,203.634,0.288,194125,176.842,-26.518,193984,214.689,11.271,193728,197.891,-5.546,193163,199.814,-3.651,193233,205.096,1.745,194157,207.721,4.222,192644,194.357,-9.022,193983,v10,18992fa,fedca7c,2026-09-04T23:05:01+00:00
25259,13935.4,15218,758552,34.837,194.434,10.793,185.779,-8.935,657112,181.528,-13.153,748353,197.829,3.267,754862,198.925,4.37,755030,172.976,-21.654,752310,195.99,1.35,752448,180.963,-13.597,753935,196.337,1.733,752943,203.951,9.346,753775,205.337,10.735,752962,173.347,-21.245,753067,v10,18992fa,fedca7c,2026-09-04T23:05:01+00:00
25260,41491.9,56275,1556107,24.002,196.269,9.831,186.955,-9.57,1540413,181.317,-15.288,1533944,205.405,8.919,1544049,200.962,4.488,1545698,166.6,-29.881,1543345,202.46,5.943,1542555,187.576,-8.876,1544527,196.242,-0.292,1540853,204.028,7.536,1544344,199.937,3.434,1537345,180.575,-15.879,1544120,v10,18992fa,fedca7c,2026-09-04T23:05:01+00:00
25270,1647.9,2470,129359,50.24,181.236,15.524,155.198,-26.256,85351,154.367,-26.876,129100,191.145,9.909,129300,196.826,15.587,129213,165.448,-15.786,129256,172.405,-8.841,129259,165.548,-15.679,129205,191.124,9.88,129198,196.444,15.205,129243,187.907,6.675,129207,170.311,-10.916,129245,v10,18992fa,fedca7c,2026-09-04T23:05:01+00:00
25280,31323.9,64251,1276497,26.081,188.343,10.268,166.469,-19.146,726976,164.558,-21.233,740278,190.277,4.594,745580,197.076,8.617,1270452,171.417,-17.034,1269820,185.157,-3.313,1269124,179.394,-9.094,1267055,190.003,1.553,1248449,193.727,5.309,1250237,189.455,1.569,816414,181.011,-7.405,1249739,v10,18992fa,fedca7c,2026-09-04T23:05:01+00:00
25290,10087.8,15352,495275,31.422,174.923,12.992,158.881,-18.738,28953,146.824,-25.888,397855,173.083,0.386,399114,189.623,14.679,494329,174.366,-0.566,494236,167.606,-7.326,494486,158.004,-16.937,493368,179.349,4.472,486783,171.869,-2.997,487140,181.036,6.289,484174,175.164,0.313,487148,v10,18992fa,fedca7c,2026-09-04T23:05:01+00:00
25300,61158.1,3028,2088348,21.854,248.08,9.725,,,22008,,,25608,,,22298,256.522,1.719,1579890,253.189,5.075,2082245,237.019,-11.125,2076751,254.1,5.987,2082330,232.275,-15.839,2080785,246.087,-2.061,2078885,246.776,-2.099,2048370,253.38,5.277,2080099,v10,18992fa,fedca7c,2026-09-04T23:05:01+00:00
26110,1047.7,1408,71301,43.555,171.707,14.253,,,3,161.375,-10.301,37730,170.054,-1.616,37795,179.82,8.12,71239,181.326,9.611,71232,157.042,-14.67,71159,151.922,-19.775,71215,177.219,4.389,60227,158.01,-14.811,60121,180.57,7.747,59954,179.624,6.796,60146,v10,18992fa,fedca7c,2026-09-04T23:05:01+00:00
26120,63771.5,136745,1747313,17.536,180.742,10.065,,,0,,,46165,182.462,0.993,355452,189.595,8.847,1746520,176.232,-4.359,692494,164.801,-15.956,1745057,175.281,-5.464,1745206,193.345,4.695,142604,181.65,-6.992,142709,184.858,-4.308,100757,187.594,-1.0,143843,v10,18992fa,fedca7c,2026-09-04T23:05:01+00:00
26130,12788.4,214306,512831,25.665,187.426,11.171,,,119,186.551,-10.72,249088,197.82,10.549,503660,189.016,1.568,511239,187.276,-9.283,269570,188.547,1.106,511066,170.623,-16.801,508608,198.487,1.236,249266,195.5,-1.758,249047,193.134,-4.12,248840,190.52,-6.378,260691,v10,18992fa,fedca7c,2026-09-04T23:05:01+00:00
26141,4903.8,144671,218058,28.459,182.96,11.522,,,5,,,0,184.961,1.853,216026,184.182,1.137,217000,186.455,2.227,191925,180.03,-3.018,216928,170.594,-12.493,215774,,,0,,,0,,,0,,,1367,v10,18992fa,fedca7c,2026-09-04T23:05:01+00:00
26142,41003.5,34763,704717,11.0,188.547,10.611,,,0,184.104,-5.412,185638,188.656,0.104,704462,194.575,6.022,704405,189.369,0.813,704291,190.42,1.87,704558,169.997,-18.555,704423,,,0,,,0,,,0,,,2883,v10,18992fa,fedca7c,2026-09-04T23:05:01+00:00
26143,27230.3,58332,738186,17.35,179.803,13.389,,,9,,,0,181.976,2.484,680993,190.78,10.958,737315,179.087,-0.404,679885,171.613,-8.213,736709,163.073,-16.768,735857,,,0,,,0,,,0,,,2939,v10,18992fa,fedca7c,2026-09-04T23:05:01+00:00
26144,43456.8,127396,708503,10.434,180.658,11.078,,,0,,,0,177.442,-3.218,708391,192.518,11.859,708366,179.552,-1.11,708324,166.713,-13.948,708275,174.851,-5.808,708402,,,0,,,0,,,0,,,409,v10,18992fa,fedca7c,2026-09-04T23:05:01+00:00
26145,24363.9,28270,829672,21.794,179.908,12.257,,,47,,,0,176.683,-3.248,827972,192.965,13.041,828773,185.111,5.164,826657,166.34,-13.603,826887,163.396,-16.595,824162,,,0,,,0,,,0,,,1231,v10,18992fa,fedca7c,2026-09-04T23:05:01+00:00
26146,85820.5,619627,1793136,13.372,176.75,11.219,,,12,,,0,173.83,-2.77,1755762,188.763,12.008,1792531,176.772,0.165,1754069,155.192,-21.733,1684125,168.911,-7.842,1791387,,,0,,,0,,,0,,,1660,v10,18992fa,fedca7c,2026-09-04T23:05:01+00:00
26147,23971.3,143847,363147,9.696,178.332,12.882,,,0,,,868,167.241,-11.116,362638,195.565,17.156,362113,182.237,3.847,362020,172.993,-5.846,259028,158.653,-19.763,361647,,,0,,,0,,,0,,,696,v10,18992fa,fedca7c,2026-09-04T23:05:01+00:00
26148,27018.5,42374,646150,15.306,188.829,14.315,,,0,,,0,168.148,-20.681,646100,203.497,14.667,646117,196.849,8.02,646149,200.223,5.523,79154,166.318,-22.512,646120,,,0,,,0,,,0,,,8870,v10,18992fa,fedca7c,2026-09-04T23:05:01+00:00
26149,68897.9,300409,681277,6.328,182.693,12.851,,,5,,,0,163.406,-17.567,478027,199.738,18.761,477420,187.25,4.547,679905,187.862,0.381,326314,162.559,-20.139,681140,,,4,,,0,,,0,,,891,v10,18992fa,fedca7c,2026-09-04T23:05:01+00:00
26150,34207.7,203243,1905924,35.658,194.063,13.41,,,26,,,1081,199.051,5.775,1783802,193.465,-0.612,1903002,195.689,2.868,1640361,197.391,3.315,1902984,170.549,-23.539,1898867,,,0,,,0,,,0,,,51021,v10,18992fa,fedca7c,2026-09-04T23:05:01+00:00
26160,76753.0,29714,2357882,19.661,200.627,10.85,,,0,185.768,-7.071,465185,207.696,7.059,2357010,204.835,4.196,2357102,195.471,-5.171,2356810,202.298,1.431,2208112,171.754,-28.891,2356166,,,0,,,0,,,0,,,14199,v10,18992fa,fedca7c,2026-09-04T23:05:01+00:00
26170,60914.4,7071,5462042,57.387,207.426,13.155,,,3,,,1126,220.632,13.186,5455038,207.333,-0.112,5452864,201.074,-6.324,5434775,216.651,7.955,3997983,178.134,-29.312,5445348,,,0,,,0,,,0,212.602,1.996,265358,v10,18992fa,fedca7c,2026-09-04T23:05:01+00:00
26181,12332.1,20678,1639416,85.081,204.488,14.737,,,0,,,0,223.563,19.019,1634725,205.88,1.317,1634495,206.431,1.998,1615796,212.962,2.232,272898,172.167,-32.37,1635291,,,0,,,0,,,0,,,19206,v10,18992fa,fedca7c,2026-09-04T23:05:01+00:00
26182,12235.6,1495,1429866,74.791,207.323,14.051,,,0,,,0,221.202,13.867,1429098,210.119,2.783,1429211,203.4,-3.885,1420804,208.09,0.544,1166913,170.939,-36.411,1428311,,,0,,,0,,,0,,,2059,v10,18992fa,fedca7c,2026-09-04T23:05:01+00:00
26183,20152.5,7517,1644761,52.234,208.205,14.228,,,0,,,0,229.972,21.737,1642516,211.038,2.808,1643476,209.392,1.243,1628023,194.035,-15.832,614039,172.969,-35.281,1641807,,,0,,,0,,,0,,,30190,v10,18992fa,fedca7c,2026-09-04T23:05:01+00:00
26184,25106.7,6848,1014046,25.849,206.938,13.495,,,1,,,0,225.679,18.736,1013803,209.291,2.348,1013860,201.158,-5.788,1013667,206.481,-2.066,682496,172.56,-34.387,1013613,,,0,,,0,,,0,,,940,v10,18992fa,fedca7c,2026-09-04T23:05:01+00:00
26185,4469.6,1619,95064,13.612,203.223,12.814,,,5,,,0,218.317,15.025,94820,205.034,1.723,94887,203.795,0.521,94825,,,534,162.872,-40.476,94776,,,0,,,0,,,0,,,2,v10,18992fa,fedca7c,2026-09-04T23:05:01+00:00
26186,29905.4,113754,523089,11.195,198.662,10.679,,,0,,,0,201.495,0.342,312980,205.561,4.439,313182,199.475,0.745,519359,201.744,3.893,444479,169.291,-29.374,523043,,,0,,,0,,,0,,,16391,v10,18992fa,fedca7c,2026-09-04T23:05:01+00:00
26187,24181.3,23204,1268583,33.575,209.862,13.333,,,0,,,0,231.067,20.392,1191444,213.883,3.207,1190462,212.455,2.339,1233222,198.057,-11.841,1261415,175.688,-34.243,1266281,,,0,,,0,,,0,,,21580,v10,18992fa,fedca7c,2026-09-04T23:05:01+00:00
26188,91134.6,132792,8783519,61.683,216.502,14.83,,,0,,,0,218.068,1.248,8691335,231.12,12.794,8080955,219.972,6.914,6933313,192.782,-20.138,7611637,197.86,-18.652,8780923,,,1,,,0,,,0,,,71525,v10,18992fa,fedca7c,2026-09-04T23:05:01+00:00
26189,93177.9,83119,2291158,15.737,210.586,11.165,,,0,,,0,217.966,4.177,1743915,220.272,6.459,1742340,212.335,1.603,2280482,208.264,-2.345,2287455,189.958,-20.66,2289213,,,3,,,0,,,0,,,17379,v10,18992fa,fedca7c,2026-09-04T23:05:01+00:00
26190,75597.5,24473,6762158,57.248,206.159,15.773,,,0,,,0,209.164,1.856,6387065,234.598,22.514,4950789,202.627,9.13,1679204,181.139,-20.231,5362403,194.639,-11.521,6755447,,,0,,,0,,,0,227.6,21.326,399026,v10,18992fa,fedca7c,2026-09-04T23:05:01+00:00
26200,79657.0,2034,60,0.0,,,,,0,,,0,,,53,,,5,,,54,,,1,,,0,,,0,,,0,,,0,,,56,v10,18992fa,fedca7c,2026-09-04T23:05:01+00:00
27101,2524.3,253532,330090,83.69,143.926,15.224,192.313,28.882,26927,157.851,10.262,208553,150.087,6.664,311739,140.389,-2.6,304475,147.371,4.387,302847,158.057,14.213,323282,139.955,-3.376,300798,150.821,7.075,322931,124.734,-18.081,295583,132.48,-10.543,303734,130.727,-12.568,308401,v10,18992fa,fedca7c,2026-09-04T23:05:01+00:00
27102,3652.7,2627,560098,98.136,165.377,15.757,196.441,22.629,438961,172.529,7.088,558163,166.239,0.769,557781,165.523,0.116,558600,159.663,-5.757,558104,179.158,13.758,559331,161.079,-4.872,549905,172.505,7.113,559246,142.467,-23.269,550938,163.534,-1.885,558520,156.724,-8.731,557700,v10,18992fa,fedca7c,2026-09-04T23:05:01+00:00
27103,39708.4,45017,5898774,95.073,181.064,15.104,193.435,11.458,5732621,193.687,10.821,5086764,181.988,0.476,5706289,180.78,-0.623,5741540,167.059,-14.3,5795470,189.528,8.366,5860453,183.835,2.0,5687730,180.914,-0.315,5824237,159.683,-21.973,5634378,194.306,13.016,5823123,167.902,-13.7,5630321,v10,18992fa,fedca7c,2026-09-04T23:05:01+00:00
27104,7550.2,2272,1168690,99.065,199.053,15.633,199.744,0.665,1167644,228.571,29.5,1168079,188.026,-11.08,1166936,197.698,-1.372,1168122,184.155,-14.914,1167932,206.989,7.907,1167615,210.152,10.989,1166027,196.049,-3.033,1167799,189.257,-9.829,1167583,218.705,19.523,1161876,175.596,-23.48,1167876,v10,18992fa,fedca7c,2026-09-04T23:05:01+00:00
27105,32252.9,19207,4835252,95.947,188.554,15.779,211.971,13.865,3910643,205.029,16.206,4791330,186.788,-2.651,4696508,189.453,0.436,4751725,176.717,-12.128,4788910,203.495,14.769,4814857,190.875,1.389,4697235,183.817,-5.115,4749916,174.979,-14.085,4756697,196.075,5.827,4644963,172.809,-16.357,4719699,v10,18992fa,fedca7c,2026-09-04T23:05:01+00:00
27106,8277.7,2465,1226349,94.817,188.972,14.622,230.298,22.719,778480,197.408,8.188,1218822,184.162,-5.072,1218274,187.652,-1.557,1220088,178.903,-10.266,1220800,200.62,11.358,1217423,185.993,-3.235,1218958,189.405,0.222,1219888,164.461,-24.806,1217686,192.285,3.136,1220943,186.814,-2.426,1217938,v10,18992fa,fedca7c,2026-09-04T23:05:01+00:00
27107,1290.4,10844,177403,87.987,134.211,14.657,188.5,18.796,13551,137.897,4.281,166908,137.82,3.803,169567,141.133,7.331,167779,142.513,8.921,166593,152.217,17.996,171373,125.571,-8.454,150163,137.056,2.859,172758,116.586,-17.007,157221,128.597,-5.243,156148,123.377,-9.982,162222,v10,18992fa,fedca7c,2026-09-04T23:05:01+00:00
27108,5769.4,2951,865339,95.992,174.728,15.033,229.841,27.27,447011,185.739,10.873,862209,174.295,-0.75,858759,176.105,1.183,861317,170.483,-4.428,861538,190.343,15.325,859653,165.968,-10.417,834517,176.204,1.291,861042,147.492,-27.644,856305,177.976,2.309,847910,166.233,-8.851,857454,v10,18992fa,fedca7c,2026-09-04T23:05:01+00:00
27109,828.5,18381,116669,90.125,141.798,15.531,186.477,28.658,2472,148.32,6.685,74529,146.301,4.775,111119,138.361,-3.094,110718,151.886,10.357,111907,162.379,20.576,114743,136.463,-4.918,110614,146.315,4.667,114262,123.993,-17.581,109518,130.208,-11.383,110428,127.633,-13.861,112477,v10,18992fa,fedca7c,2026-09-04T23:05:01+00:00
28101,42969.1,515809,47490,0.707,,,,,28160,,,44791,,,46653,,,37224,,,46602,,,45849,,,38036,,,44823,,,44761,,,38603,,,46029,v10,18992fa,fedca7c,2026-09-04T23:05:01+00:00
28102,11410.6,1700383,74282,4.166,,,148.972,0.758,44140,134.526,-14.533,47212,156.957,8.499,73349,137.621,-16.869,17980,158.284,9.404,60872,146.708,-2.06,59240,133.823,-15.997,38033,154.694,6.051,65819,142.05,-6.071,64900,162.134,9.697,29222,143.806,-4.558,63998,v10,18992fa,fedca7c,2026-09-04T23:05:01+00:00
28104,17015.6,279649,80411,3.024,,,149.277,-5.794,34521,137.096,-19.732,53267,163.772,9.778,79692,,,22198,163.32,8.247,71332,163.86,8.689,70250,141.444,-15.111,55933,148.978,-5.689,74423,147.801,-6.496,71924,166.118,9.622,60771,152.923,-1.259,78279,v10,18992fa,fedca7c,2026-09-04T23:05:01+00:00
28106,137842.6,3591394,2082348,9.668,150.653,9.472,153.038,-0.538,1580631,142.725,-6.603,1450932,156.124,4.232,1893159,158.104,-3.657,852029,165.647,14.946,2074322,150.318,-0.976,1953552,137.109,-14.209,1912524,148.334,-3.427,1855931,144.47,-7.066,1904368,171.816,15.015,1278934,154.821,3.779,2003452,v10,18992fa,fedca7c,2026-09-04T23:05:01+00:00
28107,14346.4,298512,707,0.032,,,,,158,,,138,,,707,,,0,,,214,,,456,,,0,,,693,,,46,,,47,,,452,v10,18992fa,fedca7c,2026-09-04T23:05:01+00:00
28108,16840.9,3397315,142128,5.401,152.193,9.967,144.869,-7.07,71387,135.601,-17.332,68383,160.717,8.342,139478,149.483,-10.423,33780,163.42,10.4,128524,161.971,9.057,126258,138.761,-16.255,84543,147.077,-5.589,133479,148.394,-3.991,134422,164.876,9.637,96517,151.391,-1.981,117513,v10,18992fa,fedca7c,2026-09-04T23:05:01+00:00
28109,54576.2,2528626,2801226,32.849,150.683,10.034,154.469,0.684,2167921,143.855,-7.605,2367496,161.017,6.182,2026772,156.067,-5.416,1076372,164.764,14.006,2787864,151.026,0.214,2763087,133.852,-17.873,2491969,151.757,0.493,2673184,142.587,-8.699,2635753,173.071,14.845,1501430,154.226,3.375,2758719,v10,18992fa,fedca7c,2026-09-04T23:05:01+00:00
28110,3147.6,627550,16337,3.322,,,,,2049,154.413,-1.824,16158,162.891,6.088,15360,140.918,-15.973,15208,178.995,22.847,16337,167.172,10.956,16208,149.977,-6.49,15778,154.067,-2.099,16314,144.087,-12.672,15410,161.11,4.517,15632,149.41,-6.754,16301,v10,18992fa,fedca7c,2026-09-04T23:05:01+00:00
28120,11588.9,835222,50561,2.792,,,,,11171,152.081,-2.318,50356,161.903,6.067,44827,142.998,-12.035,47530,173.833,19.476,50561,163.549,8.77,49016,146.892,-9.563,41842,149.821,-5.212,47665,147.11,-8.924,43471,160.797,4.454,43238,151.864,-2.737,49543,v10,18992fa,fedca7c,2026-09-04T23:05:01+00:00
28140,36400.6,1295573,160472,2.821,,,146.906,-1.183,88329,136.427,-12.391,112212,153.964,5.929,149959,,,52940,162.308,14.085,149575,143.183,-4.98,137476,130.96,-18.889,77539,151.513,3.306,141814,142.934,-5.024,150348,162.083,12.786,103045,145.929,-2.247,135176,v10,18992fa,fedca7c,2026-09-04T23:05:01+00:00
28160,51498.9,498573,3260,0.041,,,,,149,,,3146,,,3097,,,35,,,3048,,,1125,,,0,,,3139,,,563,,,0,,,2171,v10,18992fa,fedca7c,2026-09-04T23:05:01+00:00
28204,24305.9,300241,211924,5.58,145.309,8.397,,,0,116.101,-24.683,44907,150.386,5.077,211924,142.336,-2.974,211924,,,3900,,,0,,,3146,,,12919,,,0,,,0,150.636,5.096,198856,v10,18992fa,fedca7c,2026-09-04T23:05:01+00:00
28207,29838.6,106569,1468255,31.492,141.823,8.719,147.539,3.846,412265,134.6,-5.551,164237,148.193,6.297,1421694,145.435,3.631,1456931,139.626,-2.136,1424067,110.244,-27.43,67691,115.91,-24.119,629804,122.522,-19.108,118385,,,1165,145.419,2.76,122396,144.472,3.89,427030,v10,18992fa,fedca7c,2026-09-04T23:05:01+00:00
28208,24933.9,138358,3642684,93.5,141.864,10.333,143.783,-0.075,350769,135.051,-6.976,307312,148.507,6.632,3636825,142.586,0.712,3638950,149.404,8.02,2565961,126.467,-15.184,291531,114.908,-25.464,939921,126.631,-14.893,2149029,152.866,5.086,89809,146.763,3.838,243394,150.953,8.858,3177341,v10,18992fa,fedca7c,2026-09-04T23:05:01+00:00
28209,25406.5,12217,3816578,96.141,136.458,11.732,148.357,10.428,233991,140.198,1.959,49369,146.149,9.426,3392299,145.615,9.142,3803576,137.063,0.121,3318200,126.306,-8.776,1589400,125.808,-10.641,3701573,128.082,-13.247,400345,,,86,147.776,4.65,364479,158.412,17.093,838313,v10,18992fa,fedca7c,2026-09-04T23:05:01+00:00
28230,19955.5,50357,406503,13.037,140.089,11.374,,,11057,142.806,-0.783,103457,150.669,9.151,360049,143.53,3.455,405066,128.012,-9.228,267543,,,231,125.363,-14.694,316668,130.568,-8.847,158920,,,23,148.243,2.997,74528,160.632,19.311,283511,v10,18992fa,fedca7c,2026-09-04T23:05:01+00:00
28240,73153.5,116731,9398477,82.225,143.563,13.116,,,0,,,524,159.439,15.635,8610101,140.037,-3.13,9146625,152.118,9.111,8202860,131.877,-7.418,5459624,131.982,-10.62,8720159,145.501,-2.681,1101429,,,235,141.769,-6.169,706394,162.517,12.692,1623870,v10,18992fa,fedca7c,2026-09-04T23:05:01+00:00
28260,74239.9,155279,8175676,70.48,146.736,14.44,,,0,,,0,157.376,9.73,7525529,137.701,-8.917,8100640,164.288,17.553,8139369,143.494,-3.322,5740475,136.625,-10.067,8115919,,,0,,,0,,,0,,,18707,v10,18992fa,fedca7c,2026-09-04T23:05:01+00:00
28281,50078.2,446581,6176456,78.935,156.592,13.523,,,0,,,0,145.059,-11.141,6048345,159.858,3.266,6174735,173.6,16.246,5621527,150.953,-7.869,4334401,153.12,-3.536,6146989,,,0,,,0,,,0,,,2,v10,18992fa,fedca7c,2026-09-04T23:05:01+00:00
28282,41875.4,725210,6492150,99.222,148.738,12.453,,,0,,,0,151.212,1.011,5772565,146.696,-1.648,6364615,154.467,5.729,6489467,146.894,-1.84,6487841,152.303,3.564,6491384,,,0,,,0,,,0,,,0,v10,18992fa,fedca7c,2026-09-04T23:05:01+00:00
28283,5485.4,51752,797048,92.994,160.007,13.878,,,0,,,0,150.546,-9.462,796916,155.58,-4.463,783616,153.131,-6.88,796620,168.334,8.324,796640,174.438,14.428,796838,,,0,,,0,,,1,,,0,v10,18992fa,fedca7c,2026-09-04T23:05:01+00:00
28284,31038.7,469485,3914157,80.708,157.499,12.594,,,0,,,0,165.262,7.732,3581828,154.362,-3.136,3905905,149.159,-8.34,3913887,165.492,7.993,3914105,160.043,2.545,3913944,,,0,,,0,,,0,,,1,v10,18992fa,fedca7c,2026-09-04T23:05:01+00:00
28285,18088.8,600205,2779204,98.331,144.919,11.287,,,0,,,0,148.817,2.036,2361105,151.623,6.727,2767255,138.748,-6.171,2779121,143.659,-1.26,2779004,152.709,7.79,2779052,,,0,,,0,,,3,,,0,v10,18992fa,fedca7c,2026-09-04T23:05:01+00:00
28286,18532.5,171708,2893115,99.911,150.369,11.656,,,0,,,0,152.755,2.385,2893049,146.544,-3.826,2893042,138.767,-5.82,1684990,131.737,-12.835,1681612,174.633,24.262,2892850,,,0,,,0,,,0,,,0,v10,18992fa,fedca7c,2026-09-04T23:05:01+00:00
28287,225.3,29293,30149,85.643,143.145,12.017,,,0,,,0,142.131,-1.022,30054,149.483,6.338,30147,136.191,-6.956,30089,133.466,-9.673,30024,166.898,23.75,30133,,,0,,,0,,,0,,,0,v10,18992fa,fedca7c,2026-09-04T23:05:01+00:00
28288,8027.8,49219,1250681,99.708,147.806,13.419,,,0,,,0,156.77,8.964,1250618,147.2,-0.606,1250580,135.611,-10.8,1069687,129.978,-16.434,1069197,166.487,18.682,1250462,,,0,,,0,,,0,,,0,v10,18992fa,fedca7c,2026-09-04T23:05:01+00:00
28289,37656.0,804922,5235747,88.987,146.13,13.856,,,0,,,0,141.176,-4.954,5233938,154.488,8.357,5234565,144.307,-0.096,4343682,132.164,-12.234,4341113,172.053,25.924,5230342,,,0,,,0,,,8,,,2,v10,18992fa,fedca7c,2026-09-04T23:05:01+00:00
28290,133282.4,405148,14021528,67.329,151.062,11.091,,,139280,144.0,-7.432,2445116,137.345,-13.715,14012801,163.913,12.812,13834079,158.774,7.599,13803021,145.324,-7.863,2406014,154.228,2.419,7980799,156.598,5.351,5038936,139.183,-10.7,2491220,154.254,3.449,6042860,149.803,-2.851,1072988,v10,18992fa,fedca7c,2026-09-04T23:05:01+00:00
28311,50752.0,1693073,1870635,23.589,149.046,9.675,162.152,6.903,169303,134.527,-18.289,233237,140.3,-8.695,1846422,171.387,19.316,1396111,150.065,0.957,1840112,141.865,-10.729,84211,147.183,-5.105,301208,153.597,0.937,1277097,132.063,-11.655,839577,152.436,4.927,1545108,,,31630,v10,18992fa,fedca7c,2026-09-04T23:05:01+00:00
28312,12125.0,85292,1848871,97.59,151.461,10.277,163.635,7.069,106574,139.785,-10.298,1268824,143.681,-7.769,1845849,172.769,21.312,1845620,165.091,13.631,1847872,142.306,-8.47,971651,148.204,-2.695,638203,154.494,3.037,1847185,140.187,-10.387,1007001,155.313,3.863,1842994,147.45,-2.482,461019,v10,18992fa,fedca7c,2026-09-04T23:05:01+00:00
28313,26304.2,1357794,3389170,82.461,159.312,13.774,171.922,11.669,1036369,147.948,-11.865,3084756,141.302,-18.007,3369524,178.578,19.241,3376811,173.815,14.496,3381759,145.351,-14.306,2961942,167.416,8.007,3350503,164.535,5.215,3380460,141.114,-18.363,3206663,168.448,9.126,3379988,152.465,-9.79,2262278,v10,18992fa,fedca7c,2026-09-04T23:05:01+00:00
28314,24010.3,332681,3701833,98.673,160.615,12.17,,,0,157.247,1.389,853767,147.113,-13.177,3545014,168.994,8.38,3701106,169.705,9.186,3579860,146.373,-14.437,3603106,163.273,2.658,3701055,162.426,6.572,860315,139.287,-16.555,825825,165.264,9.409,860911,151.756,-4.014,752269,v10,18992fa,fedca7c,2026-09-04T23:05:01+00:00
28315,25513.8,911686,3180298,79.776,167.284,13.921,164.764,-0.178,44021,157.65,-8.427,1826868,151.38,-15.943,3141329,182.739,15.444,3176072,170.603,3.287,3153239,150.267,-17.057,3144318,170.134,2.842,3173229,177.646,11.555,1829747,145.069,-20.987,1821499,176.024,9.941,1834557,157.716,-8.358,1816845,v10,18992fa,fedca7c,2026-09-04T23:05:01+00:00
28316,46454.3,1266435,6130441,84.459,163.322,12.617,,,0,,,0,155.534,-7.402,5777945,168.714,5.355,6106793,162.117,-1.847,5235847,155.891,-7.44,6119720,167.627,4.302,6128276,,,0,,,0,,,2,,,0,v10,18992fa,fedca7c,2026-09-04T23:05:01+00:00
28317,18239.7,1043382,2009961,70.526,165.806,12.787,,,1,171.12,-0.619,422170,153.461,-12.117,1908970,179.323,13.512,2008980,166.866,0.995,1994993,160.669,-5.161,1998232,154.222,-11.591,2007606,176.471,4.711,421757,153.151,-18.584,421530,181.867,10.152,423150,165.095,-6.657,421366,v10,18992fa,fedca7c,2026-09-04T23:05:01+00:00
28318,15320.1,815293,1698466,70.954,163.088,13.916,,,0,168.009,4.099,314888,149.087,-13.784,1661823,180.012,16.921,1697411,169.476,6.386,1694458,153.738,-9.359,1693101,154.356,-8.73,1696035,176.679,12.736,312407,151.408,-12.451,312978,175.911,11.975,313507,152.975,-10.982,314046,v10,18992fa,fedca7c,2026-09-04T23:05:01+00:00
28319,8781.3,294899,749162,54.601,163.209,14.788,,,0,168.556,5.301,744355,144.574,-18.66,745021,173.63,10.399,747681,165.2,1.965,744377,142.5,-21.011,726740,148.916,-14.316,746246,173.841,10.571,743690,159.528,-3.703,744982,181.607,18.39,724728,152.448,-10.795,735275,v10,18992fa,fedca7c,2026-09-04T23:05:01+00:00
28321,18744.3,665330,2122190,72.459,167.06,13.363,,,11,175.169,6.024,681383,154.997,-12.002,2069837,179.912,12.845,2120896,173.994,6.906,2104853,150.483,-16.589,2115227,161.649,-5.417,2118605,164.305,-4.856,679599,164.685,-4.472,680722,184.646,14.8,554362,160.358,-8.802,678770,v10,18992fa,fedca7c,2026-09-04T23:05:01+00:00
28322,128713.1,1726607,6350687,31.578,178.012,8.855,,,450,171.768,1.202,308162,174.513,-3.816,4954164,181.507,3.509,6305286,178.111,0.053,6295446,158.133,-15.176,3326425,173.846,-4.174,6347365,,,164428,,,164477,,,120035,,,168399,v10,18992fa,fedca7c,2026-09-04T23:05:01+00:00
28323,35725.4,2375598,3815800,68.358,164.036,12.699,,,19,,,0,162.02,-1.974,3764543,168.298,4.259,3814565,170.141,4.862,3442060,157.863,-6.178,3809957,154.491,-9.547,3813498,,,0,,,0,,,0,,,714,v10,18992fa,fedca7c,2026-09-04T23:05:01+00:00
28324,141605.6,3903425,10610040,47.953,163.08,11.947,,,74,,,0,167.74,4.557,10491885,166.576,3.483,10591542,156.971,-6.164,10542389,160.983,-2.108,10584453,162.82,-0.263,10602596,,,4,,,0,,,15,,,2910,v10,18992fa,fedca7c,2026-09-04T23:05:01+00:00
28325,31683.0,1366007,2009233,40.587,172.32,11.506,,,2,,,0,178.95,6.245,1853305,169.008,-3.324,2007367,174.757,2.254,1947967,164.761,-7.614,1998630,163.085,-9.255,2005174,,,0,,,0,,,0,,,1466,v10,18992fa,fedca7c,2026-09-04T23:05:01+00:00
28326,46811.6,1528240,1104804,15.105,171.46,12.24,,,8,,,0,178.884,7.418,1104295,167.366,-4.102,1104281,170.462,-1.047,1073491,166.218,-5.31,1070650,166.595,-4.881,1103726,,,0,,,0,,,0,,,593,v10,18992fa,fedca7c,2026-09-04T23:05:01+00:00
28327,38955.9,529707,851548,13.99,173.192,10.986,,,0,,,0,172.186,-6.261,414947,165.777,-7.419,847366,178.163,4.136,766912,170.738,-2.563,840438,171.106,-2.105,849712,,,0,,,0,,,0,,,777,v10,18992fa,fedca7c,2026-09-04T23:05:01+00:00
28328,31285.3,41605,526893,10.779,202.346,10.612,,,0,,,0,195.444,-6.915,526322,208.06,5.699,526171,204.99,2.633,526657,199.183,-3.207,525377,191.43,-10.922,526784,,,0,,,0,,,0,,,625,v10,18992fa,fedca7c,2026-09-04T23:05:01+00:00
28329,49790.5,148060,564346,7.254,179.53,9.178,,,0,,,0,,,59975,171.387,-4.076,244890,185.518,5.449,530623,172.171,-7.367,563148,176.149,-3.385,564159,,,0,,,0,,,0,,,840,v10,18992fa,fedca7c,2026-09-04T23:05:01+00:00
28330,92327.7,3841963,5843325,40.505,169.269,11.975,166.675,1.052,1039398,169.42,2.458,4601744,160.544,-8.732,5837823,179.025,9.751,5841216,172.324,3.045,5837348,145.86,-22.632,5137808,162.568,-6.706,5839815,165.4,-1.084,4378549,159.688,-6.796,4375922,179.896,13.341,4046560,152.715,-13.777,4360339,v10,18992fa,fedca7c,2026-09-04T23:05:01+00:00
28340,67240.1,2082180,6562842,62.466,164.052,12.661,168.921,4.769,4794238,160.275,-3.778,6560648,149.242,-14.811,6561114,179.361,15.308,6561974,164.142,0.088,6561044,151.292,-12.965,6260383,172.357,8.304,6560502,162.176,-1.877,6561354,155.298,-8.755,6559379,176.882,12.829,6561276,150.226,-13.838,6545678,v10,18992fa,fedca7c,2026-09-04T23:05:01+00:00
28350,14233.8,649451,837830,37.672,168.972,11.158,168.507,0.099,540063,166.792,-1.748,779440,161.71,-7.291,833770,178.638,9.646,836164,163.586,-5.419,834113,145.553,-23.578,787221,178.602,9.604,835364,167.192,-1.332,780822,176.701,8.167,779260,173.136,4.599,780024,146.992,-21.546,777739,v10,18992fa,fedca7c,2026-09-04T23:05:01+00:00
28361,8631.1,602015,380604,28.222,172.393,8.616,164.658,-4.645,20995,171.955,1.679,145404,170.218,-2.238,378123,170.173,-2.252,379490,173.961,1.45,376083,145.174,-27.437,357304,181.084,8.639,378874,171.068,0.008,209792,171.897,0.777,208168,170.738,-0.349,209247,149.693,-21.422,207443,v10,18992fa,fedca7c,2026-09-04T23:05:01+00:00
28362,29156.7,91670,286609,6.291,175.989,10.823,,,1,,,0,176.783,0.777,286348,179.141,3.147,286501,179.874,3.868,286243,155.602,-20.441,284951,170.987,-5.008,286334,,,0,,,0,,,0,,,29,v10,18992fa,fedca7c,2026-09-04T23:05:01+00:00
28363,14411.7,519358,535490,23.78,168.381,11.784,,,76,,,0,166.52,-1.887,534177,166.421,-1.971,534998,176.279,7.845,533115,150.711,-17.725,477249,164.076,-4.326,534418,,,0,,,0,,,0,,,103,v10,18992fa,fedca7c,2026-09-04T23:05:01+00:00
28364,19838.7,151328,665716,21.476,173.055,13.187,,,15,,,0,172.364,-0.703,664934,186.396,13.337,665562,177.111,4.043,664717,140.837,-32.297,639981,161.643,-11.425,664934,,,3,,,0,,,0,,,529,v10,18992fa,fedca7c,2026-09-04T23:05:01+00:00
28365,13316.8,973846,916180,44.031,166.735,11.724,,,29,,,1898,162.3,-4.534,909549,165.238,-1.507,915627,173.331,6.479,907928,135.117,-31.312,739276,171.014,4.254,914614,,,0,,,0,,,0,,,13,v10,18992fa,fedca7c,2026-09-04T23:05:01+00:00
28366,84047.0,709232,2951281,22.473,166.308,10.885,,,130,,,0,168.949,-1.443,344006,172.493,6.178,2948720,171.303,2.48,1636561,139.977,-26.56,2792490,171.767,5.45,2947372,181.366,10.648,789124,158.26,-12.471,788021,,,69396,154.548,-16.186,787871,v10,18992fa,fedca7c,2026-09-04T23:05:01+00:00
28367,46087.6,1623535,2579521,35.821,151.582,11.532,159.475,3.569,85857,157.996,3.213,1223495,158.814,2.846,987250,150.653,-0.93,2571503,172.792,10.118,216357,134.566,-15.389,1597100,158.098,6.511,2573232,,,1,161.898,8.157,1506406,154.633,0.9,1507062,132.773,-20.46,1232405,v10,18992fa,fedca7c,2026-09-04T23:05:01+00:00
28368,7023.3,75788,573093,52.223,154.059,9.436,159.188,4.312,115124,161.107,7.048,570802,,,245,149.729,-4.333,570373,,,10902,134.215,-19.099,184829,150.556,-3.506,571186,,,10416,163.209,9.147,572306,154.104,0.04,571653,143.3,-10.648,511943,v10,18992fa,fedca7c,2026-09-04T23:05:01+00:00
28369,12702.9,117450,340253,17.143,157.583,11.744,158.659,-1.188,29283,160.085,2.293,213361,,,6365,163.975,6.37,338879,159.31,-0.152,230624,136.023,-20.377,191086,155.765,-1.854,339131,177.649,13.781,61196,165.06,7.798,174216,154.424,-2.838,174297,133.225,-24.015,127119,v10,18992fa,fedca7c,2026-09-04T23:05:01+00:00
28370,63202.9,5225410,3994032,40.444,164.53,11.704,164.529,0.406,920512,161.72,-2.294,3434186,154.582,-9.961,3982780,162.788,-1.753,3987852,167.395,2.664,3891132,140.522,-23.972,3302208,170.116,5.565,3980748,169.772,4.902,2852419,169.911,5.574,3398639,165.959,1.633,3405605,144.814,-19.373,3020190,v10,18992fa,fedca7c,2026-09-04T23:05:01+00:00
28380,50378.0,1214476,5153306,65.467,161.186,12.833,165.331,4.13,4676705,149.884,-11.408,4523978,148.033,-13.154,5151629,175.749,14.562,5151116,165.056,3.869,5151446,153.081,-8.703,3364087,173.299,12.108,5149634,163.391,2.204,5152266,146.476,-14.716,5145303,173.223,12.036,5152703,144.828,-16.439,4847553,v10,18992fa,fedca7c,2026-09-04T23:05:01+00:00
28391,7126.0,142630,379129,34.05,164.535,12.257,166.607,1.438,179128,153.39,-11.179,377582,147.176,-17.411,376816,169.012,4.417,376805,170.832,6.261,377695,136.925,-26.599,273783,176.578,11.994,376716,167.258,2.691,377846,169.508,4.921,376954,165.715,1.165,378524,139.968,-22.681,187063,v10,18992fa,fedca7c,2026-09-04T23:05:01+00:00
28392,5158.3,101359,233072,28.918,163.882,10.753,165.572,0.072,71085,157.107,-6.79,231530,148.138,-15.762,231801,167.682,3.755,231188,173.267,9.357,231535,134.759,-28.391,185265,172.986,9.072,230953,165.826,1.916,232450,166.385,2.468,231157,164.902,0.999,232078,138.935,-23.124,93401,v10,18992fa,fedca7c,2026-09-04T23:05:01+00:00
28393,7818.4,83816,781655,63.985,159.724,11.514,162.947,3.566,619259,148.574,-11.141,771816,151.141,-8.595,777906,171.347,11.61,780372,160.813,1.089,780814,140.151,-18.065,343285,176.808,17.071,779566,159.763,0.031,779404,149.086,-10.659,777543,167.998,8.268,780420,139.441,-18.413,335737,v10,18992fa,fedca7c,2026-09-04T23:05:01+00:00
28394,10179.4,250504,1359404,85.469,156.273,11.658,165.678,8.845,782226,150.948,-5.324,1310430,149.072,-7.197,1358307,168.451,12.177,1357877,157.889,1.617,1358689,137.507,-17.726,816101,173.314,17.041,1358422,154.988,-1.285,1358739,145.961,-10.285,1346225,163.958,8.207,901686,137.448,-17.389,504301,v10,18992fa,fedca7c,2026-09-04T23:05:01+00:00
28395,8823.0,777160,958594,69.534,158.517,12.878,165.444,5.006,339408,153.662,-4.857,953806,142.285,-16.245,953516,163.749,5.22,955797,166.977,8.437,955619,134.058,-23.859,541611,171.003,12.461,954685,158.413,-0.12,956332,159.903,1.375,955944,163.939,5.162,622181,135.505,-20.971,372492,v10,18992fa,fedca7c,2026-09-04T23:05:01+00:00
28396,17618.1,17000830,1224585,44.485,153.272,12.974,158.785,3.772,149080,152.582,-0.698,1219756,144.194,-8.884,1063756,157.692,4.412,1220860,158.466,4.846,488613,135.068,-17.727,608873,156.191,2.91,1220307,153.25,-0.363,487972,160.9,7.621,1221308,159.028,5.795,1215080,139.797,-13.174,861920,v10,18992fa,fedca7c,2026-09-04T23:05:01+00:00
28397,19503.2,1527448,1580524,51.865,155.696,12.166,165.028,7.231,515396,154.903,-0.8,1577527,142.168,-13.537,1548864,162.503,6.791,1572706,164.094,6.288,803296,134.068,-20.666,518882,159.079,3.371,1574066,153.152,-4.659,803179,159.451,3.74,1572152,166.747,12.748,968632,133.249,-20.53,778254,v10,18992fa,fedca7c,2026-09-04T23:05:01+00:00
28398,38797.9,1702513,4188086,69.086,152.161,10.005,164.458,10.145,311483,144.129,-8.057,4042927,147.077,-5.097,4059907,163.951,11.703,3776014,162.864,10.879,1461188,133.277,-18.597,1912032,160.652,8.492,4184702,149.379,-2.46,1649080,143.046,-9.424,1756672,161.288,9.811,1569185,132.194,-19.054,1094803,v10,18992fa,fedca7c,2026-09-04T23:05:01+00:00
28399,15699.1,257052,866300,35.316,152.653,9.803,159.14,4.34,93873,158.531,5.582,778303,144.355,-7.274,338565,156.578,3.838,832576,,,10316,134.589,-16.681,150547,153.515,0.862,866273,149.328,-1.283,247232,151.62,-1.037,864825,161.183,8.526,865016,130.662,-21.663,679759,v10,18992fa,fedca7c,2026-09-04T23:05:01+00:00
28400,52199.4,5967817,2130797,26.125,158.041,9.798,156.155,-4.09,1610401,156.286,-3.064,1717576,163.238,5.136,2120603,154.008,-9.519,1316045,176.384,17.667,2044626,158.94,0.833,2122418,146.658,-12.814,1804333,157.878,-0.589,2063787,153.179,-6.023,1848797,162.892,2.658,1796011,161.449,2.309,1970648,v10,18992fa,fedca7c,2026-09-04T23:05:01+00:00
28420,51385.6,272628,129206,1.609,,,,,146,,,0,127.571,-7.926,122156,160.646,24.128,99493,126.375,-9.163,124821,,,179,,,2116,,,26464,132.988,-2.341,99957,152.095,14.988,88006,,,43,v10,18992fa,fedca7c,2026-09-04T23:05:01+00:00
28430,63661.9,2045872,183037,1.84,,,,,32966,139.954,-0.827,130362,135.333,-1.319,182894,143.056,4.757,154460,,,33508,,,72275,,,76440,145.523,8.253,173442,,,34513,,,53580,136.942,-0.31,172514,v10,18992fa,fedca7c,2026-09-04T23:05:01+00:00
28440,42927.4,3735483,1738570,25.92,180.831,11.137,191.834,-0.391,1352248,187.255,3.427,1635501,181.026,-1.799,1651749,180.265,-2.362,1675851,198.729,9.283,1460716,185.696,-4.585,1395003,185.34,-4.908,1400494,185.287,1.102,1604131,192.695,-3.729,1239426,182.808,-4.001,1537726,183.197,1.289,1699081,v10,18992fa,fedca7c,2026-09-04T23:05:01+00:00
28450,48324.0,6423386,1121717,14.856,166.37,11.129,186.67,5.84,777687,175.563,8.914,1113266,169.618,-5.107,900188,169.28,-0.075,1029794,183.166,2.745,790530,177.858,3.061,868918,164.532,-10.745,858587,176.798,1.704,887525,171.243,-10.119,722466,180.346,3.549,856662,166.085,-3.326,1013617,v10,18992fa,fedca7c,2026-09-04T23:05:01+00:00
28464,96131.5,6348914,2803031,18.661,160.816,11.185,166.356,4.039,2505532,150.246,-10.886,2692745,161.356,0.452,2788057,153.553,-10.342,2351542,179.668,18.448,2747479,159.481,-2.15,2670271,158.979,-3.455,2537526,167.76,5.848,2643191,154.735,-13.693,1483341,172.777,7.402,2141999,157.258,-5.031,2594077,v10,18992fa,fedca7c,2026-09-04T23:05:01+00:00
28466,11836.1,572042,81485,4.406,,,190.107,3.413,80243,185.938,-1.32,78766,183.975,-2.24,81478,178.75,-7.724,80804,192.315,5.996,81249,193.853,4.515,73277,180.608,-7.238,77259,193.439,6.885,80640,180.719,-7.39,76129,190.375,4.12,81393,179.003,-7.998,79354,v10,18992fa,fedca7c,2026-09-04T23:05:01+00:00
28467,17660.3,1384189,27412,0.993,,,,,23493,,,22944,,,27410,,,25905,,,23971,,,19290,,,23350,,,22182,,,19070,,,23917,,,26642,v10,18992fa,fedca7c,2026-09-04T23:05:01+00:00
28469,23250.8,1832103,1111186,30.586,172.13,10.275,176.01,2.074,1047496,163.233,-10.202,1064611,171.424,-0.712,1111028,167.044,-5.353,1101674,183.839,10.671,1075882,165.925,-9.035,996682,171.146,-2.375,1061944,178.646,6.045,1096452,163.587,-11.68,974324,182.719,9.851,1088079,169.996,-2.256,1107114,v10,18992fa,fedca7c,2026-09-04T23:05:01+00:00
28470,18917.6,2992928,94056,3.182,,,160.907,4.097,49230,141.636,-17.359,80767,164.122,6.061,91996,146.729,-15.284,55786,178.404,19.24,84141,163.451,5.313,90536,143.211,-14.974,89691,159.869,-0.353,73679,145.978,-12.218,90215,159.491,0.747,85492,162.077,4.041,92553,v10,18992fa,fedca7c,2026-09-04T23:05:01+00:00
28480,58651.8,2586579,2223673,24.264,154.018,10.002,152.035,-5.995,1320125,145.904,-9.401,1628446,163.995,9.435,2123746,151.481,-7.698,1213739,172.417,18.044,2165494,153.544,-0.513,2215491,142.521,-12.449,1932497,154.028,-1.386,1907533,148.367,-5.879,2167382,161.14,3.706,1568402,159.771,5.305,2133484,v10,18992fa,fedca7c,2026-09-04T23:05:01+00:00
28490,27965.1,3789886,1122643,25.692,167.002,10.666,166.876,-4.93,747132,167.821,0.305,1094369,173.695,5.648,1069409,159.192,-11.299,949078,185.943,18.757,1114204,174.664,7.549,1115468,161.753,-5.952,1082907,161.378,-6.599,1069310,160.634,-8.273,1013687,171.98,2.181,985567,163.733,-3.635,1102377,v10,18992fa,fedca7c,2026-09-04T23:05:01+00:00
29114,32576.9,230291,574,0.011,,,,,344,,,360,,,572,,,0,,,574,,,574,,,18,,,574,,,463,,,344,,,484,v10,18992fa,fedca7c,2026-09-04T23:05:01+00:00
29120,46140.6,2139277,1512,0.021,,,,,0,,,16,,,1493,,,0,,,1512,,,1512,,,0,,,1217,,,680,,,832,,,1261,v10,18992fa,fedca7c,2026-09-04T23:05:01+00:00
29140,1591.0,20918,248080,99.793,166.895,12.117,165.433,-1.52,246338,160.749,-6.179,246073,174.822,7.927,248080,154.523,-12.398,246429,177.281,10.386,248080,183.919,17.024,248080,142.304,-24.654,243957,154.988,-11.919,247643,160.474,-6.51,244379,175.818,8.923,248070,166.285,-0.612,248032,v10,18992fa,fedca7c,2026-09-04T23:05:01+00:00
29142,11970.2,180515,2205,0.118,,,,,1881,,,1846,,,2056,,,206,,,2187,,,2205,,,1516,,,2161,,,2199,,,1128,,,2184,v10,18992fa,fedca7c,2026-09-04T23:05:01+00:00
29144,33232.5,268797,125293,2.413,,,161.798,10.124,116351,139.696,-12.12,101171,152.027,0.846,123626,,,7253,168.741,17.492,124231,150.609,-0.575,125288,115.195,-38.31,52164,152.781,1.529,123879,142.619,-9.506,95057,155.01,0.938,64695,150.169,-1.034,124589,v10,18992fa,fedca7c,2026-09-04T23:05:01+00:00
29146,62032.5,1955317,4602310,47.483,158.444,9.269,158.372,-2.534,3858530,154.703,-5.006,4091233,164.93,4.896,4135590,160.868,-5.951,2501999,171.043,12.489,4572676,161.433,2.965,4595319,147.323,-13.045,3968123,153.503,-5.429,4432780,150.225,-9.317,4222857,172.661,11.282,3757347,159.948,1.046,4456852,v10,18992fa,fedca7c,2026-09-04T23:05:01+00:00
29148,15197.2,568875,762575,32.114,160.197,9.405,162.741,-0.974,524957,153.053,-9.62,551445,165.196,4.741,745120,161.692,-5.165,377939,172.753,12.549,762088,160.439,0.241,762575,137.814,-26.573,460741,151.373,-11.045,585418,153.066,-9.327,580965,173.344,10.803,593922,160.327,-0.155,738056,v10,18992fa,fedca7c,2026-09-04T23:05:01+00:00
29149,55414.8,2588149,826240,9.542,154.77,9.742,162.689,-0.156,218030,136.709,-21.473,285344,160.305,4.829,736586,155.71,-6.894,223543,171.336,16.564,826132,149.431,-5.345,825124,128.789,-29.16,235721,145.285,-10.897,455764,147.523,-8.466,474598,165.208,8.083,482969,154.906,0.031,798333,v10,18992fa,fedca7c,2026-09-04T23:05:01+00:00
29170,65621.1,1072963,1350664,13.173,149.632,10.154,157.512,6.175,1030699,137.139,-13.383,1097990,155.039,4.493,1146514,158.615,-3.165,164879,164.227,14.39,1319360,150.257,0.539,1328011,119.277,-31.877,976974,150.436,0.524,1289782,139.354,-11.121,1148352,167.962,14.346,702225,150.722,0.982,1326354,v10,18992fa,fedca7c,2026-09-04T23:05:01+00:00
29190,40198.9,502510,380,0.006,,,,,11,,,119,,,234,,,2,,,359,,,374,,,141,,,284,,,164,,,112,,,379,v10,18992fa,fedca7c,2026-09-04T23:05:01+00:00
29210,72749.5,1182716,20634,0.182,,,,,15288,,,20068,,,20634,,,7418,,,20573,,,20634,,,12067,,,20634,,,20634,,,12923,,,20607,v10,18992fa,fedca7c,2026-09-04T23:05:01+00:00
29221,55304.8,933675,16682,0.193,,,,,13415,,,14927,,,16602,,,3882,,,13902,,,16682,,,9331,,,15555,,,15451,,,9637,,,16606,v10,18992fa,fedca7c,2026-09-04T23:05:01+00:00
29222,17426.7,298852,3441,0.126,,,,,2564,,,3059,,,3441,,,80,,,2655,,,3441,,,2971,,,3390,,,3441,,,808,,,3441,v10,18992fa,fedca7c,2026-09-04T23:05:01+00:00
29223,71698.3,636768,423,0.004,,,,,255,,,406,,,277,,,61,,,388,,,376,,,355,,,388,,,423,,,0,,,423,v10,18992fa,fedca7c,2026-09-04T23:05:01+00:00
29230,33599.2,505824,11131,0.212,,,,,5804,,,4761,,,9179,,,196,,,10588,,,11097,,,9385,,,10654,,,6058,,,7289,,,9952,v10,18992fa,fedca7c,2026-09-04T23:05:01+00:00
29240,93372.4,1713447,209105,1.433,,,,,97293,140.503,-11.161,156355,157.428,4.815,196984,,,67278,167.496,15.408,207300,156.178,3.914,202382,,,145648,151.227,-1.297,195997,148.855,-3.587,197968,163.46,8.503,148151,150.821,-2.334,176208,v10,18992fa,fedca7c,2026-09-04T23:05:01+00:00
29256,37529.6,864587,240876,4.108,,,,,54878,153.057,-7.606,229652,170.877,10.396,235724,157.588,-11.724,123185,179.696,19.431,239214,165.25,3.944,220252,155.297,-6.326,212492,157.666,-5.849,184173,153.949,-7.385,214417,167.486,3.439,179458,155.997,-6.291,201918,v10,18992fa,fedca7c,2026-09-04T23:05:01+00:00
29257,18006.6,125038,127663,4.537,,,148.646,-9.589,28899,150.836,-6.312,126467,168.277,8.626,101609,153.96,-12.646,44145,176.981,19.742,125824,165.978,8.074,119686,143.187,-16.119,96548,153.328,-6.19,99432,151.809,-6.74,109349,166.853,2.203,66335,157.776,-1.203,104405,v10,18992fa,fedca7c,2026-09-04T23:05:01+00:00
29260,92395.2,20669586,1087310,7.532,154.958,10.176,157.523,-5.685,548143,148.27,-7.717,1003501,168.944,12.378,963928,151.387,-10.29,612860,174.791,19.105,1037206,155.591,0.447,1069514,147.825,-8.983,908954,150.314,-7.244,870787,151.727,-3.26,1084268,167.541,8.53,797737,158.021,2.107,1006666,v10,18992fa,fedca7c,2026-09-04T23:05:01+00:00
29270,86961.5,1673617,56401,0.415,,,,,34723,,,53079,,,52834,,,19900,,,49680,,,55863,,,45211,,,45811,,,56385,,,34267,,,53435,v10,18992fa,fedca7c,2026-09-04T23:05:01+00:00
29280,98654.5,5525531,532538,3.455,,,,,149799,146.781,-2.809,528040,161.865,7.446,304132,142.411,-14.823,176303,171.321,19.483,424125,144.205,-5.376,528464,147.302,-7.196,289759,145.828,-4.982,448196,152.575,3.045,532528,170.294,10.148,163507,155.142,0.614,293502,v10,18992fa,fedca7c,2026-09-04T23:05:01+00:00
29290,31554.1,1732132,126097,2.558,,,,,31679,134.529,-11.163,123497,170.232,15.826,56981,,,5627,168.3,17.417,79442,140.594,-5.751,115537,148.973,-4.725,58596,143.445,-2.156,124859,149.439,3.949,126095,,,20866,155.401,4.889,77590,v10,18992fa,fedca7c,2026-09-04T23:05:01+00:00
29360,42102.6,904175,1506,0.023,,,,,493,,,1069,,,1502,,,118,,,1457,,,1506,,,192,,,1506,,,1491,,,60,,,824,v10,18992fa,fedca7c,2026-09-04T23:05:01+00:00
29390,57162.1,2986232,59406,0.665,,,,,23485,,,59081,,,49233,,,35540,,,57658,,,57169,,,51672,,,59131,,,59397,,,47853,,,47942,v10,18992fa,fedca7c,2026-09-04T23:05:01+00:00
29400,17316.3,1120425,1545312,57.114,166.571,9.907,164.729,-2.263,1512932,161.687,-4.91,1542008,169.539,2.955,1543693,156.745,-11.477,1394300,181.454,14.786,1537347,166.892,0.289,1541176,165.772,-1.505,1484575,169.463,2.879,1542926,153.94,-14.719,1210254,175.986,9.118,1523127,159.148,-7.618,1527501,v10,18992fa,fedca7c,2026-09-04T23:05:01+00:00
29420,72431.9,4941246,1712497,15.131,157.649,9.018,156.01,-9.081,890769,153.389,-4.398,1688403,171.029,9.607,1403742,155.126,-10.292,1066754,176.758,17.285,1569935,155.798,-3.031,1600497,154.76,-7.184,1357493,154.122,-4.161,1642594,157.779,0.118,1710634,172.087,7.913,1197164,163.159,1.108,1348154,v10,18992fa,fedca7c,2026-09-04T23:05:01+00:00
29440,50661.6,3906028,237470,3.0,,,147.354,-14.998,156612,150.577,-7.456,184653,173.369,14.965,227323,152.954,-7.725,179543,182.145,24.153,234400,154.308,-3.644,233869,156.812,-3.416,188988,152.463,-7.703,189602,154.107,-3.755,236014,166.482,7.643,218225,161.021,2.462,221732,v10,18992fa,fedca7c,2026-09-04T23:05:01+00:00
29461,26370.6,1597474,301,0.007,,,,,60,,,38,,,171,,,14,,,266,,,284,,,67,,,17,,,288,,,155,,,299,v10,18992fa,fedca7c,2026-09-04T23:05:01+00:00
29462,22658.2,835569,171,0.005,,,,,58,,,76,,,166,,,0,,,165,,,171,,,101,,,82,,,163,,,153,,,171,v10,18992fa,fedca7c,2026-09-04T23:05:01+00:00
29464,32976.5,4124289,312241,6.06,153.509,8.934,148.126,-8.66,170325,148.704,-4.936,66760,168.971,14.838,289330,147.309,-9.101,178221,171.427,17.709,305527,147.035,-6.627,304612,142.578,-13.798,183000,151.299,-3.448,242799,150.353,-3.309,301295,155.93,1.603,270894,157.874,3.99,295023,v10,18992fa,fedca7c,2026-09-04T23:05:01+00:00
29466,20022.6,2133283,203900,6.517,162.511,8.559,155.88,-2.753,161555,164.216,1.471,201026,172.054,9.394,202314,157.713,-7.698,171757,179.134,16.54,203101,162.177,-0.355,203679,149.528,-14.878,183332,164.854,1.882,198992,161.263,-3.139,182915,161.033,-2.181,196808,165.154,1.669,193123,v10,18992fa,fedca7c,2026-09-04T23:05:01+00:00
29468,26328.3,2907350,1406303,34.185,171.937,9.621,169.01,-3.573,1322998,167.359,-4.946,1383444,175.86,3.837,1401751,160.618,-13.688,1246204,188.494,16.555,1406193,173.296,1.358,1406204,164.739,-8.059,1350112,173.964,1.697,1387167,172.435,-5.913,995204,177.003,4.789,1388900,174.548,1.508,1333388,v10,18992fa,fedca7c,2026-09-04T23:05:01+00:00
29469,56826.9,7467713,1568834,17.669,169.741,9.051,169.924,-0.075,1551563,165.1,-5.216,1525001,174.711,4.888,1563458,155.249,-16.741,1378130,184.558,14.806,1568187,170.041,0.264,1566276,166.511,-3.874,1523084,176.178,6.29,1559454,167.081,-8.646,1086964,173.039,2.603,1521222,170.096,-1.101,1450228,v10,18992fa,fedca7c,2026-09-04T23:05:01+00:00
29497,82922.7,7406718,1088337,8.4,151.488,7.744,158.392,6.578,1065838,140.866,-14.68,539578,147.964,-3.546,1085176,141.247,-15.421,544605,157.862,5.541,1013825,154.197,1.291,950038,161.137,3.953,550170,153.826,2.251,1080400,155.692,-4.351,315654,158.25,-3.086,293388,151.887,-0.494,979988,v10,18992fa,fedca7c,2026-09-04T23:05:01+00:00
29498,22703.9,446655,2665722,75.144,163.032,8.093,169.348,5.682,2580275,155.88,-9.314,2332222,160.858,-2.191,2662060,153.76,-14.038,2002256,170.308,6.429,2543457,160.934,-4.045,2331200,170.519,3.013,2045003,169.518,6.27,2628269,169.125,-6.378,1248556,168.249,-1.577,1785357,164.614,0.893,2575068,v10,18992fa,fedca7c,2026-09-04T23:05:01+00:00
29499,40391.8,1708485,4031585,63.88,164.507,8.779,169.217,4.641,4018442,157.063,-8.127,3863657,165.622,1.114,4031232,149.012,-17.818,3318488,177.855,13.333,4028339,163.576,-1.15,3981434,164.52,-0.954,3812813,170.797,6.237,4020930,162.117,-10.724,1919572,167.311,1.043,3545749,160.442,-4.626,3904420,v10,18992fa,fedca7c,2026-09-04T23:05:01+00:00
29905,40041.4,5767926,1174,0.019,,,,,1126,,,1164,,,1174,,,1174,,,1174,,,1174,,,1174,,,1174,,,1174,,,1174,,,1174,v10,18992fa,fedca7c,2026-09-04T23:05:01+00:00
29906,43272.9,11199363,1235,0.018,,,,,1235,,,1235,,,1235,,,1235,,,1235,,,1235,,,1235,,,1235,,,1235,,,1235,,,1235,v10,18992fa,fedca7c,2026-09-04T23:05:01+00:00
31101,7144.1,6035,982070,87.978,209.63,14.422,,,0,,,0,201.855,-7.775,981907,229.021,19.39,981913,,,15,201.075,-12.228,13135,196.549,-13.081,981809,,,0,,,0,,,0,222.246,6.81,11756,v10,18992fa,fedca7c,2026-09-04T23:05:01+00:00
31102,5062.5,3686,64552,8.161,214.163,15.289,,,0,,,0,198.399,-15.765,64551,238.13,23.967,64552,,,0,,,262,203.568,-10.595,64552,,,0,,,0,,,0,,,4,v10,18992fa,fedca7c,2026-09-04T23:05:01+00:00
31103,2164.9,1498,98178,29.024,207.374,14.691,,,4,,,0,202.535,-4.808,97969,228.882,21.535,98063,,,0,199.69,-19.035,27681,192.917,-14.412,97838,,,0,,,0,,,0,228.751,8.235,26081,v10,18992fa,fedca7c,2026-09-04T23:05:01+00:00
31104,9951.2,6965,623550,40.103,193.24,14.149,,,13,,,6,183.566,-9.717,621809,195.98,5.573,51733,199.155,5.606,570433,196.498,3.688,608240,173.319,-13.407,119775,,,0,,,0,,,0,,,9156,v10,18992fa,fedca7c,2026-09-04T23:05:01+00:00
31105,11581.4,8720,1356859,74.981,207.532,16.579,,,3,,,0,195.001,-12.523,1354735,228.387,20.862,1355583,,,61,209.044,-8.924,95889,198.391,-9.122,1353456,,,0,,,0,,,0,225.936,10.522,163224,v10,18992fa,fedca7c,2026-09-04T23:05:01+00:00
31106,7997.8,5804,850455,68.055,216.971,16.58,,,1,,,0,201.852,-15.138,848317,236.977,19.986,848754,,,16,215.406,-1.102,28005,208.271,-8.722,848087,,,0,,,0,,,0,233.871,16.368,18836,v10,18992fa,fedca7c,2026-09-04T23:05:01+00:00
31107,50906.5,41210,5563151,69.94,223.664,14.152,,,3,,,0,209.605,-14.062,5539668,240.426,16.843,5454410,235.91,8.025,104607,217.64,-13.298,357063,215.31,-8.273,5453612,,,0,,,0,,,0,239.333,2.258,170256,v10,18992fa,fedca7c,2026-09-04T23:05:01+00:00
31108,5039.6,3673,264860,33.636,215.704,12.483,,,2,,,2,211.347,-4.504,263339,185.872,-8.705,16011,224.289,7.005,246277,207.797,-8.035,263362,181.985,-16.547,39317,,,0,,,0,,,0,,,2581,v10,18992fa,fedca7c,2026-09-04T23:05:01+00:00
31109,17407.4,13298,2044955,75.185,194.988,14.468,,,13,,,6,191.518,-3.466,2039614,221.94,29.473,456450,201.767,5.204,1786052,190.427,-4.545,2038997,178.766,-10.424,896036,,,0,,,0,,,0,227.85,9.042,84660,v10,18992fa,fedca7c,2026-09-04T23:05:01+00:00
31201,66895.5,299875,8863637,84.8,154.096,10.373,,,675,,,0,164.207,10.122,8853892,155.144,1.057,8854251,154.979,0.964,3532527,144.119,-10.464,6099284,151.001,-3.071,8843676,,,7,,,0,,,0,,,911,v10,18992fa,fedca7c,2026-09-04T23:05:01+00:00
31202,27703.6,138156,3908540,90.294,153.65,10.729,,,99,,,0,163.354,9.709,3906424,152.641,-1.0,3906135,155.194,-4.611,619497,154.688,-0.481,2333030,147.698,-5.936,3902935,,,5,,,0,,,0,,,9,v10,18992fa,fedca7c,2026-09-04T23:05:01+00:00
31203,19166.9,306684,2802785,93.588,169.141,10.667,,,6,,,0,174.303,5.162,2802566,158.289,-10.853,2802128,,,20819,181.346,4.672,1057262,167.348,-1.795,2800954,,,0,,,0,,,0,,,0,v10,18992fa,fedca7c,2026-09-04T23:05:01+00:00
31204,35964.9,247127,4960616,88.275,164.384,12.484,,,32,,,0,171.958,7.572,4958407,161.139,-3.244,4958379,165.071,0.942,1640183,171.809,6.823,4742708,145.996,-18.39,4953144,,,0,,,0,,,0,,,154,v10,18992fa,fedca7c,2026-09-04T23:05:01+00:00
31205,22286.5,104481,2539514,72.927,163.355,14.431,,,16,,,0,174.04,10.683,2538795,157.626,-5.729,2538054,173.721,12.497,1704806,162.745,-0.616,2536714,145.272,-18.087,2534912,,,1,,,0,,,0,,,251,v10,18992fa,fedca7c,2026-09-04T23:05:01+00:00
31210,58705.0,47350,3491796,38.067,210.546,12.346,,,64,,,0,212.391,1.832,3489347,218.107,7.55,3490014,,,25127,152.911,-25.034,541145,197.29,-13.299,3485365,,,0,,,0,,,0,,,22080,v10,18992fa,fedca7c,2026-09-04T23:05:01+00:00
31221,14857.8,11203,992473,42.751,219.257,13.233,,,31,,,0,229.276,9.999,991967,221.043,1.779,992301,235.539,2.149,171587,213.751,-19.359,181293,202.763,-16.53,991422,,,0,,,0,,,0,,,62,v10,18992fa,fedca7c,2026-09-04T23:05:01+00:00
31222,13244.1,13132,882599,42.65,189.877,13.889,,,2,,,0,202.617,12.737,882368,194.591,4.711,882435,214.885,-1.802,301806,205.28,-11.434,301550,181.178,-8.709,882051,,,0,,,0,,,0,,,749,v10,18992fa,fedca7c,2026-09-04T23:05:01+00:00
31223,14757.1,40860,465230,20.177,173.495,16.502,,,3,,,0,156.314,-17.153,463397,192.863,19.367,463794,,,748,,,6127,176.554,3.104,459476,,,0,,,0,,,0,,,6972,v10,18992fa,fedca7c,2026-09-04T23:05:01+00:00
31224,10897.7,34878,398496,23.403,168.892,17.371,,,0,,,0,145.341,-23.551,398355,175.073,6.179,398391,,,58,,,478,186.635,17.741,398082,,,0,,,0,,,0,,,351,v10,18992fa,fedca7c,2026-09-04T23:05:01+00:00
31225,12111.3,38542,458313,24.219,178.151,17.605,,,2,,,0,149.457,-28.695,458167,192.783,14.621,458145,,,4723,,,4907,185.646,7.488,457971,,,0,,,0,,,0,,,0,v10,18992fa,fedca7c,2026-09-04T23:05:01+00:00
31226,27125.9,85267,1473220,34.759,195.631,15.746,,,0,,,0,197.428,1.789,1472784,207.193,11.553,1472827,190.42,-9.471,1256523,206.293,6.352,1254295,185.889,-9.763,1471616,,,0,,,0,,,0,,,46,v10,18992fa,fedca7c,2026-09-04T23:05:01+00:00
31227,17648.7,56838,447069,16.212,178.972,15.126,,,0,,,0,160.166,-18.806,447066,191.896,12.923,447050,171.141,-5.189,232720,170.209,-6.142,232033,183.662,4.682,446903,,,0,,,0,,,0,,,30,v10,18992fa,fedca7c,2026-09-04T23:05:01+00:00
31228,9830.9,31707,144022,9.376,182.82,12.977,,,0,,,0,185.486,2.663,144002,189.267,6.447,144020,177.36,-5.531,139236,165.87,-17.05,139027,186.062,3.242,144020,,,0,,,0,,,0,,,0,v10,18992fa,fedca7c,2026-09-04T23:05:01+00:00
31229,9936.5,31372,204351,13.162,177.737,12.639,,,0,,,0,159.126,-18.611,204351,180.49,2.753,204351,,,9067,,,9064,186.463,8.726,204351,,,0,,,0,,,0,,,0,v10,18992fa,fedca7c,2026-09-04T23:05:01+00:00
31231,7046.5,5460,452862,41.131,190.608,15.766,,,6,,,0,210.999,20.383,452514,193.195,2.577,452589,,,80,,,1696,175.186,-15.442,451870,,,0,,,0,,,0,,,2467,v10,18992fa,fedca7c,2026-09-04T23:05:01+00:00
31232,12816.7,11165,208404,10.407,177.614,11.249,,,1,,,0,175.684,-1.927,208275,179.611,1.997,208347,,,2,,,596,178.107,0.495,208154,,,0,,,0,,,0,,,931,v10,18992fa,fedca7c,2026-09-04T23:05:01+00:00
31233,7106.7,14267,157397,14.175,179.512,13.21,,,0,,,0,167.758,-11.755,156390,185.143,5.611,156212,,,486,,,3202,182.667,3.159,152634,,,0,,,0,,,0,,,9102,v10,18992fa,fedca7c,2026-09-04T23:05:01+00:00
31234,34367.9,106213,995230,18.533,188.899,10.54,,,17,,,0,192.609,3.663,991191,198.739,9.797,948800,171.995,-15.339,215218,179.133,-9.867,986997,185.847,-3.135,987079,,,0,,,0,,,0,,,8052,v10,18992fa,fedca7c,2026-09-04T23:05:01+00:00
31235,8799.7,25131,200976,14.617,170.929,16.048,,,40,,,0,147.084,-23.825,199594,178.964,8.035,199908,,,677,,,3807,183.782,12.84,195055,,,0,,,0,,,0,,,6837,v10,18992fa,fedca7c,2026-09-04T23:05:01+00:00
31236,4653.5,14405,37702,5.185,169.112,12.761,,,0,,,0,149.863,-19.246,37694,167.692,-1.419,37701,,,0,,,4,187.72,18.613,37668,,,0,,,0,,,0,,,23,v10,18992fa,fedca7c,2026-09-04T23:05:01+00:00
31237,5509.5,16649,7,0.001,,,,,0,,,0,,,0,,,7,,,0,,,0,,,4,,,0,,,0,,,0,,,7,v10,18992fa,fedca7c,2026-09-04T23:05:01+00:00
31238,14364.6,43246,42,0.002,,,,,8,,,0,,,4,,,41,,,0,,,0,,,29,,,0,,,0,,,0,,,35,v10,18992fa,fedca7c,2026-09-04T23:05:01+00:00
31239,6683.3,19450,13142,1.258,,,,,0,,,0,159.791,-17.719,12871,169.512,-8.117,12907,,,6251,183.161,5.467,12816,179.935,2.217,12370,,,0,,,0,,,0,,,793,v10,18992fa,fedca7c,2026-09-04T23:05:01+00:00
31241,185199.3,538487,12769957,44.13,175.625,12.019,,,4434,,,0,166.204,-9.427,12661606,172.47,-3.065,12643629,173.969,0.86,9332717,185.718,2.742,6300314,181.742,3.0,9322526,,,42,,,0,,,0,,,223421,v10,18992fa,fedca7c,2026-09-04T23:05:01+00:00
31242,82130.3,251574,3663261,28.546,188.252,9.622,,,51,,,0,186.829,-1.433,3660684,172.73,-15.552,3654945,180.997,6.371,168540,190.267,0.659,3312995,191.023,2.758,3625171,,,7,,,0,,,0,,,7728,v10,18992fa,fedca7c,2026-09-04T23:05:01+00:00
31243,69392.5,67324,2889705,26.651,178.231,10.193,,,57,,,0,173.232,-5.012,2886681,168.25,-10.004,2883742,,,23247,184.303,4.592,2275645,180.185,2.265,2651819,,,0,,,0,,,0,,,4419,v10,18992fa,fedca7c,2026-09-04T23:05:01+00:00
31244,62119.7,23818,1689462,17.406,168.742,10.186,,,58,,,0,171.026,2.283,1689047,171.912,3.167,1688072,159.77,-6.708,578849,164.045,-3.878,114027,162.152,-6.533,1620315,,,0,,,0,,,0,,,453,v10,18992fa,fedca7c,2026-09-04T23:05:01+00:00
31245,29750.4,15440,1424284,30.64,170.961,12.136,,,8,,,0,176.156,5.194,1423404,179.303,8.342,1423692,,,1,164.449,-6.147,1337587,156.946,-14.018,1421997,,,0,,,0,,,0,,,708,v10,18992fa,fedca7c,2026-09-04T23:05:01+00:00
31246,95020.0,60197,4549086,30.64,180.955,8.611,,,74,,,0,177.73,-3.227,4548391,174.533,-6.425,4547872,,,14651,181.883,1.156,4333795,177.551,-1.031,2065293,,,3,,,0,,,9,,,5597,v10,18992fa,fedca7c,2026-09-04T23:05:01+00:00
31247,39353.8,55671,2005774,32.619,169.308,12.189,,,136,,,0,172.558,3.248,2005022,187.003,17.691,2004414,158.176,-15.149,415762,161.107,-8.205,2002667,154.941,-14.179,1983282,,,1,,,149,,,34,,,3331,v10,18992fa,fedca7c,2026-09-04T23:05:01+00:00
31248,342096.3,7253731,29141470,54.518,170.987,11.695,,,459075,,,5551,175.17,4.108,29066823,170.587,-0.681,27308489,169.694,-1.224,28563170,167.74,-3.276,29087101,170.211,-1.28,27542973,177.094,-0.21,3412484,160.351,-8.497,10056465,182.581,3.684,2928161,173.738,-4.786,2928300,v10,18992fa,fedca7c,2026-09-04T23:05:01+00:00
31249,133651.7,854461,5645784,27.035,152.581,10.91,,,12,,,0,154.949,2.367,5644937,158.145,5.492,5605047,143.414,-2.575,3316436,144.002,-7.799,4467306,155.854,7.386,4377648,,,7,144.218,-3.237,4700824,,,19,,,1264,v10,18992fa,fedca7c,2026-09-04T23:05:01+00:00
31251,5895.8,16629,350327,38.029,174.763,11.195,,,104,,,0,159.546,-15.318,345187,163.787,-11.093,346217,182.548,6.908,167237,179.11,4.258,347003,178.049,3.066,343577,,,0,,,0,,,0,,,4203,v10,18992fa,fedca7c,2026-09-04T23:05:01+00:00
31252,73286.5,216931,2067871,18.058,164.453,13.526,,,262,,,0,143.304,-21.142,2062952,160.275,-4.18,2061689,180.498,9.298,436882,172.375,3.386,941133,179.929,15.469,2056391,,,0,,,0,,,0,,,4885,v10,18992fa,fedca7c,2026-09-04T23:05:01+00:00
31253,5257.5,11170,316270,38.5,172.505,12.015,,,79,,,0,152.892,-19.651,314167,164.51,-8.072,313292,179.759,5.143,70333,179.966,7.381,313142,176.732,4.03,310096,,,0,,,0,,,0,,,1262,v10,18992fa,fedca7c,2026-09-04T23:05:01+00:00
31254,34893.6,20809,2727333,50.023,171.187,10.799,,,177,,,0,166.006,-5.182,2726754,170.287,-0.901,2726677,168.241,-5.596,1911615,177.456,11.672,1171757,166.82,-1.862,1967564,,,0,,,0,,,0,,,1654,v10,18992fa,fedca7c,2026-09-04T23:05:01+00:00
31255,3711.4,1733,278901,48.094,164.105,12.331,,,25,,,0,146.443,-17.661,278663,161.418,-2.69,278327,178.597,10.554,52120,172.761,8.651,277923,162.969,-1.135,277671,,,0,,,0,,,0,,,738,v10,18992fa,fedca7c,2026-09-04T23:05:01+00:00
31256,12660.1,10519,796078,40.244,159.445,11.482,,,49,,,0,144.177,-15.266,795845,160.41,0.964,795807,168.005,7.944,78715,161.156,1.712,795755,166.509,7.065,795507,,,0,,,0,,,0,,,900,v10,18992fa,fedca7c,2026-09-04T23:05:01+00:00
31257,5926.2,6812,250714,27.076,158.351,12.733,,,213,,,0,145.012,-13.331,250450,163.262,4.917,250357,177.571,11.399,37699,160.72,2.41,249390,155.352,-2.989,249007,,,0,,,0,,,0,,,724,v10,18992fa,fedca7c,2026-09-04T23:05:01+00:00
31258,8260.3,18157,176821,13.7,158.306,12.273,,,54,,,0,149.259,-9.039,176734,167.16,8.854,176690,,,9038,155.971,-2.311,176208,154.942,-3.342,176017,,,0,,,0,,,0,,,266,v10,18992fa,fedca7c,2026-09-04T23:05:01+00:00
31259,3414.1,93335,213088,39.945,160.88,12.279,,,300,,,0,153.588,-7.289,212378,163.738,2.857,212681,175.565,10.344,24907,157.755,-3.102,210804,160.993,0.095,209784,,,0,,,0,,,0,,,694,v10,18992fa,fedca7c,2026-09-04T23:05:01+00:00
31260,13573.8,51916,1765304,83.233,140.361,13.177,,,0,,,0,171.884,31.528,1764314,147.06,6.714,1763646,137.126,-3.187,1761116,145.694,5.359,1760990,135.731,-4.618,1763061,,,0,,,0,,,0,,,25,v10,18992fa,fedca7c,2026-09-04T23:05:01+00:00
31261,3730.6,9106,213664,36.655,165.124,11.328,,,13,,,0,165.902,0.77,213333,170.389,5.259,213482,164.784,-4.064,55168,159.242,-5.946,211209,159.655,-5.534,210913,,,0,,,0,,,0,,,163,v10,18992fa,fedca7c,2026-09-04T23:05:01+00:00
31262,87133.9,350667,1848125,13.575,159.986,13.944,,,17,,,0,146.492,-13.655,1747113,160.783,0.795,1847689,171.299,-4.925,380690,173.335,-3.095,377305,174.794,14.801,1846389,,,1,,,0,,,0,,,49,v10,18992fa,fedca7c,2026-09-04T23:05:01+00:00
31263,5464.7,20221,242774,28.433,162.205,12.325,,,64,,,0,176.612,12.783,183201,172.035,9.82,242532,157.604,-4.637,240368,154.461,-7.814,239504,143.719,-18.553,240271,,,1,,,0,,,0,,,210,v10,18992fa,fedca7c,2026-09-04T23:05:01+00:00
31264,79133.9,2184237,2647676,21.413,148.769,12.41,,,222,,,0,150.136,1.508,2289610,155.052,6.28,2646657,150.34,1.671,2131294,146.034,-2.628,2127710,144.303,-4.468,2641469,,,1,,,0,,,0,,,431,v10,18992fa,fedca7c,2026-09-04T23:05:01+00:00
31265,8131.8,90362,472942,37.222,155.576,13.801,,,77,,,0,176.551,20.968,472354,169.515,13.937,472693,145.528,-10.052,470320,143.533,-12.056,467072,144.546,-11.038,471055,,,0,,,0,,,0,,,84,v10,18992fa,fedca7c,2026-09-04T23:05:01+00:00
31266,58259.6,3509834,4906328,53.898,143.914,11.366,,,56,,,0,152.494,8.581,4902258,151.766,7.875,4887432,145.133,1.252,4872673,140.561,-3.32,4867516,133.778,-10.134,4887627,,,15,,,0,,,10,,,281,v10,18992fa,fedca7c,2026-09-04T23:05:01+00:00
31267,33158.4,520567,3706529,71.541,145.234,13.591,,,26,,,0,176.21,30.976,3703763,155.137,9.921,3699070,140.645,-4.579,3695587,138.516,-6.7,3687627,132.01,-13.217,3697365,,,6,,,0,,,25,,,90,v10,18992fa,fedca7c,2026-09-04T23:05:01+00:00
31268,30549.4,141799,4213016,88.261,143.732,13.051,,,38,,,0,156.257,12.53,4210783,150.027,6.313,4201070,137.606,-6.105,4207606,159.267,15.555,4205103,130.629,-13.092,4206891,,,8,,,0,,,126,,,1079,v10,18992fa,fedca7c,2026-09-04T23:05:01+00:00
31269,80596.5,1019717,11321840,89.904,140.547,11.722,,,0,,,0,149.549,9.004,11318573,152.557,12.019,11313426,136.689,-3.678,11102906,131.895,-8.473,11102979,146.555,6.017,11308226,,,4,,,0,,,61,,,187,v10,18992fa,fedca7c,2026-09-04T23:05:01+00:00
31270,86285.5,312541,10158858,75.351,153.527,11.889,,,1239,,,0,167.234,13.709,10149336,156.609,3.086,10153096,142.828,-9.994,9424861,154.819,1.314,10102107,149.48,-4.027,10107495,,,47,,,0,,,254,,,3779,v10,18992fa,fedca7c,2026-09-04T23:05:01+00:00
31280,109701.1,1224020,15593973,90.976,153.785,13.644,,,110,,,0,165.949,12.161,15583859,146.693,-7.092,15587271,148.647,-5.659,14274031,153.202,-0.914,13026869,158.17,4.367,15477367,,,13,,,0,,,0,,,1191,v10,18992fa,fedca7c,2026-09-04T23:05:01+00:00
31281,44601.8,375886,5234890,75.116,157.777,10.411,,,291,,,0,165.094,7.316,5233646,159.451,1.674,5232210,153.514,-4.367,4972039,155.386,-2.395,5227124,156.247,-1.534,5228289,,,13,,,0,,,8,,,828,v10,18992fa,fedca7c,2026-09-04T23:05:01+00:00
31282,6605.3,20044,977229,94.686,157.194,13.229,,,6,,,0,176.572,19.377,976685,154.544,-2.651,977060,145.747,-10.144,722350,163.089,5.891,976668,149.457,-7.742,976730,,,6,,,0,,,0,,,205,v10,18992fa,fedca7c,2026-09-04T23:05:01+00:00
31283,18112.4,32569,2821995,99.715,150.38,12.1,,,1,,,0,176.005,25.625,2821648,152.214,1.835,2821482,138.99,-11.388,2820970,158.845,8.466,2821278,140.989,-9.39,2821563,,,0,,,0,,,0,,,156,v10,18992fa,fedca7c,2026-09-04T23:05:01+00:00
31284,19388.0,34707,3019943,99.689,157.734,14.206,,,0,,,0,182.226,24.489,3018857,141.722,-16.013,3019728,153.594,-5.471,2130527,161.983,4.243,3018185,155.602,-2.134,3019094,,,0,,,0,,,0,,,116,v10,18992fa,fedca7c,2026-09-04T23:05:01+00:00
31285,6427.5,11394,999965,99.569,159.649,12.492,,,4,,,0,174.847,15.196,999850,148.137,-11.512,999884,148.512,-9.591,568924,167.309,7.658,999734,157.057,-2.6,999465,,,0,,,0,,,0,,,80,v10,18992fa,fedca7c,2026-09-04T23:05:01+00:00
31286,8750.9,29641,1260297,92.172,155.708,11.561,,,0,,,0,165.311,9.604,1260219,148.974,-6.734,1260290,155.8,0.389,1215253,161.401,5.691,1260093,154.52,-1.19,1259986,,,0,,,0,,,0,,,98,v10,18992fa,fedca7c,2026-09-04T23:05:01+00:00
31287,1996.6,7722,311032,99.7,162.47,12.784,,,0,,,0,179.421,16.951,311031,143.363,-19.107,311031,151.684,-10.786,311031,171.772,9.302,311031,163.518,1.048,311025,,,0,,,0,,,0,,,0,v10,18992fa,fedca7c,2026-09-04T23:05:01+00:00
31288,17137.3,105921,2496856,93.246,154.617,11.372,,,7,,,0,163.256,8.638,2495839,143.132,-11.485,2496300,151.604,-3.014,2495102,158.293,3.672,2494141,159.113,4.49,2493760,,,0,,,0,,,0,,,111,v10,18992fa,fedca7c,2026-09-04T23:05:01+00:00
31289,19072.7,666272,2908532,97.598,159.89,13.593,,,3,,,0,169.855,9.958,2906775,143.931,-15.959,2908181,148.711,-11.186,2906173,161.754,1.515,2720262,170.85,10.924,2898519,,,0,,,0,,,0,,,448,v10,18992fa,fedca7c,2026-09-04T23:05:01+00:00
31290,205699.6,1224305,29675739,92.331,147.931,12.953,,,24,,,69334,162.311,14.379,29664363,147.288,-0.67,29594148,143.523,-4.901,22741834,148.887,0.753,22954906,146.195,-1.75,29516831,,,122,,,0,,,0,,,1608,v10,18992fa,fedca7c,2026-09-04T23:05:01+00:00
31291,19821.1,41171,623648,20.137,170.814,10.952,,,476,,,0,176.432,5.61,623227,175.896,5.064,622796,170.298,-0.921,595908,151.413,-20.762,299583,159.011,-12.089,463936,,,0,,,0,,,37,,,120,v10,18992fa,fedca7c,2026-09-04T23:05:01+00:00
31292,33398.6,111608,4114445,78.843,164.525,10.241,,,263,,,0,171.264,6.736,4112757,166.908,2.377,4111103,168.327,3.79,4109629,153.921,-10.62,4093453,155.395,-9.147,4103415,,,19,,,0,,,16,,,358,v10,18992fa,fedca7c,2026-09-04T23:05:01+00:00
31293,61477.9,681869,6427877,66.916,157.808,10.594,,,304,,,0,163.805,5.995,6425515,159.854,2.044,6424406,158.223,1.858,5538585,146.989,-9.61,5791569,156.615,-1.193,6409298,,,2,,,0,,,8,,,1484,v10,18992fa,fedca7c,2026-09-04T23:05:01+00:00
31294,63357.7,575839,7953910,80.345,163.572,10.158,,,407,,,0,165.853,2.281,7950733,173.424,9.851,7950636,158.876,1.158,2956895,147.236,-15.113,5711885,158.275,-5.298,7944985,,,7,,,0,,,0,,,921,v10,18992fa,fedca7c,2026-09-04T23:05:01+00:00
31295,28832.1,681941,4144085,91.988,157.505,12.567,,,38,,,0,171.847,14.34,4142489,155.488,-1.997,4121568,148.511,-3.319,1865857,154.108,-3.014,2775794,147.961,-9.545,4137210,,,0,,,0,,,0,,,291,v10,18992fa,fedca7c,2026-09-04T23:05:01+00:00
31296,35287.5,156168,5505956,99.86,148.652,15.574,157.854,11.931,743665,148.913,1.183,2102984,170.753,22.07,5497604,138.371,-10.299,5401073,143.526,-2.973,2455183,156.967,8.287,5499518,134.435,-14.215,5504469,143.005,0.163,630883,143.907,1.061,632000,140.542,-2.285,627465,142.507,-0.339,631899,v10,18992fa,fedca7c,2026-09-04T23:05:01+00:00
31297,93374.5,727607,12735250,87.289,167.224,10.834,165.168,2.326,2257703,157.475,6.277,1337936,174.308,7.048,12671150,160.247,-7.664,11241615,163.98,-3.91,12305723,167.196,-0.184,12665492,160.627,-6.615,12717713,175.96,3.265,6890895,168.592,-3.941,6918161,175.897,3.29,6901724,173.476,1.22,6867144,v10,18992fa,fedca7c,2026-09-04T23:05:01+00:00
31298,24240.7,37739,3710993,97.977,148.144,12.424,149.143,6.706,2503371,158.808,11.965,3471660,157.401,9.0,3668567,137.854,-12.051,3276377,149.927,1.782,3709799,137.771,-10.447,3696997,136.165,-12.505,3618451,153.58,5.464,3648346,146.4,-1.553,3672170,154.696,6.656,3659733,149.637,1.677,3671764,v10,18992fa,fedca7c,2026-09-04T23:05:01+00:00
31299,130903.2,720478,19321599,94.465,152.899,10.903,153.285,-0.404,16261945,146.84,2.99,10370981,160.346,7.106,18624682,152.388,-2.846,17343240,151.376,-2.357,18686989,147.535,-6.29,18579999,152.435,-0.647,19012469,153.561,-0.718,17236288,153.109,1.897,13030104,158.386,5.67,12794046,149.002,-0.219,13519219,v10,18992fa,fedca7c,2026-09-04T23:05:01+00:00
31310,15307.8,12654,1403838,58.693,173.428,17.519,,,0,,,0,178.712,5.284,1403660,214.429,40.611,1177880,181.18,7.332,713232,151.306,-22.12,1403320,168.186,-5.021,1391409,,,0,,,0,,,0,,,3942,v10,18992fa,fedca7c,2026-09-04T23:05:01+00:00
31320,54542.3,47293,5939606,69.695,181.927,15.464,,,57,,,0,190.285,8.346,5926907,199.12,15.857,4420401,175.504,-5.965,3786841,174.083,-7.534,5562492,175.073,-6.797,5784508,,,0,,,0,,,0,,,56387,v10,18992fa,fedca7c,2026-09-04T23:05:01+00:00
31330,27785.2,23159,4018887,92.57,194.706,17.392,,,6,,,0,186.378,-8.326,4016325,239.076,38.83,2350813,214.525,18.276,3765134,175.073,-19.632,4014528,190.25,-4.654,3889621,,,0,,,0,,,0,227.662,13.777,121123,v10,18992fa,fedca7c,2026-09-04T23:05:01+00:00
31341,303.4,222,37538,79.184,203.81,18.67,,,0,,,0,202.925,-0.954,37425,239.41,35.573,37475,206.965,3.094,37438,174.823,-29.148,37060,196.686,-7.195,37402,,,0,,,0,,,0,222.766,26.917,731,v10,18992fa,fedca7c,2026-09-04T23:05:01+00:00
31342,15956.0,12886,2267880,90.965,194.056,19.401,,,4,,,0,186.866,-7.196,2266778,240.424,46.408,2191257,204.932,10.86,2265053,163.705,-32.085,1615899,185.247,-9.051,2128388,,,0,,,0,,,0,,,10667,v10,18992fa,fedca7c,2026-09-04T23:05:01+00:00
31343,27312.5,22172,3193886,74.841,197.884,17.049,,,57,,,2,200.49,2.599,3192313,230.91,33.019,3192582,177.917,-19.98,3190365,158.17,-29.946,54406,187.096,-10.808,2541874,,,0,,,0,,,0,,,11287,v10,18992fa,fedca7c,2026-09-04T23:05:01+00:00
31344,6130.9,4998,700312,73.105,192.96,16.509,,,19,,,0,202.799,9.838,700164,203.966,11.003,700113,166.351,-26.618,699373,,,2514,195.434,1.901,614909,,,0,,,0,,,0,,,2332,v10,18992fa,fedca7c,2026-09-04T23:05:01+00:00
31345,1704.5,1412,177182,66.528,188.513,14.712,,,0,,,0,195.447,6.934,177174,198.513,10.0,177177,167.123,-21.397,176956,,,260,189.293,0.891,174275,,,0,,,0,,,0,,,105,v10,18992fa,fedca7c,2026-09-04T23:05:01+00:00
31346,28793.9,22103,1315718,29.244,168.585,13.828,,,405,,,0,163.409,-5.162,1309944,171.379,2.816,1309750,155.463,-13.089,1302560,,,20333,188.907,19.78,1170405,,,3,,,0,,,0,,,15866,v10,18992fa,fedca7c,2026-09-04T23:05:01+00:00
31347,8999.0,6980,950118,67.571,176.388,14.902,,,78,,,0,176.087,-0.302,948570,183.374,6.982,948616,156.218,-20.165,947659,186.73,12.178,138315,190.438,13.362,809839,,,0,,,0,,,0,,,8241,v10,18992fa,fedca7c,2026-09-04T23:05:01+00:00
31348,7265.5,5847,687769,60.584,167.23,13.97,,,137,,,0,165.982,-1.233,685878,171.071,3.843,686734,154.648,-12.551,684285,,,7500,190.576,20.877,430338,,,0,,,0,,,0,,,8642,v10,18992fa,fedca7c,2026-09-04T23:05:01+00:00
31349,14787.1,11955,1382191,59.823,173.118,14.488,,,113,,,0,176.807,3.697,1375970,176.395,3.288,1378859,155.778,-17.276,1370025,185.311,7.245,393234,187.065,11.253,896808,,,0,,,0,,,0,,,16782,v10,18992fa,fedca7c,2026-09-04T23:05:01+00:00
31350,3761.6,3150,547607,93.17,203.557,19.11,,,0,,,0,198.321,-5.236,547497,242.849,39.291,547565,202.898,-0.66,547497,172.148,-31.773,169977,187.175,-16.199,507206,,,0,,,0,,,0,,,1447,v10,18992fa,fedca7c,2026-09-04T23:05:01+00:00
31361,34339.8,24939,1251907,23.332,205.097,17.58,,,2,,,0,204.117,-0.991,1251210,237.582,32.391,1244728,193.787,-13.074,885901,178.374,-22.818,356420,189.682,-15.452,1142924,,,0,,,0,,,0,,,6726,v10,18992fa,fedca7c,2026-09-04T23:05:01+00:00
31362,19056.7,3299,1525431,51.23,199.545,16.86,,,3,,,9,189.841,-9.717,1523756,227.815,28.253,1524020,,,495,179.526,-20.279,1501230,201.649,2.081,1523415,,,0,,,0,,,0,,,10376,v10,18992fa,fedca7c,2026-09-04T23:05:01+00:00
31363,1159.6,920,62328,34.4,197.511,15.38,,,0,,,0,192.936,-4.589,62217,217.339,19.727,61929,,,8,175.96,-21.796,61271,204.259,6.683,62137,,,0,,,0,,,0,,,477,v10,18992fa,fedca7c,2026-09-04T23:05:01+00:00
31364,12288.9,8434,532132,27.713,207.993,14.761,,,4,,,0,205.788,-2.205,532127,230.469,22.476,532129,,,1,191.251,-16.78,531399,204.324,-3.669,532127,,,0,,,0,,,0,,,72,v10,18992fa,fedca7c,2026-09-04T23:05:01+00:00
31365,25386.1,20892,722968,18.226,192.558,13.78,,,0,,,0,195.467,2.899,722556,202.206,9.61,720387,164.878,-16.478,185955,173.053,-23.457,533493,198.192,5.618,719102,,,0,,,0,,,0,,,1595,v10,18992fa,fedca7c,2026-09-04T23:05:01+00:00
31366,14520.4,12356,44715,1.971,,,,,0,,,0,182.566,-5.313,44704,183.278,-4.64,44022,,,16,183.091,-4.884,43944,196.563,8.679,44642,,,2,,,0,,,0,,,19,v10,18992fa,fedca7c,2026-09-04T23:05:01+00:00
31367,14499.2,12809,601539,26.552,191.648,11.477,,,0,,,0,188.623,-3.028,601469,192.262,0.613,601476,,,13,182.381,-9.279,601241,196.858,5.202,601347,,,0,,,0,,,0,,,365,v10,18992fa,fedca7c,2026-09-04T23:05:01+00:00
31368,10353.7,8945,559492,34.584,202.227,15.003,,,0,,,0,191.458,-10.77,559470,221.814,19.587,559492,,,0,189.883,-12.344,559482,201.989,-0.238,559487,,,0,,,0,,,0,,,46,v10,18992fa,fedca7c,2026-09-04T23:05:01+00:00
31369,18686.4,13826,842621,28.859,192.316,12.891,,,0,,,0,176.913,-15.406,842532,200.136,7.819,842566,,,4,183.133,-9.186,842510,201.826,9.504,842461,,,0,,,0,,,0,,,167,v10,18992fa,fedca7c,2026-09-04T23:05:01+00:00
31370,3383.9,2615,433417,81.973,220.77,15.904,,,1,,,0,209.932,-10.865,432530,243.018,22.203,431812,231.218,10.404,432182,205.846,-13.151,127705,195.471,-25.307,429898,,,0,,,0,,,0,228.741,1.684,21399,v10,18992fa,fedca7c,2026-09-04T23:05:01+00:00
31380,24517.7,20032,1584641,41.365,213.751,16.925,,,0,,,0,197.842,-15.912,1584181,240.19,25.541,1255622,228.695,14.041,1256156,204.1,-7.967,684854,200.022,-13.76,1579239,,,0,,,0,,,0,,,4578,v10,18992fa,fedca7c,2026-09-04T23:05:01+00:00
31390,46488.9,38249,5593936,77.01,212.38,12.961,,,3,,,9,213.77,1.387,5587890,236.735,18.06,395691,227.336,13.462,1388516,199.629,-12.748,5580508,215.272,2.891,5583449,,,0,,,1311,,,0,231.302,4.033,123246,v10,18992fa,fedca7c,2026-09-04T23:05:01+00:00
32100,94410.0,27740,7498532,50.832,211.698,13.191,,,0,,,89,210.974,-0.657,7452691,235.399,21.856,1231425,246.591,10.503,253326,196.341,-15.336,7457261,217.171,5.864,7380161,,,0,,,12130,,,0,235.76,-0.211,261524,v10,18992fa,fedca7c,2026-09-04T23:05:01+00:00
32211,658.9,20,760,0.738,,,,,0,,,0,,,734,,,41,,,114,,,522,,,579,,,0,,,0,,,0,,,129,v10,18992fa,fedca7c,2026-09-04T23:05:01+00:00
32212,15514.3,600,511953,21.119,227.302,11.761,,,0,,,0,198.615,-25.609,396150,,,709,240.126,12.182,501452,211.47,-16.21,505735,231.683,4.215,507041,,,0,,,629,,,0,,,5884,v10,18992fa,fedca7c,2026-09-04T23:05:01+00:00
32213,14996.6,9057,1351146,57.662,231.313,8.64,,,0,,,0,225.035,-2.172,93036,,,4881,240.645,9.261,1344524,202.032,-29.326,1349249,232.132,0.778,1349234,,,0,,,0,,,0,,,2880,v10,18992fa,fedca7c,2026-09-04T23:05:01+00:00
32214,29374.3,5973,2106466,45.895,231.815,8.973,,,0,,,0,229.634,-0.869,1215714,213.818,-16.781,1211632,238.795,5.32,930053,209.71,-17.296,1302471,235.319,3.417,2098600,,,0,,,0,,,0,,,9678,v10,18992fa,fedca7c,2026-09-04T23:05:01+00:00
32215,16112.7,1124,1088572,43.238,206.729,15.104,,,1,,,0,201.642,-5.1,1087319,231.43,24.678,1087398,,,37,189.277,-17.6,1079506,200.461,-6.285,1087647,,,0,,,0,,,0,,,5186,v10,18992fa,fedca7c,2026-09-04T23:05:01+00:00
32216,63504.6,2214,4652003,46.883,235.502,6.931,,,1,,,0,236.176,0.669,4651537,217.738,-17.824,4616630,229.278,-1.93,1243738,220.182,-7.432,1665645,235.704,-0.326,4559233,,,0,,,0,,,0,,,8429,v10,18992fa,fedca7c,2026-09-04T23:05:01+00:00
32217,993.4,73,21930,14.128,206.489,15.53,,,0,,,0,198.076,-8.582,21779,229.006,22.464,21876,,,0,189.324,-17.639,21559,203.783,-2.846,21842,,,0,,,0,,,0,,,195,v10,18992fa,fedca7c,2026-09-04T23:05:01+00:00
32218,13447.3,1156,680245,32.375,201.642,16.765,,,0,,,0,184.381,-17.263,680072,228.93,27.285,680173,,,1,186.539,-15.18,677742,205.515,3.869,680143,,,0,,,0,,,0,,,1074,v10,18992fa,fedca7c,2026-09-04T23:05:01+00:00
32219,3424.2,268,64434,12.043,204.086,14.585,,,0,,,0,190.579,-13.57,64234,223.162,19.032,64317,,,2,187.743,-16.482,64046,208.306,3.95,49313,,,0,,,0,,,0,,,404,v10,18992fa,fedca7c,2026-09-04T23:05:01+00:00
32221,76779.9,1821,2182650,18.194,218.468,10.033,,,1,,,0,209.796,-8.683,2182100,221.297,2.82,2182207,214.736,7.225,144432,197.063,-10.93,568250,220.271,1.515,2090375,,,0,,,0,,,0,,,1108,v10,18992fa,fedca7c,2026-09-04T23:05:01+00:00
32222,21343.7,434,275803,8.27,200.997,13.086,,,0,,,0,182.689,-18.311,275786,205.831,4.834,275803,204.961,5.459,259704,188.451,-11.051,259711,210.306,9.308,275791,,,0,,,0,,,0,,,0,v10,18992fa,fedca7c,2026-09-04T23:05:01+00:00
32223,5548.2,112,66326,7.651,212.157,10.781,,,0,,,0,202.882,-9.375,66198,209.801,-2.39,66266,215.502,3.222,66156,204.194,-7.982,66293,220.445,8.245,66268,,,0,,,0,,,0,,,87,v10,18992fa,fedca7c,2026-09-04T23:05:01+00:00
32224,33267.6,677,317339,6.105,187.739,13.547,,,0,,,0,170.357,-17.384,317312,179.861,-7.879,317337,193.697,5.957,317323,193.274,-8.259,70135,203.956,16.216,317322,,,0,,,0,,,0,,,0,v10,18992fa,fedca7c,2026-09-04T23:05:01+00:00
32225,186.4,4,1463,5.023,197.839,11.467,,,0,,,0,195.12,-3.655,1422,195.98,-2.674,1426,198.911,0.457,1435,190.302,-7.603,1459,206.766,8.655,1451,,,0,,,0,,,0,,,11,v10,18992fa,fedca7c,2026-09-04T23:05:01+00:00
32226,27985.5,561,1314640,30.064,226.808,8.135,,,0,,,0,226.677,-0.133,1314579,219.701,-7.343,1211202,218.671,0.371,548565,208.563,-9.738,548639,226.349,-0.463,1314537,,,0,,,0,,,0,,,298,v10,18992fa,fedca7c,2026-09-04T23:05:01+00:00
32227,25602.6,520,491151,12.278,209.647,10.312,,,0,,,0,201.911,-7.774,490758,188.184,-7.421,300316,209.894,0.226,490926,218.491,-7.916,256333,218.565,8.879,490724,,,0,,,0,,,0,,,32,v10,18992fa,fedca7c,2026-09-04T23:05:01+00:00
32228,93970.6,1912,5376415,36.617,215.442,9.278,,,0,,,0,218.838,3.393,5376112,210.277,-1.267,3854347,210.144,-3.193,4931004,212.913,-6.321,3052071,211.452,-3.993,5376009,,,0,,,0,,,0,,,385,v10,18992fa,fedca7c,2026-09-04T23:05:01+00:00
32229,171775.2,9599,1888271,7.035,173.206,11.392,,,1,,,0,163.109,-10.1,1887681,170.877,-2.332,1887706,179.461,6.253,1887987,,,624,178.559,5.348,1887308,,,0,,,0,,,0,,,25,v10,18992fa,fedca7c,2026-09-04T23:05:01+00:00
32231,2183.6,178,70226,20.583,204.84,13.397,,,0,,,0,186.759,-18.088,70192,224.849,20.008,70217,,,0,194.597,-10.257,70173,206.417,1.59,26557,,,0,,,0,,,0,,,261,v10,18992fa,fedca7c,2026-09-04T23:05:01+00:00
32232,7428.3,609,52639,4.535,,,,,0,,,0,223.308,-2.886,52639,234.253,8.058,52639,,,0,208.309,-17.885,52639,,,0,,,0,,,0,,,0,,,0,v10,18992fa,fedca7c,2026-09-04T23:05:01+00:00
32233,15968.9,1390,932027,37.354,197.86,14.384,,,0,,,0,176.952,-20.915,931555,219.599,21.729,931458,,,65,187.448,-10.432,931043,204.045,7.268,780329,,,0,,,0,,,0,,,2491,v10,18992fa,fedca7c,2026-09-04T23:05:01+00:00
32234,5595.4,493,68929,7.884,219.933,8.642,,,0,,,0,219.921,-0.012,68929,225.966,6.033,68929,,,0,205.066,-14.869,68925,,,0,,,0,,,0,,,0,,,2,v10,18992fa,fedca7c,2026-09-04T23:05:01+00:00
32235,11450.8,976,387070,21.634,197.037,10.72,,,0,,,0,186.011,-11.031,386950,209.49,12.446,386973,,,1,187.878,-9.165,386843,203.066,7.223,116880,,,0,,,0,,,0,,,839,v10,18992fa,fedca7c,2026-09-04T23:05:01+00:00
32236,23458.9,3659,653130,17.819,188.254,10.993,,,0,,,0,175.884,-12.371,653123,192.963,4.707,653108,,,2,187.043,-1.213,653063,198.213,6.395,293207,,,0,,,0,,,0,,,220,v10,18992fa,fedca7c,2026-09-04T23:05:01+00:00
32237,7117.8,608,123766,11.128,195.35,10.275,,,0,,,0,184.446,-10.906,123736,207.601,12.247,123752,,,3,189.248,-6.102,123729,,,0,,,0,,,0,,,0,,,164,v10,18992fa,fedca7c,2026-09-04T23:05:01+00:00
32238,36763.7,2614,621005,10.811,218.783,10.522,,,0,,,0,202.966,-15.817,621003,225.149,6.362,620971,,,20,205.668,-11.069,159911,220.871,2.08,571402,,,3,,,0,,,0,,,229,v10,18992fa,fedca7c,2026-09-04T23:05:01+00:00
32239,8012.9,677,36569,2.921,,,,,0,,,0,193.517,-12.802,36509,218.174,11.87,36536,,,1,198.485,-6.016,25405,202.908,-4.062,33168,,,0,,,0,,,0,,,124,v10,18992fa,fedca7c,2026-09-04T23:05:01+00:00
32241,20996.0,586,156440,4.769,,,,,0,,,0,192.576,-26.585,156404,227.955,8.798,156423,,,3164,,,3978,217.771,-1.387,156414,,,0,,,0,,,0,,,73,v10,18992fa,fedca7c,2026-09-04T23:05:01+00:00
32242,34079.4,5469,153885,2.89,,,,,0,,,0,194.038,-11.744,153762,214.045,8.287,153840,209.835,6.752,88754,189.574,-13.49,88792,202.758,-3.009,153821,,,0,,,0,,,0,,,0,v10,18992fa,fedca7c,2026-09-04T23:05:01+00:00
32243,20390.2,414,211315,6.633,210.352,11.507,,,0,,,0,199.391,-10.983,211232,216.101,5.734,211249,212.588,3.152,196775,198.704,-10.761,196676,209.734,-0.639,211182,,,0,,,0,,,0,,,89,v10,18992fa,fedca7c,2026-09-04T23:05:01+00:00
32244,62474.7,1272,781653,8.007,179.06,14.314,,,0,,,0,159.445,-19.616,781651,171.231,-7.829,781638,187.233,8.173,781648,187.965,-4.071,147698,194.097,15.037,781642,,,0,,,0,,,0,,,11,v10,18992fa,fedca7c,2026-09-04T23:05:01+00:00
32245,8340.4,170,21887,1.679,,,,,0,,,0,181.359,-10.003,21871,192.41,1.043,21874,199.677,8.332,21883,184.392,-7.049,21312,190.053,-1.481,21775,,,0,,,0,,,0,,,37,v10,18992fa,fedca7c,2026-09-04T23:05:01+00:00
32246,14584.8,330,52632,2.31,,,,,0,,,0,181.988,-5.508,52632,196.775,9.247,52487,189.341,1.819,52527,180.717,-6.65,49715,179.652,-7.928,52488,,,0,,,0,,,0,,,1,v10,18992fa,fedca7c,2026-09-04T23:05:01+00:00
32247,38795.9,823,295250,4.871,,,,,0,,,0,155.958,-14.725,295250,174.275,3.593,295250,169.366,-1.317,295250,,,172,184.037,13.354,295232,,,0,,,0,,,0,,,0,v10,18992fa,fedca7c,2026-09-04T23:05:01+00:00
32248,14036.1,305,73355,3.345,,,,,0,,,0,156.779,-21.624,73355,182.918,4.515,73355,173.592,-4.812,73355,,,0,197.593,19.189,73355,,,0,,,0,,,0,,,0,v10,18992fa,fedca7c,2026-09-04T23:05:01+00:00
32249,23982.6,2795,140546,3.751,,,,,0,,,0,162.683,-21.022,140546,190.912,7.207,140546,177.293,-6.412,140546,,,57,195.283,11.578,140546,,,0,,,0,,,0,,,0,v10,18992fa,fedca7c,2026-09-04T23:05:01+00:00
32251,3817.9,316,14303,2.398,,,,,0,,,0,169.141,-13.35,14215,192.557,10.122,14205,,,20,,,3730,180.063,-2.511,14101,,,0,,,0,,,0,,,271,v10,18992fa,fedca7c,2026-09-04T23:05:01+00:00
32252,15270.6,2142,210934,8.84,193.78,10.113,,,0,,,0,179.897,-13.882,210931,202.729,8.948,210929,,,0,196.635,0.57,172911,176.072,-6.066,82734,,,0,,,0,,,0,,,7,v10,18992fa,fedca7c,2026-09-04T23:05:01+00:00
32253,8466.3,1378,212539,16.067,189.531,9.755,,,0,,,0,181.211,-8.32,212505,196.217,6.686,212519,,,0,,,10928,181.396,-8.134,212479,,,0,,,0,,,0,,,279,v10,18992fa,fedca7c,2026-09-04T23:05:01+00:00
32254,32674.0,8110,1330824,26.067,179.893,10.815,,,0,,,0,166.821,-13.072,1330769,181.216,1.322,1330654,,,17,186.842,7.123,1222835,176.724,-4.049,317502,,,0,,,0,,,0,,,587,v10,18992fa,fedca7c,2026-09-04T23:05:01+00:00
32255,3488.1,826,31436,5.768,202.647,8.51,,,0,,,0,193.203,-9.444,31436,206.617,3.97,31434,,,0,,,0,197.647,-5.008,31426,,,0,,,0,,,0,,,10,v10,18992fa,fedca7c,2026-09-04T23:05:01+00:00
32256,10480.1,2548,261266,15.955,186.064,8.143,,,0,,,0,174.869,-11.196,261265,192.27,6.205,261250,,,0,188.145,3.492,39863,180.914,-5.149,261173,,,0,,,0,,,0,,,130,v10,18992fa,fedca7c,2026-09-04T23:05:01+00:00
32257,13361.6,3075,78946,3.781,,,,,0,,,0,187.517,-16.148,78931,208.166,4.501,78930,,,4465,,,4465,201.036,-2.636,78915,,,0,,,0,,,0,,,107,v10,18992fa,fedca7c,2026-09-04T23:05:01+00:00
32258,21566.6,5843,147616,4.381,,,,,0,,,0,190.337,-5.531,147614,206.234,10.367,147616,194.076,-1.295,140594,185.506,-9.868,140569,190.611,-5.256,147616,,,0,,,0,,,0,,,0,v10,18992fa,fedca7c,2026-09-04T23:05:01+00:00
32259,16663.8,86995,231558,8.893,165.729,11.282,,,0,,,0,154.211,-11.53,231249,167.337,1.601,231390,150.708,-9.485,167487,166.961,6.77,166987,172.391,6.644,230991,,,6,,,0,,,0,,,18,v10,18992fa,fedca7c,2026-09-04T23:05:01+00:00
32261,15019.5,41990,522056,22.245,146.843,12.26,,,0,,,0,148.659,1.824,521560,150.364,3.529,521561,142.188,-4.643,521241,144.368,-2.439,520351,158.261,11.436,521069,,,1,,,0,,,0,,,18,v10,18992fa,fedca7c,2026-09-04T23:05:01+00:00
32262,36799.9,294660,1828488,31.8,148.217,10.633,,,2,,,0,145.407,-2.812,1828288,157.123,9.655,1793046,149.537,1.315,1827569,135.455,-11.555,1742853,156.503,9.095,1800850,,,0,,,0,,,0,,,0,v10,18992fa,fedca7c,2026-09-04T23:05:01+00:00
32263,45576.6,1226122,2229926,31.313,138.556,10.383,,,7,,,0,138.406,-0.193,2215738,148.653,10.1,2226293,135.726,-3.116,2149741,136.221,-2.323,2223481,143.536,4.907,2198298,,,1,132.765,-1.361,1439752,,,0,,,15,v10,18992fa,fedca7c,2026-09-04T23:05:01+00:00
32264,37222.5,75246,1781943,30.639,181.615,9.1,,,0,,,0,180.963,-0.661,1781576,189.411,8.263,1748820,179.87,-1.757,1781427,167.907,-7.612,1574264,184.65,3.481,1747533,,,0,133.426,-3.251,394646,,,0,,,1,v10,18992fa,fedca7c,2026-09-04T23:05:01+00:00
32265,1641.2,169548,196859,76.767,131.937,10.9,,,0,,,0,131.008,-0.936,60680,142.369,10.439,196531,122.914,-9.025,192348,138.021,6.086,196715,127.401,-3.689,79850,,,2,137.198,-0.376,2927,,,0,,,4,v10,18992fa,fedca7c,2026-09-04T23:05:01+00:00
32266,32873.3,182236,1791938,34.887,159.399,10.614,,,0,,,0,162.303,-2.402,1510066,171.732,11.87,1770674,161.082,-0.289,1689810,150.942,-8.454,1791103,165.213,-0.847,1460363,,,0,137.028,4.017,305850,,,0,,,45,v10,18992fa,fedca7c,2026-09-04T23:05:01+00:00
32267,78791.8,407494,5952877,48.353,160.411,11.509,,,2733,,,2,157.042,-3.427,5941474,172.702,10.335,5388358,159.397,-1.141,5918415,158.203,-2.265,5941390,160.372,-1.843,5427703,,,1399,,,0,,,0,,,336,v10,18992fa,fedca7c,2026-09-04T23:05:01+00:00
32268,56913.5,44217,2374032,26.696,197.661,9.898,200.506,-17.222,511346,219.733,0.909,93439,190.039,-7.629,2373488,205.115,3.926,2212955,191.74,-5.332,2323213,168.274,-3.977,1014011,208.477,8.109,2112726,,,4,,,0,,,0,,,50,v10,18992fa,fedca7c,2026-09-04T23:05:01+00:00
32269,59598.7,48656,4690507,50.369,181.115,11.548,177.302,-12.397,3702819,201.982,4.459,1947031,178.272,-2.845,4690005,184.253,2.954,4667107,174.141,-5.239,4440830,148.869,3.386,1160330,185.468,8.133,4157617,,,75,,,0,,,0,,,23,v10,18992fa,fedca7c,2026-09-04T23:05:01+00:00
32271,4076.6,6050,20734,3.255,,,,,2,,,0,180.352,-5.91,20679,183.309,-2.934,20686,186.221,-0.052,20691,191.672,5.371,20657,178.691,-7.643,20623,,,0,,,0,,,0,,,20,v10,18992fa,fedca7c,2026-09-04T23:05:01+00:00
32272,126370.7,250106,2571667,13.024,169.763,11.204,,,128,,,28,162.941,-6.866,2567289,172.414,2.644,2570987,165.912,-3.635,2557070,153.86,-2.66,851462,177.769,8.18,2556960,,,54,,,0,,,0,,,61,v10,18992fa,fedca7c,2026-09-04T23:05:01+00:00
32273,170472.9,457560,1237335,4.645,,,,,33262,,,14,154.682,-12.555,1235679,177.698,10.47,1234404,161.326,-5.923,1234624,163.128,-8.998,443033,179.043,11.787,1234233,,,10,,,0,,,0,,,3,v10,18992fa,fedca7c,2026-09-04T23:05:01+00:00
32274,71932.9,233726,3933508,34.997,173.963,11.519,176.372,-14.751,2134847,171.944,0.283,128144,167.085,-7.031,3912455,178.741,4.736,3928394,170.257,-4.162,3843909,145.44,-0.755,911073,184.284,10.418,3910572,,,9,,,0,,,0,,,15,v10,18992fa,fedca7c,2026-09-04T23:05:01+00:00
32275,116046.2,1368956,5290202,29.176,160.536,11.625,158.165,-3.294,4976042,152.775,4.796,2736620,154.488,-6.101,5275689,169.576,7.749,4742433,157.137,-3.493,5250931,154.917,-3.923,4601497,168.55,8.159,5255417,,,13,,,0,,,0,,,10,v10,18992fa,fedca7c,2026-09-04T23:05:01+00:00
32276,101798.0,106547,5838902,36.709,202.746,10.202,181.396,-19.574,3703044,177.262,-7.027,3195900,197.691,-5.834,5666152,202.766,-0.107,5822172,209.474,6.18,5778333,199.692,-4.56,5653658,207.28,7.136,5007411,,,10,,,0,,,0,,,25513,v10,18992fa,fedca7c,2026-09-04T23:05:01+00:00
32277,85656.1,689506,4450650,33.254,143.428,11.4,144.695,1.473,3183854,139.81,-3.523,3275377,142.699,-0.994,4104178,147.894,4.475,4440823,138.857,-4.876,4005958,148.765,5.173,4126290,145.453,1.942,4327173,,,0,,,0,,,0,,,81,v10,18992fa,fedca7c,2026-09-04T23:05:01+00:00
32278,44854.3,64441,1242780,17.733,148.267,11.924,149.504,8.058,903053,135.425,-5.48,662023,154.28,6.451,1138674,150.872,2.603,1241971,143.585,-5.885,1033345,148.827,0.275,1201509,148.229,0.044,1193577,,,0,,,0,,,0,,,29,v10,18992fa,fedca7c,2026-09-04T23:05:01+00:00
32279,33365.0,101576,2185002,41.912,144.865,11.957,145.563,0.625,2160082,143.455,-1.918,1866849,144.585,-0.284,2182623,153.272,6.985,1546059,139.7,-5.509,1452869,144.469,0.608,1031198,145.294,0.151,2098304,,,0,,,0,,,0,,,9,v10,18992fa,fedca7c,2026-09-04T23:05:01+00:00
32280,5144.4,3848,456303,56.767,128.272,10.351,122.326,-5.05,11517,,,690,124.544,-3.737,456068,134.582,6.306,456254,137.865,3.592,71887,143.331,5.299,17489,128.14,-0.161,455758,,,0,,,0,,,0,,,1,v10,18992fa,fedca7c,2026-09-04T23:05:01+00:00
32281,1635.2,24197,180462,70.631,138.503,13.059,143.907,5.404,180462,130.316,-7.946,100712,158.123,19.62,180462,140.223,1.707,177942,125.224,-12.306,118558,143.106,4.198,25819,135.484,-2.908,165380,,,0,,,0,,,0,,,0,v10,18992fa,fedca7c,2026-09-04T23:05:01+00:00
32282,10667.9,16458,703834,42.225,145.464,13.072,148.03,7.953,292095,160.457,7.216,20581,156.003,12.732,621335,147.619,2.148,703329,139.419,-6.529,573226,145.14,-0.667,666659,143.616,-1.901,689820,,,0,,,0,,,0,,,0,v10,18992fa,fedca7c,2026-09-04T23:05:01+00:00
32283,3531.9,15307,433224,78.503,137.731,13.379,147.434,7.831,248390,,,57,158.138,20.407,433224,136.64,-1.11,431281,126.133,-10.502,340089,139.271,3.162,211917,133.661,-4.038,429789,,,0,,,0,,,0,,,0,v10,18992fa,fedca7c,2026-09-04T23:05:01+00:00
32284,14476.0,427956,1813483,80.176,137.564,13.487,148.221,9.598,54349,,,5525,153.026,15.466,1810839,135.323,-2.243,1812123,131.725,-6.054,1221454,149.287,10.886,1062088,132.234,-5.356,1787992,,,10,,,0,,,0,,,11,v10,18992fa,fedca7c,2026-09-04T23:05:01+00:00
32285,8625.8,13414,1215945,90.218,139.587,11.651,144.711,4.343,464952,,,7155,153.678,14.091,1215945,140.157,0.551,1202334,137.892,-1.989,950548,140.276,-0.045,872881,129.865,-9.697,1096492,,,0,,,0,,,0,,,0,v10,18992fa,fedca7c,2026-09-04T23:05:01+00:00
32286,42960.7,187562,5111598,76.149,137.667,13.439,155.969,13.966,1017562,142.731,8.842,155009,150.673,12.762,5016385,136.899,-0.871,3486826,141.587,1.138,2329687,142.683,3.178,4215111,129.896,-7.859,4800442,,,10327,123.139,-10.553,3191253,,,92,,,66391,v10,18992fa,fedca7c,2026-09-04T23:05:01+00:00
32287,2787.7,3713,425805,97.756,137.94,10.776,144.239,4.552,302863,,,1910,148.824,10.841,424180,131.694,-6.247,425796,135.429,-3.031,344677,141.894,2.587,326207,136.107,-1.988,400670,,,0,,,0,,,0,,,0,v10,18992fa,fedca7c,2026-09-04T23:05:01+00:00
32288,12545.8,12647,1323699,67.526,132.524,11.995,142.976,5.274,35488,,,17064,144.617,11.855,1287643,124.263,-8.912,1205319,138.221,-1.269,211988,145.022,6.93,570917,129.884,-2.886,1280727,,,0,121.898,-4.185,247243,,,0,,,5166,v10,18992fa,fedca7c,2026-09-04T23:05:01+00:00
32289,37186.6,1450717,4970374,85.543,137.58,11.501,124.146,-8.692,131496,,,9648,137.157,1.101,4540487,133.655,-3.928,4961862,141.386,-0.85,1224817,153.782,9.765,2657333,137.262,-0.397,4922275,,,0,,,0,,,26,,,4,v10,18992fa,fedca7c,2026-09-04T23:05:01+00:00
32290,1693.7,1361,205039,77.478,141.569,10.013,143.938,2.364,203065,153.269,1.807,13031,143.274,1.707,204853,144.862,3.309,203460,139.334,-2.27,201118,140.318,1.93,13912,137.945,-3.594,202124,,,0,,,0,,,0,,,0,v10,18992fa,fedca7c,2026-09-04T23:05:01+00:00
32291,10627.9,11180,1077294,64.873,138.406,10.386,143.149,4.485,991383,127.631,-11.796,178299,144.656,6.25,1077211,141.422,2.913,886241,134.486,-3.911,902556,141.736,3.349,630515,133.537,-4.853,1007797,,,0,,,0,,,0,,,0,v10,18992fa,fedca7c,2026-09-04T23:05:01+00:00
32292,42163.0,23596,2893124,43.915,147.695,12.327,149.475,1.056,2725054,153.116,1.288,1025338,148.63,0.866,2860824,154.075,2.397,1626071,144.122,-5.521,2021910,147.297,1.066,2397533,148.124,-1.554,2205984,,,731,,,0,,,0,,,0,v10,18992fa,fedca7c,2026-09-04T23:05:01+00:00
32293,6179.8,3869,512233,53.048,137.267,11.295,148.473,9.047,264777,112.059,-18.909,13475,145.074,7.791,511667,133.59,-3.801,426337,130.633,-7.419,201128,139.473,2.221,497283,127.09,-10.566,369765,,,0,,,0,,,0,,,0,v10,18992fa,fedca7c,2026-09-04T23:05:01+00:00
32294,15359.2,16342,1049901,43.748,135.542,12.643,161.078,19.513,404089,123.116,-3.342,166989,145.012,9.404,1038646,144.444,4.077,332693,128.124,-10.754,389738,142.027,3.804,862353,124.1,-10.42,745536,,,22219,122.494,-8.944,609738,,,12,99.799,-22.767,36228,v10,18992fa,fedca7c,2026-09-04T23:05:01+00:00
32295,8516.7,13221,455270,34.212,139.448,12.445,149.593,9.419,262078,146.989,3.306,85738,145.383,5.934,455248,141.595,1.151,68262,117.771,-19.656,222787,143.128,3.677,455193,121.246,-16.905,251806,,,0,,,0,,,0,,,0,v10,18992fa,fedca7c,2026-09-04T23:05:01+00:00
32296,23537.0,52554,2477263,67.36,147.194,13.182,145.539,-4.161,2037603,161.227,1.862,839648,156.232,9.037,2477218,156.752,4.289,1731595,140.471,-9.032,1976904,140.876,4.1,1126545,145.478,-2.081,1879334,,,307,,,0,,,0,,,4,v10,18992fa,fedca7c,2026-09-04T23:05:01+00:00
32297,119.6,168,6315,33.793,134.311,9.88,126.049,-7.858,3190,133.09,-0.636,5189,125.133,-9.178,6315,138.009,1.33,812,,,13,145.59,11.28,6315,,,124,,,0,,,0,,,0,,,0,v10,18992fa,fedca7c,2026-09-04T23:05:01+00:00
32298,20002.1,17024,2490013,79.672,146.201,12.691,155.098,3.614,1453723,146.164,1.279,465528,152.87,6.606,2485009,142.829,-4.645,1388791,158.02,3.739,1491164,143.286,-0.564,1511132,142.607,-4.826,2267597,,,11936,124.705,-7.205,484157,,,0,95.661,-29.077,37623,v10,18992fa,fedca7c,2026-09-04T23:05:01+00:00
32299,22961.5,22478,2880018,80.274,145.829,12.462,147.335,-1.165,2377923,156.462,7.236,939232,152.043,6.21,2879646,148.368,0.924,2585433,150.113,1.614,2418400,144.483,8.146,492881,140.011,-7.072,2554341,,,31,,,0,,,0,,,1,v10,18992fa,fedca7c,2026-09-04T23:05:01+00:00
32300,20288.8,827,1335210,42.119,233.566,10.751,,,0,,,0,234.702,1.132,1332024,241.771,7.491,73023,245.415,10.217,172129,204.883,-28.717,1323130,244.312,10.844,1202268,,,0,,,302,,,0,231.616,-2.55,202162,v10,18992fa,fedca7c,2026-09-04T23:05:01+00:00
33100,498.2,19,38655,49.657,236.693,10.245,,,0,,,0,234.997,-1.544,37792,245.515,3.401,26209,245.444,2.618,22735,219.898,-16.634,37774,248.919,12.427,37963,,,0,,,0,,,0,231.687,-11.09,25258,v10,18992fa,fedca7c,2026-09-04T23:05:01+00:00
33110,5204.3,217,544041,66.904,221.392,15.803,,,0,,,0,222.014,0.633,543693,245.967,6.045,16581,247.896,9.212,23561,179.921,-41.446,543036,242.545,21.416,531953,,,0,,,56,,,0,236.603,-0.375,28380,v10,18992fa,fedca7c,2026-09-04T23:05:01+00:00
33121,8102.8,306,205958,16.268,230.256,14.62,,,0,,,0,224.76,-5.512,204483,,,914,237.752,6.809,187132,196.243,-34.099,199377,247.632,18.769,135112,,,0,,,155,,,0,241.373,8.203,67866,v10,18992fa,fedca7c,2026-09-04T23:05:01+00:00
33122,25881.2,1043,711909,17.604,226.262,13.413,,,0,,,0,231.616,5.303,710357,,,405,226.134,14.155,312401,194.283,-32.152,705714,229.258,2.911,702821,,,0,,,758,,,0,,,13126,v10,18992fa,fedca7c,2026-09-04T23:05:01+00:00
33123,21950.3,882,2942681,85.799,224.658,12.09,,,1,,,0,215.205,-4.928,1362489,,,420,230.328,5.652,2933918,194.073,-30.599,2934254,233.547,8.907,2917059,,,0,,,0,,,0,234.361,9.445,104185,v10,18992fa,fedca7c,2026-09-04T23:05:01+00:00
33124,13152.1,522,1909672,92.927,206.211,14.318,,,0,,,0,197.701,-1.738,280495,195.865,-3.126,268344,212.803,6.59,1907147,172.625,-33.588,1906013,216.525,10.309,1907339,,,0,,,0,,,0,,,18086,v10,18992fa,fedca7c,2026-09-04T23:05:01+00:00
33125,11869.7,466,1671033,90.1,206.81,13.802,,,0,,,0,214.054,9.467,115960,,,15,216.045,9.23,1669040,172.955,-33.872,1666035,212.031,5.208,1666007,,,0,,,0,,,0,222.423,15.187,19332,v10,18992fa,fedca7c,2026-09-04T23:05:01+00:00
33126,15666.7,620,1723321,70.399,212.622,14.215,,,0,,,0,219.542,4.563,1002540,,,301,223.202,10.569,1721236,181.074,-31.573,1720190,212.157,-0.514,1715809,,,0,,,0,,,0,,,13079,v10,18992fa,fedca7c,2026-09-04T23:05:01+00:00
33127,2605.6,99,351022,86.22,207.181,13.659,,,0,,,0,,,1063,,,0,217.811,10.623,350621,181.479,-25.726,350221,208.628,1.435,350246,,,0,,,0,,,0,,,1764,v10,18992fa,fedca7c,2026-09-04T23:05:01+00:00
33128,34539.6,1306,4548489,84.281,203.665,16.197,,,0,,,0,198.015,-4.239,2171807,200.088,-2.191,2156122,209.788,5.656,3143687,177.779,-26.358,3141184,210.852,7.173,4538166,,,0,,,0,,,0,,,24520,v10,18992fa,fedca7c,2026-09-04T23:05:01+00:00
33129,35859.9,153989,4444696,79.326,228.062,10.513,,,0,,,0,221.211,-9.006,232907,207.43,-33.392,142462,235.465,7.585,4382336,206.557,-21.34,4378916,229.981,1.893,4440724,,,0,,,0,,,0,,,18540,v10,18992fa,fedca7c,2026-09-04T23:05:01+00:00
33130,38890.2,1603,4285528,70.525,239.204,11.812,,,0,,,0,238.43,-0.232,3013066,204.502,-29.335,518806,239.009,-0.275,4235399,205.048,-34.185,4262115,253.595,14.276,4110010,,,0,,,3,,,0,237.713,-0.437,397000,v10,18992fa,fedca7c,2026-09-04T23:05:01+00:00
33141,5324.1,206,744393,89.482,229.2,13.145,,,0,,,0,228.634,-0.572,742475,212.936,-16.268,742840,226.587,-1.033,283125,204.492,-23.102,281050,231.244,2.034,741054,,,0,,,0,,,0,236.883,6.434,42244,v10,18992fa,fedca7c,2026-09-04T23:05:01+00:00
33142,17464.9,730,2687811,98.495,235.404,12.167,,,0,,,0,227.056,-1.399,1374971,196.13,-32.168,1360063,233.114,-2.449,2586549,208.101,-27.467,2586054,250.701,15.282,2686803,,,0,,,0,,,0,238.906,10.365,33439,v10,18992fa,fedca7c,2026-09-04T23:05:01+00:00
33143,205.9,8,28401,88.279,232.303,12.36,,,0,,,0,218.305,-14.012,28359,213.454,-18.853,28379,,,1,,,2,240.981,8.654,28353,,,0,,,0,,,0,,,198,v10,18992fa,fedca7c,2026-09-04T23:05:01+00:00
33144,8174.6,342,1262838,98.869,241.942,9.162,,,0,,,0,247.087,5.144,1262788,223.471,-18.474,1262726,233.202,-6.299,154366,,,6062,242.056,0.109,1262446,,,0,,,0,,,0,,,646,v10,18992fa,fedca7c,2026-09-04T23:05:01+00:00
33145,8345.9,337,1233059,94.556,234.338,12.818,,,0,,,0,231.368,-2.973,1232872,209.372,-24.97,1232804,222.796,-4.342,355049,194.144,-32.987,355114,242.962,8.616,1232534,,,0,,,0,,,0,,,2467,v10,18992fa,fedca7c,2026-09-04T23:05:01+00:00
33146,37745.5,1360,3715074,62.992,233.847,10.901,,,0,,,0,233.765,-0.14,3707026,218.146,-15.77,3705948,231.093,-1.345,2402439,210.406,-19.187,380854,240.059,5.92,2332676,,,0,,,0,,,0,,,11861,v10,18992fa,fedca7c,2026-09-04T23:05:01+00:00
33147,14623.1,561,1987957,87.006,220.463,15.29,,,0,,,0,216.904,-3.591,1984827,196.517,-23.961,1986193,220.289,-1.607,853193,205.681,-16.261,851321,231.494,10.964,1981420,,,0,,,0,,,0,,,7489,v10,18992fa,fedca7c,2026-09-04T23:05:01+00:00
33148,10564.0,416,1527392,92.534,206.033,15.744,,,0,,,0,201.636,-4.397,1527058,192.2,-13.832,1527152,199.559,-7.454,69400,182.124,-24.919,69125,215.063,9.028,1526826,,,0,,,0,,,0,,,2408,v10,18992fa,fedca7c,2026-09-04T23:05:01+00:00
33149,21405.6,867,3171906,94.836,218.558,13.493,,,0,,,0,211.207,-3.417,1678984,200.664,-13.98,1662677,222.416,2.555,2765461,193.459,-26.434,2761365,227.818,9.229,3167233,,,0,,,0,,,0,,,11571,v10,18992fa,fedca7c,2026-09-04T23:05:01+00:00
33150,88967.6,3537,10918290,78.542,228.958,13.059,,,0,,,0,233.724,4.744,10901758,214.42,-14.561,10901001,223.258,-4.007,8278731,211.3,-16.72,2509454,231.973,0.848,7670172,,,0,,,0,,,0,242.967,6.447,289688,v10,18992fa,fedca7c,2026-09-04T23:05:01+00:00
33161,9221.4,347,962118,66.775,210.853,15.713,,,0,,,0,215.721,4.881,960485,217.415,6.571,960409,201.26,-9.486,947831,,,12928,189.47,-17.987,619431,,,0,,,0,,,0,247.99,17.027,46635,v10,18992fa,fedca7c,2026-09-04T23:05:01+00:00
33162,18860.7,683,2461557,83.528,202.776,14.601,,,7,,,0,195.1,-7.677,2459056,201.701,-1.076,2459701,207.259,0.052,1405817,,,28698,204.155,2.294,2205262,,,0,,,0,,,0,,,7011,v10,18992fa,fedca7c,2026-09-04T23:05:01+00:00
33163,4733.3,184,354790,47.972,211.976,15.295,,,0,,,0,209.177,-2.78,353766,224.107,12.141,354002,197.593,-14.514,332611,,,5891,200.077,-8.744,261701,,,0,,,0,,,0,234.801,7.129,18044,v10,18992fa,fedca7c,2026-09-04T23:05:01+00:00
33164,98772.9,3601,10736310,69.566,216.236,14.202,,,2,,,0,221.112,4.978,10624334,211.596,-4.532,10624406,203.766,-13.285,4664758,196.932,-13.522,1092343,205.268,-10.417,10405578,,,0,,,0,,,0,,,17379,v10,18992fa,fedca7c,2026-09-04T23:05:01+00:00
33165,20725.3,862,2368920,73.153,224.578,14.512,,,0,,,0,236.956,12.367,2367663,232.457,7.867,2367579,206.214,-18.361,2360454,,,1623,192.875,-27.132,1625685,,,0,,,0,,,0,,,7237,v10,18992fa,fedca7c,2026-09-04T23:05:01+00:00
33166,24199.0,1017,2887553,76.368,225.816,10.758,,,0,,,0,226.573,0.756,2887472,229.59,3.774,2887481,220.874,-4.943,2887325,,,1843,211.922,-13.879,2875625,,,0,,,0,,,0,,,6,v10,18992fa,fedca7c,2026-09-04T23:05:01+00:00
33167,28939.1,801,2249322,49.745,202.105,14.708,,,0,,,0,212.116,10.0,2247978,204.832,2.712,2247482,203.06,0.95,2246877,170.4,-19.336,322214,179.203,-22.635,2224471,,,0,,,0,,,0,,,2679,v10,18992fa,fedca7c,2026-09-04T23:05:01+00:00
33168,30630.7,613,1099399,22.971,197.682,11.471,,,0,,,0,208.017,10.321,1098739,195.441,-2.254,1098749,188.239,-9.453,1098877,163.146,-19.066,67618,197.433,-0.272,1098336,,,0,,,0,,,0,,,26,v10,18992fa,fedca7c,2026-09-04T23:05:01+00:00
33169,64746.2,1278,3915963,38.708,212.341,13.894,,,0,,,0,223.902,11.55,3914710,209.3,-2.585,3703487,206.769,-4.197,3591831,203.541,-10.754,2999490,196.841,-15.522,3913520,,,0,,,0,,,0,,,3559,v10,18992fa,fedca7c,2026-09-04T23:05:01+00:00
33170,1923.3,126,272517,90.683,207.629,17.38,,,0,,,0,207.05,-0.513,271431,215.446,7.874,271439,198.503,-9.072,271695,193.867,-13.685,271016,205.807,-1.729,270977,,,0,,,0,,,0,,,0,v10,18992fa,fedca7c,2026-09-04T23:05:01+00:00
33171,3255.8,124,445771,87.626,211.092,12.035,,,0,,,0,213.438,2.344,445284,218.108,7.007,445304,206.003,-5.043,443407,166.927,-30.303,5765,199.366,-12.325,368203,,,0,,,0,,,0,231.647,8.753,8501,v10,18992fa,fedca7c,2026-09-04T23:05:01+00:00
33172,48933.6,1948,6856501,89.676,224.528,10.214,,,0,,,0,217.87,-6.661,6855574,227.54,3.007,6854329,223.119,-1.417,6853239,,,20147,214.854,-9.714,6836046,,,0,,,0,,,0,,,16416,v10,18992fa,fedca7c,2026-09-04T23:05:01+00:00
33173,9680.4,500,1398396,92.452,215.557,13.522,,,0,,,0,214.23,-1.324,1397153,217.621,2.06,1396027,203.608,-11.953,1396761,188.138,-24.281,512779,217.773,2.137,1384416,,,0,,,0,,,0,,,14306,v10,18992fa,fedca7c,2026-09-04T23:05:01+00:00
33174,9077.4,455,1253744,88.395,218.799,12.171,,,0,,,0,210.745,-8.062,1253011,226.324,7.482,1251156,210.691,-8.132,1252069,171.044,-32.454,20363,212.437,-6.451,1247162,,,0,,,0,,,0,,,499,v10,18992fa,fedca7c,2026-09-04T23:05:01+00:00
33175,368.4,24,54293,94.32,215.495,10.562,,,0,,,0,212.379,-3.131,54147,212.137,-3.376,54204,207.552,-7.985,54160,,,512,224.264,8.764,54067,,,0,,,0,,,0,,,301,v10,18992fa,fedca7c,2026-09-04T23:05:01+00:00
33176,89819.9,2060,7165204,51.055,207.526,14.289,,,0,,,0,214.632,7.104,7163971,196.219,-11.31,7162706,210.462,2.933,7163630,168.414,-24.814,258928,203.099,-4.554,7086057,,,0,,,0,,,0,,,1321,v10,18992fa,fedca7c,2026-09-04T23:05:01+00:00
33177,169.6,8,15895,59.981,216.634,10.887,,,0,,,0,218.05,1.428,15845,207.496,-9.125,15787,208.587,-8.084,15795,168.779,-24.842,393,230.585,13.567,15474,,,0,,,0,,,0,232.782,3.827,1572,v10,18992fa,fedca7c,2026-09-04T23:05:01+00:00
33178,19463.6,1153,2882720,94.789,205.006,18.233,,,0,,,0,206.761,1.747,2880373,174.769,-30.239,2880738,202.247,-2.764,2880755,170.956,-15.797,72940,224.008,18.991,2878176,,,0,,,0,,,0,,,3436,v10,18992fa,fedca7c,2026-09-04T23:05:01+00:00
33179,7956.3,486,1153388,92.778,208.575,16.034,,,0,,,0,210.998,2.435,1151642,192.057,-16.515,1151568,204.582,-3.991,1151833,185.564,-21.043,272794,216.943,8.369,1150368,,,0,,,0,,,0,226.748,3.03,25153,v10,18992fa,fedca7c,2026-09-04T23:05:01+00:00
33181,21358.9,950,3104895,93.035,191.943,17.708,,,0,,,0,205.411,13.475,3102219,174.423,-17.008,3031810,197.037,5.098,3102429,174.461,-15.829,2678073,212.222,16.811,1966789,,,0,,,0,,,0,,,792,v10,18992fa,fedca7c,2026-09-04T23:05:01+00:00
33182,15204.1,376,1820650,76.638,180.759,17.891,,,0,,,0,205.981,25.223,1820248,168.904,-11.852,1820010,191.593,10.836,1819679,161.785,-18.972,1819703,196.383,9.075,642827,,,0,,,0,,,0,,,37,v10,18992fa,fedca7c,2026-09-04T23:05:01+00:00
33183,74682.5,1553,2531102,21.691,196.364,14.909,,,2,,,0,212.793,16.424,2530052,184.979,-11.391,2530031,198.398,2.025,2529768,184.272,-12.608,2353137,203.689,4.297,1720866,,,0,,,0,,,0,,,261,v10,18992fa,fedca7c,2026-09-04T23:05:01+00:00
33184,12048.3,170,137864,7.323,187.466,10.794,,,0,,,0,187.955,0.489,137864,185.27,-2.196,137864,189.566,2.1,137864,178.062,-9.364,122249,193.475,6.009,137864,,,0,,,0,,,0,,,0,v10,18992fa,fedca7c,2026-09-04T23:05:01+00:00
33185,6085.2,80,81369,8.558,187.771,12.001,,,0,,,0,188.468,0.692,81347,176.612,-11.158,81322,192.513,4.729,81297,,,3405,191.378,3.615,80777,,,0,,,0,,,0,,,0,v10,18992fa,fedca7c,2026-09-04T23:05:01+00:00
33186,47301.1,680,1772451,23.982,197.442,12.325,,,0,,,0,204.062,6.617,1772159,194.492,-2.953,1772223,196.2,-1.244,1772282,164.4,-17.127,154484,194.741,-2.711,1771428,,,0,,,0,,,0,,,0,v10,18992fa,fedca7c,2026-09-04T23:05:01+00:00
33187,11970.1,158,177982,9.516,190.49,9.956,,,0,,,0,188.992,-1.497,177982,189.03,-1.46,177982,190.929,0.439,177982,176.503,-11.669,61635,195.957,5.467,177982,,,0,,,0,,,0,,,0,v10,18992fa,fedca7c,2026-09-04T23:05:01+00:00
33188,11837.3,1972,329139,17.795,207.416,10.17,,,0,,,0,208.933,1.516,329139,204.917,-2.503,329106,208.723,1.305,329116,,,14120,200.48,-6.941,329092,,,0,,,0,,,0,,,7,v10,18992fa,fedca7c,2026-09-04T23:05:01+00:00
33189,17234.8,330,530685,19.707,199.095,11.145,,,0,,,0,205.21,6.115,530678,194.902,-4.194,530657,196.072,-3.024,530638,,,3,196.643,-2.453,530639,,,0,,,0,,,0,,,93,v10,18992fa,fedca7c,2026-09-04T23:05:01+00:00
33190,937.7,47,120220,82.053,208.37,16.194,,,0,,,0,217.142,8.82,119883,196.832,-11.441,119676,210.654,2.314,119938,197.117,-11.156,119588,209.195,-3.45,38257,,,0,,,0,,,0,228.318,-1.588,6812,v10,18992fa,fedca7c,2026-09-04T23:05:01+00:00
33200,36524.5,829,325635,5.706,254.085,8.608,,,0,,,0,269.61,15.509,324862,208.291,-46.151,292420,250.147,-7.54,275982,254.199,-2.009,287372,256.846,2.674,324099,,,0,,,0,,,0,258.138,3.583,78137,v10,18992fa,fedca7c,2026-09-04T23:05:01+00:00
34100,23514.2,1005,2557718,69.615,208.653,15.021,,,0,,,0,211.868,3.131,2522212,196.775,-11.95,2485929,214.272,5.588,2531121,194.873,-13.928,2464281,208.352,-0.04,2449848,,,0,,,0,,,0,223.617,-3.547,187264,v10,18992fa,fedca7c,2026-09-04T23:05:01+00:00
34211,60878.4,3066,7072296,74.349,208.066,12.404,,,0,,,0,215.243,7.168,7054478,195.873,-12.015,6702077,207.675,-0.394,7055665,206.059,-5.137,5857032,207.798,-0.272,7025148,,,0,,,0,,,0,219.188,0.361,205771,v10,18992fa,fedca7c,2026-09-04T23:05:01+00:00
34212,27803.5,1313,923131,21.249,184.038,13.387,,,0,,,0,190.725,6.686,922936,174.458,-9.21,902901,192.596,8.558,922921,171.364,-13.935,634328,187.455,5.471,759191,,,0,,,0,,,0,,,17,v10,18992fa,fedca7c,2026-09-04T23:05:01+00:00
34213,23621.8,925,2029647,54.99,203.346,11.138,,,0,,,0,208.408,5.045,2027853,193.709,-9.708,2005935,202.092,-1.265,2028542,197.35,-10.676,1550252,206.887,3.516,2019449,,,0,,,0,,,0,,,3221,v10,18992fa,fedca7c,2026-09-04T23:05:01+00:00
34214,16356.8,678,1860324,72.79,211.136,10.559,,,7,,,0,214.238,3.092,1859628,206.192,-4.994,1856883,213.734,2.589,1859681,202.328,-11.964,1683415,208.29,-3.171,1815869,,,0,,,0,,,0,,,3508,v10,18992fa,fedca7c,2026-09-04T23:05:01+00:00
34215,9353.7,225,123826,8.472,185.766,13.082,,,0,,,0,199.765,13.997,123772,182.517,-3.191,123195,192.397,6.629,123799,168.481,-17.104,111732,193.245,7.001,30594,,,0,,,0,,,0,,,0,v10,18992fa,fedca7c,2026-09-04T23:05:01+00:00
34216,26935.3,673,168036,3.993,,,,,0,,,0,185.069,0.826,168004,183.855,-0.311,167106,189.114,4.871,168026,169.753,-14.124,161036,193.52,6.984,95643,,,0,,,0,,,0,,,0,v10,18992fa,fedca7c,2026-09-04T23:05:01+00:00
34217,73407.1,2710,5956478,51.932,198.308,10.962,,,1,,,0,197.287,-1.04,5951106,194.684,-3.643,5946404,204.311,5.987,5952077,194.499,-12.836,4223898,199.093,0.571,5865591,,,0,,,0,,,0,,,11552,v10,18992fa,fedca7c,2026-09-04T23:05:01+00:00
34218,20008.5,917,1113465,35.616,174.927,10.245,,,19,,,0,166.812,-8.118,1110706,176.725,1.795,1111100,177.612,2.684,1111789,164.053,-12.985,465057,180.348,5.543,1078553,,,0,,,0,,,0,,,956,v10,18992fa,fedca7c,2026-09-04T23:05:01+00:00
34219,36956.3,6885,3372422,58.403,204.18,9.942,,,11,,,0,207.148,2.941,3369223,200.645,-3.554,3370237,202.571,-1.623,3370747,196.8,-9.067,3206386,207.121,2.086,3279657,,,0,,,0,,,0,,,3241,v10,18992fa,fedca7c,2026-09-04T23:05:01+00:00
34221,23743.0,8718,1331354,35.887,168.671,11.204,,,5,,,0,156.167,-12.482,1326800,170.405,1.743,1327907,166.613,-2.053,1329917,169.816,1.072,1148546,176.374,7.802,1218663,,,0,,,0,,,0,,,4098,v10,18992fa,fedca7c,2026-09-04T23:05:01+00:00
34222,50592.4,16133,1506347,19.055,174.25,10.888,,,2,,,0,166.896,-7.356,1505122,177.067,2.814,1504968,175.137,0.887,1505478,169.278,-7.33,887356,181.286,8.105,1050749,,,0,,,0,,,0,,,25,v10,18992fa,fedca7c,2026-09-04T23:05:01+00:00
34223,41185.9,20020,1336739,20.772,168.125,11.024,,,1,,,0,157.841,-10.284,1336263,173.612,5.489,1335800,165.97,-2.155,1336236,170.766,-0.032,502704,173.048,6.128,1050455,,,0,,,0,,,0,,,21,v10,18992fa,fedca7c,2026-09-04T23:05:01+00:00
34224,98085.1,30739,2784932,18.172,198.314,11.546,,,0,,,0,198.688,0.368,2784139,193.892,-4.429,2784072,201.072,2.751,2784107,192.783,3.377,1862468,196.897,-5.657,2418701,,,0,,,0,,,0,,,1040,v10,18992fa,fedca7c,2026-09-04T23:05:01+00:00
34225,87993.5,40341,1513383,11.007,168.785,12.38,,,0,,,0,164.222,-4.567,1512614,172.83,4.037,1512147,164.952,-3.838,1512078,167.717,-1.297,1314804,176.152,3.628,1032981,,,0,,,0,,,0,,,477,v10,18992fa,fedca7c,2026-09-04T23:05:01+00:00
34226,16097.4,7704,351877,13.99,173.427,14.475,,,0,,,0,177.619,4.191,351848,176.676,3.248,351856,172.438,-0.993,351796,162.13,-11.303,351773,172.653,-0.784,351742,,,0,,,0,,,0,,,10,v10,18992fa,fedca7c,2026-09-04T23:05:01+00:00
34227,21694.4,9856,886626,26.156,181.852,12.433,,,0,,,0,185.95,4.081,885643,174.84,-7.03,885677,178.353,-3.51,885975,185.11,3.227,884894,180.064,-1.825,884535,,,0,,,0,,,0,,,621,v10,18992fa,fedca7c,2026-09-04T23:05:01+00:00
34228,40498.3,9175,573220,9.059,171.125,12.355,,,0,,,0,170.007,-1.125,572682,171.679,0.539,572402,174.978,3.85,572905,162.909,-10.365,417718,171.517,0.361,571589,,,0,,,0,,,0,,,414,v10,18992fa,fedca7c,2026-09-04T23:05:01+00:00
34229,75345.4,26281,3494417,29.682,193.71,10.625,,,3,,,0,193.284,-0.435,3493213,188.14,-5.576,3493643,197.848,4.135,3493649,192.158,9.161,136443,192.39,-1.333,3492684,,,0,,,0,,,0,,,349,v10,18992fa,fedca7c,2026-09-04T23:05:01+00:00
34230,57771.3,174177,2651116,29.37,182.569,10.989,,,2,,,0,175.027,-7.555,2647032,180.975,-1.601,2648797,177.539,-5.036,2649531,182.446,-0.14,2646671,188.92,5.624,2507438,,,0,,,0,,,0,,,2857,v10,18992fa,fedca7c,2026-09-04T23:05:01+00:00
34241,116164.2,45750,10075987,55.513,208.287,10.3,194.049,-19.665,3260474,222.46,3.453,559262,209.548,1.256,10074524,206.26,-2.031,10074737,209.617,1.325,10074741,201.084,-7.21,10073995,206.152,-2.153,10070917,,,3136,,,7423,,,526,201.703,-9.282,181988,v10,18992fa,fedca7c,2026-09-04T23:05:01+00:00
34242,69035.9,34529,684017,6.341,175.662,12.755,,,0,,,4485,165.171,-10.49,683581,186.511,10.85,683571,169.403,-6.259,684000,178.94,2.858,625403,177.054,1.471,675238,,,0,,,0,,,0,,,129,v10,18992fa,fedca7c,2026-09-04T23:05:01+00:00
34243,96729.1,17051,6296756,41.662,211.454,9.964,204.197,-13.904,4223549,218.718,-1.352,2490442,211.529,0.065,6295375,208.234,-1.079,5128274,208.945,-0.293,5109732,207.346,-3.228,5549195,206.411,-4.191,5545376,,,86024,,,12401,,,4432,209.838,-14.483,506954,v10,18992fa,fedca7c,2026-09-04T23:05:01+00:00
34244,169147.8,5147,4943663,18.705,209.468,10.146,207.667,-7.967,2150011,210.04,-3.779,3279344,205.946,-3.527,4942942,196.834,-9.369,3714759,206.484,0.677,3181746,212.284,3.175,4205653,207.123,-1.995,4204787,,,253362,,,86946,,,108402,208.968,-7.427,900106,v10,18992fa,fedca7c,2026-09-04T23:05:01+00:00
34245,50004.3,11415,594793,7.613,176.654,12.552,,,21,,,0,163.83,-12.83,594288,182.028,5.37,594260,173.637,-3.026,594241,174.691,-1.958,592461,185.606,8.937,593295,,,1,,,0,,,0,,,3,v10,18992fa,fedca7c,2026-09-04T23:05:01+00:00
34246,112920.0,47458,6557199,37.164,206.78,10.019,202.825,-7.911,5210695,200.44,-0.838,3575105,199.075,-7.707,6556815,201.338,-5.445,6556775,204.753,-2.029,6556988,204.363,-1.942,6195661,210.129,3.345,6556565,199.353,11.773,329775,195.0,10.764,909431,203.031,18.123,521097,208.593,24.656,611212,v10,18992fa,fedca7c,2026-09-04T23:05:01+00:00
34247,17871.2,4918,627556,22.474,223.739,5.195,222.232,-5.763,327335,224.611,3.693,150421,223.718,-0.054,627228,218.3,-5.452,627424,221.475,-2.294,627311,220.197,-3.148,397960,223.785,-0.011,627012,,,0,,,0,,,0,,,111,v10,18992fa,fedca7c,2026-09-04T23:05:01+00:00
34248,44283.7,26580,2674305,38.65,209.039,9.637,210.812,-9.937,827382,207.004,3.529,1893921,201.528,-7.517,2674079,204.532,-4.508,2674250,202.73,-6.318,2673981,190.76,-5.055,866692,213.185,4.093,2670167,,,7,193.512,11.502,293103,174.109,1.777,70461,195.895,22.334,87009,v10,18992fa,fedca7c,2026-09-04T23:05:01+00:00
34249,52041.3,26076,1912256,23.517,211.331,9.245,,,72578,202.711,-1.632,934422,206.37,-4.964,1912102,208.348,-2.987,1912119,201.846,-9.489,1912109,206.149,-2.642,1481349,217.368,5.925,1902963,,,8,,,13006,,,7,,,334,v10,18992fa,fedca7c,2026-09-04T23:05:01+00:00
34251,33288.8,210001,714253,13.732,165.806,12.917,,,6,,,0,154.977,-10.809,710753,168.169,2.375,711829,160.575,-5.223,712634,171.279,5.492,709338,170.12,4.324,707934,,,0,,,0,,,0,,,1,v10,18992fa,fedca7c,2026-09-04T23:05:01+00:00
34252,12508.0,3875,85508,4.375,,,,,0,,,0,166.939,-8.767,85494,191.362,15.658,85508,165.009,-10.695,85508,183.393,5.962,61417,170.948,-3.939,79799,,,0,,,0,,,0,,,0,v10,18992fa,fedca7c,2026-09-04T23:05:01+00:00
34253,5500.5,7181,148050,17.226,170.705,12.193,,,1,,,0,163.707,-7.028,147353,175.576,4.859,147543,162.769,-7.949,147731,177.341,6.659,141917,165.705,-5.021,147196,,,0,,,0,,,0,,,0,v10,18992fa,fedca7c,2026-09-04T23:05:01+00:00
34254,30844.3,10224,936682,19.436,170.045,11.124,,,0,,,0,157.858,-12.187,936593,174.452,4.407,936652,165.313,-4.732,936652,173.724,3.592,921164,174.037,3.942,863895,,,0,,,0,,,0,,,34,v10,18992fa,fedca7c,2026-09-04T23:05:01+00:00
34255,9921.7,10196,82256,5.306,176.919,14.487,,,0,,,0,159.394,-17.576,81669,194.458,17.503,82044,168.828,-8.124,81932,181.951,4.915,81215,176.556,-0.023,51301,,,0,,,0,,,0,,,128,v10,18992fa,fedca7c,2026-09-04T23:05:01+00:00
34256,15775.8,2708,90617,3.676,,,,,0,,,0,166.915,-13.962,90617,205.332,24.455,90617,164.01,-16.867,90617,189.064,8.187,90617,175.541,-4.902,76238,,,0,,,0,,,0,,,0,v10,18992fa,fedca7c,2026-09-04T23:05:01+00:00
34257,25263.5,4725,373864,9.471,173.448,12.821,,,0,,,0,160.602,-12.847,373737,187.566,14.113,373658,165.396,-8.054,373607,178.316,4.319,335501,175.065,1.601,354693,,,0,,,0,,,0,,,101,v10,18992fa,fedca7c,2026-09-04T23:05:01+00:00
34258,17057.4,5120,359789,13.499,165.553,9.678,,,0,,,0,152.714,-12.839,359789,169.123,3.57,359789,164.816,-0.736,359789,,,1503,169.933,4.38,359789,,,0,,,0,,,0,,,0,v10,18992fa,fedca7c,2026-09-04T23:05:01+00:00
34259,1542.1,253,5740,2.382,,,,,0,,,0,149.834,-12.532,5731,166.428,4.066,5714,162.176,-0.135,5693,,,0,165.912,3.554,5675,,,0,,,0,,,0,,,0,v10,18992fa,fedca7c,2026-09-04T23:05:01+00:00
34261,521.3,86,8627,10.591,165.835,8.945,,,0,,,0,153.655,-12.173,8621,172.243,6.412,8614,161.135,-4.703,8624,,,0,170.002,4.184,8529,,,0,,,0,,,0,,,0,v10,18992fa,fedca7c,2026-09-04T23:05:01+00:00
34262,87093.3,16446,5581919,41.018,206.981,8.687,,,4,,,0,200.81,-6.181,5580856,199.98,-2.426,4770149,208.044,1.056,5581138,192.122,-6.066,1657250,214.547,4.793,4407662,,,2,,,0,,,0,,,971,v10,18992fa,fedca7c,2026-09-04T23:05:01+00:00
34263,31991.5,7864,1184261,23.692,206.896,10.113,,,365,,,25817,203.004,-3.897,1184081,202.394,-4.106,1166982,199.391,-7.516,1183969,201.802,-4.743,1115544,218.643,10.36,1104352,,,0,,,0,,,0,,,170,v10,18992fa,fedca7c,2026-09-04T23:05:01+00:00
34264,5379.4,2435,579662,68.964,209.514,9.956,,,2,,,0,200.567,-8.948,579636,198.268,-7.458,504745,209.849,0.333,579637,177.498,-5.597,74216,221.109,10.69,566028,,,0,,,0,,,0,,,0,v10,18992fa,fedca7c,2026-09-04T23:05:01+00:00
34265,4728.2,998,396499,53.669,206.095,9.328,,,0,,,0,202.302,-3.794,396485,202.923,-3.176,396439,200.963,-5.134,396484,197.312,-6.582,321505,221.463,14.038,379515,,,0,,,0,,,0,,,30,v10,18992fa,fedca7c,2026-09-04T23:05:01+00:00
34266,32009.7,5066,1310173,26.196,180.105,10.908,,,67,178.248,-0.578,755373,172.929,-7.177,1310082,177.943,-2.161,1310173,177.808,-2.297,1310171,178.464,-1.641,1310171,188.567,8.145,1263319,,,28516,190.049,8.275,105524,,,39244,,,44843,v10,18992fa,fedca7c,2026-09-04T23:05:01+00:00
34267,9516.9,1212,396419,26.659,190.565,11.061,,,0,,,169,186.432,-4.133,396419,186.477,-4.089,396414,185.75,-4.816,396418,187.693,-2.717,393853,202.425,11.856,396235,,,0,,,0,,,0,,,30,v10,18992fa,fedca7c,2026-09-04T23:05:01+00:00
34268,14630.1,500,613290,26.829,170.52,11.3,,,0,159.726,-0.09,45915,148.83,-21.775,605431,168.945,-1.656,608903,174.717,4.197,613290,178.192,6.296,454119,176.703,6.295,605263,,,0,,,0,,,0,,,0,v10,18992fa,fedca7c,2026-09-04T23:05:01+00:00
34269,22504.4,852,697478,19.835,172.222,10.621,,,0,160.483,-3.963,46323,164.48,-7.754,696465,172.214,-0.021,696744,169.444,-2.778,697475,178.511,4.529,79464,184.076,11.887,695429,,,0,,,0,,,0,,,0,v10,18992fa,fedca7c,2026-09-04T23:05:01+00:00
34271,4392.1,727,81142,11.824,157.761,10.238,,,0,,,0,145.536,-12.213,81032,162.932,5.189,80804,156.165,-1.598,80959,,,0,161.689,3.931,80669,,,0,,,0,,,0,,,0,v10,18992fa,fedca7c,2026-09-04T23:05:01+00:00
34272,9763.5,1691,93525,6.131,164.153,10.324,,,0,,,0,151.386,-12.769,93509,168.04,3.886,93485,162.695,-1.458,93514,,,8240,169.46,5.305,93507,,,0,,,0,,,0,,,0,v10,18992fa,fedca7c,2026-09-04T23:05:01+00:00
34273,12642.6,2326,177892,9.005,184.967,11.478,,,0,,,0,177.001,-7.976,177821,187.258,2.277,177773,185.669,0.679,177755,185.934,-4.51,138784,171.619,6.201,63645,,,0,,,0,,,0,,,21,v10,18992fa,fedca7c,2026-09-04T23:05:01+00:00
34274,26659.8,5949,1853345,44.492,215.813,7.651,,,0,,,0,210.515,-5.301,1853274,215.312,-0.506,1853216,218.597,2.78,1853225,211.116,-4.703,1853200,,,0,,,0,,,0,,,0,,,14,v10,18992fa,fedca7c,2026-09-04T23:05:01+00:00
34275,6423.2,2166,75620,7.535,160.547,12.023,,,0,,,0,146.717,-13.832,75602,170.319,9.772,75602,159.711,-0.848,75532,160.573,0.026,75590,170.759,6.283,34406,,,0,,,0,,,0,,,6,v10,18992fa,fedca7c,2026-09-04T23:05:01+00:00
34276,37643.3,19843,301552,5.127,174.88,13.532,,,0,,,0,171.006,-3.875,301551,179.966,5.084,301522,174.592,-0.292,301489,169.805,-5.077,301536,176.438,-1.288,202608,,,0,,,0,,,0,,,8,v10,18992fa,fedca7c,2026-09-04T23:05:01+00:00
34277,14329.8,7409,37165,1.66,,,,,0,,,0,185.779,-3.256,36977,193.63,4.57,36988,183.495,-5.624,36912,186.632,-2.558,36848,,,5930,,,0,,,0,,,0,,,81,v10,18992fa,fedca7c,2026-09-04T23:05:01+00:00
34278,14204.3,7472,47886,2.158,,,,,0,,,0,167.077,-7.907,47874,171.437,-3.546,47875,190.096,15.106,47860,167.24,-7.749,47849,175.558,0.576,47872,,,0,,,0,,,0,,,45,v10,18992fa,fedca7c,2026-09-04T23:05:01+00:00
34279,341.1,168,1468,2.754,,,,,0,,,0,163.678,-16.621,1334,178.547,-0.982,1391,174.227,-4.661,1409,182.431,2.991,1403,186.874,7.631,1415,,,0,,,0,,,0,,,56,v10,18992fa,fedca7c,2026-09-04T23:05:01+00:00
34281,336.0,121,1437,2.737,,,,,0,,,0,163.526,-10.655,1313,169.599,-5.4,1294,178.435,4.342,1362,165.224,-8.636,1360,179.144,5.113,1352,,,0,,,0,,,0,,,88,v10,18992fa,fedca7c,2026-09-04T23:05:01+00:00
34282,18216.2,2333,775927,27.261,215.101,7.064,,,0,,,0,201.834,-13.327,768379,215.343,0.241,775927,220.269,5.165,775890,204.69,-10.412,775920,219.02,3.917,775915,,,0,,,0,,,0,,,80,v10,18992fa,fedca7c,2026-09-04T23:05:01+00:00
34283,17419.3,5360,54538,2.004,,,,,0,,,0,181.217,-5.238,54243,178.569,-7.942,54178,191.017,4.469,54066,185.978,-0.418,53976,180.891,-5.679,54050,,,0,,,0,,,0,,,332,v10,18992fa,fedca7c,2026-09-04T23:05:01+00:00
34284,11188.0,4297,720965,41.242,216.638,7.957,,,0,,,0,199.752,-17.895,665802,216.159,-0.479,720964,224.279,7.641,720965,203.114,-13.524,720964,219.937,3.298,720965,,,0,,,0,,,0,,,20,v10,18992fa,fedca7c,2026-09-04T23:05:01+00:00
34285,12704.0,5476,328958,16.572,209.968,7.011,,,5,,,53,199.904,-10.121,328617,211.382,1.308,328219,213.019,2.964,328326,204.163,-7.044,319294,211.752,1.567,327558,,,0,,,0,,,0,,,355,v10,18992fa,fedca7c,2026-09-04T23:05:01+00:00
34286,46440.0,23350,1659374,22.868,207.86,6.977,189.191,-9.699,907972,190.549,-4.951,499825,195.762,-11.968,1591161,208.184,0.311,1658902,212.844,4.977,1659065,213.037,-7.59,1314064,212.733,4.859,1658780,,,0,,,0,,,0,,,200,v10,18992fa,fedca7c,2026-09-04T23:05:01+00:00
34287,20115.9,23598,139613,4.442,,,,,23269,,,2,149.142,-21.546,139538,181.788,11.098,139509,175.148,4.44,139378,,,729,174.889,4.193,139410,,,2,,,0,,,0,,,4,v10,18992fa,fedca7c,2026-09-04T23:05:01+00:00
34288,12436.6,19643,49764,2.561,,,,,0,,,0,151.402,-25.056,49764,184.655,8.197,49764,179.05,2.593,49764,,,7478,182.395,5.937,49764,,,0,,,0,,,0,,,0,v10,18992fa,fedca7c,2026-09-04T23:05:01+00:00
34289,58411.1,48454,1133392,12.418,160.798,11.193,153.314,-6.94,1057179,157.793,-1.396,855261,149.837,-10.963,1133243,167.715,6.915,1133214,162.225,1.423,1133161,162.838,-4.678,483538,171.276,10.536,1130162,,,0,,,0,,,0,,,0,v10,18992fa,fedca7c,2026-09-04T23:05:01+00:00
34291,6446.5,1584,264279,26.237,220.076,5.281,,,1,,,0,216.518,-3.597,264065,221.609,1.517,264174,222.362,2.254,264107,215.143,-4.957,264156,221.504,4.051,90201,,,0,,,0,,,0,,,265,v10,18992fa,fedca7c,2026-09-04T23:05:01+00:00
34292,18756.6,3339,1713170,58.456,220.516,6.991,,,34,,,0,212.836,-8.307,1662501,220.542,0.024,1713063,226.731,6.209,1712904,212.304,-8.214,1713117,221.144,1.699,876287,,,2,,,0,,,0,,,148,v10,18992fa,fedca7c,2026-09-04T23:05:01+00:00
34293,47213.1,11658,4618951,62.612,218.614,6.46,,,19,,,0,215.172,-3.45,4618262,216.026,-0.297,4026837,219.658,1.033,4618099,212.22,-4.044,3792409,220.237,2.226,1918147,,,17,,,0,,,0,,,3940,v10,18992fa,fedca7c,2026-09-04T23:05:01+00:00
34294,11916.8,6922,1107742,59.492,214.593,8.551,,,22,,,0,208.041,-6.563,1107530,214.08,-0.527,1107462,215.819,1.225,1107694,211.335,-3.259,1107688,215.902,3.948,597808,,,0,,,0,,,0,,,2302,v10,18992fa,fedca7c,2026-09-04T23:05:01+00:00
34295,11247.9,3420,916037,52.122,202.064,10.036,,,3,,,0,197.299,-4.793,915345,201.032,-1.061,915359,199.15,-2.921,915871,198.045,-4.022,915964,207.014,4.933,915607,,,0,,,0,,,0,,,397,v10,18992fa,fedca7c,2026-09-04T23:05:01+00:00
34296,42045.8,7327,2770340,42.169,173.874,12.04,,,99,,,0,165.567,-8.43,2749643,178.002,3.986,2753845,171.305,-2.575,2769171,173.887,-1.094,2671723,182.942,8.373,2516520,,,6,,,0,,,0,,,1249,v10,18992fa,fedca7c,2026-09-04T23:05:01+00:00
34297,475.6,92,7411,9.973,164.977,11.611,,,0,,,0,157.418,-7.532,7172,169.453,4.424,7311,169.313,4.335,7411,162.389,-2.588,7411,165.304,0.234,7207,,,0,,,0,,,0,,,2,v10,18992fa,fedca7c,2026-09-04T23:05:01+00:00
34298,17476.3,2864,1725901,63.204,198.867,9.253,,,108,,,0,190.579,-8.305,1724971,198.102,-0.636,1718211,196.661,-2.214,1725490,191.851,-5.521,379765,206.544,7.672,1725551,,,4,,,0,,,0,,,1064,v10,18992fa,fedca7c,2026-09-04T23:05:01+00:00
34299,77799.8,28007,4193880,34.5,158.11,11.761,,,69470,150.472,-9.575,189580,148.109,-10.0,4185709,163.128,4.993,4184072,154.735,-3.416,4179051,163.161,5.404,3673501,163.997,5.159,3962170,,,0,,,0,,,0,,,76,v10,18992fa,fedca7c,2026-09-04T23:05:01+00:00
34300,9994.4,526,1498969,95.988,213.901,13.78,,,0,,,0,224.076,10.168,1497388,212.112,-1.796,1497562,210.05,-3.852,1497701,198.594,-15.313,1497015,210.689,-3.296,1455389,,,0,,,0,,,0,223.197,0.217,20934,v10,18992fa,fedca7c,2026-09-04T23:05:01+00:00
35110,48105.4,2584,6747838,89.774,212.77,15.338,,,44387,234.406,10.09,259595,235.437,22.66,6740543,204.755,-8.018,6741702,220.761,7.988,6743158,190.66,-22.119,6734256,203.922,-8.865,6729128,,,0,,,0,,,0,211.88,-6.473,90895,v10,18992fa,fedca7c,2026-09-04T23:05:01+00:00
35121,31147.8,2209,3225641,66.278,210.168,13.883,194.231,-16.197,559372,223.319,10.498,2143452,225.95,15.724,3210522,208.384,-1.843,3210417,207.561,-2.634,3217157,193.157,-17.072,3203909,203.233,-7.065,3188178,,,0,,,0,,,0,,,34042,v10,18992fa,fedca7c,2026-09-04T23:05:01+00:00
35122,40239.8,2930,3811567,60.622,208.907,12.222,,,0,,,0,219.335,10.425,3810794,207.924,-0.987,3810878,212.014,3.104,3810819,195.811,-13.101,3810775,205.218,-3.695,3810449,,,0,,,0,,,0,,,1190,v10,18992fa,fedca7c,2026-09-04T23:05:01+00:00
35123,18509.2,1730,1407164,48.656,209.142,10.831,206.014,-12.564,606782,214.791,0.642,910323,215.054,5.907,1406879,212.25,3.104,1406921,210.675,1.531,1407015,197.625,-11.53,1406377,203.484,-5.396,1389423,,,0,,,0,234.208,-3.772,45726,205.83,-9.57,913054,v10,18992fa,fedca7c,2026-09-04T23:05:01+00:00
35124,54040.7,5662,3789818,44.883,202.598,11.822,,,57378,,,0,205.41,2.81,3789481,202.708,0.108,3789465,208.532,5.933,3789600,192.147,-10.453,3789235,196.954,-5.648,3788939,,,0,,,0,,,0,,,9,v10,18992fa,fedca7c,2026-09-04T23:05:01+00:00
35125,864.8,80,59590,44.1,198.821,12.804,,,1036,,,0,198.652,-0.209,59479,196.201,-2.654,59492,201.141,2.284,59475,187.663,-11.213,59411,197.876,-1.003,59400,,,0,,,0,,,0,,,1,v10,18992fa,fedca7c,2026-09-04T23:05:01+00:00
35126,19864.5,1774,2217804,71.454,216.812,10.151,199.554,-17.764,2109292,216.629,-6.155,1604382,220.438,3.611,2216881,218.654,1.829,2216921,215.532,-1.286,2217430,208.254,-8.577,2216544,205.922,-0.375,1268113,,,11,,,0,,,1632,213.26,-4.968,2022086,v10,18992fa,fedca7c,2026-09-04T23:05:01+00:00
35127,24990.3,2385,1958176,50.149,205.552,11.602,182.242,-26.773,1569189,220.317,-1.447,698856,209.943,4.382,1957388,207.421,1.855,1957062,206.866,1.306,1957527,198.317,-7.253,1956499,199.611,-1.432,1652129,,,15,,,0,,,603,208.994,-6.088,1138875,v10,18992fa,fedca7c,2026-09-04T23:05:01+00:00
35128,28618.5,2981,3171062,70.915,211.038,9.898,192.963,-20.488,2438908,221.202,1.27,950847,211.642,0.602,3170698,212.991,1.946,3170334,213.441,2.398,3170467,205.522,-5.525,3169861,205.864,-4.809,3105815,,,234,,,6551,,,2205,207.878,-6.333,2196452,v10,18992fa,fedca7c,2026-09-04T23:05:01+00:00
35129,15116.0,1482,1462689,61.929,205.783,11.332,180.279,-22.564,230831,,,0,208.197,2.414,1462653,205.346,-0.437,1462685,205.673,-0.11,1462676,196.487,-9.296,1462651,202.046,-3.737,1462684,,,3,,,0,,,17,201.512,-2.418,63486,v10,18992fa,fedca7c,2026-09-04T23:05:01+00:00
35131,4867.6,189,445892,58.627,211.806,18.541,201.592,-10.474,434707,231.631,19.655,298771,236.307,24.219,434450,211.949,-0.078,436191,197.542,-14.349,439956,189.299,-22.767,430320,205.36,-7.027,423526,,,35,,,0,,,6877,190.459,-18.105,89688,v10,18992fa,fedca7c,2026-09-04T23:05:01+00:00
35132,20718.9,1129,2657587,82.092,209.025,17.643,191.441,-17.345,2493548,225.552,16.743,2459864,240.937,31.885,2648332,211.793,2.744,2648402,206.046,-2.99,2651554,189.928,-19.136,2639298,199.117,-9.959,2639072,,,9828,,,687,210.042,-1.061,188923,187.43,-21.548,2066735,v10,18992fa,fedca7c,2026-09-04T23:05:01+00:00
35133,20188.0,979,2480061,78.623,212.35,18.504,213.131,0.356,1473805,237.803,21.472,412527,239.887,27.481,2457248,209.535,-2.87,2459351,213.896,1.512,2458784,190.725,-21.675,2445765,200.962,-11.652,2225215,,,25382,,,10023,211.372,-1.323,1449871,189.381,-23.013,2427461,v10,18992fa,fedca7c,2026-09-04T23:05:01+00:00
35134,7152.9,290,853788,76.392,210.527,19.264,224.56,11.374,174103,,,0,244.405,33.852,847913,206.166,-4.382,847833,213.613,3.07,846758,189.703,-20.834,844947,208.729,-1.961,685573,232.923,10.566,18371,,,7991,203.464,-7.465,652295,185.821,-24.71,838709,v10,18992fa,fedca7c,2026-09-04T23:05:01+00:00
35135,7.1,0,638,57.51,212.806,12.163,,,0,,,0,230.75,18.1,613,219.738,6.933,638,207.264,-5.387,613,204.136,-8.669,638,205.301,-7.505,638,,,0,,,0,,,0,216.916,-0.338,275,v10,18992fa,fedca7c,2026-09-04T23:05:01+00:00
35136,42762.9,1293,5330293,79.774,209.15,18.927,187.556,-19.707,3164517,205.179,-1.98,1289992,243.883,34.675,5294087,217.075,7.872,5297781,207.476,-1.72,5294069,188.628,-20.537,5268127,202.419,-7.094,3230959,190.384,-14.562,1996449,,,20023,209.014,1.112,2544242,191.093,-16.645,4246041,v10,18992fa,fedca7c,2026-09-04T23:05:01+00:00
35137,5090.2,134,608846,76.551,214.961,16.251,,,0,,,0,244.793,29.826,605025,217.558,2.601,605521,212.368,-2.556,603174,192.366,-22.582,602393,207.217,-7.721,605414,,,0,,,0,,,0,226.338,6.959,38472,v10,18992fa,fedca7c,2026-09-04T23:05:01+00:00
35138,5527.4,155,743444,86.081,212.27,18.159,,,0,,,0,245.025,32.705,739822,216.456,4.133,739291,211.526,-0.796,738295,187.944,-24.386,737668,202.522,-9.835,736748,,,0,,,0,,,0,213.974,5.466,11851,v10,18992fa,fedca7c,2026-09-04T23:05:01+00:00
35139,6537.1,152,641862,62.84,208.927,17.417,,,0,,,0,233.081,24.015,631851,222.063,13.307,443071,198.585,-10.468,624947,191.923,-17.245,620807,201.554,-7.604,625237,,,0,,,0,,,0,214.651,2.596,73039,v10,18992fa,fedca7c,2026-09-04T23:05:01+00:00
35141,58734.2,2174,5983915,65.204,207.229,18.286,187.475,-16.728,1264955,212.2,7.656,941538,232.814,25.474,5933672,217.35,9.985,4571201,209.297,1.968,5930851,188.304,-19.052,5910626,190.659,-16.409,5332463,194.667,-10.559,1752465,,,83437,175.918,-23.088,153403,189.967,-10.533,558742,v10,18992fa,fedca7c,2026-09-04T23:05:01+00:00
35142,41142.5,2557,4278118,66.549,206.679,15.182,191.302,-15.451,4262017,209.045,2.216,3692553,228.195,21.434,4262295,208.533,1.76,4258262,205.749,-0.986,4266627,191.829,-14.941,4258298,197.841,-11.465,2421326,192.252,-9.467,2261748,176.873,-13.091,92977,181.436,-16.909,820065,198.926,-7.835,3988293,v10,18992fa,fedca7c,2026-09-04T23:05:01+00:00
35143,14622.9,840,1431529,62.654,202.755,14.357,203.554,0.618,1410787,202.235,-0.645,1417957,231.172,28.305,1420061,212.243,9.362,1417536,201.335,-1.492,1423719,195.956,-6.883,1421569,185.469,-17.523,1385773,189.861,-12.813,1389086,191.263,-5.059,304436,191.796,-14.647,818429,195.524,-7.082,1293336,v10,18992fa,fedca7c,2026-09-04T23:05:01+00:00
35144,29892.8,1698,3688641,78.973,210.651,13.756,194.684,-15.789,3610224,209.34,-1.238,3446265,225.628,14.953,3684806,221.923,11.233,3681789,207.597,-3.079,3684150,197.289,-13.405,3680602,199.063,-9.87,3001076,189.388,-10.298,323708,,,27531,199.784,-10.379,155853,201.086,-9.397,3477464,v10,18992fa,fedca7c,2026-09-04T23:05:01+00:00
35145,34560.2,1819,3914712,72.494,209.065,13.324,195.395,-13.724,3902579,204.937,-4.204,3897018,228.762,19.649,3903963,220.007,8.337,3282088,206.735,-4.068,3399153,203.235,-8.044,3326104,195.821,-10.962,2801559,200.919,-11.149,2324166,185.641,-13.678,157707,202.317,-10.816,1208627,200.737,-9.835,2800206,v10,18992fa,fedca7c,2026-09-04T23:05:01+00:00
35146,30056.0,1322,3639626,77.501,213.48,11.215,201.574,-11.911,3638986,206.013,-7.242,3621360,226.235,12.751,3638922,216.407,2.812,3536665,209.913,-3.679,3536998,211.837,-1.753,3537315,203.569,-10.03,3536106,210.241,-3.097,3400400,210.586,1.968,662190,212.083,-1.252,3396950,205.38,-8.215,3536127,v10,18992fa,fedca7c,2026-09-04T23:05:01+00:00
35147,24219.6,1631,3064710,80.985,217.104,10.092,204.016,-13.098,3063992,215.062,-2.051,3064087,226.547,9.436,3064230,224.347,1.327,956118,206.664,-6.889,1523059,214.581,-5.719,1040597,205.666,-3.668,1787224,,,1687,194.785,-2.211,504329,185.926,-8.834,278895,205.315,-7.955,1627010,v10,18992fa,fedca7c,2026-09-04T23:05:01+00:00
35148,24120.1,2605,2834075,75.199,208.256,10.891,196.956,-11.304,2833775,206.988,-1.278,2833278,210.248,1.989,2833881,201.74,-6.503,2815563,202.883,-5.326,2820955,209.042,0.812,2816956,201.816,-6.413,2828213,207.729,2.254,1866754,208.491,3.377,1830261,207.441,2.067,1901073,201.851,-6.345,2823296,v10,18992fa,fedca7c,2026-09-04T23:05:01+00:00
35149,83888.2,9236,9550923,72.866,210.46,9.765,195.924,-14.546,9548003,211.184,0.691,9378209,214.483,4.014,9548208,210.17,-1.278,6089905,206.294,-3.363,6660246,213.117,2.083,8200310,205.507,-4.635,9350440,201.687,-0.744,3702178,196.904,-2.985,2388274,198.581,-1.68,2426053,198.941,-8.742,7689496,v10,18992fa,fedca7c,2026-09-04T23:05:01+00:00
35150,8710.9,430,1166535,85.707,209.872,22.701,,,0,,,0,233.439,23.525,1161830,238.708,28.787,1161716,199.136,-10.764,1161786,191.521,-18.43,1158258,178.046,-31.895,1159236,,,0,,,0,,,0,214.293,7.28,26587,v10,18992fa,fedca7c,2026-09-04T23:05:01+00:00
35160,64313.7,3743,5309569,52.837,201.71,20.444,189.539,-16.128,192898,206.749,-3.763,158053,223.709,21.864,5239958,227.377,25.312,5082086,191.745,-10.057,5232625,188.857,-12.996,5210130,175.362,-26.445,5231174,,,59280,,,5802,,,5,207.491,9.629,190752,v10,18992fa,fedca7c,2026-09-04T23:05:01+00:00
35170,49076.2,2607,5352462,69.801,207.282,20.107,,,4,,,0,219.723,12.331,5294105,236.102,28.67,5276488,196.12,-11.327,5255047,186.976,-20.435,5269246,195.286,-12.125,5273582,,,1,,,0,,,0,221.846,11.682,119936,v10,18992fa,fedca7c,2026-09-04T23:05:01+00:00
35181,7725.4,419,689585,57.128,190.453,16.823,,,3,,,0,201.565,11.132,683387,198.395,7.983,676658,187.347,-3.039,678594,178.847,-11.554,676045,179.526,-10.882,674904,,,0,,,0,,,0,,,5432,v10,18992fa,fedca7c,2026-09-04T23:05:01+00:00
35182,108245.2,4604,13052135,77.171,200.524,13.474,,,10,176.671,-34.862,383215,198.709,-1.82,13046887,203.043,2.507,13040994,198.802,-1.73,13042508,188.905,-11.634,13037943,200.357,-0.175,13042524,193.359,-22.735,617510,196.986,-19.124,616970,208.641,-7.488,615563,219.393,3.649,627752,v10,18992fa,fedca7c,2026-09-04T23:05:01+00:00
35183,3587.6,175,357471,63.77,202.009,18.134,,,0,,,0,207.441,5.327,353576,223.56,21.298,348811,196.499,-5.652,351840,185.996,-16.232,349680,187.936,-14.27,349804,,,0,,,0,,,0,,,4576,v10,18992fa,fedca7c,2026-09-04T23:05:01+00:00
35184,113948.2,3720,15164751,85.174,206.1,13.246,200.402,-14.941,2876138,202.361,-12.831,3833389,212.563,6.461,15162484,204.25,-1.532,14664438,200.839,-5.264,15160940,195.625,-10.478,15160959,205.408,-0.695,15160896,203.95,-10.362,4451863,207.068,-8.668,2376991,204.872,-8.375,2175481,207.339,-6.936,1887894,v10,18992fa,fedca7c,2026-09-04T23:05:01+00:00
35185,123033.1,8149,11065963,57.564,199.692,16.257,188.202,-11.033,6440249,187.428,-12.445,4634381,221.794,22.07,11036007,211.327,11.566,10998387,193.863,-5.866,11026264,192.988,-6.745,11021566,183.572,-16.157,11030000,196.839,-3.556,4578230,190.137,-1.969,2125752,190.601,-10.176,4161930,195.218,-4.156,4858344,v10,18992fa,fedca7c,2026-09-04T23:05:01+00:00
35186,41462.2,4330,5038034,77.766,204.475,12.238,196.86,-7.627,5035462,190.647,-13.845,5032763,217.427,12.938,5035051,210.905,6.411,5033612,196.279,-8.212,5034304,204.044,-0.445,5034807,195.983,-8.51,5034293,201.493,-2.999,5034089,210.179,5.908,4019674,199.683,-4.812,5033505,198.397,-6.093,5034313,v10,18992fa,fedca7c,2026-09-04T23:05:01+00:00
35187,23492.4,1162,2049825,55.843,196.28,14.396,192.498,-3.804,2046844,172.677,-21.985,1667030,217.279,20.974,2046775,206.063,9.737,2043015,188.797,-7.513,2045504,195.852,-0.461,2045693,191.819,-4.501,2044409,189.712,-6.609,2038573,196.878,0.721,1823919,183.8,-12.462,1936912,189.936,-6.202,2006224,v10,18992fa,fedca7c,2026-09-04T23:05:01+00:00
35188,42307.6,1803,4388320,66.383,200.493,13.823,178.074,-19.269,1385283,192.142,-16.022,1742389,207.16,6.666,4388235,197.673,-2.688,4363507,199.082,-1.412,4388048,193.964,-6.529,4388181,197.707,-2.787,4388149,199.678,-7.215,2022887,197.611,-7.247,944862,195.919,-7.872,1320966,210.426,5.788,961498,v10,18992fa,fedca7c,2026-09-04T23:05:01+00:00
35189,189158.0,26047,22310120,75.484,207.159,11.236,197.531,-9.816,20376125,197.12,-10.103,17752440,213.439,6.272,22303045,205.822,-1.23,21713185,193.669,-13.503,22299246,208.149,0.979,22301156,199.06,-8.115,22297381,207.242,0.19,22176542,209.131,2.102,21965515,202.528,-4.516,21861302,207.296,0.127,22260554,v10,18992fa,fedca7c,2026-09-04T23:05:01+00:00
35190,2060.8,166,271176,84.216,190.539,15.588,,,0,,,0,194.262,3.801,269842,211.621,21.168,269742,175.123,-15.301,269308,184.704,-5.704,268854,184.83,-5.604,269868,,,0,,,0,,,0,224.156,13.325,20885,v10,18992fa,fedca7c,2026-09-04T23:05:01+00:00
35191,8211.0,387,1271485,99.105,205.985,13.969,,,0,,,0,213.134,7.154,1270467,212.473,6.494,1270375,191.885,-14.092,1270407,192.664,-13.313,1270310,202.205,-3.774,1270412,,,0,,,0,,,0,222.114,10.77,24146,v10,18992fa,fedca7c,2026-09-04T23:05:01+00:00
35192,14003.4,990,2169525,99.154,216.793,11.384,,,0,,,0,209.559,-7.235,2169404,220.565,3.77,2169297,207.832,-8.963,2169402,205.87,-10.924,2169374,217.911,1.117,2169416,,,0,,,0,,,0,,,666,v10,18992fa,fedca7c,2026-09-04T23:05:01+00:00
35193,9764.3,783,1443989,94.646,217.056,12.139,,,0,,,0,209.235,-7.835,1440339,232.656,15.584,1440173,211.656,-5.422,1439011,208.92,-8.151,1440098,204.971,-12.088,1441540,,,0,,,0,,,0,227.712,13.71,31125,v10,18992fa,fedca7c,2026-09-04T23:05:01+00:00
35194,19522.2,1629,2956251,96.915,216.201,12.3,,,0,,,2212,209.761,-6.445,2955427,227.06,10.479,1951952,216.726,0.516,2954297,216.805,0.596,2954515,199.911,-16.307,2953390,,,2235,,,2192,,,2208,,,8543,v10,18992fa,fedca7c,2026-09-04T23:05:01+00:00
35195,30.5,2,2900,60.852,200.64,15.758,,,0,,,0,191.884,-8.756,2900,228.828,28.112,2885,202.71,2.134,2863,200.038,-0.566,2896,177.126,-23.469,2896,,,0,,,0,,,0,219.797,8.438,1268,v10,18992fa,fedca7c,2026-09-04T23:05:01+00:00
35196,11880.0,652,1809255,97.468,199.364,15.006,,,1,,,0,190.515,-8.851,1808335,207.916,8.589,1438089,200.133,0.764,1807770,195.991,-3.374,1808277,196.735,-2.641,1806255,,,0,,,0,,,0,,,4037,v10,18992fa,fedca7c,2026-09-04T23:05:01+00:00
35197,15226.1,1258,2297499,96.571,200.983,14.927,,,3,,,0,197.703,-3.268,2295171,219.362,15.561,1564851,199.115,-1.857,2294523,195.57,-5.401,2294023,195.799,-5.171,2293771,,,0,,,0,,,0,220.947,9.125,52591,v10,18992fa,fedca7c,2026-09-04T23:05:01+00:00
35198,20819.3,786,3212004,98.739,207.123,15.465,,,0,,,0,187.787,-19.338,3211706,222.577,14.529,3001251,201.585,-5.54,3211596,209.976,2.852,3211757,202.011,-5.118,3210933,,,0,,,0,,,0,,,932,v10,18992fa,fedca7c,2026-09-04T23:05:01+00:00
35199,1890.2,62,246344,83.409,223.382,13.523,,,0,,,0,204.619,-18.756,245828,237.303,13.638,242775,223.519,0.132,245616,227.03,3.656,245590,197.471,-25.91,245696,,,0,,,0,,,0,235.674,8.239,11397,v10,18992fa,fedca7c,2026-09-04T23:05:01+00:00
35200,38365.2,1960,5341608,89.108,221.199,16.593,,,0,,,22,238.271,17.085,5317268,213.629,-7.557,5324040,213.095,-8.078,5309655,221.83,0.7,5271158,213.799,-7.398,5318153,233.958,6.622,159232,,,59465,208.709,-6.691,2925626,198.706,-17.347,3121889,v10,18992fa,fedca7c,2026-09-04T23:05:01+00:00
35301,148059.5,11312,20595944,89.028,223.221,11.465,,,332,,,18031,217.091,-6.138,20546186,233.352,10.112,20539448,217.82,-5.423,20519822,214.225,-9.008,20537287,216.648,-7.098,16755463,218.588,-13.231,3558445,236.255,4.437,3559685,240.216,8.379,3552589,231.971,1.292,3889973,v10,18992fa,fedca7c,2026-09-04T23:05:01+00:00
35411,4871.5,158,727798,95.615,215.171,14.857,197.176,-7.022,253260,171.963,-32.432,261645,219.259,4.03,725167,228.53,13.306,725319,188.402,-26.809,725686,211.049,-4.173,725304,217.829,2.578,723856,209.032,-6.19,725397,213.907,-1.317,725012,210.864,-4.471,720500,197.406,-17.824,724491,v10,18992fa,fedca7c,2026-09-04T23:05:01+00:00
35412,39692.1,1243,5663695,91.322,220.656,11.706,208.449,-11.552,2398982,174.135,-43.773,3216710,223.839,3.142,5655251,230.781,10.604,5112732,205.385,-14.778,5114221,214.752,-5.421,5111281,222.999,2.294,5652933,210.562,-7.559,4312649,221.496,7.142,1016042,204.253,-9.65,1034503,211.246,-6.062,3018100,v10,18992fa,fedca7c,2026-09-04T23:05:01+00:00
35413,1309.9,38,179804,87.85,226.556,8.362,217.55,-9.183,178023,203.299,-23.505,177849,223.773,-2.921,178315,231.338,11.216,63458,201.455,-18.901,61950,217.364,-2.994,62098,227.665,0.896,177410,225.182,-1.546,177950,214.307,-6.292,61130,206.397,-14.033,61110,231.219,10.717,61034,v10,18992fa,fedca7c,2026-09-04T23:05:01+00:00
35414,172110.4,5355,26017308,96.746,217.022,11.848,208.914,-9.239,18810663,184.878,-32.337,19416708,216.639,-0.396,26003648,226.004,9.504,23246572,207.131,-9.815,25410138,217.15,0.204,25411251,225.851,8.791,25752165,203.236,-14.652,21674182,208.437,-9.31,20648494,215.798,-1.998,20582696,217.711,-0.09,21016946,v10,18992fa,fedca7c,2026-09-04T23:05:01+00:00
35415,1158.5,35,171611,94.805,228.358,7.076,231.85,3.438,170810,205.421,-22.781,159895,228.897,0.516,171269,,,652,,,112,,,687,232.605,2.717,57217,225.252,-3.17,170292,,,886,,,258,,,133,v10,18992fa,fedca7c,2026-09-04T23:05:01+00:00
35416,31254.7,967,4735629,96.971,226.086,9.259,228.477,2.356,4731715,203.366,-21.54,3982307,217.244,-8.856,4734045,234.203,8.304,3841465,213.466,-12.559,4480574,227.816,1.827,4483372,230.903,4.891,4482247,210.175,-15.924,4724097,209.578,-16.523,3384180,232.423,6.268,3367167,226.601,0.458,3366147,v10,18992fa,fedca7c,2026-09-04T23:05:01+00:00
35417,30586.1,12780,4330385,90.611,228.103,8.562,222.787,-5.542,1505963,192.652,-32.847,1145162,219.513,-8.655,4318386,234.111,5.878,4296659,211.44,-16.781,4297909,227.355,-0.844,4301698,226.715,-1.529,4294701,220.999,-7.199,4314834,221.968,-6.299,4272728,230.671,2.231,4235886,231.608,3.315,4264815,v10,18992fa,fedca7c,2026-09-04T23:05:01+00:00
35418,15392.6,516,2372769,98.656,225.397,8.307,216.207,-9.208,2371734,186.163,-37.953,2093921,222.301,-3.103,2372328,231.713,8.168,1310579,219.932,-5.475,2372024,227.464,2.058,2372181,229.887,4.474,2371548,209.263,-16.148,2371054,227.813,1.015,2031833,228.224,1.021,1980107,220.279,-6.08,2067561,v10,18992fa,fedca7c,2026-09-04T23:05:01+00:00
35419,69506.5,4187,10430166,96.039,218.168,9.55,210.92,-7.254,10410373,185.682,-31.013,9538280,215.436,-2.762,10414444,218.382,2.69,8361134,202.593,-15.602,10414817,222.356,4.163,10415892,224.625,6.416,10406573,209.94,-8.247,10419062,223.865,5.671,10413663,220.905,2.707,10383466,212.686,-5.53,10397354,v10,18992fa,fedca7c,2026-09-04T23:05:01+00:00
35421,28668.4,2439,4070992,90.882,222.896,6.116,227.266,4.319,4061291,206.749,-16.223,4055324,221.726,-1.236,4057843,223.88,0.923,4059119,210.884,-12.325,3781205,227.418,4.469,4060652,218.549,-4.423,4057351,224.142,1.198,4062339,224.495,1.683,4014479,226.813,3.465,3590125,217.049,-5.911,4059224,v10,18992fa,fedca7c,2026-09-04T23:05:01+00:00
35422,7215.7,1417,868837,77.062,218.624,6.659,213.247,-5.314,867143,218.841,0.211,868532,215.614,-3.015,868690,219.813,1.187,868780,211.507,-7.447,822278,219.232,0.606,868685,216.342,-2.289,868522,221.14,2.514,868757,217.59,-1.039,868660,220.385,1.438,832170,212.177,-6.354,864160,v10,18992fa,fedca7c,2026-09-04T23:05:01+00:00
35423,6226.3,1578,770645,79.214,214.532,7.823,214.925,0.108,739080,208.385,-6.25,763713,211.473,-3.138,766476,215.323,0.711,766544,210.536,-4.373,436453,213.508,-1.105,766071,209.809,-4.832,764687,216.326,1.716,766703,216.037,1.447,767191,215.016,0.189,439281,207.114,-7.178,750126,v10,18992fa,fedca7c,2026-09-04T23:05:01+00:00
35424,53171.7,16075,3545689,42.678,214.016,8.997,204.433,-8.355,2686565,203.078,-11.037,3532754,215.644,1.527,3532899,221.937,7.784,3530701,205.349,-8.763,3534455,216.348,2.218,3532948,211.118,-3.073,3527497,213.551,-0.61,3530063,213.553,-0.594,3531887,207.122,-6.966,3537448,209.45,-4.702,3531681,v10,18992fa,fedca7c,2026-09-04T23:05:01+00:00
35425,16942.2,16328,2035751,76.902,218.124,7.128,217.434,-0.583,1376325,211.201,-7.009,2027347,219.977,1.733,2025336,227.723,9.502,2027354,211.022,-7.195,2028829,219.833,1.617,2027497,212.317,-5.96,2022162,217.5,-0.746,2026633,221.567,3.332,2027256,211.874,-6.357,2028005,211.819,-6.471,2022308,v10,18992fa,fedca7c,2026-09-04T23:05:01+00:00
35426,6545.1,9127,703023,68.744,213.351,7.343,197.883,-15.494,699112,212.177,-1.189,702598,216.929,3.536,702131,223.36,9.987,702490,205.989,-7.388,702421,219.194,5.825,702660,207.035,-6.351,702169,211.515,-1.868,702362,214.424,1.054,702514,206.391,-7.006,702100,208.631,-4.78,701653,v10,18992fa,fedca7c,2026-09-04T23:05:01+00:00
35427,5051.0,161527,538938,68.288,207.152,7.484,208.09,0.839,535060,204.257,-2.973,535608,206.002,-1.248,534601,216.798,9.557,535154,205.359,-1.872,535613,205.915,-1.309,535986,201.35,-5.911,534611,201.229,-6.02,534786,210.13,2.911,535729,200.704,-6.516,534822,201.637,-5.676,532863,v10,18992fa,fedca7c,2026-09-04T23:05:01+00:00
35428,5030.0,7811,470096,59.813,211.518,8.379,209.1,-2.461,469256,205.592,-5.954,469464,209.642,-1.917,469368,221.347,9.783,469151,199.096,-12.465,469080,216.513,4.949,469263,207.867,-3.714,468880,209.359,-2.207,469146,215.659,4.086,468976,203.211,-8.351,469324,202.987,-8.587,469080,v10,18992fa,fedca7c,2026-09-04T23:05:01+00:00
35429,8581.8,31081,926236,69.075,213.362,7.572,219.237,5.821,923796,214.132,0.723,924041,213.433,-0.007,923195,222.315,8.882,923502,210.907,-2.527,923115,212.353,-1.061,923951,203.763,-9.689,922321,211.81,-1.632,922679,220.1,6.677,923220,200.722,-12.73,922756,203.001,-10.471,921599,v10,18992fa,fedca7c,2026-09-04T23:05:01+00:00
35430,4066.6,2670,369375,58.132,205.463,8.38,205.392,-0.315,364706,208.924,3.22,364698,206.696,0.949,363924,211.176,5.507,364234,204.692,-1.064,363654,202.206,-3.461,365065,191.615,-14.142,363448,202.003,-3.663,365472,211.262,5.608,365904,196.767,-7.262,136900,196.927,-16.868,56016,v10,18992fa,fedca7c,2026-09-04T23:05:01+00:00
35441,11360.4,4291,1369452,77.15,203.366,9.003,208.309,4.871,1364657,208.029,4.591,1364723,204.25,0.796,1363845,215.617,12.133,1362096,207.102,3.641,1363402,198.573,-4.874,1364281,193.704,-9.764,1361990,198.002,-5.465,1362838,205.118,1.663,1363621,193.946,-9.537,1361310,189.719,-13.764,1361375,v10,18992fa,fedca7c,2026-09-04T23:05:01+00:00
35442,10727.8,8965,989455,59.029,213.822,7.794,212.625,-1.226,988259,211.546,-2.297,988453,215.669,1.828,988628,223.875,10.024,988301,207.531,-6.32,988311,216.404,2.566,988823,209.697,-4.149,988283,212.76,-1.095,988086,217.3,3.444,988109,202.534,-11.319,988144,202.244,-11.609,987846,v10,18992fa,fedca7c,2026-09-04T23:05:01+00:00
35443,45780.8,5270,4514262,63.108,206.981,7.657,205.496,-1.507,4508711,197.608,-9.398,4508008,203.902,-3.103,4508896,213.543,6.533,4507622,200.132,-6.876,4507794,209.529,2.525,4508740,205.118,-1.894,4507043,210.177,3.174,4509007,208.505,1.494,4507290,202.158,-4.871,4492385,195.177,-11.903,4340526,v10,18992fa,fedca7c,2026-09-04T23:05:01+00:00
35444,11534.3,859,982001,54.488,206.877,9.937,205.999,-0.881,981870,190.19,-16.692,981810,197.147,-9.736,981787,215.775,8.892,981796,198.753,-8.13,981801,203.638,-3.248,981743,203.579,-3.305,981729,211.057,4.176,981879,211.602,4.716,981692,204.685,-2.198,981814,199.672,-7.212,981705,v10,18992fa,fedca7c,2026-09-04T23:05:01+00:00
35445,4450.3,252,505679,72.722,205.318,11.2,205.884,0.524,504482,181.653,-23.715,504054,186.077,-19.282,504385,219.482,14.098,503942,189.375,-16.005,503839,212.814,7.438,504099,198.322,-7.06,504100,211.9,6.541,504613,212.087,6.712,503981,209.304,3.956,502871,195.864,-9.497,504608,v10,18992fa,fedca7c,2026-09-04T23:05:01+00:00
35446,17604.5,1068,1637672,59.536,206.058,10.497,208.861,3.294,1611906,186.502,-19.562,1636911,195.666,-10.398,1637137,213.74,7.676,1637080,201.914,-4.151,1636844,195.567,-10.497,1637102,200.555,-5.51,1636915,207.178,1.112,1636961,206.652,0.584,1636712,208.135,2.073,1637331,201.115,-4.947,1637357,v10,18992fa,fedca7c,2026-09-04T23:05:01+00:00
35447,2597.8,148,275379,67.843,202.1,10.41,213.549,11.438,275220,182.652,-19.462,275150,184.048,-18.06,275230,211.192,9.083,275253,184.167,-17.942,275251,191.261,-10.849,275220,190.589,-11.527,275112,211.706,9.591,275137,206.271,4.161,275239,207.855,5.746,275252,195.601,-6.51,275218,v10,18992fa,fedca7c,2026-09-04T23:05:01+00:00
35448,8001.9,459,879676,70.357,210.224,9.9,212.366,2.126,879188,195.5,-14.729,879495,196.667,-13.563,879521,219.54,9.306,879338,198.478,-11.754,879425,206.546,-3.684,879529,203.636,-6.598,879432,211.173,0.944,879497,212.525,2.296,879518,210.472,0.242,879523,204.027,-6.2,879570,v10,18992fa,fedca7c,2026-09-04T23:05:01+00:00
35449,31796.8,4698,4256983,85.684,215.392,9.625,208.066,-7.376,4250025,192.069,-23.377,4250074,211.882,-3.557,4250920,222.686,7.252,4252003,197.295,-18.145,4251001,220.631,5.192,4251269,213.83,-1.622,4249668,216.198,0.769,4252276,218.209,2.965,4215619,213.992,-1.323,4224355,210.051,-5.387,4251623,v10,18992fa,fedca7c,2026-09-04T23:05:01+00:00
35450,99630.6,1783,15015051,96.453,208.63,13.159,195.93,-11.885,14003989,184.623,-22.893,14050080,206.154,-2.492,15005727,214.195,5.546,15004997,192.429,-16.227,14946173,215.909,7.261,15005557,225.863,17.212,15004147,196.983,-10.774,14273535,209.421,1.664,14274102,204.535,-2.134,13095416,202.495,-4.168,13108125,v10,18992fa,fedca7c,2026-09-04T23:05:01+00:00
35500,3831.9,784,381832,63.773,175.127,13.489,158.151,4.605,79677,162.986,15.371,106471,165.861,-12.431,347885,175.182,-2.346,329095,182.89,6.646,368504,173.114,-3.76,364422,173.348,-3.204,367629,160.864,2.072,52006,143.098,-6.806,93439,159.595,10.693,99647,156.65,0.735,95031,v10,18992fa,fedca7c,2026-09-04T23:05:01+00:00
35601,113496.9,10201,15450335,87.123,216.966,10.668,207.959,-9.39,13893380,193.549,-23.919,13369725,214.596,-2.434,15416251,223.907,8.353,12393590,189.425,-27.611,15414378,224.269,7.25,15422682,216.251,-0.816,15407150,211.44,-5.599,15249947,221.283,4.238,15169124,217.33,0.454,14792464,211.197,-5.646,14906610,v10,18992fa,fedca7c,2026-09-04T23:05:01+00:00
35602,162623.4,91827,11511356,45.303,207.889,11.077,195.045,-13.026,11115760,204.231,-3.696,11493857,195.847,-12.133,11478044,198.147,-9.087,11138195,198.908,-8.019,10333670,218.076,10.098,11473788,207.882,-0.192,11444569,215.347,8.412,10011993,202.485,-4.587,9511520,213.206,5.866,10470287,205.879,-2.569,11068628,v10,18992fa,fedca7c,2026-09-04T23:05:01+00:00
36101,73575.4,74233,9903418,86.145,150.293,13.036,148.406,-3.072,3679459,175.114,8.249,560467,145.053,-5.263,9888111,154.324,3.783,8969965,154.044,3.618,9844990,157.486,7.921,6925429,149.629,-0.864,8867498,,,3108,,,0,,,0,,,37,v10,18992fa,fedca7c,2026-09-04T23:05:01+00:00
36102,185501.0,178203,20070283,69.245,145.834,12.194,149.643,-0.943,5481258,167.926,11.042,1619676,147.402,-0.586,14677829,149.556,2.564,18418977,149.335,2.683,18725296,146.849,-0.254,14467374,140.784,-7.095,15404907,163.594,6.94,3821910,168.418,5.276,1173934,174.467,4.203,1103684,160.398,7.14,1506768,v10,18992fa,fedca7c,2026-09-04T23:05:01+00:00
36103,43506.8,23736,4093348,60.215,139.47,10.875,123.463,-14.367,269825,,,45911,143.308,3.584,1182660,142.915,3.381,3909113,148.549,8.873,3364688,140.123,-0.378,2940339,126.611,-12.814,3863335,,,53650,,,57891,,,6039,,,24674,v10,18992fa,fedca7c,2026-09-04T23:05:01+00:00
41100,74997.4,425216,2457199,20.969,184.154,10.336,195.783,11.743,2301595,176.417,-0.928,123884,189.176,5.023,2345931,183.305,-0.934,2443157,177.986,-6.267,2438101,186.55,2.304,2443249,173.955,-10.348,2435282,184.564,4.847,1155416,176.23,-5.241,1723116,174.498,-9.747,2415956,181.188,-3.079,2438288,v10,18992fa,fedca7c,2026-09-04T23:05:01+00:00
41200,85506.2,5276288,2929199,21.925,168.229,7.412,170.224,1.501,2807148,167.328,-1.402,2822758,174.149,5.751,2899051,165.808,-2.736,2813320,163.703,-4.764,2835813,166.414,-2.77,2711657,163.643,-4.788,2878179,173.795,5.529,2915033,163.188,-5.221,2880020,165.204,-3.28,2858667,168.826,-0.051,2767095,v10,18992fa,fedca7c,2026-09-04T23:05:01+00:00
41301,231936.1,104994720,470124,1.297,,,177.415,-0.759,463580,173.579,-5.828,445232,187.542,8.906,464664,171.778,-4.061,411228,184.672,5.44,451916,178.347,-1.005,449647,171.691,-7.222,457965,182.465,3.997,467340,175.019,-3.874,458823,172.514,-6.464,446345,183.431,4.791,464063,v10,18992fa,fedca7c,2026-09-04T23:05:01+00:00
41304,18969.6,3609227,1325,0.045,,,,,1311,,,111,,,1112,,,446,,,129,,,35,,,86,,,1107,,,1063,,,22,,,1320,v10,18992fa,fedca7c,2026-09-04T23:05:01+00:00
41305,39397.8,12525183,173,0.003,,,,,167,,,0,,,0,,,5,,,0,,,0,,,0,,,2,,,173,,,0,,,173,v10,18992fa,fedca7c,2026-09-04T23:05:01+00:00
41308,418.2,19768,10,0.015,,,,,0,,,3,,,0,,,8,,,2,,,0,,,0,,,10,,,1,,,4,,,6,v10,18992fa,fedca7c,2026-09-04T23:05:01+00:00
41309,908.0,59290,231,0.163,,,,,139,,,111,,,168,,,143,,,119,,,95,,,115,,,158,,,107,,,84,,,154,v10,18992fa,fedca7c,2026-09-04T23:05:01+00:00
42100,2359.3,48,85653,23.235,203.853,8.871,175.48,-9.185,4200,206.97,2.983,85157,198.527,-5.45,85232,195.979,-8.043,85138,197.9,-6.149,85021,200.453,-3.532,85210,213.506,9.452,84988,,,0,,,0,,,0,,,826,v10,18992fa,fedca7c,2026-09-04T23:05:01+00:00
42101,892.0,19,35572,25.523,189.097,14.438,177.795,23.65,4212,197.035,7.898,35536,180.428,-9.047,34666,183.432,-14.879,28093,190.716,1.554,35495,188.886,-0.296,35457,186.84,-3.114,33788,,,0,,,0,,,0,,,0,v10,18992fa,fedca7c,2026-09-04T23:05:01+00:00
42102,2796.2,61,201689,46.163,202.966,12.21,,,1983,201.744,-1.223,201688,192.273,-10.693,201688,199.527,-3.851,199859,202.424,-0.542,201689,207.475,4.509,201689,204.565,1.588,201612,,,0,,,0,,,0,,,0,v10,18992fa,fedca7c,2026-09-04T23:05:01+00:00
42103,690.1,15,43635,40.467,182.586,13.139,,,276,194.714,12.113,43608,170.864,-11.763,43538,178.423,-8.086,38093,182.761,0.158,43592,183.609,0.999,43596,187.764,5.154,43529,,,0,,,0,,,0,,,2,v10,18992fa,fedca7c,2026-09-04T23:05:01+00:00
42104,60969.6,2172,2850348,29.92,197.011,10.986,188.279,-14.301,1063216,198.153,3.427,1141363,183.971,-13.041,2850126,195.426,-1.587,2850195,196.488,-0.527,2850067,198.899,1.887,2850215,203.721,6.702,2849802,,,0,,,0,,,0,,,2,v10,18992fa,fedca7c,2026-09-04T23:05:01+00:00
42105,1973.6,43,111813,36.259,206.903,10.947,,,30,211.728,4.823,111807,196.256,-10.648,111811,195.375,-11.536,111793,212.573,5.658,111779,199.287,-7.623,111795,214.126,7.223,111813,,,0,,,0,,,0,,,0,v10,18992fa,fedca7c,2026-09-04T23:05:01+00:00
42106,4290.1,93,180123,26.871,201.617,11.051,,,1506,204.344,7.046,154599,193.349,-8.267,180123,190.827,-10.794,180103,208.119,6.001,173971,193.287,-8.835,173963,209.32,7.202,173999,,,0,,,0,,,0,,,0,v10,18992fa,fedca7c,2026-09-04T23:05:01+00:00
42107,4575.2,98,146270,20.461,193.814,11.651,,,340,205.572,11.747,146202,185.284,-8.54,146214,177.575,-16.257,146162,197.707,3.604,121399,181.276,-12.812,121611,203.855,9.716,121444,,,0,,,0,,,0,,,164,v10,18992fa,fedca7c,2026-09-04T23:05:01+00:00
42108,12049.3,286,559775,29.733,187.253,10.836,,,18167,189.271,6.158,465198,181.819,-5.434,559775,178.903,-8.35,559775,200.774,10.243,477554,182.417,-8.111,477673,191.285,0.753,477671,,,0,,,0,,,0,,,0,v10,18992fa,fedca7c,2026-09-04T23:05:01+00:00
42109,14679.1,8494,823377,35.899,195.239,9.972,207.117,9.638,472730,195.287,7.288,305176,198.982,3.712,821856,187.567,-7.706,821521,197.016,1.733,821342,190.732,-4.532,822012,183.754,-11.525,820935,,,3761,,,4332,171.464,-28.185,289554,189.175,-7.632,216278,v10,18992fa,fedca7c,2026-09-04T23:05:01+00:00
42200,4666.6,27317,668082,91.624,125.938,8.232,140.0,10.081,49974,132.453,6.517,667422,127.903,-0.018,521040,138.037,6.915,354616,131.664,0.054,284101,132.112,6.149,665377,118.722,-7.217,666581,131.545,8.563,159979,125.898,2.603,146095,115.412,-7.523,156938,123.915,-2.125,653661,v10,18992fa,fedca7c,2026-09-04T23:05:01+00:00
42201,5611.4,962,474843,54.158,154.997,12.017,135.042,-8.818,128861,,,0,163.686,8.688,474843,,,5172,,,2,156.113,-0.545,436887,147.571,-8.257,445414,,,0,,,0,,,0,,,1,v10,18992fa,fedca7c,2026-09-04T23:05:01+00:00
42202,12063.6,2151,1760022,93.373,165.595,9.262,136.325,-21.662,153682,,,0,166.294,0.698,1759978,156.233,-10.484,1456927,133.843,-24.133,52393,165.552,-0.225,1622683,162.923,-2.675,1759767,,,0,,,0,,,0,,,3,v10,18992fa,fedca7c,2026-09-04T23:05:01+00:00
42203,2062.2,204,221040,68.599,152.168,12.469,133.341,-10.833,11832,150.352,-6.546,92135,160.617,8.449,221040,144.223,-8.366,214648,,,0,149.999,-9.169,85297,145.93,-6.058,214604,,,0,,,0,,,0,,,0,v10,18992fa,fedca7c,2026-09-04T23:05:01+00:00
42204,32616.3,22901,5065531,99.396,156.593,11.138,136.35,-17.449,260155,149.952,-4.16,507302,149.46,-7.301,4993008,146.267,-10.331,5064305,119.905,-21.074,323297,162.182,4.544,3734482,159.186,2.592,5062823,149.734,4.441,663166,154.98,9.983,787069,150.496,5.719,810689,148.765,1.682,1182792,v10,18992fa,fedca7c,2026-09-04T23:05:01+00:00
42205,10367.8,5313,1528060,94.327,143.46,11.795,136.263,-8.666,146518,141.709,-2.769,1326341,142.219,-3.061,1308267,150.356,5.773,1357714,,,7970,142.751,-3.868,1020824,145.33,1.861,1527114,136.309,0.4,28929,134.73,0.077,215874,130.783,-4.543,343552,131.876,-3.519,324430,v10,18992fa,fedca7c,2026-09-04T23:05:01+00:00
42206,36839.2,281497,5200515,90.347,132.636,11.669,136.791,1.091,428147,139.603,7.27,4326756,130.165,-3.445,3440028,139.092,4.658,2098341,127.998,-5.584,733023,137.62,4.461,4030428,135.984,3.346,5199544,138.341,6.822,2140423,137.529,4.709,1576675,122.986,-8.36,2814959,132.9,-0.442,3385530,v10,18992fa,fedca7c,2026-09-04T23:05:01+00:00
42207,3933.1,34615,610941,99.413,135.241,11.956,136.292,-1.504,100707,143.664,8.422,610881,134.661,-0.598,609431,146.827,8.669,377662,,,134,141.566,5.49,441481,129.831,-5.41,610941,119.612,-11.437,51970,,,0,,,0,130.434,-6.579,336993,v10,18992fa,fedca7c,2026-09-04T23:05:01+00:00
42208,7701.7,61483,1193298,99.161,133.305,11.091,140.0,5.799,56360,134.379,1.072,1192931,130.975,-2.556,1136211,149.252,15.305,826647,125.403,-9.223,42221,141.494,8.469,1137477,126.248,-7.057,1193107,,,8466,,,0,,,0,132.853,-0.545,1136025,v10,18992fa,fedca7c,2026-09-04T23:05:01+00:00
42209,28277.3,72095,4275549,96.768,140.493,11.855,140.0,-0.054,424284,136.669,-3.838,4270784,136.081,-4.506,4238869,150.815,9.109,3789250,133.393,-6.846,69632,154.341,13.717,4240915,129.807,-7.646,2774299,120.788,-7.631,46485,,,24,,,0,132.713,-1.648,1008983,v10,18992fa,fedca7c,2026-09-04T23:05:01+00:00
42211,8403.1,13159,481107,36.642,189.994,11.258,203.592,14.39,452091,,,5025,183.835,-6.212,479452,188.632,-1.451,478264,193.577,3.502,478854,186.327,-3.698,480155,190.502,0.414,478435,,,5856,,,5165,161.937,-25.96,411809,185.472,-0.281,376158,v10,18992fa,fedca7c,2026-09-04T23:05:01+00:00
42212,54602.8,19733,2305417,27.022,180.772,11.318,192.381,20.363,638927,181.374,1.943,118297,177.634,-3.176,2300412,177.696,-3.123,2299580,188.314,7.488,2296365,174.385,-6.5,2288240,177.635,-3.232,2291594,,,4033,,,4872,154.831,-21.402,148986,185.603,9.414,149288,v10,18992fa,fedca7c,2026-09-04T23:05:01+00:00
42213,40295.7,22194,1870592,29.71,171.905,12.038,187.654,16.337,1630682,174.587,-0.321,151959,168.741,-3.219,1858160,169.457,-2.51,1858011,174.642,2.682,1858744,170.976,-0.953,1865424,169.759,-2.223,1846421,,,14520,,,22168,159.281,-14.469,846060,169.371,-4.076,828791,v10,18992fa,fedca7c,2026-09-04T23:05:01+00:00
42214,21952.9,23112,866795,25.27,164.393,11.38,,,23329,,,1557,156.609,-7.764,864330,165.353,0.959,866476,179.86,15.465,866526,162.873,-1.521,865495,157.07,-7.31,860489,,,0,,,0,,,0,,,211,v10,18992fa,fedca7c,2026-09-04T23:05:01+00:00
42215,36834.9,311146,2151832,37.388,155.809,9.568,171.298,-4.736,97811,175.814,-1.824,130266,150.263,-5.527,2136871,159.357,3.536,2140466,159.128,-1.122,1399780,156.66,0.848,2148344,162.469,2.022,1289241,,,1563,,,1570,,,1570,,,30185,v10,18992fa,fedca7c,2026-09-04T23:05:01+00:00
42216,22626.3,18513,793680,22.45,160.862,9.474,,,2867,,,9103,152.779,-8.089,792947,161.443,0.578,793175,164.783,-1.259,465741,162.827,1.853,785763,166.763,5.328,724841,,,0,,,0,,,0,,,337,v10,18992fa,fedca7c,2026-09-04T23:05:01+00:00
42217,9096.0,246939,722654,50.846,145.99,7.452,,,260,,,0,143.394,-2.566,719632,148.867,2.894,719509,148.042,1.661,145559,140.853,-4.779,631235,154.114,7.462,468572,,,0,,,0,,,0,,,1761,v10,18992fa,fedca7c,2026-09-04T23:05:01+00:00
42218,30070.7,83070,1057245,22.502,160.707,9.163,,,2,,,15569,157.474,-3.249,1024018,163.673,2.966,1057197,181.387,2.687,467727,155.303,-5.418,1056126,181.605,0.303,385445,,,0,,,0,,,0,,,35,v10,18992fa,fedca7c,2026-09-04T23:05:01+00:00
42219,118.6,102255,7823,42.215,144.841,9.46,,,2,,,0,142.554,-2.253,7754,145.032,0.314,7736,138.626,-4.558,2103,144.253,-0.498,7605,151.335,5.117,6032,,,0,,,0,,,0,,,2,v10,18992fa,fedca7c,2026-09-04T23:05:01+00:00
42221,8271.6,240220,550390,42.585,139.246,8.224,,,6,129.711,-6.197,320182,136.014,-3.232,550338,145.673,6.427,550384,145.226,2.531,112766,134.646,-4.494,541959,146.509,7.366,532188,,,0,,,0,,,0,,,0,v10,18992fa,fedca7c,2026-09-04T23:05:01+00:00
42222,24565.2,32746,190978,4.976,,,,,0,,,0,152.075,-11.039,190978,165.909,2.795,190978,168.571,-1.64,139752,166.192,2.826,188430,168.205,4.27,183716,,,0,,,0,,,0,,,0,v10,18992fa,fedca7c,2026-09-04T23:05:01+00:00
42223,5459.2,36157,161020,18.877,145.414,7.9,,,10,,,0,136.886,-8.528,161010,152.549,7.135,160981,147.442,1.872,58786,145.718,0.277,156255,147.609,2.182,153924,,,0,,,0,,,0,,,0,v10,18992fa,fedca7c,2026-09-04T23:05:01+00:00
42224,23215.1,1141719,2662491,73.4,133.266,10.055,,,1286,131.976,-1.284,2661624,127.739,-5.522,2648021,137.139,3.873,2662301,133.173,-1.401,398769,138.373,5.107,2661920,140.806,7.554,2651745,,,0,,,0,,,0,,,0,v10,18992fa,fedca7c,2026-09-04T23:05:01+00:00
42225,33040.3,233526,667819,12.936,144.185,9.635,,,5,136.425,1.075,479203,135.604,-8.58,667674,146.221,2.036,667525,160.153,-2.622,139265,149.226,5.043,667178,147.816,3.638,666645,,,0,,,0,,,0,,,0,v10,18992fa,fedca7c,2026-09-04T23:05:01+00:00
42226,29728.4,66183,223997,4.822,,,,,0,,,0,152.992,-4.57,223954,157.835,0.271,223995,152.258,-6.304,83575,167.471,9.906,223951,150.813,-6.756,223684,,,0,,,0,,,0,,,0,v10,18992fa,fedca7c,2026-09-04T23:05:01+00:00
42227,328.0,10602,373,0.728,,,,,0,,,373,,,373,,,373,,,0,,,341,,,336,,,0,,,0,,,0,,,0,v10,18992fa,fedca7c,2026-09-04T23:05:01+00:00
42228,53630.6,561700,2001543,23.885,142.324,11.457,,,3425,142.167,0.556,1875073,133.825,-8.7,1870894,145.901,1.086,1563792,145.665,-19.148,155476,145.767,3.21,1920615,151.31,8.976,1994722,,,0,,,0,,,0,,,5,v10,18992fa,fedca7c,2026-09-04T23:05:01+00:00
42229,17493.1,1856983,1483291,54.267,131.14,9.857,146.973,11.058,117315,129.822,-1.317,1483031,123.395,-7.717,1442503,137.211,5.947,1318424,138.664,5.437,471853,136.483,5.344,1482491,134.715,3.578,1482909,132.457,-1.274,300220,,,343,,,28,,,23333,v10,18992fa,fedca7c,2026-09-04T23:05:01+00:00
42230,25933.3,476197,2328039,57.453,140.063,9.175,,,26,138.845,-0.952,2185326,134.222,-5.62,2179074,144.178,4.117,2325870,147.225,6.394,1150779,133.904,-5.357,1799663,148.603,9.05,1385031,,,2,,,0,,,0,,,0,v10,18992fa,fedca7c,2026-09-04T23:05:01+00:00
42241,52717.5,5379385,3279214,39.81,133.673,8.859,,,15692,137.204,3.554,3272888,126.547,-7.147,3263295,135.253,1.386,3170109,135.011,0.329,2182987,136.234,2.58,3263971,138.135,4.618,3173464,,,1,,,0,,,0,,,0,v10,18992fa,fedca7c,2026-09-04T23:05:01+00:00
42242,37178.0,2939399,1831499,31.528,131.12,9.119,139.848,6.381,665593,134.245,2.722,1699866,131.066,-0.097,1792097,137.999,5.604,997345,135.994,4.115,765386,130.106,-1.139,1737673,132.182,1.084,1793973,129.805,-2.108,1333752,150.104,11.892,66360,,,33029,131.712,-1.301,432285,v10,18992fa,fedca7c,2026-09-04T23:05:01+00:00
42243,97730.7,19767165,9814283,64.27,132.601,9.198,141.548,4.382,774813,132.332,0.102,8329659,129.212,-3.459,9707093,142.585,9.847,9618300,136.227,-0.52,888158,132.944,0.351,9805188,133.473,0.846,9672661,143.096,11.417,5691591,135.979,4.055,5144352,130.293,-1.037,5703409,126.614,-4.729,5688442,v10,18992fa,fedca7c,2026-09-04T23:05:01+00:00
42244,41586.0,6128936,5684203,87.479,130.866,9.56,133.897,0.563,1343182,127.583,-2.971,5408720,126.795,-3.993,5603124,141.067,9.497,4051610,128.757,-6.126,565345,132.489,1.63,5669845,136.804,4.68,3250635,137.702,8.249,3747404,137.441,7.368,1885564,131.22,1.854,2424187,127.744,-1.347,2989340,v10,18992fa,fedca7c,2026-09-04T23:05:01+00:00
42245,325.4,14119,43161,84.889,129.622,11.943,132.0,3.579,864,126.844,-2.805,42915,118.898,-10.35,30228,149.728,11.957,1274,,,60,129.71,0.076,43102,137.91,8.285,43096,147.918,18.086,40679,136.735,3.143,1274,134.983,5.246,41998,126.097,-3.582,42711,v10,18992fa,fedca7c,2026-09-04T23:05:01+00:00
42246,74102.8,15007029,5794658,50.046,133.268,10.608,148.883,13.916,3661184,125.948,-6.486,4478105,132.667,-0.852,5062609,138.631,3.305,3756669,141.492,-11.264,188385,131.121,-2.15,5784254,143.326,9.784,4315598,137.6,2.926,2724773,132.659,-0.92,2300114,136.454,4.457,4915018,128.248,-4.956,4764562,v10,18992fa,fedca7c,2026-09-04T23:05:01+00:00
42247,39397.0,2427407,2641430,42.91,127.417,10.066,132.0,2.491,107666,120.818,-5.905,2262891,122.741,-4.784,1078481,143.5,5.626,290695,,,6406,131.271,3.322,2475289,122.802,-4.243,2008731,146.244,18.064,1730802,,,50212,136.517,8.284,1745275,127.155,-0.99,1757039,v10,18992fa,fedca7c,2026-09-04T23:05:01+00:00
42248,42301.1,2279491,2207191,33.394,129.533,9.098,,,1647,124.526,-4.745,2167305,131.11,1.58,2205214,131.019,-2.569,689074,,,27110,137.116,7.363,2113134,127.811,-7.815,352718,,,12393,,,649,,,6421,,,12409,v10,18992fa,fedca7c,2026-09-04T23:05:01+00:00
42249,167288.0,5415190,13608574,52.063,134.566,10.058,132.414,-2.392,4001337,131.553,-2.53,10719153,131.651,-2.82,13539256,140.894,4.772,11776622,137.135,-3.015,4531522,138.336,3.775,13435218,141.667,3.618,7895893,133.494,2.052,354694,,,16680,,,11222,,,58837,v10,18992fa,fedca7c,2026-09-04T23:05:01+00:00
42251,1945.8,73196,287629,94.605,136.756,9.733,,,0,138.752,2.004,287434,130.411,-6.257,284482,131.861,-4.894,287347,146.207,9.453,287497,131.305,-5.434,287133,146.399,9.723,274215,,,0,,,0,,,0,,,0,v10,18992fa,fedca7c,2026-09-04T23:05:01+00:00
42252,7718.0,19018,643279,53.343,140.725,9.862,,,0,141.728,1.195,623940,131.162,-8.31,448622,143.932,3.208,643211,153.677,13.262,550527,131.951,-8.441,481445,155.01,10.428,133509,,,0,,,0,,,0,,,0,v10,18992fa,fedca7c,2026-09-04T23:05:01+00:00
42253,22719.0,169088,1357600,38.244,138.995,9.523,,,523,141.717,2.73,1354320,132.433,-5.987,1263342,141.047,2.05,1351057,143.877,4.891,1356499,138.17,-0.239,1184361,143.517,4.345,672318,,,0,,,0,,,0,,,6,v10,18992fa,fedca7c,2026-09-04T23:05:01+00:00
42254,8643.6,9456,342520,25.361,158.742,10.777,,,0,145.454,1.915,117392,141.835,-16.907,342512,164.442,5.701,342519,165.442,6.7,342517,165.184,6.442,342519,144.595,-15.279,319427,,,0,,,0,,,0,,,0,v10,18992fa,fedca7c,2026-09-04T23:05:01+00:00
42255,1356.6,10326,147005,69.352,140.042,8.506,,,14,142.8,2.5,126896,133.414,-6.621,146839,144.01,3.975,146097,137.714,-2.325,146878,145.461,5.429,146647,144.294,5.422,74206,,,0,,,0,,,0,,,0,v10,18992fa,fedca7c,2026-09-04T23:05:01+00:00
42256,70141.4,66367,2581120,23.551,178.824,10.189,,,10,,,32970,167.227,-11.667,2574857,183.794,4.956,2580023,180.627,1.796,2580594,181.213,2.355,2578611,172.402,-7.751,2437345,,,0,,,0,,,0,,,4,v10,18992fa,fedca7c,2026-09-04T23:05:01+00:00
42257,7826.3,27915,593084,48.5,142.159,9.53,,,10,143.134,2.289,264341,135.528,-6.627,592639,146.424,4.27,589902,142.406,0.253,592703,148.01,6.055,578764,142.548,1.436,530954,,,0,,,0,,,0,,,5,v10,18992fa,fedca7c,2026-09-04T23:05:01+00:00
42258,15624.9,144435,931968,38.174,140.95,9.447,150.002,9.68,742851,146.536,6.215,744018,134.314,-6.634,931664,143.187,2.237,931930,136.373,-4.57,915565,143.743,2.841,927108,140.176,-0.238,897687,,,13,,,0,,,0,,,0,v10,18992fa,fedca7c,2026-09-04T23:05:01+00:00
42259,15521.9,230870,1867523,77.002,138.495,9.392,141.307,3.158,223132,142.979,5.493,1001493,133.147,-5.303,1860496,145.088,6.636,1849078,135.393,-2.984,1799692,143.238,4.75,1863546,140.938,2.505,1769380,132.159,-2.891,41186,,,0,,,0,,,218,v10,18992fa,fedca7c,2026-09-04T23:05:01+00:00
42261,7677.4,203777,1056382,88.062,139.321,10.019,,,58,139.977,2.219,623550,133.765,-5.521,1050134,147.897,8.589,1027476,133.366,-5.902,1028254,146.339,7.069,1051485,143.578,4.242,1044161,,,7460,,,0,,,0,,,110,v10,18992fa,fedca7c,2026-09-04T23:05:01+00:00
42262,15409.2,93700,1564109,64.963,155.377,10.969,,,0,137.862,-1.201,208684,145.638,-8.269,1345724,165.912,10.532,1563305,151.376,-4.104,1547902,165.782,10.401,1562793,146.487,-8.998,1449552,,,0,,,0,,,0,,,113,v10,18992fa,fedca7c,2026-09-04T23:05:01+00:00
42263,12791.1,102067,1387123,69.404,147.289,10.822,,,113,148.906,5.957,406745,141.634,-5.309,1314076,152.61,5.311,1364534,142.32,-4.999,1252632,154.18,6.891,1387011,147.816,0.64,1356518,,,0,,,0,,,0,,,373,v10,18992fa,fedca7c,2026-09-04T23:05:01+00:00
42264,68389.4,20181,4279156,40.045,182.22,9.437,162.06,-20.664,360428,211.447,-1.733,221698,166.143,-16.227,4201589,187.562,4.483,3911495,181.319,-0.922,4275521,185.972,3.752,4279141,179.592,-2.661,4270192,,,0,,,0,,,0,,,43,v10,18992fa,fedca7c,2026-09-04T23:05:01+00:00
42265,27810.0,12478,2081159,47.894,159.505,10.77,,,833,,,5484,145.82,-13.686,2070907,161.596,4.395,1410457,159.387,-0.13,2078048,164.29,4.784,2080892,164.833,5.339,2077706,,,0,,,0,,,0,,,589,v10,18992fa,fedca7c,2026-09-04T23:05:01+00:00
42266,16015.5,8118,545044,21.781,161.191,11.88,,,3759,,,15877,148.115,-13.085,534815,162.762,1.234,505677,160.774,-0.417,545023,171.179,9.988,545044,160.331,-0.86,545036,166.522,-2.461,83247,169.94,8.426,135493,164.492,2.983,135477,168.54,7.039,135471,v10,18992fa,fedca7c,2026-09-04T23:05:01+00:00
42267,2710.5,22953,115519,27.276,154.226,9.85,157.64,3.248,4298,165.008,-0.35,5025,143.257,-10.955,113493,156.174,1.537,77792,158.254,4.027,115265,157.541,3.318,115461,158.253,4.002,115147,,,0,,,0,,,0,,,180,v10,18992fa,fedca7c,2026-09-04T23:05:01+00:00
42268,58862.0,10096,2977297,32.372,175.387,11.722,184.194,-6.397,510069,174.556,1.106,1805191,160.496,-14.898,2975914,172.558,-2.838,2975319,176.723,1.327,2975583,176.165,0.771,2975749,181.247,5.849,2975134,156.239,-12.392,644189,178.756,10.12,644181,185.808,17.174,644002,188.86,20.228,644781,v10,18992fa,fedca7c,2026-09-04T23:05:01+00:00
42269,22408.5,36551,742539,21.207,168.803,13.392,,,7122,164.77,-5.323,427030,156.061,-12.743,742478,163.801,-5.003,742507,166.844,-1.96,742528,167.964,-0.84,742503,170.278,1.474,742486,160.582,-8.37,599067,175.046,5.557,619299,186.977,18.018,602266,192.583,23.612,603680,v10,18992fa,fedca7c,2026-09-04T23:05:01+00:00
42271,15155.4,149007,1112959,46.999,143.624,10.692,,,474,152.672,9.493,801107,137.359,-6.219,1094343,143.809,0.221,1081662,147.614,3.909,1015822,145.731,2.108,1111779,143.65,0.033,1080633,,,3777,,,0,,,0,,,742,v10,18992fa,fedca7c,2026-09-04T23:05:01+00:00
42272,31029.3,210301,452802,9.339,152.82,10.394,,,51,148.938,-6.791,103459,146.338,-6.441,437595,154.704,3.245,390951,150.076,-2.743,452249,152.676,-0.144,452705,162.037,9.23,450606,,,0,,,0,,,0,,,35,v10,18992fa,fedca7c,2026-09-04T23:05:01+00:00
42273,24384.6,36704,1042049,27.35,151.661,10.484,,,348,144.951,-9.613,302666,141.937,-9.712,998039,156.985,5.542,956679,153.659,1.993,1040952,153.495,1.829,1040007,157.189,5.486,1035510,,,0,,,0,,,0,,,897,v10,18992fa,fedca7c,2026-09-04T23:05:01+00:00
42274,16105.9,82152,94587,3.759,,,,,0,171.049,4.307,94586,145.322,-21.383,93431,165.558,-1.111,93482,160.069,-6.688,94543,177.25,10.508,94587,178.822,11.98,91528,,,0,,,0,,,0,,,0,v10,18992fa,fedca7c,2026-09-04T23:05:01+00:00
42275,3481.4,4777,56723,10.428,153.449,11.995,,,4,146.91,-7.326,31025,144.167,-9.419,55338,152.214,-1.39,55394,156.172,2.702,56373,163.475,9.983,56518,158.567,5.11,56539,,,0,,,0,,,0,,,1,v10,18992fa,fedca7c,2026-09-04T23:05:01+00:00
42276,9877.7,7062,243212,15.758,160.802,11.767,,,4,,,13906,150.38,-10.492,241166,161.789,0.975,242959,161.784,0.974,243143,167.02,6.218,243212,165.028,4.216,243132,,,0,,,0,,,0,,,20,v10,18992fa,fedca7c,2026-09-04T23:05:01+00:00
42277,9497.7,11738,184425,12.427,160.329,13.326,,,16,155.16,-3.159,66319,143.481,-16.768,175766,160.306,-0.051,183936,163.055,2.717,184233,170.998,10.657,184310,165.323,5.36,177657,,,0,,,0,,,0,,,0,v10,18992fa,fedca7c,2026-09-04T23:05:01+00:00
42278,11031.4,10641,219388,12.728,166.235,12.968,,,1,161.995,-2.326,145666,142.795,-23.405,198032,166.366,0.146,214406,173.228,6.992,219388,176.552,9.615,201748,168.463,2.983,201063,,,0,,,0,,,0,,,0,v10,18992fa,fedca7c,2026-09-04T23:05:01+00:00
42279,1283.2,1210,3333,1.662,,,,,0,154.073,0.78,3281,145.184,-7.992,3284,152.621,-0.965,3148,158.256,4.988,3268,153.23,-0.002,3258,157.351,2.412,2259,,,0,,,0,,,0,,,0,v10,18992fa,fedca7c,2026-09-04T23:05:01+00:00
42280,50525.5,44975,4553494,57.679,156.509,12.612,138.144,-12.006,261749,149.211,1.336,843467,156.226,-0.292,4547278,172.567,14.6,3930790,134.981,-19.174,1990192,146.059,-9.511,3554190,153.502,-4.281,2722824,,,19,,,0,,,0,,,6,v10,18992fa,fedca7c,2026-09-04T23:05:01+00:00
42281,8096.1,8752,109079,8.623,156.539,11.793,,,25,158.09,1.546,109055,138.077,-18.015,98310,164.009,7.341,105532,161.789,5.242,109010,157.997,1.711,94211,155.577,-0.934,107934,,,0,,,0,,,0,,,0,v10,18992fa,fedca7c,2026-09-04T23:05:01+00:00
42282,12100.8,19308,347884,18.399,152.739,11.246,,,816,157.547,4.591,332556,139.774,-13.233,287345,160.348,6.664,293229,154.52,1.78,347884,141.702,-7.131,209804,163.287,8.215,267893,,,0,,,0,,,0,,,0,v10,18992fa,fedca7c,2026-09-04T23:05:01+00:00
42283,20437.9,40345,1119528,35.057,144.545,11.149,,,226,147.475,4.292,445031,138.8,-5.732,1116540,152.051,7.496,1087927,143.975,-0.562,1115748,144.004,-1.513,799286,147.113,2.695,956257,,,0,,,0,,,0,,,0,v10,18992fa,fedca7c,2026-09-04T23:05:01+00:00
42284,27444.9,41369,1110237,25.89,153.71,12.142,,,0,153.627,-8.557,116756,144.368,-9.225,1104192,158.492,4.199,1028159,154.534,0.817,1109481,151.942,0.569,808818,168.021,7.964,725467,,,0,,,0,,,0,,,9,v10,18992fa,fedca7c,2026-09-04T23:05:01+00:00
42285,3166.6,19326,226318,45.741,145.774,11.897,,,0,,,0,138.774,-6.999,226290,160.262,14.163,214789,141.159,-4.616,226201,144.344,-1.509,223157,148.357,2.228,97826,,,0,,,0,,,0,,,0,v10,18992fa,fedca7c,2026-09-04T23:05:01+00:00
42286,37605.2,415587,1505324,25.619,145.737,10.579,,,0,,,0,141.488,-4.28,1492695,152.204,6.393,1471708,141.261,-4.425,1356156,146.267,-0.446,1188643,150.416,3.861,1058906,,,0,,,0,,,0,,,1,v10,18992fa,fedca7c,2026-09-04T23:05:01+00:00
42287,9817.3,48087,1221696,79.644,150.485,12.93,,,0,,,0,147.681,-2.816,1218451,165.273,14.787,1221419,134.324,-13.021,626398,147.536,-3.38,1109274,142.712,-6.793,804512,,,0,,,0,,,0,,,0,v10,18992fa,fedca7c,2026-09-04T23:05:01+00:00
42288,9138.9,31006,672815,47.117,143.598,10.683,,,2350,144.649,2.207,302427,136.663,-6.928,671152,154.605,10.861,647294,146.569,3.004,666673,140.485,-3.283,431479,142.978,-0.591,562023,,,0,,,0,,,0,,,0,v10,18992fa,fedca7c,2026-09-04T23:05:01+00:00
42289,73874.1,148037,5810719,50.341,148.987,12.25,,,85872,145.816,1.251,365510,149.337,0.332,5800536,159.064,8.706,4727944,139.106,-11.749,3296016,147.891,-1.345,4870948,145.664,-3.503,3456119,,,779,,,0,,,0,,,75,v10,18992fa,fedca7c,2026-09-04T23:05:01+00:00
42290,14949.4,5896,1388731,59.453,160.364,11.6,138.392,-17.225,216923,,,3522,171.079,10.715,1388730,155.424,-4.663,57485,133.531,-20.724,423103,161.92,1.295,1368306,151.224,-11.309,1041433,,,10,,,0,,,0,,,56,v10,18992fa,fedca7c,2026-09-04T23:05:01+00:00
42291,34855.8,30598,782865,14.374,144.751,9.475,,,14176,146.828,1.744,657786,137.75,-6.934,767545,154.558,9.376,677545,145.664,0.865,768380,139.907,-5.458,530584,149.518,4.019,509446,,,0,,,0,,,0,,,0,v10,18992fa,fedca7c,2026-09-04T23:05:01+00:00
42292,15771.4,40850,54925,2.229,,,,,0,164.491,-0.188,54738,152.1,-12.663,53598,169.078,4.194,52143,165.26,0.606,52931,162.609,-2.052,54878,175.014,10.08,53155,,,0,,,0,,,0,,,0,v10,18992fa,fedca7c,2026-09-04T23:05:01+00:00
42293,32625.9,109764,2934893,57.572,142.988,10.685,139.982,-4.064,225313,143.623,0.639,2929484,143.122,0.205,2895919,158.012,15.374,2442105,141.819,-0.502,1342025,140.692,-2.129,2692376,133.154,-8.999,2237016,,,2,,,0,,,0,,,2,v10,18992fa,fedca7c,2026-09-04T23:05:01+00:00
42294,15787.9,135932,832363,33.742,144.388,11.175,,,238,143.497,-0.702,824630,142.771,-1.567,829724,154.768,10.42,828978,145.441,1.116,788777,145.747,1.36,831920,136.828,-9.855,577774,,,0,,,0,,,0,,,0,v10,18992fa,fedca7c,2026-09-04T23:05:01+00:00
42295,8159.7,26228,1240612,97.306,144.4,11.059,139.471,-1.873,37544,144.35,-0.062,1238810,141.152,-3.253,1238828,162.845,18.394,1232038,151.411,5.886,294020,140.501,-3.558,1192575,128.893,-15.772,670387,,,1,,,0,,,0,,,5,v10,18992fa,fedca7c,2026-09-04T23:05:01+00:00
42296,54661.5,780730,6063920,70.999,144.672,10.639,,,5977,143.589,-0.988,6019364,143.342,-1.33,6061997,152.732,8.061,6055727,142.911,-1.839,4610714,146.749,2.088,6053566,138.911,-7.255,3525502,,,0,,,0,,,0,,,66,v10,18992fa,fedca7c,2026-09-04T23:05:01+00:00
42297,2527.4,239493,332977,84.318,146.824,10.608,135.468,-11.413,11907,148.514,1.63,331571,146.329,-0.419,328317,159.465,12.223,261898,,,569,135.844,-10.74,305820,140.737,-4.843,81700,,,1,,,0,,,0,,,4,v10,18992fa,fedca7c,2026-09-04T23:05:01+00:00
42298,69250.1,88536,10056571,92.941,143.565,12.022,137.89,-4.316,848537,138.912,-4.678,9948019,141.78,-1.786,10055046,160.294,16.602,9600107,140.526,-1.866,1215786,145.068,1.447,9879216,135.943,-7.212,7583807,,,324,,,0,,,0,132.877,-3.756,391915,v10,18992fa,fedca7c,2026-09-04T23:05:01+00:00
42299,90327.3,149536,11161707,79.085,147.23,11.7,137.053,-12.739,442157,141.233,0.328,1416566,147.529,0.142,10921023,142.858,-3.273,8512812,142.309,-14.218,419608,152.146,4.493,10514569,143.617,-3.957,8853559,128.136,-11.427,320945,,,2,,,7,,,115,v10,18992fa,fedca7c,2026-09-04T23:05:01+00:00
42301,9126.5,13192,294982,20.686,170.197,12.934,198.35,27.899,289150,165.473,-0.001,113215,167.494,-2.726,294422,164.979,-5.241,294336,171.094,-0.865,239965,174.129,3.911,294500,160.802,-10.244,267210,180.103,17.306,45434,155.175,-6.148,15746,159.728,-10.537,292996,174.542,5.139,282585,v10,18992fa,fedca7c,2026-09-04T23:05:01+00:00
42302,21655.0,28881,452515,13.374,174.994,12.777,190.441,14.599,238061,181.332,6.979,442268,160.936,-14.064,452394,167.112,-7.887,452430,180.107,3.513,420088,169.866,-5.13,452475,176.873,0.88,429507,180.05,14.691,127500,153.29,-11.78,124600,159.384,-8.288,170331,187.502,19.839,169686,v10,18992fa,fedca7c,2026-09-04T23:05:01+00:00
42303,16995.8,41138,366039,13.784,166.225,14.564,184.471,20.126,300977,164.714,-0.753,320583,147.465,-18.887,362472,161.455,-4.779,365843,174.165,-1.433,124176,164.757,-1.489,365587,169.237,0.959,302578,173.408,8.803,305305,148.566,-16.059,304888,164.063,-0.55,304582,188.761,24.147,305136,v10,18992fa,fedca7c,2026-09-04T23:05:01+00:00
42304,7666.6,3424,70734,5.905,170.869,13.029,,,0,,,0,154.046,-16.895,70443,167.302,-3.567,70734,178.281,-0.138,41241,173.35,2.226,70134,185.054,13.727,69215,,,1604,,,1353,,,1231,,,1116,v10,18992fa,fedca7c,2026-09-04T23:05:01+00:00
42305,44978.8,959039,488830,6.956,149.323,10.875,,,70,,,32888,141.091,-8.477,477996,150.388,0.936,467380,,,56247,154.024,4.435,465127,153.386,2.912,424676,,,3164,,,1613,,,2292,,,2371,v10,18992fa,fedca7c,2026-09-04T23:05:01+00:00
42306,16787.3,561870,620240,23.646,135.842,10.128,129.713,-1.487,85695,137.572,2.255,518461,132.768,-2.811,602696,140.514,2.986,156687,133.954,-1.097,31959,136.911,1.304,599692,137.603,1.903,614737,129.633,-1.699,76443,,,15861,,,7709,134.718,1.432,29005,v10,18992fa,fedca7c,2026-09-04T23:05:01+00:00
42307,4266.8,117431,39595,5.939,148.043,8.972,,,626,158.456,9.943,32413,141.048,-7.026,39252,,,2523,,,679,144.573,-3.681,36579,154.956,5.445,13732,,,2719,,,3739,,,965,,,1617,v10,18992fa,fedca7c,2026-09-04T23:05:01+00:00
42308,33170.4,2635423,814771,15.72,134.894,9.822,130.786,-3.366,114271,137.196,2.225,798881,138.297,3.388,803583,143.317,0.227,194821,156.634,-1.781,58773,141.772,6.609,759105,144.724,2.724,198915,128.074,-6.288,515946,132.166,-2.62,376117,127.747,-7.369,374134,145.484,4.532,218968,v10,18992fa,fedca7c,2026-09-04T23:05:01+00:00
42309,6872.4,1031856,253659,23.622,143.824,10.062,152.74,5.144,25054,143.617,-0.231,249521,140.808,-3.008,250615,142.064,-2.565,190702,138.072,-7.481,136748,155.642,11.815,251024,143.13,-2.194,154912,138.659,-5.243,53804,,,10332,128.627,-17.057,15931,156.283,10.454,70405,v10,18992fa,fedca7c,2026-09-04T23:05:01+00:00
42400,88.0,5768,3,0.022,,,,,0,,,3,,,1,,,2,,,2,,,0,,,1,,,0,,,0,,,0,,,0,v10,18992fa,fedca7c,2026-09-04T23:05:01+00:00
42410,99062.1,37460146,284987,1.841,,,,,20678,147.931,4.064,224707,140.488,-3.222,233852,142.894,0.107,215136,,,43763,151.803,8.567,243358,,,90506,134.001,-8.223,163155,,,11629,,,24024,,,144763,v10,18992fa,fedca7c,2026-09-04T23:05:01+00:00
42420,25245.3,17028984,61738,1.565,,,134.002,-1.915,45656,,,4567,,,30713,134.02,-1.783,45385,,,695,,,22982,,,7661,,,12522,,,39225,,,38988,,,27270,v10,18992fa,fedca7c,2026-09-04T23:05:01+00:00
42430,53777.1,16526624,611184,7.274,132.98,8.492,133.017,3.878,147075,131.767,2.122,246629,142.815,6.324,400674,134.668,0.015,502099,,,27267,136.35,1.129,454834,131.017,-8.455,117137,,,79786,117.42,-7.996,178159,125.495,-0.49,195311,,,63268,v10,18992fa,fedca7c,2026-09-04T23:05:01+00:00
42440,62213.4,6382760,1792172,18.436,142.881,10.454,148.578,4.446,878100,144.311,2.985,1247749,149.813,6.112,1702226,145.121,0.03,1403300,141.705,-7.041,551811,152.342,9.128,1732049,143.638,-3.719,893149,138.875,-5.974,1149654,139.415,-0.965,219173,129.432,-6.282,547674,143.028,-2.23,1130165,v10,18992fa,fedca7c,2026-09-04T23:05:01+00:00
42450,25682.6,10579844,34391,0.857,,,,,704,,,19434,,,31462,,,1706,,,1236,,,17613,,,2846,,,4875,,,3023,,,33894,,,9189,v10,18992fa,fedca7c,2026-09-04T23:05:01+00:00
42460,27825.1,16841011,727652,16.737,130.495,7.813,132.353,1.602,45741,133.854,2.998,535797,134.281,3.779,716410,137.901,3.883,146453,,,28671,131.96,1.51,635579,,,29644,131.306,-0.801,250806,126.005,-6.551,171519,126.179,-4.218,719275,133.212,0.797,356580,v10,18992fa,fedca7c,2026-09-04T23:05:01+00:00
42470,470.8,71589,1699,2.31,,,,,0,,,190,131.124,-4.865,1126,,,665,,,582,134.588,-1.482,1227,141.62,3.537,786,133.466,-2.537,1382,117.328,-18.32,1380,137.149,1.159,1615,139.912,4.252,1601,v10,18992fa,fedca7c,2026-09-04T23:05:01+00:00
42481,43174.1,8868593,1313280,19.468,127.432,7.694,132.0,2.086,205382,123.911,-3.82,292353,126.757,-0.431,1169566,,,57932,,,1408,127.752,0.361,1291836,126.057,-0.308,132364,,,17964,128.657,0.214,281267,129.555,2.114,1279600,134.152,5.478,424542,v10,18992fa,fedca7c,2026-09-04T23:05:01+00:00
42482,11136.9,2443028,1230594,70.718,127.255,9.173,135.271,3.171,173831,118.718,-7.518,866925,125.444,0.322,835101,140.744,12.393,186020,,,282,124.74,-2.514,1229969,138.869,9.426,723806,146.964,14.154,205618,125.278,-1.602,292162,131.233,4.264,1035038,125.339,-2.718,542882,v10,18992fa,fedca7c,2026-09-04T23:05:01+00:00
42483,5989.1,405067,41627,4.448,,,,,4180,,,362,,,987,,,500,,,125,136.726,3.497,41541,133.91,0.703,41259,,,9298,,,101,120.629,-12.031,37339,,,2837,v10,18992fa,fedca7c,2026-09-04T23:05:01+00:00
42484,46629.8,1619193,397532,5.456,134.449,9.701,,,29398,128.309,-5.483,216953,130.512,-5.446,164729,139.952,3.12,160008,,,4225,138.375,3.213,365063,133.423,0.519,238741,147.218,12.257,186660,,,1800,137.033,2.698,177622,117.93,-14.26,97853,v10,18992fa,fedca7c,2026-09-04T23:05:01+00:00
42485,12737.8,1420145,636,0.032,,,,,0,,,155,,,173,,,367,,,54,,,635,,,636,,,85,,,0,,,8,,,0,v10,18992fa,fedca7c,2026-09-04T23:05:01+00:00
42486,12667.3,651984,4981,0.252,,,,,0,,,123,,,41,,,23,,,28,,,4654,,,4981,,,4897,,,0,,,0,,,337,v10,18992fa,fedca7c,2026-09-04T23:05:01+00:00
42488,29305.1,775482,1378454,30.104,125.162,7.958,140.0,12.001,63217,129.122,4.009,1371956,126.533,-0.954,669313,134.308,3.215,432465,127.532,-4.913,148568,134.114,8.85,1349618,116.112,-8.839,1355715,,,32246,,,1610,,,3080,121.748,-3.512,940290,v10,18992fa,fedca7c,2026-09-04T23:05:01+00:00
42489,29420.1,2861203,235798,5.13,118.924,7.812,,,2101,122.886,3.903,228548,115.349,-2.138,181647,,,17974,,,4046,130.893,7.447,111506,116.983,-1.932,234804,,,43511,,,1292,,,128,,,32627,v10,18992fa,fedca7c,2026-09-04T23:05:01+00:00
42490,37116.3,8426071,27091,0.467,,,,,24,,,8323,,,18774,,,3577,,,1969,,,22358,,,20612,,,8389,,,4882,,,2429,,,9282,v10,18992fa,fedca7c,2026-09-04T23:05:01+00:00
43100,18565.3,1144007,2123187,73.192,121.728,9.276,,,20273,117.75,-4.148,1086854,121.214,-1.123,1855365,121.191,-3.062,174566,,,1462,122.388,0.269,1772769,119.717,-2.083,2036781,128.791,5.728,1119556,139.553,14.49,127340,129.076,7.228,2089838,123.281,1.12,1330807,v10,18992fa,fedca7c,2026-09-04T23:05:01+00:00
43110,3744.2,2356560,1366,0.233,,,,,48,,,706,,,978,,,227,,,104,,,740,,,106,,,938,,,177,,,25,,,1220,v10,18992fa,fedca7c,2026-09-04T23:05:01+00:00
43120,45724.3,5443785,2336057,32.698,122.245,8.851,,,52695,128.761,6.502,2326590,120.214,-2.117,1894138,125.515,-0.774,416108,,,48524,128.515,5.937,2106103,115.857,-6.495,2145547,130.385,7.927,1160848,138.376,14.04,352851,120.102,-1.995,1407073,122.539,-1.052,1101086,v10,18992fa,fedca7c,2026-09-04T23:05:01+00:00
43130,10034.3,7511801,147,0.009,,,,,28,,,44,,,114,,,9,,,7,,,138,,,6,,,54,,,49,,,0,,,70,v10,18992fa,fedca7c,2026-09-04T23:05:01+00:00
43140,9825.0,5973707,181,0.012,,,,,16,,,153,,,150,,,1,,,0,,,181,,,2,,,37,,,5,,,3,,,36,v10,18992fa,fedca7c,2026-09-04T23:05:01+00:00
43160,4634.9,557121,114248,15.776,119.659,10.166,,,5,88.762,-21.934,7931,115.32,-4.412,47392,,,16,,,23,120.232,-2.146,32084,110.483,-9.063,108451,117.826,-1.096,9991,,,4751,142.647,22.617,110353,119.314,-0.731,87412,v10,18992fa,fedca7c,2026-09-04T23:05:01+00:00
43162,70424.7,39389679,657475,5.975,123.267,8.933,,,31118,129.52,5.862,405089,119.251,-5.175,192780,,,46214,,,4900,123.018,-0.297,544145,113.838,-9.786,326997,138.347,10.704,113515,,,38596,128.218,5.008,634913,122.836,-1.51,405565,v10,18992fa,fedca7c,2026-09-04T23:05:01+00:00
43164,33105.9,16627877,7906,0.153,,,,,907,,,3826,,,994,,,567,,,50,,,6639,,,2274,,,2103,,,923,,,7233,,,5263,v10,18992fa,fedca7c,2026-09-04T23:05:01+00:00
43166,65199.9,35849737,27904,0.274,,,,,60,,,2753,,,7936,,,6858,,,546,,,22099,,,10520,,,15724,,,6979,,,27651,,,21793,v10,18992fa,fedca7c,2026-09-04T23:05:01+00:00
43168,15161.7,11654155,55,0.002,,,,,0,,,0,,,53,,,6,,,2,,,43,,,16,,,8,,,20,,,55,,,23,v10,18992fa,fedca7c,2026-09-04T23:05:01+00:00
43169,19912.3,6079955,363,0.012,,,,,0,,,17,,,194,,,1,,,0,,,314,,,1,,,234,,,0,,,361,,,63,v10,18992fa,fedca7c,2026-09-04T23:05:01+00:00
43201,17732.6,456855,103963,3.752,,,151.306,-4.338,44586,155.153,-4.672,62083,197.795,24.399,46208,,,24859,167.956,6.695,63195,144.778,-10.796,82488,139.281,-14.703,67299,161.213,-14.733,37073,190.132,19.647,47462,176.981,9.593,56357,149.483,-0.245,102619,v10,18992fa,fedca7c,2026-09-04T23:05:01+00:00
43202,22951.4,1571104,480016,13.385,162.445,17.204,155.565,-11.106,181041,173.668,6.22,417017,196.309,15.174,302764,165.649,-18.63,266543,175.397,6.207,393941,164.33,-3.792,415315,157.02,-10.811,382390,160.582,-18.782,292546,183.356,8.015,347829,181.553,6.305,323859,161.487,-1.296,475035,v10,18992fa,fedca7c,2026-09-04T23:05:01+00:00
43203,21703.1,175532,20117,0.593,,,,,11168,,,13296,,,7154,,,9661,,,11497,,,9171,,,10724,,,3110,,,3058,,,2215,,,16567,v10,18992fa,fedca7c,2026-09-04T23:05:01+00:00
43204,7391.4,72998,7271,0.63,,,,,3051,,,7271,,,677,,,3701,,,6021,,,4251,,,6254,,,3412,,,0,,,174,,,0,v10,18992fa,fedca7c,2026-09-04T23:05:01+00:00
43205,7274.6,5362,140,0.012,,,,,2,,,73,,,7,,,4,,,18,,,101,,,16,,,115,,,45,,,94,,,136,v10,18992fa,fedca7c,2026-09-04T23:05:01+00:00
43206,6848.5,3921,70,0.007,,,,,18,,,22,,,14,,,23,,,30,,,70,,,13,,,49,,,24,,,4,,,47,v10,18992fa,fedca7c,2026-09-04T23:05:01+00:00
43208,18927.8,91522,32588,1.102,,,,,14065,131.81,9.197,31808,,,10510,,,20059,,,20868,,,26465,,,27627,,,20756,,,464,,,700,,,541,v10,18992fa,fedca7c,2026-09-04T23:05:01+00:00
43209,5859.9,66250,12892,1.408,,,,,344,125.081,2.329,11251,,,1485,,,5700,,,79,,,6024,,,4075,,,4433,,,3325,,,1279,125.427,3.32,12226,v10,18992fa,fedca7c,2026-09-04T23:05:01+00:00
43210,77127.5,38855038,911,0.008,,,,,3,,,265,,,677,,,311,,,149,,,553,,,178,,,387,,,97,,,863,,,399,v10,18992fa,fedca7c,2026-09-04T23:05:01+00:00
43223,4921.8,2513448,181,0.024,,,,,0,,,64,,,36,,,74,,,55,,,1,,,62,,,112,,,7,,,148,,,149,v10,18992fa,fedca7c,2026-09-04T23:05:01+00:00
43226,45411.7,5960700,51,0.001,,,,,0,,,47,,,2,,,10,,,51,,,46,,,16,,,0,,,0,,,0,,,0,v10,18992fa,fedca7c,2026-09-04T23:05:01+00:00
43227,28426.8,15753161,24623,0.554,,,,,5948,,,12965,,,14440,,,15317,,,19606,,,22328,,,22244,,,12968,,,9118,,,992,,,12532,v10,18992fa,fedca7c,2026-09-04T23:05:01+00:00
43228,12643.3,2159676,69173,3.502,,,,,337,,,7063,,,15456,134.173,4.394,29472,138.243,7.335,54004,124.267,-5.306,62288,111.565,-17.981,56073,,,14288,,,712,,,1050,149.562,16.004,24536,v10,18992fa,fedca7c,2026-09-04T23:05:01+00:00
43229,10713.7,2153379,381,0.023,,,,,16,,,141,,,0,,,197,,,123,,,343,,,273,,,241,,,10,,,0,,,34,v10,18992fa,fedca7c,2026-09-04T23:05:01+00:00
43240,40071.6,15948393,8815,0.141,,,,,34,,,1411,,,3503,,,1662,,,253,,,7131,,,4075,,,1103,,,2134,,,8661,,,6446,v10,18992fa,fedca7c,2026-09-04T23:05:01+00:00
43260,52816.1,2585525,6049,0.073,,,,,470,,,1840,,,5446,,,4035,,,3724,,,5054,,,1969,,,615,,,1704,,,245,,,2622,v10,18992fa,fedca7c,2026-09-04T23:05:01+00:00
43270,15243.4,105761,2285,0.096,,,,,300,,,765,,,1837,,,398,,,1276,,,1594,,,992,,,147,,,448,,,26,,,2100,v10,18992fa,fedca7c,2026-09-04T23:05:01+00:00
43271,58306.7,5564881,256979,2.821,,,,,118,,,36106,,,21121,,,4293,,,1321,120.219,-3.034,243239,,,48715,,,5291,,,3244,136.649,13.49,255408,116.603,-6.288,239357,v10,18992fa,fedca7c,2026-09-04T23:05:01+00:00
43272,17620.4,3662287,894039,32.473,121.978,9.316,,,3882,132.619,5.94,33258,126.173,1.701,192798,121.168,-4.978,37894,,,14159,119.471,-3.269,682455,109.927,-11.143,528855,125.936,-0.659,41356,119.682,-5.051,55429,139.164,17.153,888511,119.397,-2.258,808906,v10,18992fa,fedca7c,2026-09-04T23:05:01+00:00
43273,20983.1,3649198,251689,7.677,128.867,9.895,,,593,,,32044,144.662,2.503,61550,151.196,1.832,37976,,,17110,127.108,-1.763,251035,115.137,-11.508,177088,136.884,-2.485,50134,,,19352,141.901,16.067,200287,123.397,-2.341,136509,v10,18992fa,fedca7c,2026-09-04T23:05:01+00:00
43274,26569.8,1398042,438600,10.565,129.843,9.09,,,282,123.381,-3.907,216922,136.535,-1.906,113350,135.392,-1.516,90178,134.661,-6.43,75714,136.011,5.706,415993,125.498,-5.999,290159,134.315,3.569,302244,128.768,-1.514,142490,,,36965,133.17,4.424,129005,v10,18992fa,fedca7c,2026-09-04T23:05:01+00:00
43275,49568.1,5876991,128523,1.659,,,,,6582,142.805,0.774,99498,150.517,3.214,80814,146.279,-0.867,86358,,,70943,145.028,1.385,111070,133.892,-9.334,86533,,,73198,,,45867,,,3489,157.07,9.703,78158,v10,18992fa,fedca7c,2026-09-04T23:05:01+00:00
43276,14473.6,1255421,167,0.007,,,,,25,,,148,,,14,,,14,,,91,,,96,,,29,,,155,,,49,,,97,,,145,v10,18992fa,fedca7c,2026-09-04T23:05:01+00:00
43277,19623.9,1164377,4251,0.139,,,,,1632,,,3485,,,8,,,0,,,901,,,331,,,3904,,,97,,,1319,,,621,,,2220,v10,18992fa,fedca7c,2026-09-04T23:05:01+00:00
43278,10681.3,973823,139,0.008,,,,,0,,,0,,,0,,,139,,,139,,,0,,,0,,,0,,,0,,,0,,,139,v10,18992fa,fedca7c,2026-09-04T23:05:01+00:00
43279,14968.8,4347378,79567,3.402,,,120.45,-28.071,23478,158.545,10.008,69985,198.612,34.315,37383,,,20887,147.878,1.547,71420,136.888,-17.02,52918,139.09,-12.45,45035,140.478,-24.004,25295,175.774,15.994,43777,,,18631,142.486,-4.07,79406,v10,18992fa,fedca7c,2026-09-04T23:05:01+00:00
43280,62487.2,4248482,2498226,25.587,155.958,22.624,138.621,-20.853,1438123,161.499,-10.48,985659,208.425,37.179,1567806,156.899,-26.573,644023,163.498,3.344,2131195,156.202,-2.616,2235953,173.03,6.304,1587062,133.603,-31.646,751131,178.387,0.575,612919,172.603,5.621,1119787,129.976,-20.648,1959509,v10,18992fa,fedca7c,2026-09-04T23:05:01+00:00
43290,10833.2,48078,113264,6.691,183.896,29.294,132.932,-53.369,96850,224.508,7.987,50473,215.098,9.487,73834,209.978,-22.132,30980,190.769,6.044,111197,190.784,4.778,107287,231.557,21.07,61923,184.849,-40.429,24694,164.038,-29.374,29255,139.359,-33.463,37537,177.613,-28.004,46935,v10,18992fa,fedca7c,2026-09-04T23:05:01+00:00
43291,1244.3,161683,156,0.08,,,,,0,,,153,,,4,,,0,,,146,,,4,,,3,,,5,,,0,,,4,,,156,v10,18992fa,fedca7c,2026-09-04T23:05:01+00:00
43292,25428.8,2142956,329614,8.296,157.372,15.099,128.196,-45.757,47726,155.777,-1.493,56896,193.174,20.754,177988,165.774,9.294,87639,145.847,-16.583,266540,147.603,-8.449,251316,155.267,-2.59,212998,144.141,-28.23,92907,183.499,5.311,111683,198.088,17.889,108005,157.271,2.662,218495,v10,18992fa,fedca7c,2026-09-04T23:05:01+00:00
43293,540.1,73333,3,0.004,,,,,0,,,3,,,0,,,0,,,0,,,0,,,0,,,0,,,0,,,3,,,3,v10,18992fa,fedca7c,2026-09-04T23:05:01+00:00
43294,7198.9,881279,71566,6.362,141.614,18.238,94.339,-50.245,16776,150.594,9.74,32268,188.866,29.859,32521,127.83,2.595,17219,126.654,-18.897,52156,148.305,5.265,46824,126.863,-8.041,49085,,,6535,130.061,-11.105,14401,195.921,36.639,27637,135.265,-4.484,60790,v10,18992fa,fedca7c,2026-09-04T23:05:01+00:00
43295,31612.7,1236800,415815,8.418,157.724,27.347,108.228,-52.429,296131,193.474,23.151,253485,187.365,17.299,269445,133.172,-39.943,174065,156.675,-1.634,403651,172.444,7.269,322807,165.288,3.198,199277,117.009,-64.719,73766,191.343,12.278,177979,179.86,15.1,293739,136.068,-20.227,206836,v10,18992fa,fedca7c,2026-09-04T23:05:01+00:00
43296,6539.8,23799,474190,46.405,157.463,22.467,131.774,-32.272,356028,205.484,6.435,159676,190.203,9.729,271146,139.505,-20.676,375347,169.807,12.362,473528,167.489,8.606,457905,155.576,-23.602,236035,142.961,-38.362,235500,191.614,15.71,283523,179.088,17.842,408334,161.301,-21.897,199760,v10,18992fa,fedca7c,2026-09-04T23:05:01+00:00
43297,25936.7,258184,699463,17.26,181.448,21.158,122.841,-65.531,318737,219.025,23.627,269508,191.257,5.32,566645,194.317,4.582,420234,170.555,-10.874,665918,183.922,0.727,638031,172.884,-12.425,388262,133.771,-58.229,287857,202.246,12.821,438427,195.625,11.29,581689,168.655,-18.198,483058,v10,18992fa,fedca7c,2026-09-04T23:05:01+00:00
43298,7670.4,53257,143042,11.935,140.584,16.663,127.607,-15.62,25165,139.615,-0.119,118428,191.66,46.006,74219,136.318,-7.816,61113,122.661,-17.056,92990,152.162,6.493,67039,142.524,-2.943,55315,122.932,-16.946,134320,185.464,31.119,21061,166.793,19.091,51647,149.133,3.003,64846,v10,18992fa,fedca7c,2026-09-04T23:05:01+00:00
43299,78354.2,221714,5501891,44.94,144.907,20.328,132.415,-17.992,2127363,160.798,-2.386,1352730,171.776,7.341,1734947,130.898,-16.145,3588798,144.194,-1.522,5109591,160.692,14.414,4992803,147.044,-16.55,1109829,132.382,-18.298,2429612,147.151,-0.519,2427689,159.377,13.869,3364805,169.672,12.466,1983528,v10,18992fa,fedca7c,2026-09-04T23:05:01+00:00
43305,43516.7,27598520,1025,0.015,,,,,0,,,155,,,517,,,852,,,594,,,404,,,672,,,374,,,380,,,522,,,548,v10,18992fa,fedca7c,2026-09-04T23:05:01+00:00
43306,58813.1,39481318,34,0.0,,,,,0,,,1,,,34,,,32,,,0,,,8,,,0,,,3,,,0,,,26,,,31,v10,18992fa,fedca7c,2026-09-04T23:05:01+00:00
43428,52241.0,18567235,7,0.0,,,,,0,,,7,,,0,,,7,,,0,,,0,,,0,,,0,,,0,,,7,,,7,v10,18992fa,fedca7c,2026-09-04T23:05:01+00:00
43429,38140.8,32780390,10,0.0,,,,,0,,,0,,,4,,,7,,,7,,,8,,,0,,,0,,,3,,,3,,,4,v10,18992fa,fedca7c,2026-09-04T23:05:01+00:00
43464,24051.3,11157552,1,0.0,,,,,0,,,0,,,0,,,0,,,1,,,1,,,0,,,0,,,0,,,1,,,0,v10,18992fa,fedca7c,2026-09-04T23:05:01+00:00
43465,11720.5,3115674,839,0.046,,,,,1,,,356,,,571,,,600,,,648,,,779,,,653,,,630,,,11,,,85,,,773,v10,18992fa,fedca7c,2026-09-04T23:05:01+00:00
43466,16148.9,2472612,5,0.0,,,,,0,,,0,,,0,,,3,,,5,,,4,,,1,,,3,,,0,,,4,,,1,v10,18992fa,fedca7c,2026-09-04T23:05:01+00:00
43468,12477.5,1040180,2271,0.116,,,,,10,,,535,,,364,,,1170,,,1770,,,1875,,,1781,,,780,,,112,,,170,,,1781,v10,18992fa,fedca7c,2026-09-04T23:05:01+00:00
43469,61423.3,7069927,12068,0.126,,,,,2680,,,4493,,,7314,,,3278,,,10908,,,10270,,,9610,,,5745,,,1394,,,482,,,7108,v10,18992fa,fedca7c,2026-09-04T23:05:01+00:00
43491,74517.4,15255189,8098,0.07,,,,,55,,,1718,,,2163,,,5070,,,7108,,,7034,,,6089,,,2233,,,230,,,365,,,5190,v10,18992fa,fedca7c,2026-09-04T23:05:01+00:00
43494,159177.9,36871160,594889,2.392,,,,,156833,177.111,-9.771,423082,205.599,17.213,471957,190.827,2.218,433844,168.124,-16.393,517569,187.318,1.918,517216,176.248,-8.449,489332,166.147,-18.028,519486,198.511,8.28,428242,198.655,7.236,402880,172.978,-11.786,516189,v10,18992fa,fedca7c,2026-09-04T23:05:01+00:00
43495,73361.6,33489606,17096,0.149,,,,,3162,,,12612,,,5169,,,8867,,,10801,,,11489,,,12010,,,13225,,,7546,,,7530,,,16927,v10,18992fa,fedca7c,2026-09-04T23:05:01+00:00
43496,135296.4,21740335,5125933,24.247,182.381,16.289,168.299,-32.063,1584580,173.899,-8.855,4301434,197.624,6.227,3494510,186.64,0.61,3818634,157.071,-26.12,4521052,190.1,5.262,4683600,177.161,-14.032,3151220,178.279,-8.322,4200684,198.745,2.577,2614012,205.83,11.735,3105855,196.792,14.792,4660227,v10,18992fa,fedca7c,2026-09-04T23:05:01+00:00
43497,86775.1,17784625,4402,0.032,,,,,614,,,3797,,,225,,,105,,,1454,,,4021,,,384,,,4311,,,124,,,683,,,416,v10,18992fa,fedca7c,2026-09-04T23:05:01+00:00
43498,128186.5,3538720,6023096,30.072,161.525,17.978,148.038,-7.028,3262063,179.403,6.279,3080926,166.687,-5.875,2864832,158.414,-9.438,3938924,146.539,-12.976,5376161,168.886,7.012,5708835,154.503,-18.893,1924780,154.604,-15.596,3908023,170.283,-4.022,2669925,177.844,10.6,3451532,205.137,31.645,3863952,v10,18992fa,fedca7c,2026-09-04T23:05:01+00:00
43499,269985.3,4194834,10714959,25.4,172.113,23.241,173.171,-5.114,5411503,218.279,19.159,4193393,189.272,-5.066,4860180,176.087,-14.482,5121924,164.899,-11.217,8644789,188.132,15.118,10390514,215.028,2.884,2325043,157.256,-24.478,7212814,178.096,-3.159,6732601,157.097,-15.944,8201611,213.282,14.341,3807619,v10,18992fa,fedca7c,2026-09-04T23:05:01+00:00
43700,36790.4,24007679,70,0.001,,,,,0,,,70,,,0,,,70,,,0,,,0,,,0,,,70,,,0,,,0,,,0,v10,18992fa,fedca7c,2026-09-04T23:05:01+00:00
44294,12061.1,1471524,1710,0.091,,,,,1065,,,1307,,,348,,,44,,,471,,,1678,,,5,,,1486,,,35,,,78,,,245,v10,18992fa,fedca7c,2026-09-04T23:05:01+00:00
44295,41312.9,1070447,1455333,22.545,186.274,17.302,194.632,2.184,835280,199.153,5.437,932795,200.609,6.809,1062692,191.779,-4.586,985432,169.766,-16.996,1364902,186.326,-0.76,1386048,172.197,-17.037,730481,184.629,-4.295,1334329,193.039,0.489,1095388,176.5,-11.517,1189896,201.442,8.561,1082673,v10,18992fa,fedca7c,2026-09-04T23:05:01+00:00
44296,16904.0,121293,1732697,65.601,161.036,16.629,162.014,-1.743,1432245,183.752,-23.24,308440,146.368,-33.489,899986,197.027,4.453,694012,166.222,2.39,1577827,171.86,10.531,1714590,200.22,4.765,603066,150.409,-14.86,1491881,154.966,-11.728,1384830,176.874,9.185,1313249,203.096,-6.915,184295,v10,18992fa,fedca7c,2026-09-04T23:05:01+00:00
44297,4719.1,61102,203750,27.632,183.7,19.08,210.826,5.627,55019,200.965,5.113,128472,212.005,18.633,152335,191.9,-3.9,116847,154.542,-29.139,203428,176.641,-7.004,198711,152.095,-47.201,60530,170.262,-18.99,147737,196.931,2.26,135515,186.128,-1.642,109892,208.401,16.038,123216,v10,18992fa,fedca7c,2026-09-04T23:05:01+00:00
44298,12878.4,86144,1135254,56.417,160.62,18.232,157.82,-4.845,772403,183.305,-1.971,324434,174.834,-4.037,476948,164.425,-12.167,519736,163.382,2.333,1075070,170.649,9.877,1119934,154.958,-23.331,378972,145.453,-18.394,930322,160.298,-13.791,596187,186.374,20.862,718759,194.944,18.039,375885,v10,18992fa,fedca7c,2026-09-04T23:05:01+00:00
44299,19111.8,114622,2087064,69.89,165.482,16.449,151.44,-14.632,1472113,232.573,13.929,328190,162.734,-29.076,707942,144.344,-59.219,402696,173.059,6.036,1995041,182.311,16.663,2073732,231.092,12.838,313275,151.727,-15.422,1924567,177.473,-1.992,1189761,177.753,5.146,1237462,218.272,-14.648,141051,v10,18992fa,fedca7c,2026-09-04T23:05:01+00:00
44547,149228.7,5450815,6171454,26.468,196.817,14.765,204.211,-0.276,4584582,204.58,0.522,3731973,204.8,-0.956,4710108,209.083,2.622,4772737,185.809,-11.356,6050451,203.291,5.874,6026914,197.786,-11.575,3856030,190.816,-8.377,5802357,198.957,-2.805,5060135,192.84,-1.133,4744180,203.308,-3.324,3214612,v10,18992fa,fedca7c,2026-09-04T23:05:01+00:00
44548,13938.4,89486,1705622,78.316,174.578,19.191,175.079,-11.716,731508,231.454,-1.236,189559,171.19,-27.628,829360,220.958,8.323,540246,180.577,4.056,1574233,191.402,16.669,1698824,236.769,20.863,550763,154.93,-28.615,1185738,172.877,-4.233,1575814,160.034,-13.457,1618994,242.373,-0.244,105579,v10,18992fa,fedca7c,2026-09-04T23:05:01+00:00
44549,29242.9,215596,1748242,38.261,161.069,21.355,170.342,2.666,614639,227.513,6.159,229031,157.008,-36.069,606622,214.963,20.414,565288,170.29,-0.773,1275593,182.358,18.838,1620729,212.58,11.627,479245,147.96,-16.014,1524880,172.099,5.717,1433548,144.235,-15.605,1632630,218.171,-8.676,112013,v10,18992fa,fedca7c,2026-09-04T23:05:01+00:00
44588,23220.0,235696,41496,1.144,,,,,36014,197.815,4.055,38879,,,29534,204.34,10.438,36639,192.685,-0.783,37516,196.656,2.621,40359,,,30636,190.316,-3.625,40725,,,30350,,,14721,,,35884,v10,18992fa,fedca7c,2026-09-04T23:05:01+00:00
44589,24336.7,103757,853837,22.454,194.048,8.862,189.898,-5.542,753311,202.23,7.543,806007,201.344,4.855,776110,193.379,-1.848,801280,195.718,1.169,835613,197.239,3.099,846900,185.361,-11.925,689733,190.886,-3.203,851537,200.692,5.059,722895,196.006,3.999,635173,193.043,-0.502,791918,v10,18992fa,fedca7c,2026-09-04T23:05:01+00:00
45240,2381.0,3965,172935,46.484,197.93,14.874,196.848,-1.085,172883,202.029,-2.897,30550,236.959,-0.841,63133,218.901,4.517,111526,207.592,9.578,172387,211.112,0.555,118055,257.731,5.658,47926,174.818,-23.896,160751,250.507,3.379,52970,242.973,1.694,58759,214.492,-25.325,61716,v10,18992fa,fedca7c,2026-09-04T23:05:01+00:00
45242,89251.2,48833979,2429826,17.424,218.393,16.977,213.225,-2.233,2240608,211.311,0.521,667864,236.335,0.503,1649730,238.728,2.17,1658960,219.579,1.365,2402995,229.211,6.987,2228421,254.618,17.01,1626169,195.644,-22.671,2344342,241.894,6.305,1677425,232.982,-3.058,1602815,231.936,-7.021,1538916,v10,18992fa,fedca7c,2026-09-04T23:05:01+00:00
45243,166655.9,101680427,2072315,7.958,211.525,15.136,210.742,-0.98,2054912,223.881,-2.939,981615,226.839,0.468,1508264,229.112,5.872,1624564,214.077,2.508,2069269,217.494,5.308,2043601,253.466,19.74,1275277,194.042,-17.868,2046333,231.386,4.512,1493825,219.266,-9.048,1422713,237.702,1.049,1175001,v10,18992fa,fedca7c,2026-09-04T23:05:01+00:00
45244,131947.7,64588401,4135690,20.06,204.553,12.891,211.187,6.534,4119107,201.492,-9.392,2468409,212.191,-0.76,3265885,212.231,-0.411,3359619,208.616,4.047,4133874,211.25,6.486,4112873,235.367,16.654,2771516,189.967,-15.68,4016278,220.369,5.824,3185608,208.355,-5.363,3205947,206.442,-8.537,3051437,v10,18992fa,fedca7c,2026-09-04T23:05:01+00:00
45246,93853.8,70146045,1521547,10.376,223.43,13.024,218.189,8.918,1149629,214.823,-8.591,1205818,221.897,-4.305,1445262,223.636,-4.316,1401503,224.135,0.685,1521079,229.707,6.025,1515038,239.605,12.233,1415986,210.775,-12.955,1513425,235.735,9.773,1454810,226.369,1.171,1475924,221.745,-3.705,1467795,v10,18992fa,fedca7c,2026-09-04T23:05:01+00:00
45249,79529.7,83280214,227248,1.829,,,200.736,4.781,198945,198.465,-4.484,184107,202.622,-2.956,221472,202.194,-4.857,212819,202.804,-1.621,227245,215.378,10.372,224450,212.178,5.819,216799,194.308,-10.234,226668,218.501,12.281,218065,210.498,4.605,219910,198.013,-8.202,217680,v10,18992fa,fedca7c,2026-09-04T23:05:01+00:00
45253,29108.4,21802062,521368,11.463,211.305,15.103,200.025,-3.088,447903,188.614,-9.8,193419,218.95,1.711,436083,226.183,6.328,413556,212.415,1.183,517783,223.613,10.772,501037,232.087,12.434,413926,188.403,-22.965,517849,230.364,10.142,411513,209.556,-7.026,427985,224.99,2.603,367251,v10,18992fa,fedca7c,2026-09-04T23:05:01+00:00
45254,23673.9,4289621,789049,21.331,203.493,13.058,208.462,2.405,712286,199.627,-7.452,608783,210.967,0.003,590102,219.567,7.823,580141,200.154,-3.377,782472,217.625,11.742,726296,221.676,11.123,615504,180.822,-22.828,777725,217.235,8.203,649540,199.792,-10.278,599466,217.675,0.979,441766,v10,18992fa,fedca7c,2026-09-04T23:05:01+00:00
45255,15667.7,5958489,16,0.001,,,,,16,,,3,,,0,,,0,,,0,,,0,,,16,,,16,,,0,,,0,,,2,v10,18992fa,fedca7c,2026-09-04T23:05:01+00:00
45256,33153.7,3098171,1756683,33.911,199.0,14.334,209.741,1.845,1404288,201.253,-5.651,1413384,210.152,0.201,1332773,216.699,9.567,1467561,198.791,-0.29,1746323,221.004,14.178,1484025,220.492,7.171,1178872,182.55,-16.42,1739910,190.558,-9.587,1657822,203.943,-4.283,1390535,206.645,-2.741,953023,v10,18992fa,fedca7c,2026-09-04T23:05:01+00:00
45257,8890.8,4413304,2394,0.172,,,,,1539,,,809,,,241,,,677,,,2283,,,979,,,356,,,2394,,,795,,,235,,,728,v10,18992fa,fedca7c,2026-09-04T23:05:01+00:00
45259,37208.2,9248881,140914,2.424,,,213.255,4.208,116873,205.8,-2.548,124660,217.505,9.934,131146,228.07,18.619,120540,206.054,0.005,136499,226.886,19.644,135232,225.032,15.283,115182,184.866,-21.441,140585,226.841,18.04,122612,197.24,-10.652,128607,212.357,1.684,107065,v10,18992fa,fedca7c,2026-09-04T23:05:01+00:00
45260,33952.3,2018879,835466,15.749,201.461,15.987,212.072,1.523,646025,204.116,-4.01,710756,216.234,5.183,653541,221.047,11.69,700242,201.052,-0.875,778062,219.223,10.422,711482,221.494,10.319,621619,183.964,-17.481,811629,198.472,-4.21,793411,204.726,-3.669,644109,202.661,-5.616,635083,v10,18992fa,fedca7c,2026-09-04T23:05:01+00:00
45280,41500.0,577385,2452795,37.826,204.79,9.13,202.165,-3.256,2355741,208.89,6.65,2109627,207.981,2.605,2391796,202.128,-3.234,2371707,201.749,-3.064,2447112,208.012,3.067,2429082,200.879,-5.135,2230708,201.606,-3.191,2448310,205.869,4.403,2032986,197.355,3.662,1113829,207.301,3.645,2159582,v10,18992fa,fedca7c,2026-09-04T23:05:01+00:00
45291,21484.8,227746,737538,21.97,191.106,9.126,188.161,-3.148,730444,190.3,-0.019,677995,192.141,3.137,643543,194.723,3.483,731641,189.532,-1.678,733201,194.502,3.395,737259,199.352,7.907,723343,181.092,-10.026,736973,195.391,8.044,627472,190.697,4.088,570249,181.783,-3.663,559813,v10,18992fa,fedca7c,2026-09-04T23:05:01+00:00
45292,28908.9,76601,3569958,79.034,215.547,11.27,219.106,0.445,3218736,216.28,-0.063,2899978,213.602,-2.115,2986617,221.124,3.956,3432072,209.765,-6.001,3541606,221.228,5.013,3515863,217.877,-1.493,3228891,205.709,-10.225,3529579,218.986,5.144,2912429,210.505,1.263,2419040,212.135,-3.345,2060178,v10,18992fa,fedca7c,2026-09-04T23:05:01+00:00
45293,2155.1,5803,142022,42.176,211.164,11.687,208.772,-3.349,135113,211.947,0.931,118323,202.111,3.251,96417,219.122,6.927,136237,209.299,-2.48,135345,217.838,6.542,140809,215.417,3.108,134382,202.326,-8.87,139209,205.322,5.594,103446,199.034,0.146,84924,184.888,-9.555,79651,v10,18992fa,fedca7c,2026-09-04T23:05:01+00:00
45294,17928.6,96976,1926980,68.788,211.993,12.331,221.539,4.927,1304264,208.635,-4.544,1793883,207.495,-6.547,1708676,223.251,10.677,1889583,201.781,-11.508,1757821,217.243,4.886,1899623,215.85,1.465,1717583,187.477,-25.483,1776176,221.553,8.596,1859940,208.172,-3.19,1764555,187.004,-20.413,1133605,v10,18992fa,fedca7c,2026-09-04T23:05:01+00:00
45295,27635.3,257056,1549786,35.891,205.115,12.323,213.129,4.733,1111028,194.368,-11.323,1399129,204.056,-3.43,1200019,215.194,9.203,1487537,193.953,-11.73,1251754,215.32,9.512,1507083,209.958,2.731,1310270,173.329,-31.985,1321242,214.391,8.203,1456497,199.702,-5.722,1179092,187.504,-19.199,1042744,v10,18992fa,fedca7c,2026-09-04T23:05:01+00:00
45296,32627.4,632658,2571304,50.437,195.243,20.71,204.023,-0.412,1156545,197.703,-11.733,1015412,174.399,-26.052,1749951,218.74,17.887,2141281,174.113,-20.859,2162690,207.16,11.119,2494653,215.899,4.744,1444444,158.233,-35.493,2181334,220.223,19.8,2245308,186.367,-8.024,2016534,210.424,-6.73,626387,v10,18992fa,fedca7c,2026-09-04T23:05:01+00:00
45297,54527.3,572423,944958,11.091,208.077,19.506,220.994,4.103,513996,196.98,-18.29,392719,202.823,-18.936,463496,223.83,10.044,745216,196.473,-11.014,856943,222.456,9.266,783995,233.523,6.367,409876,181.294,-27.855,542336,204.172,-9.799,670733,213.038,-11.399,361125,230.303,7.441,488647,v10,18992fa,fedca7c,2026-09-04T23:05:01+00:00
45298,20256.6,52858,317177,10.021,195.079,19.572,185.459,-4.664,280866,285.616,48.192,43033,277.561,43.575,64903,246.453,31.973,164667,188.968,-3.191,282881,189.762,-5.985,265377,264.886,30.856,63106,155.624,-38.645,195373,247.648,5.311,42801,225.268,-17.552,34003,231.648,2.785,97672,v10,18992fa,fedca7c,2026-09-04T23:05:01+00:00
45299,51753.6,108636,4330633,53.554,185.303,14.657,182.689,-2.53,4304212,219.255,-0.161,1009656,218.581,8.941,1564723,216.825,7.134,1710531,194.711,9.12,4272696,191.455,5.859,4217270,235.733,15.803,1155091,158.91,-30.429,3270062,192.768,-17.036,1536217,221.002,3.583,1169196,209.516,-10.391,1103890,v10,18992fa,fedca7c,2026-09-04T23:05:01+00:00
45620,97710.9,10179668,2322,0.015,,,,,66,,,84,,,2315,,,0,,,2317,,,2315,,,1,,,1366,,,262,,,639,,,1657,v10,18992fa,fedca7c,2026-09-04T23:05:01+00:00
45640,2331.6,7902,322129,88.421,209.642,16.07,215.649,7.682,307665,197.289,-9.43,223899,221.515,10.855,313069,204.186,-21.039,175067,219.642,9.662,319195,208.147,-3.922,297220,203.07,-11.85,268873,190.566,-20.419,274565,206.218,-12.372,233581,216.59,4.907,303087,215.599,3.665,301652,v10,18992fa,fedca7c,2026-09-04T23:05:01+00:00
45642,161747.0,99998092,4750680,18.797,207.973,10.21,185.541,4.481,1882651,207.594,1.456,3930660,206.095,-1.703,4696574,208.387,-1.013,4301083,211.545,3.535,4748334,212.322,4.137,4731614,210.793,1.963,4677631,193.725,-14.805,4705172,216.122,7.257,4674224,213.36,4.057,4640255,203.44,-5.726,4654023,v10,18992fa,fedca7c,2026-09-04T23:05:01+00:00
45646,17156.5,5356956,496411,18.518,213.577,10.984,193.144,1.74,268976,208.53,-0.98,294469,212.023,-2.271,489932,214.804,-1.99,439935,217.199,3.617,496367,220.409,6.211,490841,217.819,2.781,482481,197.915,-15.888,490707,227.408,12.823,487415,216.617,1.7,484396,211.037,-3.414,488418,v10,18992fa,fedca7c,2026-09-04T23:05:01+00:00
45647,25542.7,11449470,786005,19.694,212.656,11.679,213.442,5.499,710706,204.696,-5.568,558952,211.017,-2.892,768606,210.907,-5.883,727244,212.261,-0.48,784907,221.312,7.971,776613,222.274,6.713,743675,193.902,-19.421,774505,225.618,10.278,748631,219.315,4.062,751330,206.32,-7.834,764478,v10,18992fa,fedca7c,2026-09-04T23:05:01+00:00
45648,10140.2,21266,1551210,97.905,215.632,13.783,220.24,8.158,1400748,202.574,-11.035,966590,218.122,1.294,1516458,211.051,-13.573,1284124,217.409,1.508,1544278,219.592,3.634,1542185,224.932,3.881,1390094,193.1,-23.283,1498648,229.699,8.961,1399411,220.314,2.623,1494180,217.059,-0.232,1504681,v10,18992fa,fedca7c,2026-09-04T23:05:01+00:00
45649,30987.7,16674,4409859,91.078,184.838,13.962,189.303,6.45,4295920,192.263,-15.85,1374257,200.74,0.907,2314984,200.357,-7.544,1800999,197.381,12.473,4401653,189.719,4.68,4380987,222.829,12.859,1679736,158.009,-30.407,3632087,195.458,-9.335,1947211,204.623,1.801,2097506,187.657,-10.603,2292905,v10,18992fa,fedca7c,2026-09-04T23:05:01+00:00
45654,39412.2,1202818,17306,0.281,,,,,599,,,1287,,,12956,,,2537,,,17306,,,17306,,,5056,,,15910,,,5185,,,10282,,,13493,v10,18992fa,fedca7c,2026-09-04T23:05:01+00:00
45655,12612.7,2896459,1778,0.09,,,,,111,,,266,,,1559,,,830,,,1775,,,1532,,,1251,,,1553,,,523,,,1350,,,1182,v10,18992fa,fedca7c,2026-09-04T23:05:01+00:00
45656,25831.5,5714408,330570,8.19,157.733,10.146,168.818,5.838,192370,148.356,-13.92,202389,160.996,3.12,326206,154.907,-7.217,198044,170.554,12.82,330542,161.51,3.503,317911,137.069,-22.753,252251,148.567,-10.028,295539,154.113,-5.409,258823,172.641,13.822,295623,156.426,-1.713,309708,v10,18992fa,fedca7c,2026-09-04T23:05:01+00:00
45660,92570.8,28848135,7444822,51.471,188.438,10.067,191.574,-0.327,5877934,183.523,-5.845,5703689,188.119,-0.943,7337807,193.494,-3.574,6053025,198.887,10.363,7430922,193.269,4.355,7352307,187.026,-6.381,6595842,178.96,-11.26,7120622,187.925,-3.844,6857551,202.176,11.327,7030735,183.959,-5.166,7316752,v10,18992fa,fedca7c,2026-09-04T23:05:01+00:00
45670,69087.2,8747835,8194745,75.913,216.831,11.591,220.56,0.671,4807905,221.468,0.843,7760256,217.825,-1.339,7942484,221.864,-0.041,7613329,223.847,6.749,8164824,220.571,3.314,8146725,219.844,0.701,7917131,208.033,-10.426,8011234,221.373,3.038,8008287,224.993,3.282,7641936,209.737,-10.009,7853506,v10,18992fa,fedca7c,2026-09-04T23:05:01+00:00
45680,66467.4,168026,7136270,68.714,220.334,16.531,238.455,12.481,6043334,218.832,-13.818,3929993,234.242,9.285,6663693,231.815,-12.969,4599038,223.163,0.985,6914108,222.953,1.162,6957903,232.681,0.277,5876296,207.191,-16.132,6340629,233.549,3.362,6043995,229.587,-3.971,5693724,225.205,-3.143,6331975,v10,18992fa,fedca7c,2026-09-04T23:05:01+00:00
45690,72730.3,425647,8021200,70.584,204.613,13.469,201.254,8.315,5462510,206.803,-5.438,4814833,216.255,7.126,7111215,206.879,-9.686,5853699,211.524,6.468,7937257,203.243,-2.458,7775445,214.913,0.756,6277197,184.197,-23.546,7167040,215.944,3.029,6500336,215.155,3.711,6808282,209.636,-1.694,6791152,v10,18992fa,fedca7c,2026-09-04T23:05:01+00:00
46106,17557.1,530604,6510,0.237,,,,,6085,,,4754,,,6510,,,5107,,,6283,,,6266,,,3003,,,4430,,,6174,,,4430,,,6510,v10,18992fa,fedca7c,2026-09-04T23:05:01+00:00
46110,64660.9,512752,1294955,12.817,141.393,6.774,,,33768,,,5340,151.608,10.252,1268078,141.526,0.118,1292920,134.315,-3.341,277024,140.039,-0.31,351432,,,28003,124.501,-12.309,142400,,,46040,,,46896,137.372,-3.982,1051685,v10,18992fa,fedca7c,2026-09-04T23:05:01+00:00
46120,45425.0,292769,1426805,20.102,144.574,10.901,143.975,-0.04,166760,,,37790,151.732,6.62,1307113,142.577,-1.999,1420820,154.777,8.884,1082942,124.101,-18.379,116745,123.941,-19.415,72382,140.564,-4.046,1170943,,,52220,,,46732,145.863,-1.232,851902,v10,18992fa,fedca7c,2026-09-04T23:05:01+00:00
46130,62829.8,1908444,21537,0.219,,,,,976,,,7458,,,20658,,,21521,,,6769,,,1847,,,2615,,,8429,,,1930,,,2264,,,9913,v10,18992fa,fedca7c,2026-09-04T23:05:01+00:00
46140,53924.2,341389,80455,0.955,,,,,3742,,,7531,,,78800,,,80091,,,20755,,,11981,,,9209,,,31339,,,12011,,,17095,,,23468,v10,18992fa,fedca7c,2026-09-04T23:05:01+00:00
46160,69512.4,7179227,2160637,19.893,180.93,9.603,181.631,-1.427,2043787,177.539,-1.557,1918425,183.483,2.366,2151153,185.447,-2.84,1807658,189.748,8.409,2139888,185.62,3.819,2112127,185.931,1.877,1997837,176.163,-6.26,2076773,178.996,-3.448,2083527,189.338,4.573,1977931,174.8,-7.109,2102101,v10,18992fa,fedca7c,2026-09-04T23:05:01+00:00
46172,39510.2,1866742,1030876,16.698,147.221,10.649,152.154,2.057,789427,139.887,-8.325,793013,155.986,7.599,936234,149.311,-6.867,450681,159.955,12.023,977107,146.713,-0.901,991894,133.326,-13.957,1016602,140.659,-8.341,869537,138.855,-9.129,931865,172.323,18.209,556890,155.082,7.449,981009,v10,18992fa,fedca7c,2026-09-04T23:05:01+00:00
46173,18865.3,1034497,5810,0.197,,,,,4632,,,5131,,,4996,,,305,,,5807,,,5644,,,5683,,,5758,,,3582,,,1086,,,5776,v10,18992fa,fedca7c,2026-09-04T23:05:01+00:00
46174,24340.7,978845,1706306,44.865,161.676,9.791,167.114,1.281,1446580,157.38,-5.762,1573384,169.52,6.798,1638826,160.235,-6.017,1383955,170.225,8.331,1692573,165.318,2.504,1615957,153.926,-8.451,1651289,152.089,-10.741,1627037,152.625,-10.806,1584482,179.677,13.762,1438725,164.353,0.69,1566093,v10,18992fa,fedca7c,2026-09-04T23:05:01+00:00
46175,8996.8,387367,13576,0.966,,,,,13318,,,13528,,,12557,,,5031,,,13576,,,13411,,,13192,,,13489,,,13079,,,9373,,,13186,v10,18992fa,fedca7c,2026-09-04T23:05:01+00:00
46176,14547.1,1013638,517380,22.762,151.612,10.605,161.987,6.584,396465,138.99,-13.074,487800,159.084,7.212,507604,154.372,-3.437,310291,159.704,8.076,516849,153.574,-0.731,410003,139.21,-13.077,483072,146.189,-6.286,480026,141.805,-12.459,415789,171.235,14.274,360639,154.88,1.705,449411,v10,18992fa,fedca7c,2026-09-04T23:05:01+00:00
46177,38292.9,5583569,1419716,23.728,178.711,8.174,181.548,2.02,1389577,177.541,-1.663,1400073,183.531,4.528,1409137,176.812,-5.753,1278904,187.041,8.315,1419168,182.293,2.976,1397053,179.907,-0.208,1365752,173.819,-5.695,1389494,173.393,-6.323,1381597,186.136,6.03,1368772,175.035,-4.361,1393089,v10,18992fa,fedca7c,2026-09-04T23:05:01+00:00
46178,37758.6,2314303,3138559,53.198,172.759,10.848,185.123,5.593,2479181,167.452,-7.074,2925477,178.551,4.869,3050281,178.944,-4.485,2215423,178.583,5.331,3095357,179.547,3.431,2801324,168.052,-5.755,3005161,160.304,-14.501,2936351,166.588,-9.415,2807460,187.706,11.717,2829175,170.63,-3.877,2946678,v10,18992fa,fedca7c,2026-09-04T23:05:01+00:00
46180,38706.7,2296131,4544833,75.147,205.113,10.222,200.25,1.162,3384100,196.17,-7.919,3905894,212.239,7.124,4544703,207.792,0.204,4348023,211.142,6.023,4544410,205.919,0.68,4533357,209.484,4.121,4524596,197.272,-8.218,4514505,203.51,-1.961,4516336,210.255,3.273,4393785,200.161,-5.233,4523159,v10,18992fa,fedca7c,2026-09-04T23:05:01+00:00
46190,4460.1,1323,589989,84.66,202.608,15.783,179.63,-18.777,321068,216.816,-3.683,423741,206.747,3.628,582932,207.218,-10.084,440824,208.161,4.464,577976,218.59,8.259,507989,220.825,1.235,424284,198.263,-4.697,583727,213.043,-2.209,463776,225.303,8.818,453041,199.281,-7.57,537029,v10,18992fa,fedca7c,2026-09-04T23:05:01+00:00
46191,4342.5,600632,642,0.095,,,,,229,,,622,,,326,,,0,,,642,,,0,,,145,,,605,,,0,,,176,,,262,v10,18992fa,fedca7c,2026-09-04T23:05:01+00:00
46192,20929.9,1046599,2544480,77.806,191.083,10.591,201.991,4.013,2199896,177.443,-5.458,1812639,192.846,1.193,2514787,200.797,0.923,2118812,196.095,4.855,2536033,196.739,1.15,2303303,192.396,-1.699,2380424,180.45,-11.789,2475409,188.529,-4.899,2412263,202.89,8.601,2381997,186.403,-8.47,2340162,v10,18992fa,fedca7c,2026-09-04T23:05:01+00:00
46194,9065.7,996358,327502,23.12,154.21,8.786,158.624,-2.04,182491,148.836,-5.343,313335,159.629,5.311,325455,152.427,-7.873,223346,160.767,6.557,327502,156.616,2.307,324110,148.313,-6.295,314590,154.485,-0.543,307245,145.043,-9.648,313286,166.002,11.469,319864,153.179,-2.032,304913,v10,18992fa,fedca7c,2026-09-04T23:05:01+00:00
46195,23044.3,876894,2897017,80.458,194.1,8.738,199.738,0.565,2583333,179.423,-6.905,2212013,199.656,5.491,2893559,196.62,0.39,2780488,200.852,6.676,2893097,192.047,-2.999,2845000,197.582,2.864,2862842,184.371,-9.909,2886799,193.132,-1.268,2880404,199.378,4.305,2843639,189.852,-5.222,2842114,v10,18992fa,fedca7c,2026-09-04T23:05:01+00:00
46196,31355.2,171021,4808964,98.157,211.874,11.523,202.814,-5.717,3968829,213.845,2.698,4187649,217.405,5.368,4795901,215.586,-0.958,4405987,215.108,3.063,4793646,212.844,-0.428,4701230,214.746,2.625,4790634,201.807,-10.647,4765341,211.82,-1.261,4720962,219.77,3.646,4450400,206.702,-6.097,4742189,v10,18992fa,fedca7c,2026-09-04T23:05:01+00:00
46197,3570.6,15371,553299,99.174,214.152,10.278,208.749,-3.597,502041,211.301,-3.749,545504,218.775,4.622,553299,214.446,-0.945,542658,220.394,6.242,553299,214.917,0.427,550534,217.873,3.471,551226,204.945,-9.21,553279,214.768,0.529,552557,219.716,4.68,545962,206.98,-7.33,552015,v10,18992fa,fedca7c,2026-09-04T23:05:01+00:00
46198,4452.8,3967,665225,95.613,219.123,12.617,178.937,-17.903,206718,220.996,-4.401,600716,224.18,5.035,664938,218.408,-5.251,617636,219.45,0.321,665139,222.484,1.492,644806,224.885,0.527,610877,216.003,-3.595,659228,222.46,0.035,630929,232.216,8.83,622336,218.23,-3.916,633839,v10,18992fa,fedca7c,2026-09-04T23:05:01+00:00
46199,19777.4,12308,2942237,95.211,191.262,15.565,180.423,-18.095,1701041,198.994,3.647,2702574,200.719,5.927,2693140,200.406,-10.417,1804957,195.138,-5.401,2377931,197.614,0.816,2576460,197.999,6.121,2892370,181.237,-20.321,2252291,201.812,6.807,2716627,209.984,-0.252,1894076,191.963,-1.529,2759795,v10,18992fa,fedca7c,2026-09-04T23:05:01+00:00
46211,17562.5,21683,2129870,77.615,145.186,13.377,,,0,136.068,-6.289,276038,145.854,-0.364,1857238,149.706,4.521,2125987,157.459,12.153,2085047,131.667,-10.668,1216316,122.344,-19.258,1203610,145.469,-0.059,1848301,139.823,-6.321,75073,144.55,-0.963,1101397,157.964,11.145,1609156,v10,18992fa,fedca7c,2026-09-04T23:05:01+00:00
46212,14788.4,48319,2222040,96.164,140.406,10.441,,,7343,,,0,143.237,2.294,2004697,145.868,5.461,2221615,145.197,4.536,1600145,143.069,2.869,1374971,118.582,-21.679,1711486,125.486,-8.841,158857,,,1593,159.627,16.852,584732,142.008,2.382,1712934,v10,18992fa,fedca7c,2026-09-04T23:05:01+00:00
46213,69862.4,859118,3135896,28.728,139.762,9.919,132.394,-10.75,197443,129.331,-10.01,385232,150.523,10.785,3101289,138.359,-1.131,2946789,144.094,3.47,1781687,148.928,9.22,2244962,113.606,-24.931,1891133,141.387,0.513,253971,139.498,-0.438,284044,155.927,11.765,246345,135.735,-3.088,2305240,v10,18992fa,fedca7c,2026-09-04T23:05:01+00:00
46214,14379.2,1681260,426962,19.004,159.76,9.164,153.105,-6.946,421649,154.227,-6.691,407202,170.11,10.347,426915,155.405,-4.693,421072,164.583,3.914,412239,158.172,-1.629,426250,146.553,-13.663,418461,169.793,5.583,358158,157.003,-2.86,425164,169.986,9.635,418081,156.997,-2.783,426510,v10,18992fa,fedca7c,2026-09-04T23:05:01+00:00
46216,31437.5,2302512,352235,7.171,146.452,9.857,146.391,-0.804,326153,146.754,-1.332,296611,156.128,9.419,341590,152.84,-4.023,167632,155.414,8.806,345079,144.978,-2.033,331825,147.5,-2.575,248248,143.425,-4.843,290391,144.423,-4.532,274643,157.914,4.694,207798,146.671,0.129,347134,v10,18992fa,fedca7c,2026-09-04T23:05:01+00:00
46217,78574.0,15495551,4546249,37.03,176.882,9.505,180.933,-0.392,3558937,167.341,-8.594,4106213,185.285,8.329,4537479,180.778,-1.735,3944456,182.934,5.327,4465545,176.689,-1.46,4391151,180.544,0.263,4173708,177.802,-3.1,4125848,176.305,-2.01,4386830,186.568,5.493,4113261,171.236,-7.06,4372475,v10,18992fa,fedca7c,2026-09-04T23:05:01+00:00
46218,28600.0,4351656,2824486,63.205,170.732,10.761,164.5,-0.13,1799212,162.72,-9.114,2723686,184.294,13.529,2822162,172.314,-1.158,2620637,172.455,1.6,2816155,166.436,-5.074,2761327,174.006,2.721,2782513,172.345,-2.297,2547919,171.605,0.722,2814267,175.944,3.817,2727406,165.58,-5.874,2768227,v10,18992fa,fedca7c,2026-09-04T23:05:01+00:00
46219,60782.6,1275202,8517114,89.679,170.767,10.943,165.182,-0.792,6054360,166.737,-4.589,8286291,186.703,15.929,8515175,172.753,1.456,8375683,169.412,-1.668,8424238,168.324,-3.028,8354992,172.237,-0.866,7891732,171.787,-1.677,7685790,176.4,5.467,8470026,175.354,3.072,8163550,164.697,-10.501,7395047,v10,18992fa,fedca7c,2026-09-04T23:05:01+00:00
46220,56519.9,83658,8238118,93.284,140.193,12.827,,,0,127.083,-13.29,231842,140.388,0.213,7724294,142.942,2.702,7946189,149.542,8.292,6919615,146.805,6.2,7242253,115.651,-24.363,7679520,141.442,1.595,606003,,,48288,152.649,8.89,3516001,146.507,5.98,4677765,v10,18992fa,fedca7c,2026-09-04T23:05:01+00:00
46230,31419.3,21642,4902558,99.863,141.456,13.53,,,0,136.246,-1.526,526954,150.992,9.528,4890941,138.77,-2.687,4901230,146.091,5.034,4345299,151.016,11.096,3158411,126.933,-14.1,4645468,144.056,2.504,926637,,,17296,141.538,1.574,591339,163.112,20.936,1997649,v10,18992fa,fedca7c,2026-09-04T23:05:01+00:00
46241,147526.1,119688,20960954,90.933,146.195,11.812,,,4,,,0,160.557,14.359,20920310,144.009,-2.186,20932870,142.399,-3.111,18824817,156.211,10.066,20757616,136.932,-9.262,20923029,,,6,,,0,,,123717,,,126261,v10,18992fa,fedca7c,2026-09-04T23:05:01+00:00
46242,21175.0,9204,3245293,98.087,142.715,12.46,,,0,,,0,162.708,19.99,3240607,140.484,-2.226,3242581,137.19,-5.516,3239460,167.51,24.805,3241079,131.377,-11.335,3244140,,,2,,,0,,,0,,,53,v10,18992fa,fedca7c,2026-09-04T23:05:01+00:00
46243,4926.2,2539,764512,99.324,151.145,13.313,,,0,,,0,175.145,23.997,764167,143.731,-7.409,764045,143.65,-7.479,763161,153.838,2.707,762989,152.973,1.828,764135,,,0,,,0,,,0,,,35,v10,18992fa,fedca7c,2026-09-04T23:05:01+00:00
46244,16989.7,20403,2250807,84.788,148.097,14.767,,,0,,,0,179.556,31.459,2249247,142.24,-5.852,2249053,144.994,-3.094,2245665,146.516,-1.568,2244953,151.399,3.305,2246536,,,0,,,0,,,2,,,4,v10,18992fa,fedca7c,2026-09-04T23:05:01+00:00
46245,35437.4,23994,5196949,93.857,140.638,9.403,,,0,,,0,154.751,14.115,5185813,138.766,-1.87,5194068,139.48,-0.311,4867164,151.044,10.404,5184655,130.647,-9.98,5184733,,,5,,,0,,,0,,,13,v10,18992fa,fedca7c,2026-09-04T23:05:01+00:00
46246,2151.4,1626,336840,100.203,143.484,16.009,,,0,,,0,135.147,-8.342,336596,152.86,9.376,336840,158.714,15.226,336619,151.723,8.173,323100,113.979,-29.505,336840,,,0,,,0,,,0,,,0,v10,18992fa,fedca7c,2026-09-04T23:05:01+00:00
46247,20034.6,13171,2684962,85.77,139.595,10.606,,,0,138.825,1.273,266955,145.29,5.696,2683716,140.84,1.244,2684634,139.391,-0.201,2682876,154.983,15.389,2684067,128.315,-11.248,2679183,,,1451,,,1527,,,1408,,,1492,v10,18992fa,fedca7c,2026-09-04T23:05:01+00:00
46251,73166.2,71916,11269623,98.578,148.443,12.98,,,0,134.894,-6.538,151797,160.103,11.659,11267210,149.352,0.864,11212706,143.948,-4.335,11038213,153.293,5.463,10609188,137.278,-11.034,10978448,135.761,-2.898,133101,137.4,-2.055,128601,145.957,1.866,1163865,159.176,16.118,1345044,v10,18992fa,fedca7c,2026-09-04T23:05:01+00:00
46252,3409.3,5768,502355,94.303,137.231,12.03,,,0,133.112,-2.858,223546,148.438,11.207,502355,132.436,-3.182,386554,150.03,13.865,465545,151.184,13.934,499942,110.075,-27.156,502349,127.267,-7.766,156580,127.51,-8.26,64957,149.362,9.626,27905,138.688,2.902,413893,v10,18992fa,fedca7c,2026-09-04T23:05:01+00:00
46253,3895.1,3513,595064,97.774,149.542,14.851,,,0,,,0,163.842,14.282,593693,154.532,4.99,594970,140.097,-9.442,593918,166.133,16.583,593955,133.72,-15.828,593569,,,0,,,0,,,0,,,0,v10,18992fa,fedca7c,2026-09-04T23:05:01+00:00
46254,6417.2,10899,739425,73.744,135.4,12.025,,,9759,132.601,-2.826,425685,146.445,11.044,739395,128.874,-6.692,628143,144.205,8.459,645580,153.164,17.672,711134,111.994,-23.407,739394,131.375,-3.244,135887,137.424,2.801,392825,147.512,10.376,251117,133.352,-2.18,672768,v10,18992fa,fedca7c,2026-09-04T23:05:01+00:00
46255,29261.1,27604,4560296,99.743,144.809,14.17,,,15346,129.635,-5.626,264591,158.083,13.273,4559603,138.316,-6.497,4532971,134.967,-9.842,4558932,160.342,15.139,3531745,126.765,-17.732,3752437,127.354,-12.231,536901,138.091,-0.081,775860,150.897,4.409,3607509,155.496,10.671,4526536,v10,18992fa,fedca7c,2026-09-04T23:05:01+00:00
46256,17990.1,14730,2808909,99.927,147.23,13.359,,,0,,,0,161.605,14.375,2807648,149.806,2.576,2808761,137.268,-9.96,2807779,159.308,14.081,1912187,126.243,-19.519,2021020,,,0,,,0,147.395,-0.683,1112547,157.076,9.005,1112950,v10,18992fa,fedca7c,2026-09-04T23:05:01+00:00
46261,75346.1,2156992,3688051,31.327,151.452,11.569,149.113,-2.044,2568126,161.497,0.126,2505940,167.438,15.674,3649022,158.359,1.136,2988261,156.983,2.333,3235751,158.121,-1.291,2757307,142.778,-10.92,3286214,164.59,-0.622,2326078,152.894,-1.916,3218571,168.892,8.146,2684233,147.976,-5.12,3396105,v10,18992fa,fedca7c,2026-09-04T23:05:01+00:00
46262,21917.0,278011,1744202,50.933,171.339,11.728,172.178,-1.448,1638037,177.399,1.14,1543634,179.55,7.818,1728554,176.088,-2.097,1478322,171.438,-1.078,1690052,174.773,0.978,1643069,175.778,-3.642,1429433,170.95,-3.834,1588516,172.458,-3.53,1557226,176.977,3.379,1656079,171.857,-1.869,1641866,v10,18992fa,fedca7c,2026-09-04T23:05:01+00:00
46263,20837.7,38465,146761,4.508,,,130.402,-11.688,88278,129.329,-10.772,130601,153.519,14.544,146096,133.445,-5.55,145866,143.698,1.134,94145,137.351,-3.51,121295,129.042,-9.863,145991,142.794,2.286,123055,139.53,0.187,141134,155.502,13.309,100004,143.893,4.817,144484,v10,18992fa,fedca7c,2026-09-04T23:05:01+00:00
46264,45343.4,781802,1761630,24.865,151.997,11.63,150.688,-0.787,1046340,153.12,-7.995,1198721,167.525,11.899,1535129,153.294,-0.523,1624872,158.501,1.161,1401745,153.795,-3.931,1371853,145.053,-10.157,1493935,160.673,-1.701,1193775,152.437,-1.299,1638191,165.575,11.358,1612162,150.227,-4.968,1543503,v10,18992fa,fedca7c,2026-09-04T23:05:01+00:00
46265,17534.0,21950,2618287,95.569,132.536,11.487,116.803,-11.09,545232,138.24,3.618,1267190,157.38,24.843,2618285,126.634,-5.972,2413775,131.645,-0.916,2556011,147.867,14.628,2265145,118.405,-14.13,2617832,127.808,-5.073,1253522,132.354,-0.239,2291524,144.823,6.005,607885,139.47,6.889,2540591,v10,18992fa,fedca7c,2026-09-04T23:05:01+00:00
46266,26410.6,18093,4137641,100.266,139.082,12.053,116.055,-15.767,326012,127.95,-7.903,817296,150.349,11.267,4137641,134.717,-4.538,3864461,138.582,-0.5,4137208,148.3,8.956,3958356,126.432,-12.603,4076915,131.769,-5.508,649471,147.414,10.716,1478683,144.293,4.703,3376673,147.05,8.152,3823126,v10,18992fa,fedca7c,2026-09-04T23:05:01+00:00
46267,15001.3,13904,2340851,99.868,130.642,10.805,120.06,-8.643,930834,127.454,-6.7,749914,146.31,15.554,2312972,126.258,-6.035,1165000,130.101,-0.76,2198676,134.52,0.798,1049055,109.386,-21.251,2337935,132.446,-1.015,948039,133.88,3.341,2111241,145.58,12.154,1150392,143.26,12.541,2319306,v10,18992fa,fedca7c,2026-09-04T23:05:01+00:00
46268,18657.3,27739,1818705,62.387,127.772,8.383,118.936,-8.64,1142464,129.357,0.103,671208,139.708,11.935,1817516,122.143,-5.896,1060346,127.167,-1.099,1300120,127.223,-2.219,454224,113.593,-14.177,1818067,133.225,3.874,430979,131.848,3.887,1604153,152.591,20.694,314459,134.224,6.469,1706427,v10,18992fa,fedca7c,2026-09-04T23:05:01+00:00
46300,63346.0,720791,9009872,91.029,149.824,10.814,148.599,-1.826,8759913,147.938,-2.767,8689631,162.643,12.623,8943534,143.106,-7.764,8547653,151.652,1.445,8829435,145.748,-4.699,8751478,148.088,-2.024,8890698,148.617,-3.193,8269750,150.787,0.902,8977338,154.029,3.303,8687332,153.878,3.71,8884215,v10,18992fa,fedca7c,2026-09-04T23:05:01+00:00
46310,2012.0,1331,242313,77.078,135.022,13.818,133.904,-1.055,236973,134.428,-0.401,128679,149.498,14.484,242012,126.733,-8.275,241754,146.875,11.868,241452,121.923,-12.724,57875,109.423,-25.54,239297,140.42,5.22,171502,128.303,-6.691,238486,146.116,11.379,214216,151.637,16.64,241421,v10,18992fa,fedca7c,2026-09-04T23:05:01+00:00
46320,7621.3,37834,1180327,99.118,132.709,10.785,132.783,-0.641,950102,142.603,9.637,1132573,142.102,9.388,1179122,128.753,-3.952,1176740,131.33,-1.351,1135809,123.729,-9.913,884989,125.519,-7.206,1167112,133.172,-2.375,664274,131.157,-1.618,1162415,149.599,16.367,1051085,130.49,-2.815,984611,v10,18992fa,fedca7c,2026-09-04T23:05:01+00:00
46321,11938.3,15265,1432150,76.776,140.114,13.227,143.192,3.271,912950,133.603,-4.881,945085,147.503,7.313,1422738,141.179,0.373,1368687,140.749,0.577,1420074,150.087,8.979,1223671,123.548,-16.607,1420340,152.234,10.872,1225822,137.063,-3.078,1410129,151.55,10.787,1351980,146.494,5.842,1378550,v10,18992fa,fedca7c,2026-09-04T23:05:01+00:00
46322,21732.6,42474,2844966,83.781,147.643,11.372,142.88,-3.332,687858,136.009,-5.766,63261,155.807,8.164,2844827,147.497,-0.145,2844289,141.422,-5.707,675271,167.192,20.064,674547,140.967,-6.676,2844781,163.232,16.597,610112,141.147,-5.486,609779,164.396,17.764,610690,143.002,-3.632,609912,v10,18992fa,fedca7c,2026-09-04T23:05:01+00:00
46323,19610.6,30773,2812913,91.801,137.61,11.346,136.094,-1.358,2096907,136.005,0.144,1287821,148.063,10.42,2803190,136.849,-1.839,2560946,140.463,4.03,1908062,140.738,3.618,1514406,124.191,-13.483,2782959,140.626,2.185,1397597,137.231,0.91,1925153,149.249,11.569,1676181,150.261,12.312,1670747,v10,18992fa,fedca7c,2026-09-04T23:05:01+00:00
46324,14146.7,34207,2099918,95.001,131.194,12.927,127.848,-3.711,1221500,141.135,9.591,1209851,138.779,7.589,2098673,122.101,-10.147,1249517,144.681,13.278,1953916,118.155,-12.59,1509385,117.264,-13.971,2083921,146.301,13.986,842839,127.077,-4.111,2095791,146.854,13.821,1027506,135.522,3.086,1312061,v10,18992fa,fedca7c,2026-09-04T23:05:01+00:00
46325,18206.6,34863,2600929,91.428,136.904,11.505,139.221,1.455,2165003,143.78,6.317,1968493,142.694,5.79,2596957,128.51,-8.519,2491710,137.188,0.616,2127563,137.686,0.481,2094142,121.738,-15.169,2598124,138.011,-0.631,1202605,143.644,7.183,2173107,144.24,6.926,1790117,149.983,12.543,1820372,v10,18992fa,fedca7c,2026-09-04T23:05:01+00:00
46326,18213.3,268167,2795542,98.233,150.086,10.325,154.277,-0.449,2223511,157.481,4.593,2412523,159.475,9.371,2791907,143.888,-6.431,2759333,154.208,4.081,2786931,142.156,-9.855,2500775,138.589,-11.5,2794113,163.858,-0.922,1464387,149.858,-0.244,2793161,158.22,5.912,2514353,151.769,1.304,2732892,v10,18992fa,fedca7c,2026-09-04T23:05:01+00:00
46327,34343.9,77629,4613988,85.982,145.301,11.483,149.483,3.305,4320612,150.457,4.165,4266486,152.26,6.929,4598039,138.072,-7.46,4411592,148.435,3.119,4602123,144.17,-2.505,4146123,136.88,-8.428,4603763,140.148,-6.869,3838132,148.702,3.396,4604835,151.589,5.183,4221317,149.737,4.337,4577201,v10,18992fa,fedca7c,2026-09-04T23:05:01+00:00
46328,27440.1,50703,4291343,100.089,147.215,11.902,154.392,7.717,3851518,150.015,3.143,3933778,155.489,8.274,4291094,142.435,-5.256,4060335,137.154,-5.902,1348052,148.399,1.364,2820904,138.144,-8.52,3619952,138.299,-4.174,1286812,148.972,6.496,1289239,143.462,0.974,1288952,145.673,3.153,1301422,v10,18992fa,fedca7c,2026-09-04T23:05:01+00:00
46329,22260.7,37180,3472153,99.825,145.827,12.438,157.188,11.361,3472031,151.12,5.294,3466851,156.535,10.708,3471708,135.315,-10.849,3218187,149.007,3.181,3468129,142.726,-3.115,3464409,132.824,-13.003,3470370,144.811,-1.025,3455583,144.456,-1.37,3471434,147.631,1.755,3439709,152.783,6.956,3471340,v10,18992fa,fedca7c,2026-09-04T23:05:01+00:00
46330,1124.5,283,50578,28.786,133.857,11.45,133.658,0.197,48224,128.566,-4.161,28048,153.595,19.753,50445,133.531,-0.291,50366,124.707,-9.075,49675,119.66,-16.594,16167,115.298,-17.957,43558,129.464,-3.78,37707,138.056,4.329,49874,149.788,16.786,30446,152.364,18.557,50316,v10,18992fa,fedca7c,2026-09-04T23:05:01+00:00
46340,18972.9,20372,2652880,89.488,143.002,12.777,153.498,11.247,111542,127.352,-12.579,295009,148.124,5.121,2652174,144.617,1.618,2651694,143.989,0.988,2652208,150.309,7.306,2650282,129.536,-13.466,2652626,163.94,21.965,1889952,138.914,-3.055,1923295,148.112,6.141,1923349,139.97,-2.001,1923508,v10,18992fa,fedca7c,2026-09-04T23:05:01+00:00
46350,3320.5,4359,341253,65.774,135.343,9.011,149.397,13.354,192930,127.942,-7.526,286499,137.7,2.364,340421,133.044,-2.297,340821,132.288,-3.05,340660,145.162,9.855,332747,130.408,-4.923,340093,141.155,5.863,327732,146.123,10.784,340474,137.961,2.611,330985,145.108,9.767,340641,v10,18992fa,fedca7c,2026-09-04T23:05:01+00:00
46360,52472.7,169235,5399519,65.857,132.288,10.503,130.566,-0.216,2314690,128.059,-4.937,2230670,140.233,7.087,4976303,130.018,-4.935,3509939,132.101,-1.543,3960006,135.993,1.717,3505932,125.304,-7.092,5197388,137.64,2.463,2585086,132.483,0.521,4654331,149.453,15.087,3314189,140.131,6.166,3335142,v10,18992fa,fedca7c,2026-09-04T23:05:01+00:00
46370,12595.8,103666,1628150,82.727,130.067,10.862,123.23,-7.721,700823,133.579,1.786,666152,143.959,13.868,1616662,129.554,-2.721,915177,123.744,-5.483,1282300,120.144,-7.742,799316,123.283,-6.956,1430703,135.141,2.88,455009,124.188,-5.311,1352999,147.573,17.075,680795,138.01,5.944,951754,v10,18992fa,fedca7c,2026-09-04T23:05:01+00:00
46380,12918.5,235541,778552,38.571,135.181,11.06,126.739,-8.453,720234,138.932,1.624,570599,145.42,10.221,775281,135.834,0.374,733052,141.889,6.521,722015,137.085,1.811,757293,120.576,-16.819,452250,142.374,2.994,413657,127.753,-7.627,718852,152.044,16.746,770378,133.829,-2.134,694436,v10,18992fa,fedca7c,2026-09-04T23:05:01+00:00
46391,9745.0,2288993,427560,28.08,150.715,11.079,147.391,-6.473,354435,156.522,3.373,383203,158.305,7.591,427558,146.447,-4.567,421734,155.057,4.232,424827,145.372,-5.453,424125,140.89,-13.461,359836,163.379,-0.593,245080,148.012,-2.709,427355,162.161,11.14,420958,155.882,5.155,427206,v10,18992fa,fedca7c,2026-09-04T23:05:01+00:00
46392,6432.9,224020,334306,33.26,171.817,12.156,177.886,-4.383,243639,172.885,0.153,325919,180.024,8.207,334306,170.741,-1.14,333581,173.117,1.281,334106,162.859,-9.418,329168,164.46,-7.716,330373,169.629,-4.463,314700,176.975,5.151,334255,178.581,6.691,333628,171.982,0.085,333401,v10,18992fa,fedca7c,2026-09-04T23:05:01+00:00
46393,14514.7,265111,1068119,47.097,149.399,11.349,156.422,0.649,767927,152.765,-1.198,855890,159.969,10.04,1038415,151.171,-1.01,929104,154.838,1.723,886127,145.306,-6.736,927852,143.734,-7.835,949688,166.126,-0.54,559647,149.029,-0.712,1049925,161.75,8.726,918457,153.505,-0.817,835608,v10,18992fa,fedca7c,2026-09-04T23:05:01+00:00
46394,8218.5,59148,1138296,88.643,150.645,12.571,152.766,0.079,1043563,149.236,-2.504,1086620,169.406,18.683,1134857,151.698,0.149,1094058,150.115,-0.753,1127281,144.019,-7.66,1082887,143.744,-7.325,1112424,155.137,-0.601,929474,149.514,-2.002,1095967,163.573,11.521,1066257,148.599,-3.742,1057119,v10,18992fa,fedca7c,2026-09-04T23:05:01+00:00
46395,29295.5,1551103,2420981,52.89,152.641,10.97,156.867,1.664,2219940,153.131,-1.12,2289879,166.72,13.959,2410898,150.18,-3.172,2356178,157.783,2.179,2166488,144.609,-9.074,2328418,150.723,-2.349,2381533,159.808,-6.014,1469449,154.638,1.829,2406023,161.029,6.306,2259803,150.913,-3.258,2267320,v10,18992fa,fedca7c,2026-09-04T23:05:01+00:00
46396,9594.9,175160,1425753,95.101,167.468,11.532,156.414,3.772,968852,158.933,0.109,1215413,176.853,9.383,1425704,160.102,-7.621,1417161,167.825,0.318,1424349,155.753,-11.835,1421578,168.098,0.607,1425032,167.832,-2.979,1313227,175.112,7.638,1425597,168.65,10.361,1207993,163.214,-4.482,1418515,v10,18992fa,fedca7c,2026-09-04T23:05:01+00:00
46397,2786.2,200766,355118,81.572,127.528,9.864,132.516,4.153,270764,125.917,-2.366,302060,140.985,13.382,350198,124.96,-3.13,305627,129.006,0.902,318800,120.958,-6.701,340439,121.407,-6.656,322005,129.922,-0.199,173065,123.46,-4.091,353769,141.014,11.96,250364,131.915,4.173,341714,v10,18992fa,fedca7c,2026-09-04T23:05:01+00:00
46398,7663.6,294890,1074583,89.74,149.706,10.812,147.83,5.007,665272,145.336,-2.677,910936,158.864,8.464,1052840,146.988,-4.845,995232,151.847,1.144,1037376,139.003,-12.722,999225,147.248,-2.821,1057467,152.304,-6.178,785844,152.687,2.945,1072854,162.05,13.401,938602,150.503,-0.282,1040173,v10,18992fa,fedca7c,2026-09-04T23:05:01+00:00
46399,27577.8,370144,3817987,88.604,166.329,12.347,167.666,2.391,3666656,155.908,-3.493,3182145,181.09,14.068,3749152,166.157,-2.824,3560873,169.483,2.334,3736029,162.644,-6.205,3579436,167.29,-1.373,3588047,167.231,-2.698,3467761,169.589,3.104,3799223,172.036,6.372,3613985,163.071,-4.491,3698053,v10,18992fa,fedca7c,2026-09-04T23:05:01+00:00
47110,53030.7,1208910,7655620,92.392,142.493,10.812,137.759,-3.639,6243126,144.66,3.738,7335245,149.403,6.319,7434291,140.247,-4.178,6565746,145.502,1.698,7107856,138.076,-6.375,6586644,144.585,1.32,7218663,142.917,-3.753,5642810,141.564,-2.005,7159172,145.554,3.514,6490182,145.928,2.674,7225254,v10,18992fa,fedca7c,2026-09-04T23:05:01+00:00
47120,87577.3,6100345,12968860,94.774,139.759,10.319,141.36,-0.311,5174723,143.985,4.669,11052560,146.662,6.697,12702800,141.036,-1.573,9210249,142.91,2.808,12523557,135.499,-4.966,11986394,139.475,-1.615,11148662,137.157,-5.319,9689475,140.25,-0.044,12423350,144.047,3.878,12372524,140.435,-0.441,11820302,v10,18992fa,fedca7c,2026-09-04T23:05:01+00:00
47130,86008.4,1341720,12563503,93.487,130.884,9.632,139.814,6.948,7295325,135.489,3.9,7178494,139.255,8.32,12427381,130.67,-0.497,11958247,137.765,6.016,11216620,127.407,-4.389,10864630,131.08,-0.428,11587900,131.256,-1.066,9584948,130.035,-0.772,10249480,137.105,5.481,9418142,134.05,3.355,9532711,v10,18992fa,fedca7c,2026-09-04T23:05:01+00:00
47140,33604.5,79992,1962681,37.379,132.661,10.927,132.068,-3.059,53016,,,2871,138.295,4.445,1667601,135.715,1.542,1677980,139.764,5.358,1650649,128.277,-6.113,1466391,131.293,-4.103,1289418,137.105,1.698,1368172,133.091,-0.891,1601331,135.98,3.989,1866502,133.735,1.015,1871303,v10,18992fa,fedca7c,2026-09-04T23:05:01+00:00
47150,44285.5,32478,1091328,15.772,128.135,11.623,,,37714,,,25413,130.433,1.518,809551,141.734,3.028,471116,145.15,10.9,694073,130.833,-8.123,442236,124.998,-16.313,378564,144.307,5.346,458084,130.743,-3.503,598160,133.245,5.121,715336,125.764,-2.424,1027032,v10,18992fa,fedca7c,2026-09-04T23:05:01+00:00
47160,34195.3,13939,5227146,97.831,141.467,11.889,138.099,-7.758,1100120,,,668,145.743,4.282,5224408,139.69,-1.775,3409244,146.1,3.979,4894097,140.729,-1.146,5018705,142.476,1.485,3908525,137.206,-2.282,1876030,135.967,-2.055,1996257,142.006,4.332,1814123,145.358,7.412,1720083,v10,18992fa,fedca7c,2026-09-04T23:05:01+00:00
47201,56958.4,30089,3221892,36.202,142.88,11.928,164.372,4.648,234367,,,18608,154.847,10.774,2978585,129.744,-2.717,944926,154.036,7.67,1769145,142.157,-2.988,2270484,135.231,-7.679,3208986,,,10956,134.497,-7.723,277057,,,0,,,45400,v10,18992fa,fedca7c,2026-09-04T23:05:01+00:00
47202,28616.4,45527,1470549,32.889,133.438,13.521,,,764,,,4601,145.097,11.301,1433281,135.908,-5.177,111218,158.212,14.067,519603,141.252,3.684,949765,121.701,-12.086,1405053,,,20057,134.896,3.087,1013755,,,187,94.809,-23.606,269702,v10,18992fa,fedca7c,2026-09-04T23:05:01+00:00
47203,28844.6,4956,984425,21.842,134.695,12.218,,,2736,,,2483,142.803,7.705,840369,137.695,0.984,689321,146.839,11.09,835525,126.509,-8.727,384189,119.807,-14.648,832592,141.798,2.993,182020,138.681,1.774,245676,143.511,5.813,110475,138.738,0.476,68184,v10,18992fa,fedca7c,2026-09-04T23:05:01+00:00
47204,21718.6,2136,64726,1.907,,,,,83,,,893,116.359,-5.896,40986,,,28456,,,23672,,,27903,,,21473,128.992,3.233,40236,,,15770,132.741,9.06,53986,118.982,-4.377,54369,v10,18992fa,fedca7c,2026-09-04T23:05:01+00:00
47205,35568.5,5102,26715,0.481,,,,,15,,,272,,,18745,,,7410,,,15189,,,18112,,,23074,,,5425,,,37,,,1306,,,2044,v10,18992fa,fedca7c,2026-09-04T23:05:01+00:00
47206,31317.2,9869,468496,9.574,130.498,11.746,,,4580,,,681,134.782,3.72,415281,135.063,1.071,70818,161.574,24.664,126272,140.744,9.782,422790,108.849,-22.009,388212,,,3968,125.366,-6.623,230175,,,0,,,43337,v10,18992fa,fedca7c,2026-09-04T23:05:01+00:00
47310,23642.1,4825,358261,9.698,119.381,9.823,,,517,124.732,6.408,323459,128.582,2.181,59740,135.814,6.596,40237,150.979,19.573,55122,144.066,17.356,59313,111.715,-7.312,344380,114.205,-2.977,57842,120.938,-3.636,166833,126.693,6.571,96183,100.741,-6.141,78458,v10,18992fa,fedca7c,2026-09-04T23:05:01+00:00
47320,77224.9,16262,59299,0.491,,,,,10149,,,7633,,,5135,,,12164,,,56568,,,5483,,,41453,,,1874,,,4698,,,4770,,,58285,v10,18992fa,fedca7c,2026-09-04T23:05:01+00:00
47330,19291.1,432310,355769,11.803,140.949,16.196,129.008,-10.024,227712,127.665,-7.947,77577,213.332,42.155,114275,144.512,-30.809,74530,150.119,9.1,346059,146.125,-9.143,196931,128.465,-13.436,284419,165.566,-8.158,92867,149.015,2.35,233065,178.618,3.58,87527,159.21,11.743,253366,v10,18992fa,fedca7c,2026-09-04T23:05:01+00:00
47340,71257.7,1756215,2418237,21.719,165.987,19.405,156.097,-10.17,1363949,172.297,-10.662,1224922,216.455,26.349,1450322,172.939,-33.999,723580,182.376,10.397,1984604,164.419,-11.898,1876448,156.613,-13.397,1580595,142.713,-46.432,930994,188.422,7.104,980860,184.735,6.541,1056380,161.744,-2.372,1621508,v10,18992fa,fedca7c,2026-09-04T23:05:01+00:00
47350,98548.2,43549,113698,0.738,,,,,173,,,95691,,,5549,,,6449,,,4491,,,5460,,,107438,,,47961,,,5137,,,85568,,,7784,v10,18992fa,fedca7c,2026-09-04T23:05:01+00:00
47360,46481.8,17809,92020,1.267,,,,,1848,127.967,6.775,88950,,,9974,,,35959,,,4547,,,40720,104.223,-16.135,76947,,,23527,,,32334,,,1985,127.302,5.861,89037,v10,18992fa,fedca7c,2026-09-04T23:05:01+00:00
47370,12767.0,4188,326,0.016,,,,,0,,,197,,,255,,,86,,,326,,,320,,,198,,,5,,,0,,,0,,,44,v10,18992fa,fedca7c,2026-09-04T23:05:01+00:00
47401,82554.9,86729,3228039,25.025,130.286,11.669,,,9286,138.595,7.355,1992116,137.167,7.078,2408208,138.539,5.78,826778,145.361,13.498,569827,137.676,6.216,1620070,114.119,-16.204,3067952,,,26616,127.373,-0.38,908666,,,401,115.828,-10.613,222158,v10,18992fa,fedca7c,2026-09-04T23:05:01+00:00
47402,4909.4,9253,7181,0.936,,,,,83,,,7181,,,6339,,,4690,,,0,,,0,,,100,,,4,,,3756,,,96,,,83,v10,18992fa,fedca7c,2026-09-04T23:05:01+00:00
47403,14262.9,9418,4009,0.18,,,,,619,,,4007,,,1137,,,742,,,1480,,,0,,,2722,,,2022,,,0,,,1220,,,1641,v10,18992fa,fedca7c,2026-09-04T23:05:01+00:00
47404,48923.1,25764,1122633,14.686,127.717,8.187,,,1,125.275,-1.087,965083,132.104,3.199,681947,132.82,-1.058,168297,,,3542,133.247,4.647,978548,120.659,-6.124,669468,132.889,-3.602,87285,,,2082,,,5033,121.995,0.545,193496,v10,18992fa,fedca7c,2026-09-04T23:05:01+00:00
47405,24503.1,15254,2200260,57.469,132.928,10.383,126.67,-3.516,67548,132.667,5.067,702381,125.649,-6.278,1379140,136.338,0.42,1224563,,,29851,154.504,15.29,1191617,128.828,-4.1,2200221,137.762,2.634,474506,118.51,-11.968,284385,,,19,132.527,5.794,492859,v10,18992fa,fedca7c,2026-09-04T23:05:01+00:00
47510,30565.0,16124,7746,0.162,,,,,105,,,7574,,,281,,,635,,,1359,,,1115,,,5987,,,329,,,352,,,3495,,,5728,v10,18992fa,fedca7c,2026-09-04T23:05:01+00:00
47520,76737.4,58452,1258964,10.5,131.608,9.779,,,100,,,91446,,,5625,143.429,10.953,156403,,,2396,128.446,-3.835,1059420,139.668,8.028,1251826,136.351,2.58,222417,113.769,-17.437,242617,133.367,1.645,1231201,,,11223,v10,18992fa,fedca7c,2026-09-04T23:05:01+00:00
47530,82811.2,37785,6769070,52.314,141.315,12.251,137.555,-4.569,305329,,,46548,138.069,-5.937,4926855,138.277,-4.432,5213770,,,76782,150.021,7.775,6099803,144.574,3.228,6586206,143.226,5.865,2053508,129.664,-6.497,2506083,135.65,-0.492,2836321,143.116,3.346,1733591,v10,18992fa,fedca7c,2026-09-04T23:05:01+00:00
47540,47756.4,358274,3612648,48.414,132.078,9.967,,,5266,,,53616,121.676,-5.056,466920,,,17382,,,12009,135.59,2.995,3408460,127.054,-5.019,3611375,121.211,-10.771,160487,,,5928,138.46,6.108,3459553,121.379,-7.358,1563281,v10,18992fa,fedca7c,2026-09-04T23:05:01+00:00
47550,54732.1,159075,5615554,65.664,133.403,10.086,136.247,1.241,435467,,,62083,131.618,-2.66,1057140,125.622,-12.324,380968,,,31392,139.928,6.071,5259365,134.155,0.751,5615351,138.392,5.14,3514377,133.191,-1.136,1083196,130.762,-2.677,5575366,135.984,2.523,788333,v10,18992fa,fedca7c,2026-09-04T23:05:01+00:00
47560,67679.5,437159,7501734,70.939,125.493,9.933,134.223,5.882,430259,129.18,6.157,2884554,122.245,-2.367,2357920,134.527,7.16,372362,,,29876,129.27,3.353,6975154,124.316,-1.188,7491813,134.969,7.491,2892672,138.578,13.476,2494586,124.127,-1.616,6945467,127.285,2.35,5764708,v10,18992fa,fedca7c,2026-09-04T23:05:01+00:00
48101,54725.1,717443,1815961,21.237,139.314,12.49,157.386,4.383,869210,138.569,2.078,1443376,156.529,10.017,1170580,145.139,1.068,1323129,150.595,6.048,1351767,139.626,-7.338,1111639,138.301,-3.389,1498928,142.861,-5.823,1034676,152.375,6.0,1059900,142.22,-4.574,1003723,130.316,-5.282,1407274,v10,18992fa,fedca7c,2026-09-04T23:05:01+00:00
48102,89555.5,594567,2723559,19.464,132.802,10.382,124.852,-1.937,1025485,131.171,6.216,313215,142.577,5.127,1371609,142.55,1.742,1047433,136.581,2.978,2142225,132.667,-3.283,1652235,121.012,-13.575,1492301,136.708,-1.378,1532895,135.588,-2.111,1264392,143.761,7.787,984693,137.472,4.732,2658639,v10,18992fa,fedca7c,2026-09-04T23:05:01+00:00
48201,91361.4,446294,3675575,25.748,154.338,17.884,139.302,-13.434,2863832,162.855,-6.23,1458514,194.026,18.733,1821529,175.924,-16.154,1209210,167.504,11.449,3467906,150.677,-8.777,3138955,163.839,-4.823,2137970,152.442,-20.01,1806759,173.15,-4.258,1662493,179.977,8.942,1587634,170.954,10.978,2589856,v10,18992fa,fedca7c,2026-09-04T23:05:01+00:00
48202,4737.8,0,519889,70.229,148.853,24.256,124.082,-16.886,422586,214.419,-3.337,83629,198.887,15.927,211619,110.471,-39.224,390292,191.269,33.757,434443,157.043,7.191,509479,181.355,-11.137,176921,163.955,-56.274,70589,233.167,19.89,120434,155.118,9.673,342803,138.63,-17.575,421918,v10,18992fa,fedca7c,2026-09-04T23:05:01+00:00
48204,762.2,0,31,0.026,,,,,0,,,31,,,14,,,0,,,29,,,0,,,0,,,0,,,0,,,15,,,19,v10,18992fa,fedca7c,2026-09-04T23:05:01+00:00
48210,82566.9,8427,256672,1.99,,,,,59197,140.501,3.299,160155,170.864,29.849,161071,,,79881,139.763,3.246,231781,,,75296,,,117816,,,21322,,,29366,,,37356,128.98,-7.621,242394,v10,18992fa,fedca7c,2026-09-04T23:05:01+00:00
48220,90827.4,1320694,4514876,31.813,149.256,12.399,153.894,-0.409,1955521,143.764,-0.584,3219905,162.098,8.389,3857508,160.123,1.36,3203085,158.763,6.008,3950132,148.306,-7.901,3527480,156.078,0.119,3453861,151.293,-8.419,2851071,158.838,1.569,3432057,158.846,0.02,2879858,150.616,-0.067,4290467,v10,18992fa,fedca7c,2026-09-04T23:05:01+00:00
48231,21850.0,7363,834384,24.44,150.185,15.161,142.34,-18.127,452611,144.207,-3.114,593589,168.112,12.215,641595,153.033,-0.905,624576,156.286,6.101,833880,133.077,-24.851,521721,164.804,3.729,498488,137.599,-23.091,439231,188.769,8.648,257586,184.804,20.09,442925,147.358,-4.785,693540,v10,18992fa,fedca7c,2026-09-04T23:05:01+00:00
48232,22738.3,27497,995888,28.031,150.36,16.086,130.704,-24.337,449977,144.612,0.532,611773,168.973,14.889,834097,151.083,-3.103,714739,154.228,3.815,992746,133.53,-26.98,559487,171.085,-1.877,377373,151.022,-20.18,389904,183.99,10.377,380320,187.072,24.701,570535,149.567,-8.497,600663,v10,18992fa,fedca7c,2026-09-04T23:05:01+00:00
48234,53708.0,73098,2633563,31.382,180.952,20.062,203.24,1.517,1074060,171.904,-6.274,980543,180.396,-2.279,2154688,193.101,-6.757,1110121,188.549,7.036,2530101,179.551,-12.36,2018193,212.564,3.471,1215984,160.842,-26.755,2117961,213.518,11.51,1538560,216.32,14.56,1661049,188.75,-17.605,1195368,v10,18992fa,fedca7c,2026-09-04T23:05:01+00:00
48238,40359.9,919270,2187558,34.689,171.959,13.939,176.635,-5.768,1269457,150.601,-10.567,1357072,203.137,12.562,1516258,197.43,5.202,1432276,193.412,4.616,1527012,187.067,-3.074,1508266,176.1,-0.006,1956988,191.673,-4.518,1355169,184.837,-0.063,1633702,179.917,6.086,1527993,166.363,-7.374,2073690,v10,18992fa,fedca7c,2026-09-04T23:05:01+00:00
48240,7121.0,157,409979,36.847,173.418,24.596,229.663,16.081,101903,221.783,14.974,89260,172.237,-0.309,229658,180.88,-12.054,57620,163.766,-19.365,239906,181.043,5.571,357209,251.614,35.953,97125,149.01,-22.457,362478,206.028,-3.463,138338,199.42,9.05,256622,182.543,-13.034,161252,v10,18992fa,fedca7c,2026-09-04T23:05:01+00:00
48244,86345.9,63017,1988867,14.742,180.615,19.178,202.81,3.95,1006430,189.35,2.422,1047313,192.072,5.177,1532664,204.836,-9.097,812798,188.529,6.756,1913994,174.537,-16.28,1489834,216.949,-2.424,782202,171.817,-14.421,1601226,212.959,3.647,1028336,208.967,4.757,1176207,190.45,-5.989,1261239,v10,18992fa,fedca7c,2026-09-04T23:05:01+00:00
48249,40644.4,291554,949930,14.958,228.74,21.62,253.252,24.54,421401,244.299,-5.854,608728,244.796,3.083,730102,239.867,-16.78,512014,218.76,-11.965,893941,220.308,-15.432,823655,263.788,17.993,737384,219.526,-20.108,757275,233.518,-5.959,780837,227.638,-9.9,791234,221.758,-12.045,783897,v10,18992fa,fedca7c,2026-09-04T23:05:01+00:00
48250,33109.8,724006,467873,9.044,177.534,12.666,187.712,1.857,399455,153.855,-0.003,367670,220.492,6.994,272173,201.263,1.827,323638,208.344,3.277,300146,217.673,-2.532,250093,196.367,1.223,343614,230.365,-0.255,223920,191.738,1.235,372769,155.341,4.63,308631,170.167,-9.121,448974,v10,18992fa,fedca7c,2026-09-04T23:05:01+00:00
48260,26018.3,3780,1490330,36.659,213.028,26.038,249.845,14.798,865672,223.809,-22.693,563065,247.115,17.368,1153233,239.294,-20.2,587343,201.665,-13.476,1338677,229.224,-0.23,1056891,251.947,26.12,1223087,187.302,-27.069,1326988,232.051,6.668,1199376,193.927,-30.28,1034990,231.791,0.306,1068441,v10,18992fa,fedca7c,2026-09-04T23:05:01+00:00
48264,4914.6,42357,86272,11.235,223.408,15.366,245.958,1.979,55116,227.524,-9.399,73936,236.844,8.987,81848,240.742,-0.504,68969,230.991,6.42,84973,234.002,-5.105,73465,261.063,8.179,62124,236.748,-18.63,60486,238.554,-8.954,66747,245.575,-5.599,64676,216.282,-9.667,83935,v10,18992fa,fedca7c,2026-09-04T23:05:01+00:00
48266,12696.6,272694,141412,7.128,206.509,18.479,245.7,6.061,88019,210.677,-11.607,81075,223.848,11.957,132045,238.991,-2.072,84727,213.174,5.071,136205,204.02,-15.718,118808,243.151,2.364,80476,219.564,-19.121,84959,224.922,-10.309,93204,218.512,-6.997,109261,206.846,-3.844,131618,v10,18992fa,fedca7c,2026-09-04T23:05:01+00:00
48268,18639.0,619106,1449735,49.779,259.19,15.631,276.74,10.516,1185674,246.777,-18.068,862027,267.74,1.32,1289254,265.535,-7.244,1147640,265.184,4.118,1390624,259.196,-5.804,1317246,275.964,8.33,1313975,256.007,-10.134,1298596,265.071,0.488,1353245,255.874,-6.153,1385758,251.716,-11.312,1351451,v10,18992fa,fedca7c,2026-09-04T23:05:01+00:00
48269,24574.3,327248,1968880,51.276,232.557,18.366,254.091,7.262,1583993,211.079,-23.563,1070928,246.648,9.824,1793172,236.578,-14.969,1330330,229.873,-5.16,1815020,237.695,-3.037,1709716,257.071,12.207,1611672,223.251,-20.129,1502293,244.188,7.017,1830726,223.484,-20.367,1575710,233.262,-3.157,1808801,v10,18992fa,fedca7c,2026-09-04T23:05:01+00:00
48270,98577.8,1507567,5107357,33.159,183.003,15.589,191.968,-1.809,3765406,181.51,-2.622,3506390,201.595,15.795,4852882,189.178,-4.125,4108785,195.835,0.743,3938214,201.909,5.131,3894196,179.927,-4.773,4902024,205.599,6.229,3681040,187.95,-0.106,4611928,182.741,-3.02,4030941,176.299,-13.173,4300213,v10,18992fa,fedca7c,2026-09-04T23:05:01+00:00
48280,76777.0,3407663,4494450,37.465,182.205,16.6,181.159,-5.727,3097635,201.431,-0.292,3048151,193.362,10.785,4395458,188.39,-5.302,3363750,200.286,3.583,3356853,206.428,7.564,3242955,172.027,-11.632,4233236,183.076,-12.479,3374029,188.912,0.946,3942060,195.527,-1.747,3287792,183.192,-6.408,3753976,v10,18992fa,fedca7c,2026-09-04T23:05:01+00:00
48292,23071.8,199298,177763,4.931,,,236.76,7.026,100514,191.866,-13.974,79083,210.368,9.521,161495,216.105,-12.396,100391,198.157,1.555,169948,216.594,-12.75,98887,208.324,3.355,129216,201.578,-24.503,102152,219.98,0.933,117247,205.035,-2.862,142608,199.687,-0.445,161673,v10,18992fa,fedca7c,2026-09-04T23:05:01+00:00
48294,28021.8,496335,310446,7.09,184.453,17.239,228.446,7.467,171681,186.669,-17.478,138551,202.341,13.286,289519,206.04,-12.936,173229,182.49,-4.105,297020,213.133,-6.371,173801,208.542,9.665,211279,213.526,-11.931,124933,211.506,6.327,227021,192.25,-14.596,217056,187.195,-3.754,272272,v10,18992fa,fedca7c,2026-09-04T23:05:01+00:00
48296,10686.8,566330,512808,30.711,190.365,19.297,223.629,2.045,310172,192.253,-17.155,345883,220.362,18.726,440320,215.299,-12.379,285498,192.183,-5.204,436028,216.37,-6.404,311192,206.276,8.979,430057,190.944,-28.514,261980,217.986,16.058,432941,184.506,-25.138,385081,191.96,-0.514,492592,v10,18992fa,fedca7c,2026-09-04T23:05:01+00:00
48297,7713.7,764494,297576,24.69,140.758,17.853,148.086,-6.329,103596,146.467,-1.482,125919,176.087,31.307,241167,129.486,-35.495,61316,151.09,-0.222,147682,175.217,4.41,59739,127.618,-11.918,271526,114.377,-48.824,60716,163.481,18.711,242549,144.603,-16.7,80659,130.478,-10.429,284282,v10,18992fa,fedca7c,2026-09-04T23:05:01+00:00
48298,11552.6,41609,1324733,73.389,201.165,17.122,218.035,-0.21,795422,211.338,-2.314,1063791,215.791,12.622,1273417,205.721,-13.408,939669,209.41,0.05,1151069,213.179,1.78,1109107,209.576,7.297,1289397,189.439,-23.741,1042045,213.386,8.045,1239029,202.628,-14.59,994251,193.468,-8.103,1310859,v10,18992fa,fedca7c,2026-09-04T23:05:01+00:00
48299,29586.3,22840,3344497,72.347,231.708,20.166,255.888,7.501,2680294,221.632,-15.104,2851473,246.543,11.368,3186559,244.037,-5.623,2528969,223.912,-13.303,3043134,236.367,-3.649,2960739,249.812,11.426,3060566,231.97,-17.501,2370140,246.974,9.967,3094867,216.247,-24.735,2832469,230.949,-4.589,3187003,v10,18992fa,fedca7c,2026-09-04T23:05:01+00:00
48301,76172.3,11810,4430705,37.227,180.33,25.704,189.18,-2.979,2637183,195.377,-3.424,2006536,198.642,6.335,2925689,225.675,6.027,1517495,198.237,10.495,3748798,176.252,-6.199,4099470,209.765,3.85,1899822,140.881,-44.662,2897556,210.703,1.099,2121140,174.453,-16.758,3364872,178.791,-17.717,2133481,v10,18992fa,fedca7c,2026-09-04T23:05:01+00:00
48302,65664.7,40334,2024768,19.734,182.707,26.116,171.824,-10.765,1353186,221.828,4.332,837365,207.888,9.706,1428608,231.149,2.009,704257,197.04,4.596,1676627,182.821,-1.458,1877297,234.327,4.197,653876,174.023,-30.882,956206,188.025,-16.477,1103484,164.649,-16.979,1375928,206.534,-3.715,1045822,v10,18992fa,fedca7c,2026-09-04T23:05:01+00:00
48303,48192.6,14055,2149307,28.543,158.097,17.385,148.777,-12.651,1809526,169.463,-8.619,785528,188.516,14.66,1238178,165.336,-16.353,841475,174.886,15.483,2036513,150.595,-7.796,2081600,163.958,1.118,1716824,168.727,-17.984,830313,175.944,-8.146,888252,174.864,0.605,1160316,179.218,12.245,1502036,v10,18992fa,fedca7c,2026-09-04T23:05:01+00:00
48304,26590.4,164368,1562326,37.603,144.664,21.331,132.226,-18.197,1171462,153.166,-25.572,301014,202.025,25.086,521063,131.126,-41.02,386071,164.574,17.502,1415629,155.742,10.804,1546461,166.865,5.094,852768,120.599,-35.97,681065,177.103,-13.045,339103,157.248,0.389,647165,137.779,-8.578,1193239,v10,18992fa,fedca7c,2026-09-04T23:05:01+00:00
48305,110037.0,437846,4508112,26.22,159.948,21.71,150.165,-17.668,3227281,183.161,-1.497,1889627,193.242,11.922,2229943,175.053,-10.696,1680471,162.876,3.523,4109517,161.414,1.722,4315067,205.857,10.212,1445731,169.172,-22.653,1642083,183.785,-5.157,1595676,161.432,-1.952,2743306,177.656,-2.602,2169528,v10,18992fa,fedca7c,2026-09-04T23:05:01+00:00
49110,72912.2,21044,2618838,22.987,187.596,21.323,188.881,-1.973,1715227,245.575,2.686,544834,227.246,18.504,1558021,226.278,0.98,873420,199.855,2.489,2021952,193.395,5.278,2549286,232.777,10.064,1105892,167.853,-20.167,2299999,200.919,-7.961,1442002,161.656,-34.817,1473083,217.729,0.639,1125580,v10,18992fa,fedca7c,2026-09-04T23:05:01+00:00
49120,70208.7,11725,1675478,15.273,165.505,25.285,185.11,5.855,812593,235.456,45.067,291040,239.181,36.762,650430,222.03,-4.143,279187,190.576,7.273,1032879,171.867,3.743,1512326,244.75,25.408,318679,155.851,-11.341,1449210,137.363,-32.364,1349025,117.565,-57.543,880647,225.519,8.873,380285,v10,18992fa,fedca7c,2026-09-04T23:05:01+00:00
49130,41195.2,27103,349169,5.425,157.172,26.968,173.624,-10.614,170823,,,55116,239.322,29.066,99915,236.714,27.868,109589,197.492,1.383,139009,199.664,25.214,252764,227.506,12.533,85099,156.297,0.287,334403,128.261,-26.831,266595,115.067,-41.616,229982,243.181,23.595,79295,v10,18992fa,fedca7c,2026-09-04T23:05:01+00:00
49140,64120.7,42411,1311256,13.088,197.032,19.787,184.822,-10.953,1227815,254.33,20.003,260315,264.901,26.678,453727,246.63,21.193,602311,203.253,4.603,1183687,198.935,0.833,1220568,253.753,18.406,439178,175.247,-28.341,829352,202.339,-20.23,518216,192.115,-36.958,417677,252.182,8.438,381996,v10,18992fa,fedca7c,2026-09-04T23:05:01+00:00
49150,64450.4,65806,1255842,12.471,160.596,23.358,161.465,-15.683,482678,234.834,16.176,137377,211.279,-2.602,226371,238.136,14.005,203087,184.695,7.108,674221,187.01,25.492,1200508,234.312,13.954,214585,153.767,-9.127,1064857,155.656,-10.391,862702,117.119,-39.328,898270,225.811,14.9,186517,v10,18992fa,fedca7c,2026-09-04T23:05:01+00:00
49160,30238.7,63214,644008,13.63,173.844,18.572,177.713,-11.5,297319,193.995,-6.851,218251,187.623,-27.557,202312,225.451,14.294,286711,169.384,-6.338,510783,191.113,12.944,572033,218.869,2.62,219745,160.461,-10.792,557170,211.123,20.95,406074,156.03,-16.625,545413,242.031,12.843,118405,v10,18992fa,fedca7c,2026-09-04T23:05:01+00:00
49170,55657.6,12048,2160523,24.844,154.349,25.204,181.686,-14.72,695036,250.889,25.931,385557,235.473,20.474,517333,238.501,7.046,333814,180.529,-5.419,939630,184.576,27.531,2036753,248.815,13.148,325184,154.732,-5.19,1892885,130.387,-30.842,1464683,125.755,-28.468,1950095,239.301,16.284,365894,v10,18992fa,fedca7c,2026-09-04T23:05:01+00:00
49201,21636.1,0,1190007,35.201,177.605,32.097,234.964,27.194,507329,245.314,21.99,426489,247.531,29.373,501968,224.566,-0.149,295875,164.416,-34.604,601332,178.649,-2.736,955341,243.965,36.101,519786,142.073,-35.29,1175851,187.944,4.635,1011232,108.502,-73.032,873380,212.105,3.21,528128,v10,18992fa,fedca7c,2026-09-04T23:05:01+00:00
49202,10394.7,133,728394,44.847,200.079,30.372,254.288,39.756,295360,255.327,3.97,220971,240.488,14.405,444726,205.224,-34.604,219594,188.833,-21.342,532590,207.133,-8.066,519836,251.839,26.791,457716,155.038,-44.871,638525,208.11,0.522,623893,164.099,-49.651,467980,213.377,2.939,520394,v10,18992fa,fedca7c,2026-09-04T23:05:01+00:00
49203,44799.5,0,1989384,28.42,200.647,31.253,242.083,27.415,1043348,250.014,18.559,564039,240.813,12.726,794766,216.712,-21.18,416313,177.689,-30.502,1201071,192.938,-11.652,1480128,255.46,25.622,699884,144.956,-53.077,1723620,226.896,16.369,1487561,162.977,-45.357,1300996,210.458,-7.92,806462,v10,18992fa,fedca7c,2026-09-04T23:05:01+00:00
49204,35342.8,0,1126505,20.399,185.592,34.244,230.616,43.279,661441,237.91,37.344,336577,226.316,11.341,444712,220.844,1.882,313788,174.883,-16.291,691385,172.599,-18.081,624687,241.262,6.593,147234,137.387,-46.08,981157,218.764,22.211,825491,118.252,-64.847,766427,232.373,12.875,262544,v10,18992fa,fedca7c,2026-09-04T23:05:01+00:00
49205,28429.3,0,1840591,41.435,180.513,33.749,226.416,35.492,990218,222.191,21.965,526983,205.275,-3.411,484154,223.293,-2.175,324101,185.201,-2.116,1315638,175.206,-10.864,1296874,239.787,20.624,363263,136.442,-41.713,1725561,215.205,24.344,1247758,152.582,-31.021,1319788,189.454,-14.48,501085,v10,18992fa,fedca7c,2026-09-04T23:05:01+00:00
49206,24221.0,0,988851,26.129,170.186,27.953,220.289,31.323,496108,240.765,43.312,411640,195.816,2.999,400912,220.88,2.536,179492,184.794,8.975,809135,170.314,1.101,865188,240.893,8.657,120123,155.739,-14.417,751836,161.569,-19.547,626222,107.866,-64.074,717244,226.055,14.186,212422,v10,18992fa,fedca7c,2026-09-04T23:05:01+00:00
49207,27238.3,0,1898260,44.602,155.922,33.022,205.401,29.977,1103041,229.002,43.873,927441,207.685,2.334,515267,179.868,-15.145,448687,149.479,-14.31,1473117,183.283,21.075,1561297,245.057,13.348,243633,151.894,-16.239,1074838,152.466,-12.551,1229713,109.099,-46.966,1760851,213.538,14.049,552144,v10,18992fa,fedca7c,2026-09-04T23:05:01+00:00
51501,128700.4,151467478,9,0.0,,,,,0,,,0,,,0,,,0,,,0,,,0,,,0,,,9,,,9,,,9,,,0,v10,18992fa,fedca7c,2026-09-04T23:05:01+00:00
53159,175386.7,3754511,85,0.0,,,,,0,,,59,,,85,,,0,,,54,,,0,,,2,,,80,,,0,,,0,,,0,v10,18992fa,fedca7c,2026-09-04T23:05:01+00:00
56396,15086.1,13201,2644,0.112,,,,,980,,,846,,,1509,,,1647,,,1153,,,249,,,736,,,1053,,,1144,,,1244,,,1752,v10,18992fa,fedca7c,2026-09-04T23:05:01+00:00
56397,67981.2,4711329,176,0.002,,,,,5,,,162,,,170,,,151,,,175,,,68,,,70,,,104,,,12,,,112,,,176,v10,18992fa,fedca7c,2026-09-04T23:05:01+00:00
56424,113432.0,592943,8796,0.05,,,,,2219,,,4308,,,6604,,,6973,,,5791,,,3371,,,3946,,,2315,,,3742,,,5330,,,8138,v10,18992fa,fedca7c,2026-09-04T23:05:01+00:00
56428,3741.6,9563,26,0.004,,,,,13,,,0,,,10,,,0,,,26,,,6,,,17,,,0,,,0,,,25,,,1,v10,18992fa,fedca7c,2026-09-04T23:05:01+00:00
56900,69406.6,489361,19448,0.179,,,,,530,,,176,,,12625,,,11766,,,15612,,,6803,,,7095,,,10518,,,5922,,,11057,,,17609,v10,18992fa,fedca7c,2026-09-04T23:05:01+00:00
57101,6228.5,510734,820,0.084,,,,,748,,,600,,,346,,,374,,,73,,,295,,,122,,,110,,,503,,,676,,,711,v10,18992fa,fedca7c,2026-09-04T23:05:01+00:00
57102,5848.4,131619,737,0.081,,,,,722,,,515,,,250,,,350,,,425,,,324,,,270,,,371,,,550,,,656,,,730,v10,18992fa,fedca7c,2026-09-04T23:05:01+00:00
57104,3919.7,14551,5075,0.829,,,,,5022,,,4225,,,1958,,,3118,,,3426,,,1191,,,2693,,,2515,,,4423,,,3106,,,4850,v10,18992fa,fedca7c,2026-09-04T23:05:01+00:00
57105,3218.6,6307,1245,0.248,,,,,1151,,,1097,,,1121,,,1184,,,1188,,,1100,,,924,,,1005,,,1158,,,1091,,,1053,v10,18992fa,fedca7c,2026-09-04T23:05:01+00:00
57106,7114.4,40868,4190,0.377,,,,,3998,,,3557,,,3538,,,3672,,,4024,,,3251,,,3433,,,2523,,,3811,,,2707,,,3494,v10,18992fa,fedca7c,2026-09-04T23:05:01+00:00
57107,12082.1,132116,1986,0.105,,,,,1986,,,1929,,,1930,,,1982,,,1950,,,1919,,,1940,,,1733,,,1983,,,1769,,,1826,v10,18992fa,fedca7c,2026-09-04T23:05:01+00:00
57108,14398.6,341412,4183,0.186,,,,,4098,,,3566,,,2543,,,3212,,,3917,,,2529,,,3035,,,1944,,,3667,,,2264,,,2942,v10,18992fa,fedca7c,2026-09-04T23:05:01+00:00
57109,63709.7,2231547,2002,0.02,,,,,1958,,,1908,,,596,,,1165,,,894,,,925,,,1044,,,816,,,1152,,,1875,,,1894,v10,18992fa,fedca7c,2026-09-04T23:05:01+00:00
57201,13635.6,90714,166569,7.818,154.561,12.163,163.279,8.649,166187,159.674,0.071,130157,145.691,-10.179,158218,158.934,3.287,159383,162.367,3.351,136271,142.006,-16.17,137364,151.891,-7.764,130082,152.681,-2.457,162961,153.097,-3.165,154841,168.641,11.681,146921,162.283,6.92,159412,v10,18992fa,fedca7c,2026-09-04T23:05:01+00:00
57202,8200.6,5239,273499,21.345,158.871,13.324,160.806,1.903,273141,162.783,3.262,265599,155.159,-4.77,256005,156.948,-2.198,270143,161.426,1.714,262454,150.335,-9.932,245590,154.707,-6.058,236410,155.984,-2.966,272445,147.174,-12.059,267959,173.966,14.542,265483,180.637,21.568,270210,v10,18992fa,fedca7c,2026-09-04T23:05:01+00:00
57203,27055.3,23217,741671,17.544,173.181,13.282,179.963,5.812,694287,182.213,8.15,670862,167.963,-7.746,685980,168.049,-5.487,734782,181.034,7.13,727918,171.591,-5.727,634203,175.218,-2.107,648117,163.946,-10.321,717859,169.306,-5.053,712753,182.509,7.396,694398,189.95,16.132,725894,v10,18992fa,fedca7c,2026-09-04T23:05:01+00:00
57204,6409.3,7497,114598,11.443,159.932,11.41,163.836,3.144,110317,171.768,11.467,112981,160.552,-2.982,95883,160.154,-0.352,111997,173.735,13.263,112299,155.645,-9.518,78649,160.665,-3.044,93476,146.974,-14.676,105252,159.746,-0.766,110989,159.442,-2.725,99315,165.083,4.033,103905,v10,18992fa,fedca7c,2026-09-04T23:05:01+00:00
57205,54525.3,702634,1028311,12.07,158.499,11.963,162.366,4.139,807477,160.23,2.818,768548,162.096,1.659,936997,161.702,1.325,949038,170.524,9.834,943127,152.044,-10.363,833823,161.321,-0.086,898934,149.598,-9.245,1012008,164.692,2.942,875971,160.103,-0.57,912629,158.914,-0.996,933602,v10,18992fa,fedca7c,2026-09-04T23:05:01+00:00
57206,11928.1,5551,594984,31.924,169.748,11.328,177.198,6.304,577807,179.702,3.208,498883,167.172,-3.352,582907,173.226,-0.723,533211,183.336,6.638,495201,165.992,-12.306,471951,172.944,-1.576,524297,165.251,-4.618,593149,178.055,-0.188,469086,176.677,4.611,558709,177.667,5.562,552179,v10,18992fa,fedca7c,2026-09-04T23:05:01+00:00
57207,9860.2,147005,82327,5.344,139.927,11.764,154.244,14.498,80601,151.305,6.956,44741,131.647,-8.527,80438,135.581,-7.483,48734,145.4,2.47,52290,129.156,-13.986,45654,136.576,-6.355,49331,138.12,-2.748,74411,149.389,7.246,62100,145.576,3.007,49620,135.618,-4.507,52685,v10,18992fa,fedca7c,2026-09-04T23:05:01+00:00
57208,20630.5,62029,978360,30.351,162.522,11.946,169.44,6.373,963897,173.289,5.798,837798,157.92,-6.854,911335,167.403,2.728,915675,172.684,3.941,801566,155.32,-13.413,785987,161.743,-5.368,836719,160.495,-2.446,965960,159.236,-7.309,847767,174.685,9.797,898966,170.464,6.411,919400,v10,18992fa,fedca7c,2026-09-04T23:05:01+00:00
57209,252.9,581,14,0.035,,,,,11,,,0,,,2,,,10,,,7,,,6,,,7,,,4,,,3,,,12,,,14,v10,18992fa,fedca7c,2026-09-04T23:05:01+00:00
57300,1911.3,382,405,0.136,,,,,317,,,250,,,273,,,233,,,311,,,256,,,263,,,212,,,291,,,364,,,340,v10,18992fa,fedca7c,2026-09-04T23:05:01+00:00
61204,61901.9,15477606,1508,0.016,,,,,848,,,915,,,1247,,,1375,,,752,,,975,,,1243,,,1136,,,1050,,,496,,,1162,v10,18992fa,fedca7c,2026-09-04T23:05:01+00:00
61206,22211.6,1193557,1040,0.03,,,,,459,,,884,,,618,,,849,,,855,,,696,,,898,,,787,,,1028,,,571,,,535,v10,18992fa,fedca7c,2026-09-04T23:05:01+00:00
61208,22559.0,1902957,2524,0.072,,,,,2132,,,1350,,,2209,,,1754,,,2434,,,2206,,,2222,,,1418,,,2040,,,1773,,,1923,v10,18992fa,fedca7c,2026-09-04T23:05:01+00:00
61209,91668.8,16488070,5279,0.037,,,,,3835,,,2405,,,4417,,,4177,,,4256,,,3605,,,4462,,,3741,,,4370,,,2248,,,4335,v10,18992fa,fedca7c,2026-09-04T23:05:01+00:00
61301,53087.0,5748919,3847,0.046,,,,,1775,,,3341,,,3304,,,3174,,,3387,,,2754,,,3681,,,3154,,,3770,,,2627,,,2528,v10,18992fa,fedca7c,2026-09-04T23:05:01+00:00
61550,87129.7,737277,2710,0.02,,,,,1666,,,1825,,,2143,,,2100,,,2293,,,2152,,,2335,,,1410,,,2392,,,1822,,,2060,v10,18992fa,fedca7c,2026-09-04T23:05:01+00:00
61562,21147.7,201002,1565,0.047,,,,,847,,,974,,,899,,,788,,,1302,,,1167,,,1168,,,913,,,836,,,1008,,,698,v10,18992fa,fedca7c,2026-09-04T23:05:01+00:00
62266,282425.1,2332813,160844,0.364,,,,,126497,,,131271,,,149751,,,132700,,,133276,,,133138,,,100015,,,113070,,,109258,,,99846,,,135084,v10,18992fa,fedca7c,2026-09-04T23:05:01+00:00
62297,514725.6,2663525,10795,0.013,,,,,7893,,,8483,,,9006,,,8006,,,9439,,,9185,,,8533,,,9398,,,8013,,,6603,,,9089,v10,18992fa,fedca7c,2026-09-04T23:05:01+00:00
62298,364869.2,7416112,64140,0.113,,,,,39739,,,53590,,,57881,,,58419,,,56925,,,53310,,,33026,,,56634,,,55456,,,32774,,,51102,v10,18992fa,fedca7c,2026-09-04T23:05:01+00:00
62299,353711.5,5760299,196075,0.355,,,,,67248,,,148389,,,147553,,,172784,,,141002,,,153803,,,84951,,,131965,,,139226,,,125799,,,136329,v10,18992fa,fedca7c,2026-09-04T23:05:01+00:00
64229,56623.1,609269,45723,0.517,,,,,22221,,,21855,,,42857,,,26631,,,27478,,,24742,,,37123,,,38947,,,25964,,,29248,,,41024,v10,18992fa,fedca7c,2026-09-04T23:05:01+00:00
64240,21476.2,35830,2053,0.061,,,,,447,,,70,,,1987,,,1051,,,250,,,350,,,1979,,,924,,,1341,,,1257,,,1755,v10,18992fa,fedca7c,2026-09-04T23:05:01+00:00
64242,107168.0,1763263,1325,0.008,,,,,326,,,0,,,1179,,,270,,,144,,,332,,,917,,,1154,,,775,,,1240,,,1263,v10,18992fa,fedca7c,2026-09-04T23:05:01+00:00
64244,114707.3,1092665,9067,0.051,,,,,5626,,,846,,,8608,,,6911,,,3159,,,2233,,,9005,,,4307,,,3343,,,5437,,,7553,v10,18992fa,fedca7c,2026-09-04T23:05:01+00:00
64401,129875.1,4441374,4907,0.024,,,,,2285,,,550,,,4599,,,619,,,82,,,2413,,,2993,,,4444,,,3882,,,3532,,,2561,v10,18992fa,fedca7c,2026-09-04T23:05:01+00:00
64402,155117.6,1075752,670175,2.765,,,148.641,0.256,483849,161.734,6.806,611948,145.124,-10.256,632255,186.544,23.884,481797,152.753,-24.304,300729,158.516,-17.747,321958,162.745,7.366,633476,178.024,22.991,657738,,,126673,141.936,-17.746,510993,176.689,-4.056,262835,v10,18992fa,fedca7c,2026-09-04T23:05:01+00:00
65200,35292.5,25061,156636,2.84,,,208.589,24.074,126584,178.189,-3.141,115508,174.235,-9.941,116099,185.546,-0.37,108773,160.079,-28.111,99907,176.926,-1.541,151865,192.938,1.618,92380,171.158,-15.388,110006,202.705,24.056,153175,180.662,1.431,148315,166.837,-20.828,101519,v10,18992fa,fedca7c,2026-09-04T23:05:01+00:00
65220,41850.9,280398,1175280,17.973,183.474,13.82,199.862,15.988,1079775,175.921,-12.89,708217,185.302,-0.363,1091992,190.494,3.629,1050506,164.041,-23.268,1025086,185.946,2.274,1163883,189.895,-2.733,864229,177.543,-9.531,1037279,207.698,22.28,1114817,186.379,2.646,1163149,169.0,-16.757,1081710,v10,18992fa,fedca7c,2026-09-04T23:05:01+00:00
65240,31857.6,160667,731146,14.688,185.903,18.992,214.378,32.62,634850,190.703,3.536,537555,178.257,-12.58,635507,197.304,6.583,633725,167.005,-27.672,567014,183.836,-2.439,722743,188.671,-10.354,514893,174.049,-16.387,644222,211.975,25.117,716444,190.782,4.717,726510,183.598,-8.062,620911,v10,18992fa,fedca7c,2026-09-04T23:05:01+00:00
65250,78538.3,680384,652546,5.318,191.932,23.115,229.905,37.099,642560,203.345,6.776,411441,172.571,-26.442,531795,208.392,9.68,536577,174.666,-25.98,495229,185.071,-7.594,638834,190.937,-19.058,390544,181.438,-13.548,593900,212.928,18.23,616543,200.714,8.178,642809,189.767,-5.772,582554,v10,18992fa,fedca7c,2026-09-04T23:05:01+00:00
65260,55089.2,1912825,2710244,31.486,177.878,22.769,225.364,47.293,2696862,200.042,15.188,1276054,157.144,-23.697,2427384,192.539,10.341,2329085,153.504,-32.024,2020525,176.411,-6.82,2247023,167.333,-31.738,1236449,181.649,3.046,2634578,199.827,10.878,1833207,185.085,6.255,2625195,174.427,-9.804,2194015,v10,18992fa,fedca7c,2026-09-04T23:05:01+00:00
65280,27497.9,24124,113764,2.648,,,161.965,-1.665,87041,165.637,-0.309,106127,157.783,-11.381,94662,169.273,-0.138,67527,162.316,-20.777,48355,180.972,-1.751,68351,179.54,8.242,97644,184.759,17.364,101998,,,27089,169.027,5.051,105576,186.578,-1.095,44666,v10,18992fa,fedca7c,2026-09-04T23:05:01+00:00
65290,37026.0,35191,1982306,34.264,154.264,20.498,192.85,38.633,1825384,165.893,10.893,1608178,155.979,0.724,1811771,170.48,5.917,1197127,149.538,-18.694,890761,151.471,-10.589,1322825,149.449,-10.6,1370048,169.921,14.661,1927734,170.437,-23.214,330475,139.619,-15.285,1873101,167.126,-8.185,665705,v10,18992fa,fedca7c,2026-09-04T23:05:01+00:00
65302,25505.9,5221,2003,0.05,,,,,155,,,675,,,1167,,,672,,,402,,,1859,,,0,,,1576,,,0,,,1777,,,74,v10,18992fa,fedca7c,2026-09-04T23:05:01+00:00
65303,4501.3,1151,6237,0.887,,,,,67,,,3879,,,2060,,,2521,,,2821,,,5636,,,0,,,2371,,,170,,,4097,,,767,v10,18992fa,fedca7c,2026-09-04T23:05:01+00:00
65305,15709.5,6257,80549,3.282,,,,,7292,144.719,-5.694,39772,145.894,-2.552,52156,132.174,-16.53,49719,163.519,12.265,43629,156.127,10.058,78311,,,0,152.654,5.701,59363,,,20088,139.987,-6.396,67634,,,13346,v10,18992fa,fedca7c,2026-09-04T23:05:01+00:00
65306,19034.3,12387,63575,2.138,,,,,3337,147.181,-4.976,29902,147.205,-2.09,40400,133.621,-15.477,47035,164.239,12.302,34792,156.52,7.834,57402,,,0,153.947,5.108,41287,,,14014,141.984,-7.163,42568,,,6478,v10,18992fa,fedca7c,2026-09-04T23:05:01+00:00
65322,38327.7,282697,1044834,17.447,178.695,11.979,187.254,7.952,861135,168.554,-14.936,757272,186.845,7.72,1022440,184.912,4.797,974028,171.393,-8.815,969591,183.788,4.667,1002216,181.409,-1.804,834752,174.279,-5.411,997012,190.467,10.353,986672,180.104,1.085,1026314,160.209,-20.903,901621,v10,18992fa,fedca7c,2026-09-04T23:05:01+00:00
65324,4280.6,8306,16410,2.453,,,172.87,9.832,6883,174.796,-4.879,9655,175.963,0.192,12822,179.731,2.124,11988,175.839,2.868,12693,187.857,14.568,12413,171.817,-10.651,8944,171.235,-1.391,15558,178.182,3.947,14490,166.796,-6.144,15520,155.614,-26.488,9841,v10,18992fa,fedca7c,2026-09-04T23:05:01+00:00
65325,14111.8,8176,576,0.026,,,,,0,,,48,,,30,,,60,,,433,,,576,,,0,,,573,,,69,,,153,,,0,v10,18992fa,fedca7c,2026-09-04T23:05:01+00:00
65326,4531.0,3732,3993,0.564,,,,,1076,,,2201,,,3138,,,698,,,3521,,,3990,,,0,,,1128,,,1343,,,2031,,,266,v10,18992fa,fedca7c,2026-09-04T23:05:01+00:00
65328,10010.0,61025,319459,20.425,175.057,11.831,178.712,1.297,250057,169.365,-10.694,255390,183.369,6.182,282348,185.309,4.625,211999,181.085,4.364,291454,177.937,2.714,316228,171.193,-13.356,202218,174.759,-1.388,304244,188.162,11.017,289546,180.619,5.179,311736,149.17,-31.828,237086,v10,18992fa,fedca7c,2026-09-04T23:05:01+00:00
65329,16192.0,58213,528323,20.882,174.177,10.898,171.666,-0.33,376409,170.486,-6.758,442626,182.648,8.559,505309,179.812,2.726,454425,178.394,3.927,519796,178.165,3.923,522902,171.87,-9.304,336920,170.555,-3.853,516866,182.013,6.265,491269,178.757,4.406,519683,152.005,-26.634,378266,v10,18992fa,fedca7c,2026-09-04T23:05:01+00:00
65340,34229.6,66149,24979,0.467,,,,,1050,,,4258,,,13922,,,5852,,,9525,,,20646,,,341,,,21798,,,8146,,,17653,,,8817,v10,18992fa,fedca7c,2026-09-04T23:05:01+00:00
65342,41050.1,37405,306644,4.781,,,168.624,0.319,120495,164.962,-8.278,108862,167.585,3.991,238149,165.655,-0.918,114054,166.121,2.018,225461,164.349,4.082,298466,155.271,-23.4,65363,163.902,3.458,284098,171.263,6.826,222710,158.49,-4.444,246212,126.435,-39.865,116576,v10,18992fa,fedca7c,2026-09-04T23:05:01+00:00
65345,9421.4,19923,3,0.0,,,,,0,,,0,,,0,,,0,,,0,,,3,,,0,,,2,,,0,,,3,,,1,v10,18992fa,fedca7c,2026-09-04T23:05:01+00:00
65346,8731.2,3088,206947,15.169,144.859,10.581,146.485,-8.682,38164,,,4003,152.135,4.131,141574,141.015,-5.247,128096,139.291,-8.776,131905,155.748,10.844,205900,146.127,-11.539,17365,149.243,3.53,139039,151.683,5.685,180206,143.764,-2.073,152149,115.294,-31.068,100434,v10,18992fa,fedca7c,2026-09-04T23:05:01+00:00
65347,5701.3,2443,24035,2.698,,,,,231,,,292,151.819,7.477,11113,136.671,-6.0,16071,133.452,-8.964,12356,155.58,14.059,23897,,,84,145.526,3.706,18795,140.66,-2.215,16009,131.964,-11.641,14163,,,1152,v10,18992fa,fedca7c,2026-09-04T23:05:01+00:00
65348,8478.5,2956,275422,20.79,156.177,10.302,165.978,-4.101,82497,167.11,-10.959,51437,166.988,6.93,215884,156.326,-3.413,216685,156.9,-3.052,216614,159.783,3.147,268083,158.003,-21.436,63286,160.096,3.632,270405,166.233,8.075,245265,154.088,-5.809,210910,140.634,-28.779,99920,v10,18992fa,fedca7c,2026-09-04T23:05:01+00:00
65349,5020.0,1881,87769,11.19,145.018,10.355,156.613,-2.282,10499,,,1169,142.674,-4.887,55467,146.736,-6.916,16036,144.99,-4.396,45048,150.604,4.958,83825,,,1213,150.653,5.873,85336,146.051,-0.019,50780,144.456,-4.852,35351,110.29,-33.171,13348,v10,18992fa,fedca7c,2026-09-04T23:05:01+00:00
65360,30054.3,50740,293930,6.259,151.697,12.76,174.849,8.626,81316,160.868,-6.579,65953,160.1,5.125,243493,151.106,-7.02,133085,159.701,-1.824,141958,158.57,6.509,277957,,,39460,151.474,-7.058,119898,175.78,19.577,220304,147.003,-5.553,244389,139.634,-14.199,214848,v10,18992fa,fedca7c,2026-09-04T23:05:01+00:00
65370,56959.8,87935,347054,3.899,,,,,54615,,,18054,,,78892,,,86150,,,41398,147.868,13.787,328487,,,26663,130.678,-10.135,92675,154.272,13.727,192394,131.573,-2.296,313646,122.728,-10.997,251580,v10,18992fa,fedca7c,2026-09-04T23:05:01+00:00
65378,31903.4,23467,1305918,26.197,144.671,12.206,166.084,4.007,554804,169.621,-14.068,243790,172.265,3.415,377958,161.045,-5.798,393880,167.444,-1.162,422719,149.028,3.916,1251878,163.578,-7.381,341484,155.648,-8.235,430545,161.96,14.631,1113445,141.209,-4.416,1216478,142.016,-5.682,987159,v10,18992fa,fedca7c,2026-09-04T23:05:01+00:00
65380,28902.3,30146,1729871,38.306,186.805,16.847,212.075,11.851,1360845,217.612,-1.486,1019540,212.309,2.709,1194146,218.709,1.397,1067321,207.732,-0.273,1205109,186.438,-3.036,1633132,203.625,-4.502,1211520,197.665,-6.709,1276219,205.727,9.557,1439332,187.19,-1.228,1671403,190.046,0.852,1649341,v10,18992fa,fedca7c,2026-09-04T23:05:01+00:00
65390,53134.7,147070,1622591,19.544,133.023,12.248,147.749,12.494,851070,,,57982,138.208,-4.661,150353,121.974,-7.214,317116,132.354,-0.747,218667,143.583,10.466,1597490,125.702,-12.403,275601,113.738,-15.454,307423,142.651,8.947,1315363,117.52,-15.207,1414582,126.32,-5.602,947261,v10,18992fa,fedca7c,2026-09-04T23:05:01+00:00
65400,13704.8,2555,17642,0.824,,,,,0,,,1097,,,13287,,,11232,,,15056,,,14884,,,10866,,,0,,,0,,,0,,,4936,v10,18992fa,fedca7c,2026-09-04T23:05:01+00:00
66100,74850.8,253622,4774146,40.821,147.672,17.295,161.311,10.969,3862726,152.007,-6.536,2785974,138.047,-0.858,3277619,135.844,-2.623,1847341,152.817,-1.444,3545585,148.857,-0.582,4203289,138.291,-2.65,2548794,122.177,-10.953,1651498,144.267,8.516,2358499,136.228,3.511,2739291,155.951,4.217,4111250,v10,18992fa,fedca7c,2026-09-04T23:05:01+00:00
66110,92301.8,83583,5967825,41.38,170.358,18.037,192.174,11.58,4295975,187.465,-1.593,3846417,179.966,0.327,4718648,187.751,2.495,3971385,179.812,1.221,4861837,174.45,0.022,5325613,166.077,-8.231,4202572,200.57,-1.923,2209991,180.974,8.911,4640381,170.585,-0.624,4504540,174.604,2.199,5672991,v10,18992fa,fedca7c,2026-09-04T23:05:01+00:00
66120,14020.2,7182,1558388,71.138,185.936,15.981,201.164,7.023,1344923,196.852,-6.511,1133010,195.222,-1.023,1257491,198.024,0.569,1234649,198.656,3.376,1308043,186.977,0.339,1529295,189.435,-8.497,1211154,184.89,-7.256,1382979,198.132,11.362,1529727,182.608,-6.478,1327044,188.33,0.325,1489763,v10,18992fa,fedca7c,2026-09-04T23:05:01+00:00
66130,2987.0,364,275516,59.033,179.434,14.142,185.849,4.147,248922,171.671,-13.8,225540,180.775,-1.178,253188,186.79,2.529,230846,183.004,1.773,263699,185.831,6.037,273382,166.312,-16.679,247362,171.718,-7.998,269976,192.922,13.232,273781,165.6,-18.818,149240,184.871,4.858,271665,v10,18992fa,fedca7c,2026-09-04T23:05:01+00:00
66140,29292.3,14228,2175486,47.532,187.141,13.921,194.594,5.433,1300216,191.303,-7.854,1496628,195.2,3.206,1954774,189.87,-0.982,1896654,192.989,0.674,1951098,191.733,3.86,2138570,182.436,-12.816,1791749,181.445,-8.419,2028202,201.528,13.39,2125200,189.209,-2.456,1810279,187.565,-0.901,2104536,v10,18992fa,fedca7c,2026-09-04T23:05:01+00:00
66150,39207.8,30266,1176537,19.205,200.006,19.202,189.83,4.213,336358,221.39,5.526,805025,204.468,-2.255,1002591,226.302,-0.898,665326,206.888,2.989,1066163,203.916,0.704,1068979,199.861,-6.406,1015104,196.888,-6.232,1077001,211.677,9.548,1109016,217.822,7.879,911803,200.824,-0.411,1150161,v10,18992fa,fedca7c,2026-09-04T23:05:01+00:00
66160,12294.2,73246,615999,32.067,167.258,15.171,170.654,-3.419,217013,169.116,-12.926,283224,178.481,6.952,493725,166.258,-4.009,521390,166.11,-5.868,505411,174.264,7.019,553872,161.761,-16.982,365397,164.712,-4.096,533632,178.807,9.917,526739,176.649,5.187,505300,160.817,-10.435,528434,v10,18992fa,fedca7c,2026-09-04T23:05:01+00:00
66170,13028.0,5455,472889,23.231,169.87,15.083,176.399,2.891,208708,172.278,-6.491,223049,178.216,5.654,396745,166.791,-3.284,437240,167.232,-4.198,420410,174.72,4.299,431906,158.469,-18.381,316330,160.421,-9.312,418957,181.147,9.976,414971,175.627,3.976,401796,169.457,-5.986,377931,v10,18992fa,fedca7c,2026-09-04T23:05:01+00:00
66180,13162.2,12801,657892,31.989,175.304,12.651,197.409,9.713,132414,181.416,-8.237,301896,185.15,7.262,590199,184.977,2.353,494706,178.94,0.48,589363,179.369,3.662,642596,167.183,-19.85,437455,169.843,-5.369,648476,186.774,9.594,610000,183.994,3.607,553760,166.959,-16.327,512646,v10,18992fa,fedca7c,2026-09-04T23:05:01+00:00
66190,49783.1,899459,1387437,17.837,183.653,14.342,186.824,7.792,515681,184.965,-6.16,835529,186.202,6.557,1130437,189.632,3.161,696565,188.769,4.04,1317312,186.103,1.921,1338145,175.19,-12.353,1173308,177.611,-6.661,1343981,195.421,10.873,1332824,190.852,6.515,1339191,165.833,-20.292,1265420,v10,18992fa,fedca7c,2026-09-04T23:05:01+00:00
66210,60207.6,2095029,274387,2.917,,,199.745,10.692,168356,180.101,-9.377,229117,190.864,11.168,172292,199.151,11.016,211765,196.272,8.316,255430,193.586,5.552,262114,182.133,-6.522,249623,180.058,-7.399,259541,194.555,6.634,260171,195.36,7.84,263666,169.154,-18.601,266819,v10,18992fa,fedca7c,2026-09-04T23:05:01+00:00
66220,24251.9,892671,436820,11.528,180.68,11.108,183.392,4.649,262718,170.074,-12.414,399732,191.462,10.764,436201,189.305,8.219,430201,180.451,-0.247,436550,182.943,2.249,436527,179.961,-2.977,389530,175.616,-5.08,436623,183.716,3.93,409011,187.461,6.747,436419,164.081,-17.636,410603,v10,18992fa,fedca7c,2026-09-04T23:05:01+00:00
66230,15445.1,1179824,99622,4.128,,,196.739,11.356,99235,174.314,-11.992,94391,193.619,8.342,99605,194.108,8.316,97311,177.613,-7.692,99523,189.463,4.193,99621,182.857,-3.309,95536,178.41,-6.867,99602,192.638,10.773,83060,187.649,2.377,99619,170.657,-14.658,99466,v10,18992fa,fedca7c,2026-09-04T23:05:01+00:00
66240,21104.8,797707,629580,19.092,189.189,10.806,199.16,10.353,619934,173.266,-12.972,479375,194.572,5.362,629028,198.414,9.141,627848,175.53,-13.712,628193,192.644,3.449,629332,181.232,-9.383,600864,182.928,-6.267,629080,204.13,14.892,628352,189.042,-0.146,629145,174.345,-14.914,627915,v10,18992fa,fedca7c,2026-09-04T23:05:01+00:00
66251,11562.6,392070,234178,12.962,193.894,10.592,206.648,15.084,207400,181.8,-10.125,126727,197.247,3.235,233536,199.807,5.719,232881,176.947,-17.155,232532,198.034,4.126,234038,187.67,-7.156,228333,187.947,-5.931,233997,215.032,21.003,233441,194.62,0.726,234178,183.901,-10.061,233732,v10,18992fa,fedca7c,2026-09-04T23:05:01+00:00
66252,13785.3,949453,462859,21.489,197.288,13.495,210.12,29.427,281846,202.785,0.565,339789,198.775,1.226,460512,206.701,8.913,458477,181.168,-17.412,450529,203.596,6.233,462160,187.832,-12.815,431063,189.414,-7.902,462653,219.699,21.831,457775,197.462,0.174,462858,192.084,-5.517,460083,v10,18992fa,fedca7c,2026-09-04T23:05:01+00:00
66254,15100.0,8909154,799235,33.875,192.336,16.513,223.761,31.803,778581,201.817,3.851,505662,190.519,-2.229,792830,203.579,10.284,784432,173.5,-22.544,733265,191.481,-0.955,797612,176.493,-23.743,660804,183.471,-9.021,797024,214.278,20.068,767949,193.964,1.622,799062,188.938,-4.11,788414,v10,18992fa,fedca7c,2026-09-04T23:05:01+00:00
66255,26557.6,2052085,713515,17.195,177.488,15.582,218.664,40.89,708386,188.443,7.836,266275,179.928,2.293,710813,182.09,3.834,698990,148.585,-34.595,563693,171.578,-6.238,707024,160.855,-23.232,526365,177.392,-0.124,713103,194.391,12.118,584454,182.638,5.121,713048,170.279,-8.622,685064,v10,18992fa,fedca7c,2026-09-04T23:05:01+00:00
66256,11697.9,139632,398873,21.823,167.257,17.492,211.364,43.704,393204,155.221,0.293,55131,171.463,4.192,398404,163.544,-5.544,357903,125.319,-48.419,218749,153.049,-16.319,348460,134.132,-40.94,123690,178.608,11.175,396769,156.663,-19.768,94931,171.238,3.61,392104,170.759,0.973,348995,v10,18992fa,fedca7c,2026-09-04T23:05:01+00:00
66257,20821.6,659523,583805,17.945,157.539,20.44,205.703,48.043,578859,176.986,14.54,82035,157.982,0.238,575855,161.691,-4.419,307638,135.789,-27.725,319539,143.073,-18.857,394347,125.541,-36.798,303085,171.9,13.55,562294,161.257,-15.191,90984,160.67,1.585,519934,168.652,4.008,363403,v10,18992fa,fedca7c,2026-09-04T23:05:01+00:00
66258,9789.5,22370,650803,42.547,156.736,19.631,200.072,43.18,645417,190.847,25.799,81216,166.387,9.563,647276,148.485,-13.6,318385,147.901,-14.946,291180,139.463,-22.17,323913,132.826,-25.19,366911,169.016,11.687,634556,143.836,-31.38,92082,151.89,-6.813,517295,163.879,-0.614,256153,v10,18992fa,fedca7c,2026-09-04T23:05:01+00:00
66259,10693.6,88840,24961,1.494,,,176.655,22.157,23373,,,7418,154.21,0.727,24880,,,5616,,,7,,,956,,,4003,162.083,8.53,24819,,,0,,,11935,,,1939,v10,18992fa,fedca7c,2026-09-04T23:05:01+00:00
66260,18467.3,111408,718407,24.897,145.922,17.031,158.352,9.324,593509,148.537,2.868,532339,159.011,12.938,713815,160.401,7.99,376784,144.859,-38.754,62373,141.284,-18.894,211854,136.003,-9.335,475498,159.841,13.493,702162,,,19580,117.155,-29.777,583272,150.491,-27.377,64255,v10,18992fa,fedca7c,2026-09-04T23:05:01+00:00
66270,77887.8,384615,338762,2.784,,,146.093,2.411,243372,138.727,-9.272,172169,138.759,-3.586,338227,169.476,23.318,244678,,,51777,,,27601,138.95,-4.103,318149,156.535,14.037,334007,,,10296,106.939,-43.151,126942,,,70662,v10,18992fa,fedca7c,2026-09-04T23:05:01+00:00
66280,36060.2,198838,55939,0.993,,,,,33125,,,21057,,,55668,,,52375,,,21764,,,18205,,,43893,,,31910,,,27180,,,27909,,,41169,v10,18992fa,fedca7c,2026-09-04T23:05:01+00:00
66290,40638.6,575408,10350,0.163,,,,,8025,,,3278,,,6801,,,10290,,,3936,,,5818,,,8011,,,3674,,,5946,,,7411,,,6842,v10,18992fa,fedca7c,2026-09-04T23:05:01+00:00
66401,4094.7,35579,604720,94.517,150.877,18.467,161.204,13.886,499504,150.809,-0.854,579765,152.439,1.292,597682,182.322,27.951,525328,142.948,-33.953,159597,136.19,-29.422,217434,148.836,-1.002,565751,166.109,15.322,598823,183.486,-31.449,37058,120.401,-35.42,418629,168.502,-3.097,184752,v10,18992fa,fedca7c,2026-09-04T23:05:01+00:00
66402,87433.4,81055,2345920,17.172,145.362,18.959,141.055,-3.416,1605028,150.478,-1.348,1241433,140.833,-4.539,2323486,175.313,28.47,2142419,137.73,-22.822,776770,179.441,9.771,486680,146.328,-0.798,2057590,158.003,9.853,1681568,127.33,-34.534,464068,126.49,-32.365,822815,162.321,10.596,1297046,v10,18992fa,fedca7c,2026-09-04T23:05:01+00:00
66403,27715.5,165349,254797,5.884,143.266,17.5,135.446,-11.51,139484,178.218,23.098,53778,147.517,4.253,254776,162.998,19.001,238703,187.423,30.224,46228,194.82,42.549,83650,128.019,-15.306,222770,145.068,-4.257,129128,,,24961,123.057,-31.723,44786,150.789,5.605,189102,v10,18992fa,fedca7c,2026-09-04T23:05:01+00:00
66404,61465.2,88305,48848,0.509,,,,,28343,,,15851,,,44929,,,44365,,,18160,,,14246,,,38089,,,18908,,,17902,,,24916,,,40339,v10,18992fa,fedca7c,2026-09-04T23:05:01+00:00
66405,146228.6,3573350,136528,0.598,,,,,108576,,,81303,,,115802,,,104555,,,86804,,,99882,,,93606,,,77004,,,83542,,,91519,,,106774,v10,18992fa,fedca7c,2026-09-04T23:05:01+00:00
67101,36532.9,660165,27226,0.477,,,,,13755,,,9094,,,18982,,,24961,,,8611,,,20749,,,21116,,,8299,,,9879,,,22443,,,17096,v10,18992fa,fedca7c,2026-09-04T23:05:01+00:00
67102,13581.6,1158356,20183,0.951,,,,,11151,,,13670,,,8681,,,13999,,,10026,,,9045,,,5029,,,11927,,,13501,,,17943,,,19293,v10,18992fa,fedca7c,2026-09-04T23:05:01+00:00
67104,17093.8,219334,50802,1.902,,,,,12630,,,22770,264.872,3.158,37863,220.952,-36.559,43027,256.149,2.403,28683,257.574,-4.028,37860,,,21264,308.323,47.892,31622,229.98,-17.552,29591,317.204,50.302,45021,186.087,-66.434,40586,v10,18992fa,fedca7c,2026-09-04T23:05:01+00:00
67106,16063.1,78137,82385,3.282,,,,,5709,293.482,25.476,33943,266.88,-17.504,54427,209.042,-80.258,65226,278.203,2.438,41043,293.242,-0.786,65797,173.647,-79.536,26776,321.684,33.911,50625,275.127,1.862,39896,319.687,25.235,60746,266.282,-21.303,57941,v10,18992fa,fedca7c,2026-09-04T23:05:01+00:00
67107,177191.9,19752679,148786,0.537,,,,,86983,,,125501,,,141354,,,137352,,,123280,,,126467,,,72722,,,132936,,,122667,,,69014,,,131922,v10,18992fa,fedca7c,2026-09-04T23:05:01+00:00
67202,32684.5,3616020,70,0.001,,,,,26,,,36,,,67,,,62,,,13,,,29,,,70,,,45,,,62,,,26,,,70,v10,18992fa,fedca7c,2026-09-04T23:05:01+00:00
67204,21626.0,3986332,3124,0.092,,,,,1778,,,2804,,,2699,,,2201,,,2209,,,2278,,,2418,,,2792,,,1944,,,1903,,,2741,v10,18992fa,fedca7c,2026-09-04T23:05:01+00:00
67206,22420.9,1743481,11,0.0,,,,,10,,,10,,,1,,,0,,,1,,,0,,,2,,,0,,,0,,,0,,,9,v10,18992fa,fedca7c,2026-09-04T23:05:01+00:00
67208,15397.6,308486,9,0.0,,,,,0,,,0,,,5,,,0,,,9,,,0,,,6,,,0,,,9,,,0,,,0,v10,18992fa,fedca7c,2026-09-04T23:05:01+00:00
71110,2721.6,0,302412,71.114,197.635,14.29,,,0,,,28,128.814,-45.904,4472,195.78,-2.042,299574,182.621,-15.19,299896,211.149,13.333,299950,198.616,0.806,299702,,,0,,,0,,,0,,,357,v10,18992fa,fedca7c,2026-09-04T23:05:01+00:00
71120,7887.0,0,970043,78.715,186.548,14.608,,,0,,,4,,,8320,198.508,11.945,968638,166.847,-19.728,966174,190.948,4.363,966266,189.504,2.92,965471,,,0,,,0,,,0,,,3175,v10,18992fa,fedca7c,2026-09-04T23:05:01+00:00
71130,2332.3,0,284394,78.04,184.463,12.411,,,0,,,0,,,2956,184.034,-0.449,283852,167.067,-17.434,282777,190.236,5.738,283493,198.014,13.498,282690,,,0,,,0,,,0,,,908,v10,18992fa,fedca7c,2026-09-04T23:05:01+00:00
71140,50244.2,345,5074006,64.632,188.172,16.718,,,87,,,896,208.327,19.835,2494091,196.742,8.384,4964948,158.529,-29.688,5045458,187.505,-0.743,5042685,190.103,1.848,5031062,,,12,,,0,,,0,,,30541,v10,18992fa,fedca7c,2026-09-04T23:05:01+00:00
71150,566.7,0,71289,80.51,179.4,10.947,,,0,,,6,,,313,182.933,3.533,71284,163.052,-16.332,71213,184.841,5.44,71289,187.326,7.94,71213,,,0,,,0,,,0,,,28,v10,18992fa,fedca7c,2026-09-04T23:05:01+00:00
71160,13992.0,0,1519084,69.484,179.368,16.094,,,18,,,118,,,14570,190.46,11.08,1516732,154.979,-24.399,1516733,173.988,-5.4,1513384,199.838,20.453,1515642,,,0,,,0,,,0,,,7094,v10,18992fa,fedca7c,2026-09-04T23:05:01+00:00
71170,676.1,0,87568,82.892,175.052,12.169,,,0,,,0,,,161,174.875,-0.174,87494,161.125,-13.922,87523,187.816,12.767,87534,180.985,5.942,87469,,,0,,,0,,,0,,,11,v10,18992fa,fedca7c,2026-09-04T23:05:01+00:00
71181,93783.2,5369,6855357,46.783,179.925,14.965,,,1039,,,3459,200.985,15.154,2678233,182.093,2.166,6689465,155.189,-24.743,6832874,180.078,0.125,6809337,190.755,10.799,6830814,,,4546,,,34353,,,33639,,,62484,v10,18992fa,fedca7c,2026-09-04T23:05:01+00:00
71182,69050.7,4078,4037542,37.422,184.115,15.812,,,4537,,,8708,187.125,2.958,4009233,184.129,-0.081,3917302,159.098,-25.04,4015760,181.279,-2.936,3985659,194.359,10.187,4008717,,,8,,,0,,,0,,,10198,v10,18992fa,fedca7c,2026-09-04T23:05:01+00:00
71183,3787.6,15,84334,14.25,161.035,12.443,,,488,,,113,161.663,0.671,83713,153.745,-7.232,83235,162.857,1.861,83457,165.283,4.261,83281,159.759,-1.256,83492,,,0,,,0,,,0,,,130,v10,18992fa,fedca7c,2026-09-04T23:05:01+00:00
71184,15410.3,9913,369520,15.346,162.422,11.153,,,1356,,,502,155.125,-7.243,365275,167.861,5.45,367449,163.902,1.509,366425,174.69,12.308,364777,157.197,-5.179,365247,,,14706,151.637,-8.243,227034,164.863,4.986,227233,150.895,-8.952,226262,v10,18992fa,fedca7c,2026-09-04T23:05:01+00:00
71185,43359.2,4288,1704660,25.161,164.743,15.643,,,3695,,,1266,163.267,-2.267,1362729,159.118,-6.372,1298981,160.058,-5.248,1400471,171.64,6.32,1393079,173.747,8.991,1696264,,,902,154.898,-6.081,398164,130.799,-30.164,396852,169.759,8.722,399848,v10,18992fa,fedca7c,2026-09-04T23:05:01+00:00
71186,26923.4,10087,915260,21.757,154.44,13.975,,,2122,,,541,157.567,-0.646,200899,169.896,9.992,446039,160.242,1.288,548820,166.799,8.075,571049,151.119,-3.308,911378,,,1,155.6,7.742,394603,127.634,-20.21,394542,142.457,-5.355,393149,v10,18992fa,fedca7c,2026-09-04T23:05:01+00:00
71187,5490.9,1103,158865,18.517,164.42,12.531,,,303,,,90,165.104,0.68,157995,169.177,4.801,127321,161.741,-2.677,158328,179.513,15.086,158056,146.422,-17.99,157962,,,255,,,0,,,0,,,40,v10,18992fa,fedca7c,2026-09-04T23:05:01+00:00
71188,11191.6,9191,399317,22.835,160.137,14.413,,,592,,,4,167.555,7.334,196965,172.776,12.13,376207,156.887,-3.262,397914,166.634,6.485,398157,142.263,-17.89,397064,,,32,175.851,18.125,80576,159.786,2.082,79705,153.577,-4.148,80158,v10,18992fa,fedca7c,2026-09-04T23:05:01+00:00
71189,33499.4,61170,1868622,35.7,156.914,14.116,,,1550,,,1549,158.262,0.772,1283659,164.747,6.94,1491098,151.898,-5.022,1858382,159.711,2.787,1860229,144.952,-11.967,1857059,165.499,7.844,745324,170.095,13.23,1779443,153.677,-2.998,1364186,152.274,-4.593,1772134,v10,18992fa,fedca7c,2026-09-04T23:05:01+00:00
71190,17796.6,863,2425703,87.233,173.279,12.37,,,2,,,938,213.665,32.479,109828,165.818,-7.453,2423337,166.146,-7.123,2422750,188.614,15.347,2420504,176.932,3.656,2423707,,,0,,,0,,,0,,,9017,v10,18992fa,fedca7c,2026-09-04T23:05:01+00:00
71200,15111.7,11396,2280603,96.586,149.064,15.825,114.964,-28.068,670510,119.893,-22.175,291979,124.024,-25.109,737026,164.091,12.864,1226956,152.381,3.543,1755312,139.332,-10.743,1792696,145.094,-4.871,1975710,140.217,-11.316,1606776,174.446,24.922,2144569,153.445,3.71,533565,157.763,8.688,2278118,v10,18992fa,fedca7c,2026-09-04T23:05:01+00:00
71211,19237.9,4684,2073331,68.975,168.661,14.752,,,76,,,364,193.874,15.301,81619,163.278,-5.363,2070085,153.151,-15.471,2067405,188.08,19.449,2067460,176.832,8.186,2069198,,,0,,,0,,,0,,,7968,v10,18992fa,fedca7c,2026-09-04T23:05:01+00:00
71212,20267.9,13871,794154,25.077,172.383,13.97,,,26,,,165,196.313,18.402,416233,164.012,-8.285,787358,158.993,-13.393,792887,180.627,8.248,787484,177.915,5.525,791838,,,853,167.295,2.92,36709,147.187,-17.158,36397,168.278,3.453,37901,v10,18992fa,fedca7c,2026-09-04T23:05:01+00:00
71213,47.2,0,1024,13.885,171.555,15.006,,,0,,,0,,,41,173.414,1.871,1022,160.179,-11.376,1024,187.259,15.813,1018,167.527,-3.997,1016,,,0,,,0,,,0,,,16,v10,18992fa,fedca7c,2026-09-04T23:05:01+00:00
71214,16086.8,5587,516105,20.533,164.205,13.186,,,56,,,89,160.829,-2.257,423042,157.761,-6.43,513110,158.134,-6.048,513806,184.698,20.598,508201,164.364,0.183,512985,,,4982,173.036,11.434,154668,142.65,-18.882,152889,166.42,4.81,153672,v10,18992fa,fedca7c,2026-09-04T23:05:01+00:00
71215,9954.5,64,341673,21.967,167.658,12.298,,,13,,,18,158.864,-5.201,89850,161.235,-6.412,340807,157.631,-9.992,339890,195.294,27.802,330366,170.296,2.674,338467,,,0,,,0,,,0,,,1237,v10,18992fa,fedca7c,2026-09-04T23:05:01+00:00
71216,6891.5,0,397913,36.953,156.684,12.535,,,1,,,12,152.619,-3.874,390718,152.751,-3.922,397439,147.202,-9.456,397052,201.078,44.549,391793,158.521,1.87,396544,,,0,,,3430,,,3391,,,3433,v10,18992fa,fedca7c,2026-09-04T23:05:01+00:00
71217,25907.1,10952,1077785,26.625,158.495,10.58,,,2,,,7,152.219,-4.71,390638,160.717,2.231,1076932,151.849,-6.614,1074960,172.916,13.956,952584,159.642,1.17,1074487,,,557,,,646,,,612,,,1728,v10,18992fa,fedca7c,2026-09-04T23:05:01+00:00
71218,9206.4,937,410979,28.57,161.592,11.568,,,2,,,0,149.876,-12.139,187906,169.601,8.019,410218,154.587,-6.981,409894,167.164,5.542,403853,159.124,-2.451,409630,,,12033,,,12518,,,56,182.536,18.912,15072,v10,18992fa,fedca7c,2026-09-04T23:05:01+00:00
71220,9373.0,12946,1310589,89.489,151.786,13.429,149.986,-1.376,123073,,,959,136.836,-14.944,1309032,178.68,26.894,1310197,145.425,-6.357,1309568,141.146,-10.638,1310147,142.771,-9.013,1309872,168.588,16.208,1102438,161.816,10.031,1310197,160.137,8.302,1284789,149.895,-1.888,1309715,v10,18992fa,fedca7c,2026-09-04T23:05:01+00:00
71221,10803.9,7,334891,19.838,157.221,15.571,,,1,,,162,151.793,-5.243,326788,155.884,-1.319,334045,149.339,-7.853,333907,141.619,-15.466,327623,142.704,-14.451,332269,180.37,23.35,309910,176.806,19.759,316625,159.187,2.206,312031,179.292,22.262,315517,v10,18992fa,fedca7c,2026-09-04T23:05:01+00:00
71222,86417.0,87046,6588817,48.796,152.293,12.915,,,17119,,,2746,146.771,-5.436,6197390,159.112,6.659,5986459,146.197,-6.032,6551327,142.238,-9.998,6554517,139.514,-12.591,6465700,174.683,21.992,5736407,162.547,10.274,6574849,156.142,3.916,6357396,163.794,11.555,6554636,v10,18992fa,fedca7c,2026-09-04T23:05:01+00:00
71223,52807.1,11191,1354622,16.417,159.23,13.836,,,109,,,61,148.034,-10.917,860171,165.751,6.061,1292745,152.127,-7.042,1343181,155.679,-3.48,1327085,145.485,-13.671,1339377,175.559,16.617,1071943,169.379,10.336,1125693,166.721,8.124,799154,166.748,7.728,1120934,v10,18992fa,fedca7c,2026-09-04T23:05:01+00:00
71224,139660.1,118565,2749190,12.598,160.867,13.068,,,2741,,,221,148.151,-11.23,1690041,167.467,6.595,2722742,159.641,-0.599,2555912,157.186,-3.654,2714522,139.296,-20.87,2501764,177.073,15.495,2090026,173.808,12.382,2252487,150.656,-10.225,1979334,162.257,0.849,2235464,v10,18992fa,fedca7c,2026-09-04T23:05:01+00:00
71225,12786.3,407728,1244936,62.313,148.243,11.061,,,3,,,51,145.22,-1.944,732943,155.125,6.937,921226,147.068,-1.117,1240001,140.174,-8.042,1242546,134.791,-13.114,1217685,175.583,27.467,1181193,154.649,6.414,1244055,154.159,5.437,1047598,150.836,2.681,1238264,v10,18992fa,fedca7c,2026-09-04T23:05:01+00:00
71226,121495.8,969120,16507206,86.955,147.802,12.492,,,32910,125.166,-19.507,617920,139.377,-8.094,14651874,160.652,12.675,15512639,155.704,7.908,16464937,142.836,-4.957,16477712,138.738,-8.779,15113695,163.164,13.913,8267081,165.98,18.18,16495944,138.443,-9.227,8618768,143.236,-4.334,13487874,v10,18992fa,fedca7c,2026-09-04T23:05:01+00:00
71227,5719.4,271011,776853,86.93,147.708,12.114,,,40,,,3279,149.938,2.231,776628,163.29,15.128,620545,145.769,-1.937,776686,136.551,-11.156,776739,136.943,-10.718,769679,177.762,28.572,532974,158.621,10.914,776716,141.497,-6.238,726593,158.745,11.038,776655,v10,18992fa,fedca7c,2026-09-04T23:05:01+00:00
71228,86822.2,502106,12628465,93.089,150.575,14.307,146.955,-1.195,5431295,120.067,-26.474,1069073,136.426,-13.166,10368559,176.662,26.096,11658902,144.665,-5.844,12432259,135.195,-15.159,12266588,139.821,-10.736,12590229,166.583,16.275,6724246,162.315,11.741,12622808,156.867,6.671,11776151,162.919,12.348,12616213,v10,18992fa,fedca7c,2026-09-04T23:05:01+00:00
71229,60502.4,171843,9075001,95.996,148.265,13.557,146.067,-2.215,6257699,124.645,-21.878,2223029,144.629,-3.606,8008004,167.74,19.293,7971749,148.135,-0.117,9051572,132.941,-15.293,8959504,135.503,-12.496,7611333,175.211,25.701,6194822,164.572,16.307,9069771,154.45,6.055,7544366,148.469,0.21,9059495,v10,18992fa,fedca7c,2026-09-04T23:05:01+00:00
71230,84614.3,68828,4838476,36.597,159.247,13.166,,,11435,,,2361,147.229,-11.751,4693369,160.337,1.327,4704703,153.572,-5.625,4801715,170.012,10.805,4811455,154.872,-4.331,4809454,176.887,19.197,2637284,166.299,7.123,4529231,147.908,-10.602,4096522,160.705,1.576,4506790,v10,18992fa,fedca7c,2026-09-04T23:05:01+00:00
71240,18836.5,16934,2839921,96.491,161.108,18.209,,,3394,142.145,-21.704,343448,127.099,-32.803,2381255,173.707,11.593,2292469,156.05,-4.989,2730417,157.018,-4.055,2810983,149.564,-11.546,2837602,177.785,14.842,1403832,190.156,29.047,2839241,159.469,-0.497,1375676,168.496,7.382,2837852,v10,18992fa,fedca7c,2026-09-04T23:05:01+00:00
71241,23254.7,74554,2982659,82.087,156.973,15.919,,,799,,,261,129.251,-27.12,2556706,176.796,21.755,1993586,149.634,-7.263,2958198,150.967,-5.89,2951602,152.732,-4.239,2976582,179.041,17.172,991759,179.564,22.591,2980754,158.669,2.166,2848392,156.447,-0.523,2977683,v10,18992fa,fedca7c,2026-09-04T23:05:01+00:00
71242,10154.1,12957,1537963,96.936,158.199,17.367,,,77,,,0,119.083,-37.682,1268188,189.476,22.983,91755,140.527,-17.668,1536144,152.761,-5.438,1536797,158.074,-0.123,1536688,176.821,15.323,676246,191.586,33.386,1537306,163.072,5.0,1502010,162.271,4.07,1537067,v10,18992fa,fedca7c,2026-09-04T23:05:01+00:00
71243,1959.0,1980,266391,87.029,150.946,16.975,,,9,,,0,115.946,-34.781,239471,,,1889,134.788,-16.131,265037,148.97,-1.986,265349,151.687,0.756,264675,,,1524,181.5,30.545,265684,157.096,6.144,261967,164.035,13.12,264108,v10,18992fa,fedca7c,2026-09-04T23:05:01+00:00
71244,29437.6,147754,4360378,94.799,151.801,16.056,,,182,132.643,-17.517,1987202,139.616,-12.32,3988639,157.938,6.317,3945917,156.045,4.24,4355452,153.98,2.176,4358320,138.502,-13.307,4353097,147.796,-3.056,2885804,174.203,22.29,4255408,152.788,0.601,2497634,168.824,16.908,4252661,v10,18992fa,fedca7c,2026-09-04T23:05:01+00:00
71245,13926.5,74964,1694698,77.881,154.373,16.571,,,311,,,8,132.861,-21.559,1266219,160.318,2.009,810560,144.665,-9.675,1686937,156.827,2.463,1691997,139.335,-15.006,1687823,163.27,0.775,135550,175.814,21.446,1691626,162.381,8.033,1680904,171.666,17.322,1686805,v10,18992fa,fedca7c,2026-09-04T23:05:01+00:00
71246,8091.5,28235,1204357,95.259,157.747,17.168,,,77,120.379,-35.408,299067,138.94,-19.271,858725,170.77,13.021,1204044,159.914,2.16,1202774,153.809,-3.942,1203797,137.391,-20.36,1202644,167.153,9.393,1202114,171.528,13.77,1202732,146.637,-11.402,971743,169.059,11.297,1201850,v10,18992fa,fedca7c,2026-09-04T23:05:01+00:00
71247,27245.3,1487339,3110391,73.064,154.193,15.09,,,320,127.448,-24.306,2193743,150.725,-3.549,2731051,161.964,7.763,3106020,155.13,0.926,3101487,162.016,7.816,3106268,139.648,-14.588,3083135,168.061,13.413,2888888,158.088,3.885,3105016,150.543,-3.795,2753975,160.913,6.704,3098988,v10,18992fa,fedca7c,2026-09-04T23:05:01+00:00
71248,7047.0,553,306808,27.864,206.26,12.775,,,1844,171.385,-33.656,295126,208.673,2.367,306548,201.967,-4.326,306627,210.789,4.52,306745,217.595,11.307,306644,202.932,-3.38,306402,219.84,13.648,304532,193.22,-12.931,304689,203.611,-2.561,304512,204.512,-1.721,304580,v10,18992fa,fedca7c,2026-09-04T23:05:01+00:00
71249,13305.1,14727,763149,36.709,202.507,11.137,275.614,23.243,40190,176.47,-26.119,759789,203.9,1.335,761995,203.724,1.211,763040,203.452,0.934,762911,214.633,12.119,763050,201.315,-1.248,761829,204.647,15.943,67076,181.454,-1.237,79278,181.337,-1.434,79519,205.776,-4.595,170355,v10,18992fa,fedca7c,2026-09-04T23:05:01+00:00
71250,37659.0,371890,5610671,95.351,157.934,17.086,118.403,-37.071,116674,129.828,-29.077,452600,126.411,-31.332,4285389,177.31,20.465,4197570,151.329,-5.792,4820020,143.727,-13.669,5149908,156.238,-1.712,5591367,169.976,8.468,2169283,182.911,24.974,5606711,157.896,0.06,3993602,160.29,2.347,5602421,v10,18992fa,fedca7c,2026-09-04T23:05:01+00:00
71260,50559.8,314496,7026754,88.947,156.831,17.447,126.689,-28.989,3087737,131.983,-24.281,5788219,152.141,-1.98,3530808,181.871,25.028,7013891,156.279,-0.743,6696571,158.917,2.079,7007783,151.671,-5.267,6830953,153.795,-1.779,986482,188.927,30.284,4715061,141.956,-12.226,1981443,161.982,3.205,4724583,v10,18992fa,fedca7c,2026-09-04T23:05:01+00:00
71270,17885.8,97009,2696884,96.501,146.177,18.894,111.291,-34.274,2098978,118.887,-25.05,1139980,142.538,-3.903,699788,183.869,37.056,2425951,160.505,10.613,1530197,137.192,-9.234,2355695,137.721,-13.078,1361935,127.657,-23.082,593205,160.664,13.938,2494354,155.719,8.648,662020,154.071,7.223,2496504,v10,18992fa,fedca7c,2026-09-04T23:05:01+00:00
71280,28557.8,201806,3381202,75.775,140.594,19.733,110.215,-29.159,2837018,120.471,-19.493,2606799,149.603,0.722,1522584,177.979,37.048,3306736,168.508,21.635,2217389,131.165,-9.92,2540135,146.41,-7.322,1086765,,,2455,139.437,-1.032,1385937,163.132,16.411,1094755,150.589,2.181,793001,v10,18992fa,fedca7c,2026-09-04T23:05:01+00:00
71290,24883.9,1620618,2759219,70.966,161.127,17.024,129.304,-26.654,2231509,140.443,-26.547,1839340,175.523,-1.517,1224788,191.83,30.69,2757404,176.339,7.74,1981816,163.786,2.59,2750552,161.886,-4.648,2135176,,,2877,160.832,10.555,1295507,142.615,-9.641,437437,153.871,2.271,1341171,v10,18992fa,fedca7c,2026-09-04T23:05:01+00:00
71300,3097.5,0,384490,79.443,186.987,11.225,,,37,,,91,177.815,-5.253,263702,192.443,9.644,255181,188.857,1.869,384081,195.654,8.664,383937,168.23,-18.757,383689,,,0,,,0,,,0,202.403,11.061,9259,v10,18992fa,fedca7c,2026-09-04T23:05:01+00:00
71310,249.0,0,31901,81.995,173.624,12.756,,,0,,,0,196.531,21.59,15304,164.145,-9.473,31892,168.292,-5.292,31842,167.355,-6.229,31798,193.943,20.359,31817,,,0,,,0,,,0,,,36,v10,18992fa,fedca7c,2026-09-04T23:05:01+00:00
71321,4871.3,0,670309,88.066,175.79,14.646,,,1,,,197,195.244,17.691,52625,161.105,-14.676,669744,162.283,-13.492,669476,182.667,6.882,669943,199.183,23.394,669796,,,0,,,0,,,0,,,1300,v10,18992fa,fedca7c,2026-09-04T23:05:01+00:00
71322,31299.8,2412,1742484,35.629,170.951,14.614,,,73,,,127,172.211,-2.041,74703,161.449,-9.497,1740095,154.919,-16.003,1734910,189.666,18.717,1735812,183.204,12.264,1732287,,,15,,,0,,,0,,,6676,v10,18992fa,fedca7c,2026-09-04T23:05:01+00:00
71323,5320.1,836,583718,70.22,173.856,12.89,,,19,,,483,189.964,11.856,40506,161.238,-12.603,582471,162.108,-11.733,581747,179.006,5.155,582331,195.945,22.08,582060,,,0,,,0,,,0,,,1099,v10,18992fa,fedca7c,2026-09-04T23:05:01+00:00
71324,18684.0,209,1882883,64.496,167.45,12.112,,,4,,,226,181.435,10.096,114355,162.573,-4.873,1881888,158.427,-9.018,1882122,161.469,-5.978,1882251,193.261,25.815,1881892,,,0,,,0,,,0,,,1226,v10,18992fa,fedca7c,2026-09-04T23:05:01+00:00
71325,1894.2,29,214780,72.568,170.339,11.054,,,0,,,22,183.635,9.355,37157,160.528,-9.808,214699,158.27,-12.064,214677,176.84,6.501,214755,187.719,17.382,214740,,,0,,,0,,,0,,,29,v10,18992fa,fedca7c,2026-09-04T23:05:01+00:00
71326,15450.9,876,684958,28.372,170.998,12.444,,,44,,,659,176.78,2.185,69381,162.3,-8.687,683536,158.79,-12.173,681364,177.971,6.988,682578,191.08,20.122,679360,,,0,,,0,,,0,,,1936,v10,18992fa,fedca7c,2026-09-04T23:05:01+00:00
71327,6736.5,2198,277968,26.408,172.649,14.248,,,25,,,139,175.184,-1.49,17651,160.472,-12.167,277384,157.857,-14.75,275977,180.767,8.132,277115,198.01,25.403,275346,,,0,,,0,,,0,,,899,v10,18992fa,fedca7c,2026-09-04T23:05:01+00:00
71328,5172.8,68,175272,21.685,163.18,10.856,,,7,,,9,140.618,-23.38,9038,163.942,0.774,174842,154.738,-8.387,174317,175.9,12.746,174596,160.092,-3.02,173316,,,7,,,0,,,0,,,987,v10,18992fa,fedca7c,2026-09-04T23:05:01+00:00
71329,18120.4,7942,437527,15.453,165.224,11.835,,,32,,,135,151.384,-16.583,29843,163.435,-1.778,436499,157.096,-8.056,433633,178.603,13.407,435518,165.229,0.114,429570,,,3,,,0,,,0,,,1914,v10,18992fa,fedca7c,2026-09-04T23:05:01+00:00
71330,29723.3,186,3972839,85.543,172.406,13.193,,,0,,,79,186.174,7.098,434780,162.978,-9.427,3971089,172.213,-0.103,3834915,163.08,-9.326,3972113,197.488,25.083,3971397,,,0,,,0,,,0,,,4823,v10,18992fa,fedca7c,2026-09-04T23:05:01+00:00
71341,204.1,86,28645,89.823,169.647,11.565,,,1,,,0,167.406,-2.194,28465,168.662,-0.96,28569,179.015,9.378,28556,164.475,-5.172,28643,171.18,1.546,28595,,,0,,,0,,,0,192.43,10.617,486,v10,18992fa,fedca7c,2026-09-04T23:05:01+00:00
71342,7336.1,0,956471,83.442,169.573,12.046,,,0,,,12,176.782,4.001,99617,162.27,-7.299,946582,169.851,0.28,955637,160.107,-9.465,956265,190.228,20.656,956041,,,0,,,0,,,0,,,1266,v10,18992fa,fedca7c,2026-09-04T23:05:01+00:00
71343,3054.1,0,416244,87.226,172.721,11.864,,,45,,,21,153.019,-17.048,154412,167.683,-5.034,415878,180.039,7.326,415372,163.959,-8.76,415995,183.576,10.86,415773,,,0,,,0,,,0,189.897,9.398,5570,v10,18992fa,fedca7c,2026-09-04T23:05:01+00:00
71344,14843.7,1040,1200965,51.781,172.099,11.227,,,47,,,176,159.198,-12.494,99927,166.144,-5.966,1190040,175.978,3.887,1197441,164.424,-7.669,1199204,181.393,9.447,1177254,,,0,,,0,,,0,,,11041,v10,18992fa,fedca7c,2026-09-04T23:05:01+00:00
71345,4354.4,0,588682,86.523,171.297,10.856,,,0,,,0,181.663,4.859,9689,163.459,-7.833,588452,174.791,3.497,588348,162.141,-9.154,588463,186.07,14.778,588390,,,0,,,0,,,0,,,1101,v10,18992fa,fedca7c,2026-09-04T23:05:01+00:00
71346,20490.5,2,1432049,44.729,167.333,11.27,,,10,,,757,174.98,2.104,68859,162.937,-4.325,1386202,160.583,-6.713,1427206,164.246,-3.079,1430213,185.398,18.089,1427693,,,0,,,0,,,0,,,2863,v10,18992fa,fedca7c,2026-09-04T23:05:01+00:00
71347,14539.0,214,839128,36.938,166.92,10.624,,,62,,,448,171.767,-1.42,45639,163.957,-2.883,816646,163.573,-3.317,835993,164.198,-2.712,837389,178.076,11.188,835133,,,0,,,0,,,0,,,4069,v10,18992fa,fedca7c,2026-09-04T23:05:01+00:00
71348,12079.4,2,300068,15.898,164.64,9.87,,,57,,,102,,,14164,160.338,-4.294,298511,163.999,-0.622,298880,172.075,7.434,298897,159.454,-5.173,298328,,,0,,,0,,,0,,,540,v10,18992fa,fedca7c,2026-09-04T23:05:01+00:00
71349,24271.3,2643,506114,13.346,163.377,11.111,,,46,,,39,,,35411,162.596,-0.766,504607,155.821,-7.521,502080,173.469,10.096,503803,163.199,-0.15,500456,,,0,,,0,,,0,,,3787,v10,18992fa,fedca7c,2026-09-04T23:05:01+00:00
71351,11066.4,1,1458097,84.326,172.439,12.076,,,102,,,65,163.28,-9.15,1448451,169.263,-3.164,1456585,181.817,9.394,1456134,169.441,-2.989,1456868,178.675,6.259,1454493,,,0,,,0,,,0,191.705,9.69,20777,v10,18992fa,fedca7c,2026-09-04T23:05:01+00:00
71352,65635.1,195,5427212,52.92,170.287,11.284,,,491,,,1340,151.626,-18.613,3465410,169.664,-0.611,5402688,177.376,7.107,5407518,169.358,-0.913,5415095,171.072,1.244,5148512,,,0,,,0,,,0,,,68016,v10,18992fa,fedca7c,2026-09-04T23:05:01+00:00
71353,31597.7,0,4204554,85.162,173.304,12.549,,,85,,,448,161.59,-11.706,4201121,178.035,4.749,4185397,184.743,11.446,4201025,167.09,-6.207,4201080,177.727,4.433,4199461,,,0,,,0,,,0,197.364,5.145,57378,v10,18992fa,fedca7c,2026-09-04T23:05:01+00:00
71354,18593.5,0,2353787,81.019,172.765,11.734,,,147,,,870,155.508,-17.166,2309305,170.743,-1.998,2343173,185.53,12.776,2349371,172.441,-0.309,2350681,175.237,2.497,2348471,,,0,,,0,,,0,,,25391,v10,18992fa,fedca7c,2026-09-04T23:05:01+00:00
71355,1152.5,0,145964,81.056,172.6,13.209,,,0,,,0,169.679,-2.921,145962,183.957,11.356,145960,187.328,14.727,145962,170.759,-1.842,145964,156.385,-16.215,145963,,,0,,,0,,,0,,,18,v10,18992fa,fedca7c,2026-09-04T23:05:01+00:00
71356,49940.9,350,3546770,45.452,172.379,12.056,,,330,,,691,164.163,-10.523,2884738,174.817,2.442,3531427,189.891,17.516,3540685,171.779,-0.592,3541721,160.553,-11.803,3536794,,,3,,,0,,,0,,,31402,v10,18992fa,fedca7c,2026-09-04T23:05:01+00:00
71357,6747.8,0,853638,80.964,174.638,13.839,,,4,,,1,176.111,1.479,853234,186.623,11.983,852799,190.778,16.141,853538,167.098,-7.54,853592,152.881,-21.755,853511,,,0,,,0,,,0,,,1186,v10,18992fa,fedca7c,2026-09-04T23:05:01+00:00
71358,14218.8,0,1721367,77.48,181.687,15.394,,,56,,,52,179.252,-2.432,1720310,201.026,19.334,1718154,193.628,11.942,1721107,175.36,-6.326,1721000,150.789,-30.891,1719779,,,0,,,0,,,0,,,7013,v10,18992fa,fedca7c,2026-09-04T23:05:01+00:00
71359,3258.0,810,419284,82.364,175.117,13.878,,,15,,,0,182.472,7.356,419205,186.66,11.547,418885,180.658,5.542,419237,173.333,-1.782,419255,153.702,-21.413,419209,,,0,,,0,,,0,,,554,v10,18992fa,fedca7c,2026-09-04T23:05:01+00:00
71361,148.2,367,11891,51.351,175.996,14.852,,,10,,,13,184.411,8.591,11794,188.631,12.801,11670,170.495,-5.301,11750,183.471,7.597,11782,155.349,-20.114,11609,,,0,,,0,,,0,201.059,12.655,710,v10,18992fa,fedca7c,2026-09-04T23:05:01+00:00
71362,6502.4,26,848122,83.477,182.329,11.694,,,32,,,38,184.946,2.624,846809,199.402,17.061,842428,176.602,-5.724,847565,183.79,1.461,847734,160.86,-21.461,846738,,,0,,,0,,,0,,,6430,v10,18992fa,fedca7c,2026-09-04T23:05:01+00:00
71363,4716.2,71,548553,74.44,182.345,12.646,,,65,,,97,182.312,-0.029,546810,202.743,20.381,545356,180.942,-1.405,548124,180.975,-1.37,547756,153.25,-29.087,546876,,,0,,,0,,,0,202.524,16.661,10374,v10,18992fa,fedca7c,2026-09-04T23:05:01+00:00
71364,3439.5,0,360563,67.091,183.056,12.289,,,90,,,85,182.822,-0.218,359510,203.037,19.971,359063,178.85,-4.203,360302,184.254,1.202,360239,154.528,-28.505,359249,,,0,,,0,,,0,,,4952,v10,18992fa,fedca7c,2026-09-04T23:05:01+00:00
71365,3504.8,0,338266,61.77,181.742,15.378,,,84,,,30,180.669,-1.061,337361,205.942,24.191,336422,183.312,1.572,338105,177.272,-4.465,337921,151.469,-30.247,337133,,,0,,,0,,,0,200.571,15.665,7312,v10,18992fa,fedca7c,2026-09-04T23:05:01+00:00
71366,51110.4,6624,1602481,20.066,180.242,11.38,,,107,,,35372,175.546,-5.864,1374167,197.847,17.592,1599179,179.542,-0.71,1600099,182.617,2.359,1599364,162.276,-17.977,1598384,181.726,1.469,215092,195.761,15.524,227500,164.42,-15.693,216440,180.99,0.352,248269,v10,18992fa,fedca7c,2026-09-04T23:05:01+00:00
71367,7697.0,86,762048,63.364,179.36,14.424,,,64,,,3,178.009,-1.337,760216,189.202,9.843,761408,198.644,19.286,761682,174.813,-4.542,761067,148.425,-30.924,760418,,,0,,,0,,,0,,,6929,v10,18992fa,fedca7c,2026-09-04T23:05:01+00:00
71368,22365.3,93,764234,21.869,168.286,12.492,,,115,,,192,176.962,-1.1,210983,176.731,8.426,758621,181.257,12.964,759746,166.693,-1.598,761358,143.642,-24.635,760498,,,2584,,,2582,,,2571,,,6284,v10,18992fa,fedca7c,2026-09-04T23:05:01+00:00
71369,35243.0,1240,720376,13.082,165.019,12.123,,,198,,,297,175.956,3.439,133066,171.055,6.046,712627,177.582,12.592,715188,164.164,-0.841,715910,143.784,-21.216,715378,,,10,,,0,,,0,,,4872,v10,18992fa,fedca7c,2026-09-04T23:05:01+00:00
71370,6812.3,510,898869,84.447,181.69,14.563,,,11,,,18,187.063,4.795,795176,201.547,19.279,793057,166.372,-15.317,898661,193.311,11.622,898687,164.201,-17.487,898153,,,0,,,0,,,0,,,2177,v10,18992fa,fedca7c,2026-09-04T23:05:01+00:00
71381,13680.6,3739,983742,46.021,184.879,12.828,,,35,158.819,-30.79,267794,184.913,-0.161,925167,199.657,14.583,922192,171.511,-13.37,983365,193.095,8.213,983224,164.796,-20.087,983289,197.226,5.38,108185,188.788,-2.913,107074,183.832,-6.696,72355,200.346,8.555,217881,v10,18992fa,fedca7c,2026-09-04T23:05:01+00:00
71382,28779.9,44442,725519,16.134,187.406,10.832,,,74,170.239,-17.247,282284,183.165,-4.123,670524,197.824,10.539,670322,191.04,3.613,724175,189.96,2.514,723350,166.071,-21.383,721573,195.2,6.973,562495,177.429,-10.688,567954,161.72,-26.309,552855,196.119,8.184,662344,v10,18992fa,fedca7c,2026-09-04T23:05:01+00:00
71383,3908.6,9,269451,44.12,182.681,11.231,,,24,,,72,185.045,2.361,269157,191.681,8.994,269048,156.539,-26.143,269402,193.258,10.574,269202,167.837,-14.846,269274,,,0,,,0,,,0,,,1055,v10,18992fa,fedca7c,2026-09-04T23:05:01+00:00
71384,24693.7,6875,697681,18.082,182.968,12.305,,,44,161.908,-20.946,437037,181.619,-1.371,695546,197.543,14.53,693988,174.318,-8.661,696793,193.694,10.715,696994,166.003,-16.984,695818,189.922,5.056,161968,179.961,-4.371,170479,162.283,-19.864,113996,191.013,7.107,370300,v10,18992fa,fedca7c,2026-09-04T23:05:01+00:00
71385,2646.1,2,153113,37.033,184.154,10.401,,,0,162.648,-22.026,116066,184.935,0.776,152848,193.133,8.978,152732,176.671,-7.485,153067,192.625,8.47,153064,166.17,-17.989,152688,195.417,4.066,5789,179.419,-11.236,5497,,,145,198.41,11.514,58033,v10,18992fa,fedca7c,2026-09-04T23:05:01+00:00
71386,8928.2,11943,94793,6.795,182.032,12.047,,,7,175.315,-7.534,69385,175.761,-6.39,93716,196.542,14.375,93500,180.748,-1.339,94360,190.815,8.741,94493,162.655,-19.432,94174,190.4,7.772,85268,170.709,-11.273,93152,158.011,-22.622,74143,188.097,5.95,93673,v10,18992fa,fedca7c,2026-09-04T23:05:01+00:00
71387,172.4,0,4099,15.217,190.929,10.501,,,4,182.171,-9.192,3995,183.636,-7.508,4047,200.003,8.963,4073,184.962,-6.091,4069,190.183,-0.951,4066,175.494,-15.547,4077,196.145,4.635,3951,178.91,-10.275,2034,,,85,195.887,4.707,4045,v10,18992fa,fedca7c,2026-09-04T23:05:01+00:00
71388,11768.9,34496,192567,10.472,183.764,12.793,,,16,179.865,-7.364,52762,174.152,-9.683,191617,195.283,11.401,190874,180.583,-3.239,191786,184.884,1.064,192041,152.872,-30.972,191366,194.856,10.722,186052,167.899,-15.849,188354,154.562,-29.768,68126,195.635,11.766,191387,v10,18992fa,fedca7c,2026-09-04T23:05:01+00:00
71389,13148.7,1139,129713,6.314,182.211,12.059,,,22,180.676,-4.834,51112,175.671,-6.653,128565,195.162,12.791,128036,185.775,3.472,128931,186.839,4.563,129262,152.687,-29.636,128679,192.668,9.944,120386,165.888,-16.23,126106,156.538,-23.061,84346,192.337,9.999,128658,v10,18992fa,fedca7c,2026-09-04T23:05:01+00:00
71390,94.7,0,10535,71.197,173.791,19.241,,,0,,,0,,,10,,,0,155.156,-18.635,10535,204.76,30.977,10529,167.815,-5.97,10533,,,0,,,0,,,0,,,34,v10,18992fa,fedca7c,2026-09-04T23:05:01+00:00
72100,684.9,0,66861,62.478,186.94,11.797,,,30,,,43,182.169,-4.766,66036,204.093,16.471,51641,188.36,1.415,66404,187.983,1.022,66251,171.977,-14.98,66216,,,0,,,0,,,0,,,998,v10,18992fa,fedca7c,2026-09-04T23:05:01+00:00
72110,44387.2,59215,2675838,38.582,189.556,8.297,,,188,,,7615,188.266,-2.217,2250342,204.438,13.967,2249252,191.128,1.559,2672318,190.572,0.999,2671609,176.397,-13.187,2668458,196.368,4.827,1075523,180.773,-10.632,1098936,170.833,-20.565,1098412,196.184,4.78,1110403,v10,18992fa,fedca7c,2026-09-04T23:05:01+00:00
72120,66053.7,26153,2633611,25.517,195.039,8.903,,,738,,,1790,190.877,-4.34,2611794,204.727,9.533,2615229,200.273,5.141,2575379,194.808,-0.349,2572910,183.855,-11.352,2581719,194.753,-0.312,2340356,181.566,-13.559,2385201,177.392,-17.758,2372628,199.44,4.275,2381577,v10,18992fa,fedca7c,2026-09-04T23:05:01+00:00
72130,21448.5,2519,1334512,39.82,195.823,9.519,,,534,,,911,190.356,-5.612,1325530,205.482,9.428,1319294,200.877,4.863,1315301,191.078,-4.918,1315454,185.647,-10.35,1314438,198.146,1.913,1124702,181.377,-14.933,1127107,186.054,-10.566,1069843,200.142,3.707,1119456,v10,18992fa,fedca7c,2026-09-04T23:05:01+00:00
72140,41987.4,3896,3032963,46.23,194.896,10.387,,,1677,,,2388,190.596,-4.623,2767913,204.059,9.662,2511837,199.905,5.815,1429768,188.821,-5.348,1426684,182.887,-12.209,2648422,198.904,3.604,2571887,182.574,-12.609,2922365,187.704,-7.094,2673031,199.883,4.708,2774852,v10,18992fa,fedca7c,2026-09-04T23:05:01+00:00
72150,13085.6,1054,1522242,74.451,195.948,8.535,,,163,,,436,189.436,-6.543,1518979,206.646,10.661,1518262,203.388,7.402,1517996,191.34,-4.648,1518581,189.271,-6.705,1518709,202.963,6.231,1308434,186.143,-10.597,1307113,188.118,-8.704,1274226,201.486,4.752,1307297,v10,18992fa,fedca7c,2026-09-04T23:05:01+00:00
72160,46089.4,608,4067155,56.477,193.102,11.218,,,2367,,,3628,186.773,-6.619,3867698,206.13,12.82,3480552,200.29,5.199,1865004,197.338,2.099,1856244,183.842,-9.427,3788420,199.778,6.366,3752226,181.38,-11.907,3996559,187.904,-5.332,3719284,194.092,0.755,3908392,v10,18992fa,fedca7c,2026-09-04T23:05:01+00:00
72170,16110.6,6465,1674129,66.505,198.015,8.379,,,434,,,877,188.655,-9.412,1668735,207.178,8.919,1629889,198.53,0.454,1667455,194.157,-3.91,1668546,188.829,-9.235,1667991,206.338,8.01,1627281,192.942,-5.385,1627260,188.618,-9.732,1623342,200.126,1.748,1620820,v10,18992fa,fedca7c,2026-09-04T23:05:01+00:00
72180,96572.3,436,6025302,39.931,191.291,14.216,,,3780,,,8116,179.816,-11.803,5767672,207.74,15.548,4505994,192.431,-0.858,2137201,187.828,-5.785,2121053,183.356,-8.178,5753142,200.186,8.502,5710292,173.336,-18.25,5876655,188.822,-3.307,4758323,194.279,2.484,5699062,v10,18992fa,fedca7c,2026-09-04T23:05:01+00:00
72190,4374.8,895,351634,51.441,199.342,14.263,,,216,,,33,195.372,-2.051,220015,218.378,20.759,225482,203.275,3.69,344808,192.436,-7.126,345057,195.026,-4.658,342770,177.532,-19.893,217833,202.408,4.932,217448,178.802,-18.763,211645,193.346,-4.646,263791,v10,18992fa,fedca7c,2026-09-04T23:05:01+00:00
72191,22192.8,1,2204776,63.582,192.574,12.269,,,1193,,,1465,174.898,-17.81,2182925,209.021,15.702,1557439,191.983,-0.766,2176241,183.867,-8.839,2184978,190.561,-2.169,2180541,194.442,1.286,2062060,182.954,-10.151,2064703,195.968,2.815,2060532,194.161,0.993,2057363,v10,18992fa,fedca7c,2026-09-04T23:05:01+00:00
72192,41173.0,904,3067979,47.689,192.38,15.506,,,2622,,,2703,188.316,-4.19,3038239,213.854,22.267,2365505,176.778,-14.204,1634195,180.853,-10.381,1617815,186.311,-6.389,2975361,192.686,-0.073,2971016,170.256,-22.463,2997982,190.937,-0.092,2014855,197.991,5.403,2833833,v10,18992fa,fedca7c,2026-09-04T23:05:01+00:00
72193,1875.8,778,230387,78.605,199.825,16.848,,,13,,,13,185.086,-14.834,229294,226.979,26.461,218764,194.819,-5.116,229144,208.795,8.828,228899,197.382,-2.588,228856,191.954,-8.06,228433,179.24,-20.767,228217,205.832,5.625,224618,197.366,-2.645,228220,v10,18992fa,fedca7c,2026-09-04T23:05:01+00:00
72194,15666.1,0,1291936,52.779,194.635,14.012,,,962,,,21,194.116,-2.311,938134,218.26,21.389,641325,177.629,-19.679,207678,201.789,3.072,198927,183.184,-11.72,1271405,196.925,2.014,1272301,176.965,-17.964,1270655,190.595,-5.044,704938,200.361,4.454,1076382,v10,18992fa,fedca7c,2026-09-04T23:05:01+00:00
72195,14362.6,496,1382240,61.593,198.802,16.274,,,1769,,,92,199.369,0.376,944075,220.974,21.794,1322210,187.7,-11.648,1174072,205.071,5.616,1169345,187.259,-11.83,1359388,196.942,-3.058,797204,180.952,-17.698,1264785,192.621,-6.286,932926,194.727,-4.182,1260848,v10,18992fa,fedca7c,2026-09-04T23:05:01+00:00
72196,14368.1,0,1388506,61.848,199.233,15.207,,,2579,,,159,179.331,-12.618,131734,218.852,18.229,1183841,183.244,-17.94,1221555,208.147,6.863,1220232,189.922,-9.631,1369775,192.774,0.163,267631,180.363,-11.733,459698,189.864,-4.011,238478,192.059,-4.681,346687,v10,18992fa,fedca7c,2026-09-04T23:05:01+00:00
72197,51284.7,1861,5495565,68.581,199.916,15.14,,,1274,,,674,149.647,-31.264,283783,224.843,21.432,3817391,191.763,-8.425,5401931,196.571,-3.594,5439530,193.782,-6.372,5435466,,,9,,,0,,,0,,,64201,v10,18992fa,fedca7c,2026-09-04T23:05:01+00:00
72198,28154.1,1290,3172279,72.112,225.394,12.376,,,5,,,29,146.065,-43.992,74872,241.868,16.212,3154151,215.993,-9.707,3148729,225.128,-0.609,3146875,214.372,-11.44,3138859,,,0,,,0,,,0,,,0,v10,18992fa,fedca7c,2026-09-04T23:05:01+00:00
72199,33118.1,3092,4512974,87.212,234.166,9.956,,,0,,,3,193.681,-16.886,76894,241.057,6.442,4371672,226.265,-8.054,4497827,232.509,-1.792,4500223,229.743,-4.584,4495710,,,0,,,0,,,0,,,0,v10,18992fa,fedca7c,2026-09-04T23:05:01+00:00
72200,925.3,0,2996,2.072,,,,,0,,,0,,,80,,,54,196.453,-5.934,2982,221.748,19.214,2968,188.418,-14.978,2851,,,0,,,0,,,0,,,0,v10,18992fa,fedca7c,2026-09-04T23:05:01+00:00
72210,21775.6,1812,3005129,88.323,235.894,10.386,,,0,,,0,,,30514,234.915,-1.045,3000777,222.632,-13.346,2999685,234.612,-1.361,3000155,239.736,3.753,2999470,,,0,,,0,,,0,,,0,v10,18992fa,fedca7c,2026-09-04T23:05:01+00:00
72220,40952.3,0,4960763,77.526,225.918,11.179,,,90,,,114,158.919,-33.591,101311,230.153,3.989,4933678,215.928,-10.233,4931780,227.734,1.525,4929326,223.178,-3.04,4922818,,,0,,,0,,,0,,,0,v10,18992fa,fedca7c,2026-09-04T23:05:01+00:00
72230,13355.8,217,1672685,80.154,212.115,13.204,,,3,,,53,149.346,-30.244,25509,212.012,-0.231,1667087,194.004,-18.256,1665860,222.354,10.03,1664039,207.23,-5.124,1661589,,,0,,,0,,,0,,,0,v10,18992fa,fedca7c,2026-09-04T23:05:01+00:00
72240,41857.0,0,4979603,76.139,206.777,14.121,,,1819,,,762,149.11,-30.296,175363,216.553,9.587,4954663,192.903,-14.089,4945110,216.814,9.779,4944116,195.276,-11.735,4942470,,,7,,,0,,,0,,,0,v10,18992fa,fedca7c,2026-09-04T23:05:01+00:00
72250,11022.4,2835,1387700,80.575,203.217,16.476,,,201,,,260,138.885,-35.954,46587,215.281,11.934,1381841,178.123,-25.257,1379932,218.244,14.808,1379606,194.512,-8.996,1374447,,,0,,,0,,,0,,,0,v10,18992fa,fedca7c,2026-09-04T23:05:01+00:00
72261,3984.8,174,436490,70.105,203.123,17.816,,,50,,,44,144.857,-34.716,10759,222.239,19.016,435231,174.135,-29.142,434094,218.746,15.508,434974,189.858,-13.472,433017,,,0,,,0,,,0,,,333,v10,18992fa,fedca7c,2026-09-04T23:05:01+00:00
72262,40707.5,0,4708828,74.032,205.084,14.061,,,1453,,,310,200.433,-1.533,1712827,218.597,12.844,4500319,182.479,-23.375,4474120,216.94,11.067,4474783,198.02,-7.215,4681811,202.077,0.571,1877222,166.999,-34.557,1870119,171.982,-14.979,121924,194.918,0.42,484881,v10,18992fa,fedca7c,2026-09-04T23:05:01+00:00
72263,5152.5,0,441246,54.808,200.674,16.527,,,323,,,39,197.004,-3.512,186926,218.109,17.36,440062,173.452,-27.373,438630,217.837,17.053,439590,190.033,-10.788,438497,205.853,4.922,183091,161.266,-39.689,182497,158.201,-25.912,9672,170.777,-17.264,23661,v10,18992fa,fedca7c,2026-09-04T23:05:01+00:00
72264,15919.4,1411,829108,33.332,196.231,14.301,,,480,,,227,202.432,6.213,793164,211.256,14.886,824102,182.431,-14.018,819767,202.607,6.211,822373,198.057,1.575,818931,195.249,-1.155,785802,168.504,-27.781,771188,183.348,-9.367,184459,167.83,-21.718,205505,v10,18992fa,fedca7c,2026-09-04T23:05:01+00:00
72265,20621.8,0,1855591,57.588,192.459,14.984,,,376,,,350,198.163,5.677,1852690,205.609,13.103,1850637,177.885,-14.64,1846115,191.439,-1.105,1845815,196.441,3.906,1845169,197.349,4.811,1846439,162.966,-29.565,1840216,182.665,-4.023,196675,176.266,-11.862,910405,v10,18992fa,fedca7c,2026-09-04T23:05:01+00:00
72266,6527.7,0,578778,56.746,190.683,15.854,,,197,,,337,201.313,10.565,576501,205.121,14.309,574831,179.904,-10.929,573552,176.683,-14.191,572221,197.22,6.35,572707,198.264,7.282,569298,161.697,-29.157,569415,170.337,-13.426,70282,175.271,-12.262,276548,v10,18992fa,fedca7c,2026-09-04T23:05:01+00:00
72267,3668.8,0,282904,49.351,190.517,16.562,,,62,,,130,198.954,8.413,282506,204.401,13.818,281611,178.07,-12.508,281528,173.671,-16.932,280992,197.272,6.694,281454,199.973,9.363,281194,157.746,-32.814,279754,171.878,-13.906,23127,186.895,-2.92,205645,v10,18992fa,fedca7c,2026-09-04T23:05:01+00:00
72268,9327.5,0,513547,35.237,195.613,15.718,,,344,,,499,205.87,10.108,509438,210.333,14.435,505434,189.804,-6.038,506339,179.504,-16.413,504105,196.846,0.8,501148,198.75,2.677,499321,157.976,-37.913,492605,175.848,-12.375,76643,189.101,-6.436,359298,v10,18992fa,fedca7c,2026-09-04T23:05:01+00:00
72269,29627.1,0,1612644,34.836,193.693,15.762,,,1304,,,2831,201.797,7.906,1595760,211.634,17.452,1570765,199.381,5.26,1570610,178.379,-15.752,1570189,177.537,-16.615,1565464,194.544,0.317,1563462,162.651,-31.57,1531387,185.754,-7.419,938845,196.397,2.172,1404074,v10,18992fa,fedca7c,2026-09-04T23:05:01+00:00
72270,51743.6,0,4696300,58.087,197.328,14.076,,,1216,,,1361,193.246,-1.922,2252354,210.027,14.322,2420693,182.088,-15.408,4660697,210.246,12.703,4657911,194.694,-2.872,4649321,187.694,-8.661,2129585,175.965,-19.058,1810686,190.024,-5.785,1097549,170.273,-17.64,272021,v10,18992fa,fedca7c,2026-09-04T23:05:01+00:00
72280,40742.0,25,4617857,72.54,204.459,13.222,,,927,,,1565,190.498,-9.28,2619615,210.738,10.602,2573613,195.145,-9.5,4586569,212.136,7.44,4580755,204.385,-0.345,4571091,194.591,-5.709,2414209,177.888,-20.317,1519919,193.785,-4.37,1296881,173.608,-17.038,258054,v10,18992fa,fedca7c,2026-09-04T23:05:01+00:00
72290,14822.7,977,1057936,45.679,206.449,13.848,,,36,,,86,197.356,-15.563,539856,237.566,23.979,524971,199.142,-7.445,1053824,219.231,13.024,1007485,195.229,-11.574,1040189,,,2,,,0,,,0,,,0,v10,18992fa,fedca7c,2026-09-04T23:05:01+00:00
72301,8434.4,43924,697134,52.898,186.806,10.608,,,53,,,215,188.937,2.034,692560,191.631,4.597,690784,184.065,-2.843,693522,199.423,12.544,694447,174.298,-13.001,674316,191.46,4.524,692567,194.295,7.246,689795,170.05,-16.854,693209,169.585,-17.462,688099,v10,18992fa,fedca7c,2026-09-04T23:05:01+00:00
72302,7706.7,11647,657494,54.601,193.679,9.776,,,67,,,193,196.632,2.84,653685,198.677,4.858,652939,193.848,0.044,653504,207.02,13.227,653746,176.72,-17.475,629981,195.214,1.317,650296,199.284,5.457,652983,178.263,-15.603,650861,173.217,-20.666,650588,v10,18992fa,fedca7c,2026-09-04T23:05:01+00:00
72303,27022.7,38329,2195826,52.005,195.163,9.488,,,412,,,1108,198.501,3.226,2183134,201.656,6.373,2182908,196.57,1.173,2059325,206.079,10.807,2182787,178.883,-16.6,2150813,198.729,3.42,2178096,194.575,-0.717,2178050,178.374,-16.925,2148605,184.786,-10.525,2177655,v10,18992fa,fedca7c,2026-09-04T23:05:01+00:00
72304,11258.1,19001,891707,50.692,183.337,11.174,,,450,,,2140,194.331,10.908,883662,189.031,5.601,883972,184.322,0.942,887809,197.915,14.521,886898,170.441,-13.095,823380,179.778,-3.714,877652,187.517,4.1,884011,167.015,-16.44,879266,151.669,-31.814,873809,v10,18992fa,fedca7c,2026-09-04T23:05:01+00:00
72305,2751.0,14472,120939,28.136,175.404,13.259,,,137,,,570,193.849,18.396,120295,170.783,-4.792,118149,173.137,-2.043,115859,190.839,15.328,119784,173.655,-2.011,116690,162.721,-12.942,115266,178.964,3.421,119312,166.645,-8.973,117685,139.256,-36.324,117489,v10,18992fa,fedca7c,2026-09-04T23:05:01+00:00
72306,5194.2,13413,386636,47.639,171.152,13.512,,,205,,,892,191.438,20.271,385652,168.535,-2.813,371924,173.092,2.002,383211,191.604,20.432,385641,165.379,-5.809,381813,148.123,-23.248,343303,173.563,2.375,384243,165.217,-5.971,382964,138.707,-32.453,372821,v10,18992fa,fedca7c,2026-09-04T23:05:01+00:00
72307,36885.5,356422,2717441,47.15,162.433,12.602,,,5984,,,5323,175.129,12.359,2643833,151.007,-13.414,1879441,156.934,-5.682,2646979,181.49,19.033,2704718,162.779,-1.062,2231543,139.11,-25.182,1458643,171.023,6.939,2368010,153.26,-9.312,2632284,148.614,-14.53,2322550,v10,18992fa,fedca7c,2026-09-04T23:05:01+00:00
72308,2833.5,2,255165,57.634,173.543,12.249,,,490,,,2334,192.271,18.703,253594,171.999,-1.669,248181,176.682,3.111,251355,193.03,19.456,253443,171.182,-2.581,235130,151.797,-22.409,184725,172.569,-1.054,249438,162.0,-11.616,244651,140.1,-33.499,244895,v10,18992fa,fedca7c,2026-09-04T23:05:01+00:00
72309,12236.6,7543,1538523,80.468,177.823,9.424,,,741,,,2928,185.064,7.207,1531297,181.327,3.453,1528538,181.513,3.663,1532042,192.184,14.336,1533846,173.048,-5.491,1362762,170.594,-7.516,1478683,178.775,0.684,1499331,166.221,-11.836,1499070,157.312,-20.659,1506910,v10,18992fa,fedca7c,2026-09-04T23:05:01+00:00
72311,40554.0,1365,5355700,84.521,208.587,14.899,,,624,,,640,193.966,-14.552,5280387,214.553,6.002,5275371,191.971,-16.694,5338885,220.124,13.167,4740798,213.706,5.008,5335864,197.405,-8.114,143760,,,50530,,,18272,,,5804,v10,18992fa,fedca7c,2026-09-04T23:05:01+00:00
72312,5366.9,0,657035,78.351,202.222,13.79,,,113,,,488,197.921,-4.365,655495,197.838,-4.631,645843,195.132,-7.27,652607,210.756,8.282,651169,211.048,8.575,651366,194.61,-7.642,567643,182.253,-14.694,188434,184.173,-13.494,173981,161.884,-25.663,38947,v10,18992fa,fedca7c,2026-09-04T23:05:01+00:00
72313,927.6,0,80074,55.247,202.106,12.196,,,20,,,13,204.56,2.175,79155,201.874,-0.846,78176,205.221,2.598,78358,208.913,6.247,78220,206.003,3.185,77880,198.812,-3.704,78603,185.403,-17.341,78039,188.878,-13.866,77890,202.65,2.945,39303,v10,18992fa,fedca7c,2026-09-04T23:05:01+00:00
72314,5063.9,0,612644,77.429,204.32,12.904,,,96,,,124,203.982,-0.385,611813,207.839,3.452,597329,203.709,-0.723,610060,212.98,8.504,609129,212.764,8.275,608976,199.304,-5.133,610040,192.66,-12.029,532294,184.328,-20.426,536872,170.245,-22.76,34014,v10,18992fa,fedca7c,2026-09-04T23:05:01+00:00
72315,7350.3,1082,713972,62.166,207.127,10.979,,,67,,,63,211.438,4.208,711561,214.053,6.751,710223,209.978,2.686,710238,217.393,10.097,710036,205.971,-1.427,707912,204.33,-2.941,710835,192.237,-15.123,708710,188.888,-18.426,709429,203.951,-1.821,390030,v10,18992fa,fedca7c,2026-09-04T23:05:01+00:00
72316,10711.4,0,1239514,74.06,206.989,11.591,,,151,,,208,206.647,-0.39,1237730,218.587,11.343,1215500,204.379,-2.773,1233092,213.846,6.671,1232605,210.342,3.133,1231779,204.983,-2.159,1233837,195.442,-11.828,1205064,186.809,-20.975,1145721,187.705,-10.882,122467,v10,18992fa,fedca7c,2026-09-04T23:05:01+00:00
72317,1414.4,0,118859,53.782,202.942,11.077,,,12,,,5,206.271,3.203,118318,211.91,8.656,117594,211.541,8.269,117710,211.916,8.74,117938,195.154,-8.176,117355,200.714,-2.49,117857,189.599,-13.605,117846,182.299,-20.94,117557,198.412,-3.436,104571,v10,18992fa,fedca7c,2026-09-04T23:05:01+00:00
72318,9982.8,1,975470,62.538,202.319,12.133,,,172,,,192,199.884,-2.487,973507,219.141,16.924,889744,200.006,-2.459,969625,200.682,-1.793,970256,206.686,4.198,969729,199.791,-2.657,970765,187.838,-14.062,894716,179.365,-22.559,581823,190.525,-7.603,156268,v10,18992fa,fedca7c,2026-09-04T23:05:01+00:00
72319,21745.7,792,1811797,53.323,208.159,10.376,,,128,,,135,211.141,2.854,1803946,219.474,11.119,1800507,215.006,6.623,1798721,216.75,8.395,1800865,196.195,-12.283,1793193,209.292,0.987,1803280,198.514,-9.862,1799388,184.423,-24.001,1789683,204.016,-4.297,1770404,v10,18992fa,fedca7c,2026-09-04T23:05:01+00:00
72320,14658.4,1086,873040,38.118,207.832,10.17,,,51,,,90,210.481,2.524,870358,218.203,10.212,847146,211.975,3.879,867102,213.875,5.89,869736,203.385,-4.708,867286,203.639,-4.331,870086,194.44,-13.604,867833,174.609,-33.468,833832,192.943,-9.546,187782,v10,18992fa,fedca7c,2026-09-04T23:05:01+00:00
72330,3811.8,3091,182610,30.66,206.412,10.104,,,6,,,5,203.069,-3.392,182351,217.662,11.613,150608,211.376,4.862,182162,211.658,5.186,182292,204.362,-2.141,182131,203.335,-3.159,182210,187.504,-18.935,180926,174.101,-31.984,143347,167.947,-26.72,23489,v10,18992fa,fedca7c,2026-09-04T23:05:01+00:00
72340,92710.5,15049,4352524,30.046,202.148,11.94,,,1670,,,2536,204.74,2.425,4325264,215.33,12.97,4236197,206.075,3.617,4302013,201.63,-0.822,4304591,194.685,-7.931,4272717,198.001,-4.512,4289555,180.798,-21.52,3993162,181.18,-20.557,2685914,197.531,-3.062,2120133,v10,18992fa,fedca7c,2026-09-04T23:05:01+00:00
72350,80044.2,7112,4469606,35.737,203.198,9.97,,,439,,,699,201.048,-2.265,4451046,215.609,12.264,4446900,208.523,5.02,4202317,212.96,9.404,4301908,187.843,-15.579,4384732,206.057,2.695,4444568,195.264,-8.061,4434031,167.253,-35.947,4263450,201.71,-1.546,4399370,v10,18992fa,fedca7c,2026-09-04T23:05:01+00:00
72360,19338.1,29,571556,18.916,202.19,11.554,,,112,,,173,194.582,-7.725,569452,214.852,12.81,547129,207.776,5.416,568233,211.721,9.407,569435,183.789,-18.668,566159,206.303,3.897,567739,189.248,-13.082,564057,163.312,-38.728,535909,189.139,-11.728,426838,v10,18992fa,fedca7c,2026-09-04T23:05:01+00:00
72370,16319.4,520,780599,30.613,190.865,11.58,,,341,,,940,197.933,6.886,774062,205.721,14.597,771492,198.163,7.088,772495,191.727,0.678,773491,174.521,-16.74,762976,193.008,1.792,766574,179.485,-11.722,766688,161.92,-29.226,748046,186.937,-4.135,772560,v10,18992fa,fedca7c,2026-09-04T23:05:01+00:00
72380,16075.6,47,428965,17.078,200.203,11.044,,,50,,,127,198.97,-1.391,426653,215.273,15.312,400996,207.391,7.018,426254,206.807,6.48,427246,185.237,-15.218,424985,203.114,2.685,425500,187.633,-12.687,426564,175.516,-25.167,320427,186.206,-10.979,250509,v10,18992fa,fedca7c,2026-09-04T23:05:01+00:00
72390,51469.8,4636,1747771,21.733,197.315,10.491,,,174,,,784,199.294,1.864,1740095,210.9,13.428,1735244,205.513,8.081,1739969,201.14,3.734,1741794,178.894,-18.589,1735088,197.644,0.153,1735796,186.66,-9.58,1573025,173.885,-23.201,1645240,189.573,-5.09,1264762,v10,18992fa,fedca7c,2026-09-04T23:05:01+00:00
72401,8169.4,583,150743,11.809,200.178,8.97,,,24,,,28,199.718,-0.608,150069,212.005,11.725,150304,204.692,4.413,150266,203.946,3.664,150289,183.316,-17.035,149946,198.834,-1.482,150083,193.721,-3.824,121937,180.196,-19.9,128832,192.469,-4.619,114307,v10,18992fa,fedca7c,2026-09-04T23:05:01+00:00
72402,19091.4,3093,894604,29.99,201.704,10.341,,,154,,,608,204.946,3.189,892389,213.331,11.526,890835,205.509,3.677,889293,204.975,3.152,889935,179.099,-22.797,886303,200.591,-1.271,887627,189.798,-11.98,878722,187.844,-13.147,687894,200.081,-1.506,835628,v10,18992fa,fedca7c,2026-09-04T23:05:01+00:00
72403,18923.5,56406,356610,12.061,198.711,9.029,,,74,,,363,198.88,0.041,355107,210.831,12.008,355326,202.741,3.89,354881,198.834,-0.016,354860,179.589,-19.343,353954,201.031,2.185,354999,188.148,-10.704,355043,183.929,-14.936,354622,199.437,0.586,354860,v10,18992fa,fedca7c,2026-09-04T23:05:01+00:00
72404,45630.0,177,1664785,23.35,199.686,11.541,,,403,,,2363,202.747,2.973,1658697,211.955,12.081,1640413,207.693,7.802,1638082,193.688,-6.213,1637255,173.939,-25.933,1650581,199.314,-0.57,1649391,179.011,-20.837,1646444,190.005,-9.878,1638923,200.841,0.994,1646838,v10,18992fa,fedca7c,2026-09-04T23:05:01+00:00
72405,19847.1,7892,646329,20.842,197.431,10.748,,,230,,,833,201.374,3.854,643655,208.083,10.273,556140,205.537,8.021,471920,192.38,-5.227,470357,170.677,-26.913,641079,195.614,-1.955,642140,187.726,-9.582,627481,186.224,-11.258,494326,199.449,1.937,601418,v10,18992fa,fedca7c,2026-09-04T23:05:01+00:00
72406,18974.5,83,653635,22.047,196.838,8.612,,,204,,,1718,195.604,-1.371,649630,203.418,6.666,637859,198.39,4.579,293422,192.287,-2.924,378701,162.831,-34.204,647506,199.888,2.943,650504,196.258,-0.539,642500,183.432,-13.144,597414,197.488,0.606,636131,v10,18992fa,fedca7c,2026-09-04T23:05:01+00:00
72407,7678.3,9694,171608,14.304,189.252,10.067,,,17,,,269,193.148,3.861,171369,195.483,6.18,171257,195.814,5.746,61531,186.287,-4.028,74471,147.833,-41.515,170884,191.298,2.01,171378,188.101,-1.219,170972,174.319,-15.024,170933,192.759,3.436,170989,v10,18992fa,fedca7c,2026-09-04T23:05:01+00:00
72408,87595.9,279649,3631890,26.536,195.481,9.867,,,524,,,2947,196.34,1.038,3286246,202.588,7.475,3236125,200.381,7.948,2076192,197.344,3.619,2448793,170.597,-24.989,3614688,199.87,4.308,3618587,187.932,-7.576,3602036,182.619,-12.63,3384485,193.066,-2.466,3487518,v10,18992fa,fedca7c,2026-09-04T23:05:01+00:00
72409,7714.3,539793,264401,21.935,182.775,11.842,,,45,,,27,187.251,4.41,263676,187.974,5.144,263594,183.249,5.137,174820,188.78,5.956,263772,150.175,-32.703,263008,190.324,7.495,263685,181.391,-0.956,253060,166.339,-16.538,263222,172.113,-12.414,211576,v10,18992fa,fedca7c,2026-09-04T23:05:01+00:00
72510,24732.9,704390,995342,25.756,171.796,10.439,,,37,,,173,180.941,9.118,992690,178.295,6.472,991950,180.911,9.311,983605,170.649,-1.162,993323,155.956,-15.861,992226,171.629,-0.185,992741,177.968,6.18,989351,156.243,-15.592,990355,151.743,-20.053,988828,v10,18992fa,fedca7c,2026-09-04T23:05:01+00:00
72520,41991.1,133310,779686,11.883,190.564,9.616,,,201,,,921,190.436,-0.409,769035,198.051,7.27,771749,197.759,7.177,453499,193.406,3.526,669814,164.31,-26.457,771451,194.578,3.91,775854,184.487,-6.27,771579,167.597,-22.637,572955,183.554,-7.274,769439,v10,18992fa,fedca7c,2026-09-04T23:05:01+00:00
72530,56632.1,5860998,2844356,32.144,154.823,8.834,,,51730,,,2767,161.159,3.783,2124498,150.739,-4.313,2749078,159.761,5.061,2707565,156.795,1.424,2692028,152.172,-2.825,2781829,152.257,-2.737,2763776,168.027,12.358,2634862,144.794,-12.034,2000140,151.156,-4.049,2702637,v10,18992fa,fedca7c,2026-09-04T23:05:01+00:00
72541,17079.8,700839,755086,28.294,159.241,9.843,,,268,,,2614,166.681,7.435,751371,151.12,-8.121,752027,168.9,9.65,752017,155.812,-3.43,752327,152.319,-6.92,750109,155.425,-3.814,750455,169.784,10.536,750482,140.618,-18.029,594185,150.831,-5.951,381206,v10,18992fa,fedca7c,2026-09-04T23:05:01+00:00
72542,9546.3,46210,85904,5.759,177.045,10.44,,,62,,,1185,178.238,0.886,83942,184.088,6.759,84436,185.92,8.573,84316,178.344,1.041,84528,150.886,-26.479,83720,173.547,-3.672,84778,178.376,1.004,83984,149.122,-27.16,58450,169.644,-6.406,45216,v10,18992fa,fedca7c,2026-09-04T23:05:01+00:00
72543,780.7,337485,34951,28.652,159.589,10.342,,,225,,,409,169.647,10.024,34586,158.56,-1.062,34386,169.73,10.118,34659,158.367,-1.241,34332,151.12,-8.486,33810,154.611,-4.989,34080,168.547,8.95,34294,136.93,-22.772,31871,154.843,-4.822,34188,v10,18992fa,fedca7c,2026-09-04T23:05:01+00:00
72544,24134.8,131207,186316,4.941,,,,,106,,,1528,179.845,2.025,183510,183.507,5.643,182948,187.556,9.649,182728,179.648,1.821,183252,163.297,-14.635,181838,175.164,-2.694,182943,178.542,0.572,181403,152.265,-25.778,179491,169.428,-8.256,176247,v10,18992fa,fedca7c,2026-09-04T23:05:01+00:00
72545,8678.2,966698,418753,30.882,152.615,10.39,,,2650,,,123,154.342,1.721,416206,139.816,-12.821,411201,163.365,10.694,412433,150.591,-2.064,412957,148.28,-4.349,413277,155.793,3.152,413062,166.734,14.093,414348,139.68,-13.976,168907,143.687,-8.917,413299,v10,18992fa,fedca7c,2026-09-04T23:05:01+00:00
72546,8489.4,31213,58586,4.417,,,,,103,,,65,157.852,-2.548,56449,157.391,-3.064,56367,174.473,14.014,57413,160.702,0.239,57073,152.527,-7.982,56305,158.598,-1.947,55329,171.478,10.989,56275,144.644,-16.007,49286,158.522,-1.948,56366,v10,18992fa,fedca7c,2026-09-04T23:05:01+00:00
72547,38831.2,122283,395688,6.522,166.878,12.512,,,8429,,,729,162.372,-4.372,356265,166.099,-0.673,356700,177.579,10.619,391371,168.781,1.807,391048,154.175,-12.809,388489,162.837,-3.9,361884,174.535,7.514,387047,143.078,-25.046,272038,165.221,-1.804,387078,v10,18992fa,fedca7c,2026-09-04T23:05:01+00:00
72548,8731.9,2549,79334,5.815,176.632,13.716,,,54,,,182,167.308,-9.523,75137,179.71,2.823,75335,188.977,12.265,78664,183.178,6.336,77866,147.546,-29.264,76883,179.573,2.461,73332,162.619,-14.104,78145,147.96,-28.971,74647,190.489,13.647,77805,v10,18992fa,fedca7c,2026-09-04T23:05:01+00:00
72549,31133.5,86862,617595,12.696,181.696,11.823,,,271,,,963,182.438,-2.096,389577,196.129,11.661,391341,194.762,12.954,613112,182.598,0.76,611418,153.715,-28.205,604802,180.994,-1.15,576753,174.154,-7.681,610707,154.678,-27.214,605474,187.681,5.787,608408,v10,18992fa,fedca7c,2026-09-04T23:05:01+00:00
72551,18427.3,464218,734913,25.524,149.005,9.148,,,10302,,,18,145.442,-5.033,494570,139.255,-9.793,716472,158.287,9.245,721188,147.01,-2.067,700343,150.329,1.307,712526,147.077,-1.924,718477,162.147,12.885,700296,137.486,-11.849,361927,143.057,-4.792,482533,v10,18992fa,fedca7c,2026-09-04T23:05:01+00:00
72552,21128.4,611897,847587,25.674,146.769,9.561,164.362,17.051,177108,,,14,140.502,-5.938,760039,129.391,-16.976,729507,152.48,5.134,516266,145.901,-0.796,782505,146.774,0.007,824225,148.728,1.98,820599,160.0,13.168,819660,139.82,-7.146,234713,144.198,-2.468,783644,v10,18992fa,fedca7c,2026-09-04T23:05:01+00:00
72553,10793.9,153458,283786,16.826,146.742,9.626,167.985,21.317,29872,,,1,154.976,6.671,187282,142.884,-4.823,210865,150.127,3.408,269616,138.307,-8.655,239859,154.213,7.435,277117,148.827,2.081,279877,153.568,4.895,189308,131.536,-18.004,127407,139.993,-6.847,241696,v10,18992fa,fedca7c,2026-09-04T23:05:01+00:00
72554,13682.0,1075630,189391,8.859,142.599,9.175,,,18893,,,0,150.775,5.544,88318,134.989,-8.499,81137,141.605,-1.003,181824,138.677,-4.593,99795,154.206,11.028,153859,147.75,3.218,103109,145.622,0.695,65875,,,16511,137.075,-5.555,170427,v10,18992fa,fedca7c,2026-09-04T23:05:01+00:00
72555,98654.2,14657298,1492777,9.684,144.222,9.229,163.862,18.159,335233,,,0,138.214,-5.828,1038687,133.908,-10.049,1200750,146.389,1.463,1144089,139.976,-4.336,1331022,143.601,-0.552,1233627,142.144,-2.303,1158697,157.158,12.446,937418,125.974,-17.682,221769,148.051,3.839,1436487,v10,18992fa,fedca7c,2026-09-04T23:05:01+00:00
72557,40761.1,5581538,1443717,22.668,143.947,7.692,167.917,20.902,186202,,,0,136.25,-8.535,915984,134.461,-8.756,829705,146.524,1.458,1177080,143.105,-0.794,1218362,147.783,3.582,1405878,139.551,-3.988,1255023,154.511,9.829,292191,128.697,-14.834,260997,148.349,4.266,1299760,v10,18992fa,fedca7c,2026-09-04T23:05:01+00:00
72558,31268.4,1376690,1156439,23.67,140.137,7.617,,,154,142.011,0.957,592931,127.695,-13.52,492892,130.325,-9.87,328608,157.341,15.634,648755,142.947,2.48,930008,143.094,2.688,885989,136.376,-3.423,770348,154.45,10.827,169249,,,41252,132.124,-7.173,515573,v10,18992fa,fedca7c,2026-09-04T23:05:01+00:00
72559,7539.1,77615,421443,35.777,147.712,9.942,168.513,19.091,17654,,,689,144.518,-3.197,420498,131.139,-16.027,279778,148.049,0.335,421147,146.015,-1.699,420379,147.555,-0.159,420981,150.187,2.529,378146,155.624,7.404,249462,125.075,-21.638,167319,155.61,7.952,400656,v10,18992fa,fedca7c,2026-09-04T23:05:01+00:00
72560,68517.9,1105054,1441529,13.465,152.222,10.863,,,44314,,,196,146.972,-4.866,1325357,145.349,-6.906,1148448,160.385,8.058,1405722,147.629,-4.545,1420170,149.36,-2.826,1426556,152.571,0.47,1270023,161.512,9.175,1383240,131.339,-22.162,955343,158.092,5.852,1406040,v10,18992fa,fedca7c,2026-09-04T23:05:01+00:00
72570,51896.8,243896,516465,6.369,159.49,12.542,,,123,147.629,-1.09,103952,148.84,-10.631,503336,163.187,2.635,469978,169.457,9.97,511286,166.063,6.178,490095,141.252,-18.172,501288,163.097,4.985,311774,164.608,5.111,507090,146.816,-15.721,287532,163.368,3.45,492476,v10,18992fa,fedca7c,2026-09-04T23:05:01+00:00
72581,26693.7,236291,482074,11.558,153.574,11.3,,,125,150.933,-2.397,267154,140.75,-9.98,413113,164.628,10.133,439447,160.524,6.953,479014,154.502,0.866,475412,143.612,-10.084,438635,156.899,-0.182,211400,166.498,9.227,264671,144.824,-17.942,87576,159.077,1.537,259913,v10,18992fa,fedca7c,2026-09-04T23:05:01+00:00
72582,47903.7,1174234,1801301,24.066,143.645,10.081,,,7415,,,20104,122.156,-19.511,1550898,145.163,-1.34,918938,158.684,14.953,1719711,146.849,3.146,1754507,141.444,-4.057,1188712,142.931,-2.806,996764,156.701,10.734,984829,142.229,-12.013,106871,156.15,-0.418,279193,v10,18992fa,fedca7c,2026-09-04T23:05:01+00:00
72583,38264.2,458594,987270,16.513,142.329,8.891,,,728,151.679,6.375,187361,125.691,-16.184,782832,140.267,-3.279,285942,150.792,8.221,909698,138.118,-4.237,973845,140.664,-1.395,765075,141.894,0.142,765063,152.135,9.522,664786,,,56947,156.279,11.754,209870,v10,18992fa,fedca7c,2026-09-04T23:05:01+00:00
72584,7884.1,243845,288708,23.436,139.165,8.434,,,0,142.627,3.365,170788,127.465,-11.575,267956,128.286,-10.855,110981,152.517,13.195,271666,140.992,1.848,277585,144.596,5.231,237970,135.641,-3.246,182689,154.995,12.613,31316,,,6542,131.349,-7.885,91137,v10,18992fa,fedca7c,2026-09-04T23:05:01+00:00
72586,16067.2,1696398,134763,5.368,137.575,8.435,,,0,139.435,1.221,95473,118.076,-18.982,111529,,,144,152.954,15.325,129999,135.949,-1.541,129370,145.546,8.29,67211,130.71,-5.919,59207,,,1266,,,390,,,12220,v10,18992fa,fedca7c,2026-09-04T23:05:01+00:00
72587,24871.0,2347255,176988,4.554,,,,,96,,,0,127.389,-14.559,127613,,,3910,157.121,11.174,54127,146.5,3.811,173402,144.655,1.912,174754,138.341,-3.31,115736,,,29285,,,8369,,,163,v10,18992fa,fedca7c,2026-09-04T23:05:01+00:00
72591,59218.6,189157,354972,3.836,,,,,123,146.255,-21.712,123112,159.978,-13.362,255374,186.159,12.385,349882,179.344,5.586,351286,181.131,7.334,349836,151.241,-22.543,347414,179.997,4.344,129638,176.013,3.072,272030,157.101,-17.335,202084,171.702,-1.341,270878,v10,18992fa,fedca7c,2026-09-04T23:05:01+00:00
72592,13418.4,3452,151893,7.245,181.721,11.546,,,2,,,0,174.606,-8.898,50912,196.181,14.42,151415,180.498,-1.256,151458,184.737,2.993,151573,164.911,-16.866,151196,180.691,0.065,39590,190.172,9.746,47688,162.818,-17.965,45388,175.918,-4.737,49210,v10,18992fa,fedca7c,2026-09-04T23:05:01+00:00
72594,11650.7,39572,53639,2.947,,,,,110,,,4,,,6706,181.501,6.6,52778,176.554,1.722,52957,171.586,-3.239,52973,151.161,-23.723,52275,178.438,3.495,52275,182.92,8.104,52999,155.646,-18.528,30374,174.173,-0.727,52235,v10,18992fa,fedca7c,2026-09-04T23:05:01+00:00
72595,9980.8,3300,63414,4.066,,,,,14,,,0,,,2165,194.387,15.732,63254,180.631,1.956,63191,184.026,5.359,63037,163.665,-15.029,62983,180.297,1.895,58086,185.468,7.04,58120,160.968,-16.625,39363,158.372,-20.109,57711,v10,18992fa,fedca7c,2026-09-04T23:05:01+00:00
72596,33650.4,6642,458305,8.717,171.214,12.22,,,96,,,122,160.035,-10.073,232811,176.99,5.716,453923,172.123,0.893,454287,169.745,-1.485,455037,155.084,-16.121,453273,186.395,12.105,354733,181.654,7.351,353459,165.648,-7.416,312550,171.234,-3.057,350958,v10,18992fa,fedca7c,2026-09-04T23:05:01+00:00
72597,4314.6,36,3041,0.451,,,,,6,,,0,,,318,,,3015,,,2978,,,2946,,,2817,,,2995,,,2918,,,1461,,,2893,v10,18992fa,fedca7c,2026-09-04T23:05:01+00:00
72598,22890.1,122506,303391,8.483,168.71,11.867,,,117,,,32,,,13651,169.373,0.65,302289,167.541,-1.177,301308,171.828,3.103,301500,152.322,-16.39,300957,185.71,15.137,210582,186.054,15.469,210396,161.571,-8.418,144834,169.784,-0.773,210692,v10,18992fa,fedca7c,2026-09-04T23:05:01+00:00
72599,58861.9,327671,487504,5.301,159.52,13.806,,,306,,,17,135.394,-22.937,439876,166.587,7.047,485408,169.713,10.425,399113,161.927,2.388,484739,142.24,-17.057,397565,162.233,3.127,445775,183.016,24.037,454776,130.322,-31.606,92723,146.43,-12.39,366195,v10,18992fa,fedca7c,2026-09-04T23:05:01+00:00
72600,17642.7,282183,848977,30.797,161.404,10.585,,,288,,,69,158.65,-3.75,753540,160.284,-3.35,678159,154.299,-7.374,811165,172.236,10.789,843648,165.249,3.307,756605,167.055,4.438,743920,174.258,12.274,803814,148.656,-9.719,658132,149.233,-13.476,709260,v10,18992fa,fedca7c,2026-09-04T23:05:01+00:00
72601,30644.4,301114,955270,19.951,184.999,9.364,,,150,,,497,189.429,4.349,950597,192.881,7.807,950851,189.269,2.927,831653,188.848,2.513,831998,164.791,-20.295,949393,188.633,3.569,951147,182.48,-2.401,936868,170.998,-13.995,907788,171.354,-13.744,939142,v10,18992fa,fedca7c,2026-09-04T23:05:01+00:00
72602,3126.0,640,46624,9.546,199.031,7.794,,,0,,,0,197.55,-1.482,46619,209.798,10.767,46624,204.739,5.706,46622,201.711,2.679,46623,177.436,-21.605,46604,203.681,4.649,46624,198.451,-0.586,46617,188.083,-10.966,46581,185.484,-13.547,46623,v10,18992fa,fedca7c,2026-09-04T23:05:01+00:00
72603,2355.5,13504,37294,10.133,184.562,8.979,,,23,,,29,191.131,6.408,36884,191.75,7.026,36909,189.876,5.264,37158,188.667,3.987,36970,160.452,-24.376,36534,188.411,3.758,37087,181.606,-3.084,36929,171.049,-13.929,36104,172.584,-12.157,36719,v10,18992fa,fedca7c,2026-09-04T23:05:01+00:00
72604,11962.9,26107,267967,14.336,187.68,10.178,,,2,,,67,189.175,1.474,267679,196.032,8.343,267782,191.997,4.31,267820,192.577,4.887,267827,156.958,-30.735,267807,191.246,3.555,267748,187.908,0.214,267800,161.379,-26.319,267203,172.854,-14.841,267659,v10,18992fa,fedca7c,2026-09-04T23:05:01+00:00
72605,9678.9,105322,319312,21.114,183.468,7.733,,,38,,,206,189.417,5.884,317369,189.476,5.965,318126,187.549,4.049,318320,181.68,-1.818,318370,168.45,-15.086,317266,183.474,-0.05,317628,184.696,1.165,317732,170.957,-12.652,313385,156.273,-27.26,317243,v10,18992fa,fedca7c,2026-09-04T23:05:01+00:00
72606,11751.9,32452,283246,15.425,180.91,10.027,,,4,,,2,189.927,9.011,283062,189.974,9.059,283161,188.285,7.371,283155,179.855,-1.061,283130,164.539,-16.381,282955,176.48,-4.439,283018,184.345,3.431,283164,164.607,-16.32,282484,151.767,-29.152,283027,v10,18992fa,fedca7c,2026-09-04T23:05:01+00:00
72607,56844.0,1086905,1054780,11.876,153.219,10.68,,,567,,,59873,159.882,2.624,681810,159.279,-0.087,543330,148.373,-6.358,842322,158.24,4.502,994460,158.974,3.762,873092,152.669,-2.216,861974,163.544,7.554,789103,152.007,-2.406,728232,137.311,-16.531,861677,v10,18992fa,fedca7c,2026-09-04T23:05:01+00:00
72608,54911.7,425566,1457948,16.992,170.202,11.35,,,727,127.688,-26.361,262182,174.953,4.274,1425101,181.185,10.368,1408458,177.73,7.652,1346050,174.419,4.286,1346894,158.725,-11.651,1435105,168.555,-1.829,1435861,174.752,4.401,1441274,157.663,-13.562,1361192,149.57,-20.831,1432719,v10,18992fa,fedca7c,2026-09-04T23:05:01+00:00
72609,44.3,8804,1511,21.829,144.338,7.907,,,19,132.153,-11.98,1311,154.329,5.434,228,148.334,3.54,494,152.023,7.658,1469,140.359,-3.834,1347,150.521,3.646,511,142.203,-1.935,1402,150.895,6.287,1372,138.889,-6.903,380,138.769,-5.52,1333,v10,18992fa,fedca7c,2026-09-04T23:05:01+00:00
73100,4014.7,7676831,27,0.004,,,,,0,,,0,,,14,,,13,,,7,,,0,,,15,,,4,,,8,,,23,,,26,v10,18992fa,fedca7c,2026-09-04T23:05:01+00:00
73111,17513.9,119492,206799,7.557,151.257,10.967,,,724,136.02,-14.64,149901,162.899,8.624,124418,153.281,0.532,146417,164.386,12.459,188711,148.552,-3.486,166885,154.44,2.076,161856,143.686,-8.178,165283,160.804,9.261,194279,143.556,-10.916,94242,143.421,-7.959,193131,v10,18992fa,fedca7c,2026-09-04T23:05:01+00:00
73112,21863.5,180055,305207,8.934,162.025,10.795,,,407,,,10648,167.412,4.886,292794,168.765,6.731,301143,172.865,10.836,294780,163.045,0.85,299168,151.072,-11.545,287509,153.806,-8.432,294213,168.016,5.959,299848,154.041,-9.699,240699,146.883,-15.167,300372,v10,18992fa,fedca7c,2026-09-04T23:05:01+00:00
73113,3450.3,100831,38123,7.071,145.429,8.771,,,274,145.886,0.445,26835,146.279,0.044,19049,143.542,-1.823,36811,149.532,4.023,36891,139.491,-6.348,26480,148.636,1.79,12969,133.935,-11.64,25331,158.092,11.967,30280,140.672,-5.726,10731,147.442,1.96,36864,v10,18992fa,fedca7c,2026-09-04T23:05:01+00:00
73114,24591.0,451232,364670,9.491,157.375,10.826,,,451,144.548,-7.719,142081,169.331,11.868,357438,164.259,6.899,360332,169.456,12.051,362380,154.745,-2.82,352993,152.427,-5.993,320758,143.554,-13.841,357496,164.386,6.933,356382,150.862,-8.656,256960,147.698,-9.768,337642,v10,18992fa,fedca7c,2026-09-04T23:05:01+00:00
73115,2936.6,300114,27019,5.888,153.05,10.59,,,0,142.121,-10.885,17516,164.235,11.037,26442,164.162,11.104,26458,161.767,8.637,26751,151.214,-1.972,25367,152.235,-2.502,14301,137.482,-15.835,25308,159.423,5.923,25156,148.033,-6.928,13966,150.043,-3.198,24833,v10,18992fa,fedca7c,2026-09-04T23:05:01+00:00
73116,4411.1,122773,50970,7.395,157.113,11.282,,,295,151.997,-5.654,35783,169.419,12.287,50478,161.663,4.578,50193,172.556,15.422,50631,155.049,-2.171,48479,154.606,-3.924,35733,143.856,-13.168,49969,165.602,8.422,50171,151.367,-5.839,43106,147.795,-9.301,50314,v10,18992fa,fedca7c,2026-09-04T23:05:01+00:00
73117,3682.6,416507,13271,2.306,,,,,662,,,3837,149.762,3.972,11934,136.616,-8.433,12326,149.769,3.724,11532,143.91,-2.921,9094,,,1548,137.948,-8.26,10603,159.672,13.334,10924,,,3206,147.762,2.547,12282,v10,18992fa,fedca7c,2026-09-04T23:05:01+00:00
73118,13016.5,2072944,78851,3.877,,,,,4206,,,18925,147.295,0.033,62547,144.427,-2.055,72587,154.781,7.324,65187,142.616,-4.823,64403,147.461,-1.868,41848,143.354,-3.562,70936,157.286,9.643,65543,152.814,2.697,33365,144.523,-2.187,73361,v10,18992fa,fedca7c,2026-09-04T23:05:01+00:00
73119,15974.9,6121936,473,0.019,,,,,115,,,194,,,125,,,334,,,169,,,49,,,174,,,236,,,31,,,136,,,378,v10,18992fa,fedca7c,2026-09-04T23:05:01+00:00
73120,28999.7,2332448,227822,5.028,150.85,10.687,,,10503,,,11738,153.432,1.687,195371,151.52,0.508,220305,162.27,11.173,168476,146.786,-4.293,213951,151.316,0.23,220091,146.409,-5.077,198425,163.407,10.502,175771,154.002,0.724,136218,142.887,-8.062,223133,v10,18992fa,fedca7c,2026-09-04T23:05:01+00:00
73130,8013.7,5071093,4880,0.39,,,,,355,,,0,,,2461,,,2096,,,4504,,,1960,,,3930,,,1993,,,352,,,488,,,4491,v10,18992fa,fedca7c,2026-09-04T23:05:01+00:00
73140,34790.3,4005665,380589,7.001,144.329,9.877,165.506,21.276,81209,,,104,141.025,-4.095,236979,133.194,-11.463,265673,149.718,5.073,348508,140.921,-3.958,238507,148.83,4.601,349652,143.916,-2.325,210805,162.105,13.806,146136,144.287,-5.12,67877,135.981,-7.712,329036,v10,18992fa,fedca7c,2026-09-04T23:05:01+00:00
73150,59618.1,17249384,60937,0.654,,,,,2981,,,0,,,25469,,,189,,,54591,,,13934,,,59948,,,22609,,,286,,,18793,,,51427,v10,18992fa,fedca7c,2026-09-04T23:05:01+00:00
73160,70979.5,4355658,515331,4.647,,,,,106519,,,0,142.54,1.623,185959,129.543,-12.098,174322,143.289,1.597,452794,139.675,-1.469,210765,149.121,7.46,452874,150.938,7.117,268519,,,79336,,,74026,129.328,-12.309,456813,v10,18992fa,fedca7c,2026-09-04T23:05:01+00:00
73180,30316.4,3688842,244,0.005,,,,,111,,,0,,,0,,,22,,,5,,,3,,,219,,,0,,,0,,,133,,,239,v10,18992fa,fedca7c,2026-09-04T23:05:01+00:00
73190,45961.7,6053791,1,0.0,,,,,1,,,0,,,0,,,1,,,0,,,0,,,0,,,0,,,0,,,0,,,1,v10,18992fa,fedca7c,2026-09-04T23:05:01+00:00
74242,123354.3,1679130,122616,0.636,,,,,97635,,,8539,,,80753,,,8404,,,105364,,,119054,,,113251,,,90185,,,84384,,,114663,,,39805,v10,18992fa,fedca7c,2026-09-04T23:05:01+00:00
74248,44636.3,540310,1665,0.024,,,,,1665,,,1665,,,0,,,0,,,1076,,,1355,,,885,,,473,,,237,,,1577,,,1039,v10,18992fa,fedca7c,2026-09-04T23:05:01+00:00
74249,147376.2,2150495,1032724,4.485,,,166.965,-0.533,730888,140.001,-10.105,572687,167.861,0.84,742698,174.025,-22.439,296463,169.035,7.656,948806,157.619,-5.024,880762,156.114,-4.774,949512,173.694,12.065,934131,173.166,1.992,627085,173.833,11.085,879309,154.209,-10.956,782329,v10,18992fa,fedca7c,2026-09-04T23:05:01+00:00
74262,105801.2,5560783,16,0.0,,,,,0,,,0,,,0,,,1,,,4,,,1,,,16,,,0,,,0,,,16,,,16,v10,18992fa,fedca7c,2026-09-04T23:05:01+00:00
74268,31572.3,928272,165,0.003,,,,,14,,,0,,,18,,,20,,,61,,,16,,,164,,,22,,,0,,,144,,,139,v10,18992fa,fedca7c,2026-09-04T23:05:01+00:00
74269,104480.6,6549633,124716,0.764,,,,,9666,,,0,,,72200,,,78331,,,119993,,,54034,,,97910,,,81454,,,8008,,,6296,,,102742,v10,18992fa,fedca7c,2026-09-04T23:05:01+00:00
74282,73122.3,7546991,5226,0.046,,,,,0,,,0,,,3906,,,195,,,1781,,,4029,,,5067,,,5107,,,183,,,97,,,0,v10,18992fa,fedca7c,2026-09-04T23:05:01+00:00
74284,37699.9,1006091,1712664,29.074,145.522,10.415,,,0,,,519,129.915,-15.635,691750,170.364,22.209,1056789,158.519,12.544,1587530,132.517,-13.277,1470524,141.687,-1.731,799018,143.801,-1.397,296615,147.619,2.064,1695808,,,302,,,1293,v10,18992fa,fedca7c,2026-09-04T23:05:01+00:00
74285,17708.3,381021,95659,3.457,,,,,0,,,0,,,903,,,466,147.743,7.933,86482,,,15051,139.81,0.236,95655,138.445,-1.071,87600,133.271,-5.611,64737,,,0,,,6,v10,18992fa,fedca7c,2026-09-04T23:05:01+00:00
74286,32556.0,917645,2764123,54.338,140.833,7.517,,,30,,,87,137.314,-4.169,1867916,168.255,23.569,830017,154.07,12.942,2615395,137.197,-3.765,2197828,141.253,1.075,2082598,139.868,-0.715,2386551,132.553,-8.246,2346488,,,63,,,1204,v10,18992fa,fedca7c,2026-09-04T23:05:01+00:00
74287,163325.2,5755883,10584718,41.477,146.826,8.587,,,71121,,,209,129.993,-16.946,9839800,157.394,6.864,6079355,159.154,11.733,8376885,144.174,-2.905,10145043,144.414,-1.964,9009675,145.685,-0.985,9114651,154.03,6.533,8467212,,,103462,136.952,-17.882,1129383,v10,18992fa,fedca7c,2026-09-04T23:05:01+00:00
74288,43809.2,1070439,6366819,93.012,148.484,12.963,,,0,110.35,-35.939,149442,115.927,-30.064,2940005,179.458,30.626,5621500,155.021,6.482,6252316,136.861,-11.62,6346226,143.631,-3.995,4645989,146.556,-0.018,3780505,163.808,15.312,6334344,,,52820,133.06,-13.34,166109,v10,18992fa,fedca7c,2026-09-04T23:05:01+00:00
74289,51414.0,2583880,4093035,50.95,151.854,12.336,,,58,110.686,-32.442,136468,119.523,-32.529,3516758,165.223,12.06,3319578,157.918,6.069,4038615,149.357,-2.486,4072849,141.102,-10.704,3970595,158.566,6.271,3761829,176.4,24.547,4083228,121.365,-31.701,133840,138.25,-14.299,750132,v10,18992fa,fedca7c,2026-09-04T23:05:01+00:00
74290,24492.2,16278,3691146,96.452,153.307,16.407,121.009,-28.787,240546,,,11205,125.384,-27.034,2465172,168.327,14.785,3614267,161.677,7.867,3472659,140.957,-12.412,3663965,139.349,-14.463,3420147,145.079,-8.194,1732553,169.211,15.897,3688438,156.04,-1.061,1269120,164.263,10.935,3682504,v10,18992fa,fedca7c,2026-09-04T23:05:01+00:00
74294,232149.1,5284921,9554561,26.34,148.068,15.391,145.86,-9.486,4036994,132.818,-12.091,6138001,135.673,-13.685,7633794,146.414,-8.849,3904916,150.474,1.729,8268677,154.103,5.719,8984935,147.294,-2.41,7283094,164.731,13.74,6215201,162.773,14.515,9322834,162.874,12.231,6571213,150.977,-3.419,4362724,v10,18992fa,fedca7c,2026-09-04T23:05:01+00:00
74295,207163.8,1961996,17116800,52.88,147.099,15.425,,,4544,118.978,-24.486,4168548,130.512,-17.255,11625562,160.253,12.603,8031777,159.444,11.316,15661084,132.726,-14.58,16629891,141.0,-4.443,5501155,166.299,12.73,1425690,180.538,32.421,14712761,150.694,1.644,4815796,142.332,-6.363,1790247,v10,18992fa,fedca7c,2026-09-04T23:05:01+00:00
74296,65211.1,264160,4926984,48.355,139.38,13.261,,,37423,115.752,-18.996,1981220,124.539,-14.282,4489067,162.853,22.525,3605890,152.119,11.185,3899875,130.817,-7.063,3247491,146.078,-0.825,781678,149.48,2.019,664816,170.448,26.234,2294638,150.835,5.694,654084,140.306,-2.575,1784284,v10,18992fa,fedca7c,2026-09-04T23:05:01+00:00
74297,135366.1,267267,19883849,94.009,148.169,16.369,148.156,-2.385,1217078,113.111,-29.461,5652211,130.479,-17.479,19526399,166.938,17.245,14945857,158.403,10.075,18920253,136.087,-11.797,13270248,137.221,-14.712,1633100,169.371,15.702,2152395,179.078,30.127,18334795,132.563,-15.622,5338657,141.834,-7.324,9123579,v10,18992fa,fedca7c,2026-09-04T23:05:01+00:00
74298,181150.4,425435,22924568,80.992,148.358,14.629,135.545,-18.389,10063022,135.605,-13.104,9102011,131.553,-16.972,21697122,158.126,10.513,20555291,158.283,6.676,17305297,155.218,-1.7,9791965,173.348,2.408,5603066,167.789,4.273,7063328,164.74,15.648,21049274,169.201,0.868,5857505,155.274,2.183,14787853,v10,18992fa,fedca7c,2026-09-04T23:05:01+00:00
74299,242288.1,430489,29893596,78.963,148.124,16.539,121.549,-30.373,8970581,127.206,-20.399,9650991,130.821,-17.201,22895133,169.237,20.919,28050792,161.044,11.72,25447585,139.367,-10.329,18494718,144.443,-10.037,9366254,134.293,-14.545,12449819,161.171,12.607,25911722,166.106,11.336,8758591,149.611,0.925,26585070,v10,18992fa,fedca7c,2026-09-04T23:05:01+00:00
75210,51881.4,110317,2285,0.028,,,,,1817,,,2103,,,944,,,26,,,1985,,,2031,,,264,,,1099,,,1952,,,2223,,,374,v10,18992fa,fedca7c,2026-09-04T23:05:01+00:00
75216,115566.4,257929,34123,0.189,,,,,27204,,,6925,,,27503,,,3861,,,31536,,,33400,,,19493,,,26641,,,33886,,,33345,,,16385,v10,18992fa,fedca7c,2026-09-04T23:05:01+00:00
75219,114758.4,3957575,3311377,18.467,154.844,11.391,151.592,-6.74,2622454,142.236,-5.955,2220570,158.501,2.016,3009745,169.539,-15.2,815038,164.105,8.296,3081858,151.123,-4.501,3121721,152.571,-5.743,2580976,168.753,5.394,1982221,170.166,6.366,1964361,168.848,5.937,2089699,163.045,-11.519,1172970,v10,18992fa,fedca7c,2026-09-04T23:05:01+00:00
75231,33345.1,95958,1395,0.027,,,,,512,,,1358,,,1040,,,0,,,518,,,1034,,,1,,,161,,,1395,,,1366,,,0,v10,18992fa,fedca7c,2026-09-04T23:05:01+00:00
75324,43910.9,27767772,443,0.006,,,,,434,,,215,,,262,,,263,,,414,,,105,,,405,,,269,,,97,,,102,,,374,v10,18992fa,fedca7c,2026-09-04T23:05:01+00:00
75330,42722.2,7474437,1011,0.015,,,,,764,,,607,,,916,,,757,,,756,,,484,,,937,,,716,,,433,,,609,,,977,v10,18992fa,fedca7c,2026-09-04T23:05:01+00:00
77120,4890.8,614096,457,0.06,,,,,421,,,63,,,439,,,332,,,383,,,49,,,407,,,291,,,228,,,197,,,447,v10,18992fa,fedca7c,2026-09-04T23:05:01+00:00
77126,9584.3,2740009,76,0.005,,,,,24,,,27,,,0,,,49,,,44,,,0,,,20,,,40,,,61,,,68,,,58,v10,18992fa,fedca7c,2026-09-04T23:05:01+00:00
77127,13016.9,1055219,353,0.017,,,,,76,,,286,,,39,,,110,,,50,,,9,,,239,,,296,,,184,,,194,,,107,v10,18992fa,fedca7c,2026-09-04T23:05:01+00:00
77129,10142.8,4694190,403,0.025,,,,,371,,,378,,,317,,,134,,,403,,,59,,,249,,,119,,,99,,,138,,,222,v10,18992fa,fedca7c,2026-09-04T23:05:01+00:00
77180,77326.4,354490,1219,0.01,,,,,1092,,,1210,,,1062,,,0,,,1194,,,1218,,,197,,,358,,,1219,,,1219,,,0,v10,18992fa,fedca7c,2026-09-04T23:05:01+00:00
77200,26767.9,1801459,4746,0.113,,,,,3061,,,4369,,,4746,,,1888,,,4742,,,4558,,,3588,,,4606,,,4746,,,4742,,,3871,v10,18992fa,fedca7c,2026-09-04T23:05:01+00:00
77222,35504.8,2288936,57637,1.039,,,,,46956,141.908,-20.074,57578,148.05,-14.077,56273,,,2933,169.447,7.415,57623,163.604,1.542,57409,,,19969,,,18711,174.201,12.172,57637,189.408,27.379,57636,,,6834,v10,18992fa,fedca7c,2026-09-04T23:05:01+00:00
77227,16920.5,49304,3113,0.118,,,,,2606,,,3113,,,2694,,,0,,,2964,,,2905,,,1163,,,958,,,3113,,,3113,,,0,v10,18992fa,fedca7c,2026-09-04T23:05:01+00:00
77228,7321.2,7319,25872,2.262,,,140.746,-18.446,15907,137.405,-19.592,25027,147.596,-10.848,20444,,,529,160.988,3.25,23665,161.997,4.918,25154,,,4755,,,7243,168.189,11.347,25795,179.416,22.537,25709,,,76,v10,18992fa,fedca7c,2026-09-04T23:05:01+00:00
77229,10383.5,5929,11208,0.691,,,,,10026,,,11117,,,9296,,,636,,,10210,,,10813,,,4959,,,7649,,,11097,,,10979,,,2,v10,18992fa,fedca7c,2026-09-04T23:05:01+00:00
77233,20330.2,2891294,4783,0.151,,,,,2882,,,2591,,,3063,,,2551,,,4783,,,4761,,,2521,,,4565,,,4783,,,4783,,,2885,v10,18992fa,fedca7c,2026-09-04T23:05:01+00:00
77234,35826.0,266767,290098,5.182,162.616,14.1,144.056,-32.33,80137,153.066,-9.08,242731,151.552,-11.324,218667,174.0,-2.652,79259,165.881,3.174,247926,154.392,-9.577,265793,163.187,-9.225,135488,165.17,0.665,255437,184.395,21.777,290083,176.016,12.27,272610,160.487,-10.645,106797,v10,18992fa,fedca7c,2026-09-04T23:05:01+00:00
77236,7715.5,8481,2107,0.175,,,,,68,,,2107,,,2067,,,575,,,2107,,,2107,,,1314,,,2107,,,2107,,,2107,,,804,v10,18992fa,fedca7c,2026-09-04T23:05:01+00:00
77238,6100.2,7900,35257,3.699,,,151.944,-19.456,11832,150.565,-11.811,35249,155.578,-8.535,30636,,,7929,166.928,4.539,35234,151.94,-10.726,34310,151.772,-19.465,11982,169.552,6.818,34106,184.762,22.386,35257,174.989,11.229,31892,184.594,13.107,11970,v10,18992fa,fedca7c,2026-09-04T23:05:01+00:00
77239,2211.0,1620,15744,4.557,,,143.531,-29.678,13503,161.214,-10.693,15666,160.459,-11.685,15492,182.88,5.381,6542,167.516,-4.282,15735,177.292,5.253,15534,166.595,-6.608,14268,178.029,5.919,15490,182.541,10.757,15744,181.766,9.765,15588,187.671,12.778,11211,v10,18992fa,fedca7c,2026-09-04T23:05:01+00:00
77240,69703.6,310270,50055,0.46,,,,,34659,,,49806,,,46876,,,5043,,,49161,,,49583,,,19450,,,22388,,,50008,,,49772,,,5442,v10,18992fa,fedca7c,2026-09-04T23:05:01+00:00
77250,14353.6,16892,96556,4.305,,,150.702,-16.174,24204,143.398,-11.741,96352,149.914,-8.324,64948,,,6836,165.413,10.231,96114,142.484,-13.185,86122,155.532,-11.448,27251,157.673,-2.564,53877,179.317,24.134,96235,173.365,13.261,60171,,,11193,v10,18992fa,fedca7c,2026-09-04T23:05:01+00:00
77260,64724.6,319884,1503470,14.866,162.158,11.489,159.572,-13.402,860609,142.696,-7.748,1188459,164.664,-5.931,1008604,178.281,-19.867,412225,172.046,9.833,1499632,158.783,-7.956,1180433,164.92,-2.811,1103587,172.009,2.942,1046121,176.866,14.701,1502887,177.478,1.918,856307,193.6,-5.076,408274,v10,18992fa,fedca7c,2026-09-04T23:05:01+00:00
77270,23992.7,5093,671623,17.915,157.46,14.245,149.959,-16.996,393011,150.344,-7.147,667579,153.57,-7.224,552148,166.284,-9.02,203039,171.775,12.016,611949,158.263,-0.198,618551,157.622,-7.501,432559,162.757,-2.293,469140,178.929,21.268,665858,178.766,14.539,492763,145.254,-24.47,291116,v10,18992fa,fedca7c,2026-09-04T23:05:01+00:00
77280,67936.1,523090,5241575,49.379,169.904,12.814,161.314,-14.831,4218222,148.052,-6.941,3201490,166.528,-5.84,4837282,170.687,-9.591,3690646,180.145,10.164,5229215,169.941,-1.763,4949953,167.846,-4.487,4825913,181.705,5.548,4187540,183.747,13.495,5186955,176.303,1.635,4511351,167.38,-7.984,4290064,v10,18992fa,fedca7c,2026-09-04T23:05:01+00:00
77291,23487.1,33418,1260688,34.352,153.508,13.05,147.439,-16.577,673693,143.186,-10.43,1246022,152.602,-4.259,1022871,166.701,-8.395,402742,172.256,10.995,659866,156.822,1.325,1089035,147.338,-7.134,1120707,164.642,7.316,991120,182.294,28.781,1260248,173.113,10.436,795586,153.165,-15.433,551209,v10,18992fa,fedca7c,2026-09-04T23:05:01+00:00
77292,12927.3,7755,1441387,71.36,150.031,12.686,138.746,-17.623,748299,132.557,-10.311,1092207,138.702,-12.819,1217956,168.706,-0.784,412526,160.996,10.449,1401556,154.887,4.738,1430478,145.378,-4.72,1419048,166.275,9.699,712305,174.381,24.35,1441387,153.49,0.126,1095497,145.675,-10.707,839075,v10,18992fa,fedca7c,2026-09-04T23:05:01+00:00
77294,9912.7,31302,1187583,76.675,163.226,13.812,164.603,-16.452,594379,147.402,-10.848,1078872,162.794,-0.82,1166720,176.825,-12.762,373478,191.173,17.08,437679,162.394,-1.889,1118638,156.692,-12.315,887127,169.96,0.131,923334,192.487,29.26,1186743,186.535,12.613,803418,168.5,-9.345,682160,v10,18992fa,fedca7c,2026-09-04T23:05:01+00:00
77295,4243.0,34822,433856,65.441,150.835,14.672,150.241,-22.681,67935,132.731,-16.303,419010,150.571,-1.725,358718,157.06,-10.366,127353,167.182,16.339,433562,145.976,-5.133,402469,137.145,-16.727,279844,160.618,7.253,325781,182.048,31.212,433671,174.977,10.263,159134,143.962,-22.047,136738,v10,18992fa,fedca7c,2026-09-04T23:05:01+00:00
77296,21303.2,42894,2896215,87.009,156.538,14.455,151.138,-22.052,1266308,138.137,-11.497,2035005,144.988,-12.4,2789411,163.388,-9.72,1301473,165.397,8.751,2883561,168.572,11.998,2887944,150.841,-6.71,2725157,178.471,5.653,1267506,181.136,24.598,2895893,161.054,3.263,2690321,149.584,-12.427,2183786,v10,18992fa,fedca7c,2026-09-04T23:05:01+00:00
77297,8291.2,1620,1021875,78.879,145.981,15.508,148.611,-19.834,195542,131.539,-12.323,984819,135.735,-10.99,926831,157.301,-2.463,273787,157.071,11.503,886809,152.585,6.337,989247,141.865,-11.331,518227,157.637,6.702,666684,173.013,27.026,1021176,163.482,11.779,627982,140.519,-13.85,513658,v10,18992fa,fedca7c,2026-09-04T23:05:01+00:00
77298,9540.1,11996,1378671,92.488,157.578,16.948,160.224,-20.071,333191,147.108,-9.242,1344567,146.156,-11.45,1375261,165.265,-10.039,322390,168.255,11.673,1116258,156.343,-1.24,1378084,169.906,-0.342,587722,165.0,3.28,982430,187.625,30.041,1378044,179.828,19.532,1141505,141.231,-17.5,1258721,v10,18992fa,fedca7c,2026-09-04T23:05:01+00:00
77299,25897.9,68039,3779813,93.408,156.566,15.654,157.161,-13.015,1513471,138.151,-15.421,3621770,155.146,-1.544,3750375,162.351,-0.406,1444924,167.271,10.702,3778690,159.709,3.137,3777410,152.498,-7.925,2669915,165.792,5.166,2909825,171.517,14.949,3778862,176.036,18.371,3450358,148.317,-10.453,3211558,v10,18992fa,fedca7c,2026-09-04T23:05:01+00:00
77320,89819.0,1134423,637385,4.542,,,164.706,-32.027,244659,169.2,-15.394,460314,181.618,2.34,625197,191.314,-6.483,244618,190.744,11.558,630903,173.58,-10.133,480928,172.797,-17.473,363115,160.336,-19.664,602463,197.611,18.662,637223,185.524,3.182,536887,191.762,5.02,442958,v10,18992fa,fedca7c,2026-09-04T23:05:01+00:00
77330,60897.4,30004,1426781,14.995,164.247,13.643,158.806,-33.133,267940,149.116,-15.579,1325456,164.134,-2.038,1204216,186.543,-3.505,318875,174.645,9.476,1371437,149.79,-18.444,940751,166.781,-6.511,877489,153.915,-11.539,1329230,187.05,22.802,1426720,178.666,10.793,1183651,177.586,-0.489,674459,v10,18992fa,fedca7c,2026-09-04T23:05:01+00:00
77340,82877.0,243551,5543742,42.81,156.233,14.778,149.45,-35.685,447245,149.501,-6.528,5511147,144.996,-12.215,4985699,172.619,-8.856,725723,162.391,5.786,5393207,141.586,-19.173,3619788,158.2,-4.589,3116153,152.859,-6.539,3933659,188.043,31.663,5510526,176.608,14.802,3794422,159.36,-10.399,1837663,v10,18992fa,fedca7c,2026-09-04T23:05:01+00:00
77350,54552.8,667937,1809636,21.23,156.364,11.708,146.859,-41.695,189058,144.724,-11.567,1781611,146.022,-11.111,1674790,173.57,-7.131,337340,164.393,6.985,1729149,153.082,-10.104,1088107,165.17,0.991,1119438,154.759,-5.053,1467192,174.07,17.516,1796124,174.16,9.71,1117160,165.06,-3.887,783108,v10,18992fa,fedca7c,2026-09-04T23:05:01+00:00
77360,45135.0,11388,2519208,35.722,148.703,11.56,131.863,-48.149,207300,142.214,-6.536,2485507,139.152,-9.669,2474625,150.725,-20.686,433064,164.502,11.194,1953998,143.41,-14.036,1360777,158.077,-2.448,1079527,149.286,-5.593,1702731,170.345,21.629,2515413,169.388,7.884,1054815,160.538,3.899,1419500,v10,18992fa,fedca7c,2026-09-04T23:05:01+00:00
77370,30048.0,10727,2229479,47.486,151.044,16.051,141.978,-34.822,255383,141.222,-6.022,1726886,139.865,-8.535,1805299,169.869,-10.553,122569,158.09,5.784,1297346,139.561,-14.564,1660862,153.871,-10.116,744003,151.365,-5.548,841869,190.559,39.515,2229422,173.904,13.811,1227476,152.32,-10.789,742475,v10,18992fa,fedca7c,2026-09-04T23:05:01+00:00
77381,92769.0,3008919,5266940,36.336,161.941,14.187,148.994,-28.569,1874260,151.417,-10.178,4824421,152.708,-9.517,5077768,160.87,-13.958,2143393,172.002,8.171,4668619,158.789,-3.874,5066817,163.356,-2.902,4025926,168.049,2.458,4117012,192.4,30.457,5265426,174.817,9.667,4537724,158.133,-8.263,4158434,v10,18992fa,fedca7c,2026-09-04T23:05:01+00:00
77382,1896.7,0,35380,11.938,148.696,12.685,146.24,-18.909,3765,133.055,-15.644,35361,142.597,-5.888,30906,156.425,-9.684,4075,157.572,7.262,31548,150.417,-7.724,14237,154.588,-4.245,8925,146.732,-3.385,30877,167.158,18.462,35380,180.054,21.649,15817,109.172,-50.926,5696,v10,18992fa,fedca7c,2026-09-04T23:05:01+00:00
77383,36202.4,120594,1763020,31.167,158.996,13.364,149.116,-23.695,767270,156.687,-2.187,1758352,148.739,-12.607,1523150,168.741,-6.215,652537,167.199,7.469,1699698,158.906,-3.712,1441218,154.545,-8.852,1325364,163.284,3.018,1626803,180.261,21.246,1761230,178.206,12.427,1244469,151.36,-17.309,860579,v10,18992fa,fedca7c,2026-09-04T23:05:01+00:00
77384,5386.6,28110,19171,2.278,,,,,6147,145.314,-12.999,18949,151.812,-7.274,15280,,,5407,162.483,3.979,18908,160.846,-2.549,13458,,,7851,156.654,-2.467,18099,177.514,19.314,19171,173.474,11.26,15218,,,3491,v10,18992fa,fedca7c,2026-09-04T23:05:01+00:00
77416,6501.2,4852539,8862,0.872,,,,,6053,,,8821,,,8858,,,4696,,,8861,,,8730,,,7680,,,8721,,,8862,,,8862,,,8482,v10,18992fa,fedca7c,2026-09-04T23:05:01+00:00
77417,15522.5,11992910,1063,0.044,,,,,355,,,1063,,,1063,,,560,,,1063,,,1063,,,966,,,1063,,,1063,,,1063,,,1047,v10,18992fa,fedca7c,2026-09-04T23:05:01+00:00
77418,4726.5,158226,67,0.009,,,,,0,,,67,,,67,,,0,,,67,,,67,,,59,,,65,,,67,,,67,,,11,v10,18992fa,fedca7c,2026-09-04T23:05:01+00:00
77440,31463.6,1671829,323286,6.576,189.627,13.181,157.237,-39.512,220990,184.622,-5.043,322747,192.802,3.171,323258,189.513,-6.503,231655,200.962,11.325,323189,187.289,-2.619,319658,172.184,-19.741,294040,174.377,-15.544,319701,207.024,17.397,323286,196.658,6.967,322614,193.526,3.239,316105,v10,18992fa,fedca7c,2026-09-04T23:05:01+00:00
77442,53384.2,3648406,1050398,12.593,196.285,10.412,162.597,-36.727,922090,190.192,-6.096,1050298,203.546,7.254,1050146,193.775,-4.071,1002194,205.409,9.101,1049783,197.408,0.674,1037258,183.523,-13.042,1042428,187.839,-8.488,1049214,211.057,14.771,1050371,199.465,3.139,1049337,195.899,-0.722,1041119,v10,18992fa,fedca7c,2026-09-04T23:05:01+00:00
77444,5980.6,1364284,93900,10.048,191.294,9.029,150.517,-42.168,84782,173.674,-16.977,86317,198.633,7.335,93880,187.04,-4.419,93297,195.795,4.494,93861,196.982,5.642,93738,182.812,-8.492,93872,193.493,2.198,93896,203.581,12.284,93888,190.469,-0.838,93838,191.849,0.53,93810,v10,18992fa,fedca7c,2026-09-04T23:05:01+00:00
77446,16175.8,392857,270962,10.721,175.705,10.93,144.64,-42.934,128887,146.914,-27.766,256610,178.245,2.403,269534,180.287,-1.436,199389,179.018,3.286,270630,179.142,-1.123,214287,170.787,-6.268,254294,170.417,-5.37,270002,190.305,14.598,270926,180.456,3.69,258548,181.719,2.699,230199,v10,18992fa,fedca7c,2026-09-04T23:05:01+00:00
77449,36771.5,483611,461036,8.024,165.15,12.624,148.434,-41.688,123977,141.162,-21.39,427031,159.257,-5.897,460020,174.711,-5.025,248370,177.227,10.677,441239,163.018,-12.067,306939,169.597,0.031,389156,161.963,-4.801,436738,185.842,20.539,458182,180.229,6.198,330721,172.828,0.819,359557,v10,18992fa,fedca7c,2026-09-04T23:05:01+00:00
77460,9366.0,51706,3159,0.216,,,,,315,,,786,,,3159,,,3016,,,3124,,,2907,,,3103,,,3150,,,3159,,,3159,,,3097,v10,18992fa,fedca7c,2026-09-04T23:05:01+00:00
77470,3013.8,100942,1223,0.26,,,,,394,,,1222,,,1219,,,1180,,,1219,,,1191,,,1132,,,1219,,,1222,,,1219,,,1119,v10,18992fa,fedca7c,2026-09-04T23:05:01+00:00
77480,40894.6,122871,616821,9.653,169.022,12.618,146.256,-42.612,180872,147.167,-18.339,540535,167.316,-1.889,611304,173.588,-5.8,385235,179.137,9.158,596644,160.787,-12.973,501618,170.339,-2.739,520867,165.587,-4.168,597925,187.818,18.772,615369,182.127,4.549,434199,175.051,4.949,595062,v10,18992fa,fedca7c,2026-09-04T23:05:01+00:00
77490,2149.2,28432,2660,0.792,,,,,139,,,2660,,,2660,,,2658,,,2651,,,2612,,,2657,,,2650,,,2660,,,2660,,,2660,v10,18992fa,fedca7c,2026-09-04T23:05:01+00:00
78100,45033.5,655135,53515,0.761,,,,,43116,,,33488,,,53441,,,50130,,,52567,,,51820,,,52438,,,52424,,,53371,,,50787,,,52092,v10,18992fa,fedca7c,2026-09-04T23:05:01+00:00
78210,12236.9,502228,59381,3.106,,,,,14382,176.836,-15.224,41717,198.42,1.873,47777,196.891,2.13,51277,194.887,-2.557,57393,196.997,0.156,58656,201.854,4.958,58561,212.448,9.677,47969,201.082,4.403,58959,199.258,1.359,56820,187.705,-9.268,58436,v10,18992fa,fedca7c,2026-09-04T23:05:01+00:00
78220,28949.1,2668617,67422,1.491,,,146.645,-45.467,52121,159.642,-26.13,52334,191.085,1.231,66012,184.269,-6.988,63452,190.983,0.368,64772,192.809,2.559,66048,192.605,2.284,65785,197.565,7.365,65868,200.171,10.546,66531,194.997,3.673,62980,186.404,-4.443,64634,v10,18992fa,fedca7c,2026-09-04T23:05:01+00:00
78230,11295.1,637473,80989,4.589,,,136.016,-46.944,39578,165.784,-20.987,68201,192.882,4.926,62755,188.645,-1.051,70486,192.84,1.365,78954,184.707,-7.139,78306,194.298,2.362,78291,201.494,8.769,73171,201.464,11.154,80950,191.267,0.125,79603,186.858,-3.984,80077,v10,18992fa,fedca7c,2026-09-04T23:05:01+00:00
78240,27728.4,269608,789530,18.223,152.252,10.438,137.991,-48.103,133709,142.833,-7.572,759433,149.075,-3.138,788336,169.018,-13.021,187085,165.743,7.18,543362,152.905,-13.008,369866,163.606,-3.19,356027,157.714,-3.671,473537,165.863,13.48,779871,173.41,8.558,396174,159.786,4.315,674354,v10,18992fa,fedca7c,2026-09-04T23:05:01+00:00
78250,40842.7,199351,491424,7.701,151.914,11.791,126.376,-38.233,144933,140.535,-13.243,413390,145.225,-6.786,484864,155.326,-13.858,141878,168.889,14.374,408194,155.514,-3.759,299214,163.275,4.377,312485,158.393,0.557,292181,170.994,18.109,468115,163.622,2.024,239716,152.832,-2.0,409095,v10,18992fa,fedca7c,2026-09-04T23:05:01+00:00
78261,50477.3,883866,1325293,16.803,176.296,10.637,141.078,-32.164,546606,152.565,-14.046,909287,175.9,9.341,961399,173.06,-6.082,1149928,181.623,4.714,1305197,176.271,-7.958,1025547,182.311,1.338,1153587,210.644,8.01,451374,185.018,7.528,1279233,173.89,-9.185,1057138,174.862,-1.647,1314557,v10,18992fa,fedca7c,2026-09-04T23:05:01+00:00
78262,21385.8,400778,727379,21.768,169.114,10.459,140.45,-34.853,408261,158.859,-10.75,644044,169.029,4.015,655729,175.568,6.319,724459,170.434,1.016,721076,178.074,2.134,565894,172.15,-0.812,643209,217.462,10.691,73510,172.365,3.168,721521,172.804,-9.21,409524,165.062,-5.226,696936,v10,18992fa,fedca7c,2026-09-04T23:05:01+00:00
78263,7389.9,18409,268667,23.268,155.002,10.03,121.482,-42.205,45957,145.472,-10.292,249841,159.65,4.619,257079,154.655,-0.537,265213,166.319,11.196,267072,151.835,-11.55,89872,155.365,-3.735,170172,,,1129,160.231,4.366,202899,147.202,-18.696,51306,151.836,-4.637,192664,v10,18992fa,fedca7c,2026-09-04T23:05:01+00:00
78264,17353.6,740948,110813,4.087,,,148.116,-28.979,64483,157.041,-14.836,90249,168.933,0.727,110778,167.115,-2.628,103581,176.554,8.323,110625,175.352,4.306,97875,171.176,0.276,98418,170.202,2.013,109522,176.626,8.589,110058,155.318,-11.361,81484,162.302,-6.678,105579,v10,18992fa,fedca7c,2026-09-04T23:05:01+00:00
78265,18231.0,51322,342301,12.016,171.093,10.769,150.17,-30.212,220931,159.208,-12.051,304790,174.107,2.237,323487,177.23,5.606,335566,175.019,3.901,342091,175.764,1.161,300873,172.491,-0.413,319871,182.992,8.314,110229,177.268,5.829,332294,167.559,-10.383,257625,171.175,-1.354,318699,v10,18992fa,fedca7c,2026-09-04T23:05:01+00:00
78266,67055.6,440029,2832770,27.037,171.8,12.142,156.193,-21.171,2231972,158.72,-11.524,2369287,167.275,-4.918,2795415,183.948,10.752,2644275,184.226,12.025,2800289,180.722,1.609,2262203,180.881,0.113,2171592,187.079,4.421,236553,182.811,9.52,2240701,180.245,-3.266,1586963,169.709,-3.496,2255856,v10,18992fa,fedca7c,2026-09-04T23:05:01+00:00
78267,986.9,27425,13168,8.539,176.089,9.005,155.639,-27.367,10267,162.74,-14.615,12584,182.48,6.388,13167,181.491,5.169,13082,179.365,3.261,13163,180.157,3.995,13145,175.649,-1.636,12704,181.421,5.749,12266,182.801,6.55,13113,171.048,-13.623,9773,172.1,-5.207,12703,v10,18992fa,fedca7c,2026-09-04T23:05:01+00:00
78268,50040.6,127321,2029988,25.963,205.672,8.378,199.144,-9.689,1617662,198.312,-7.977,1999880,210.143,4.442,2028099,208.852,3.073,2026456,204.879,-0.908,2026230,209.525,1.844,1961106,207.637,-0.425,1949745,205.301,6.482,428267,194.008,-3.556,489381,200.007,-2.677,378193,199.369,-5.907,598025,v10,18992fa,fedca7c,2026-09-04T23:05:01+00:00
78269,36707.5,31929,2579221,44.969,219.788,7.591,218.782,-2.93,1472476,208.401,-7.734,1585674,221.756,1.931,2538524,219.616,-0.207,2577793,219.492,-0.345,2577524,224.902,5.086,2578060,221.928,2.049,2576157,,,51154,209.019,-4.145,73921,215.744,1.917,69921,227.762,-8.752,618321,v10,18992fa,fedca7c,2026-09-04T23:05:01+00:00
78270,50865.5,228164,1074598,13.521,167.867,11.333,154.939,-24.401,515523,155.103,-13.625,965811,165.818,-2.167,1070146,168.691,-6.676,449533,181.189,11.19,997724,172.317,0.907,962951,179.685,4.743,862537,159.948,3.92,687023,172.347,7.861,734083,165.656,-4.749,517610,163.93,-3.029,670159,v10,18992fa,fedca7c,2026-09-04T23:05:01+00:00
78280,36185.5,15822,3210774,56.788,174.651,10.948,163.043,-17.901,2241038,169.988,-6.358,2634574,172.225,-0.439,2986618,169.538,-8.714,346810,186.646,5.427,2200980,177.084,2.219,3191672,173.494,-2.643,3083276,181.883,1.637,1982678,183.474,9.386,2912442,181.224,5.251,2755798,175.761,0.629,2833480,v10,18992fa,fedca7c,2026-09-04T23:05:01+00:00
78290,16791.2,8442,2368102,90.261,164.838,15.286,146.29,-25.721,1163149,148.629,-15.39,1447124,159.296,-5.551,2366391,173.361,-0.061,408288,172.799,6.287,2119691,162.934,-1.91,2367156,153.647,-11.629,2298686,161.039,-3.614,1431249,188.184,23.5,2361911,179.602,10.384,1551298,167.591,2.262,2317436,v10,18992fa,fedca7c,2026-09-04T23:05:01+00:00
78291,27449.5,83794,1430882,33.362,163.514,10.942,154.63,-25.702,532689,153.558,-10.498,1369666,154.325,-6.902,1323528,166.693,-9.212,581381,171.227,8.47,1176781,162.923,-5.929,1186753,172.985,4.051,1193723,167.389,3.504,1408586,181.257,16.075,1348163,173.274,-1.815,915468,167.122,-0.474,1247573,v10,18992fa,fedca7c,2026-09-04T23:05:01+00:00
78292,12166.0,13520,542130,28.519,156.883,11.193,134.438,-39.767,70716,147.887,-9.004,541626,153.956,-2.932,542009,139.094,-26.018,145414,166.89,8.723,497168,140.822,-18.143,457705,160.509,0.996,440653,150.557,-7.226,504894,184.897,28.015,542130,165.102,4.898,403030,159.963,2.162,515240,v10,18992fa,fedca7c,2026-09-04T23:05:01+00:00
78294,10328.6,773268,689695,42.736,176.647,9.638,168.877,-18.307,316533,169.77,-5.558,660600,170.299,-4.443,629779,180.432,-2.412,418072,183.123,6.736,574600,173.135,-4.813,667901,177.908,-0.079,668926,171.732,-5.133,685479,194.194,17.39,686940,179.249,-0.602,632714,178.783,1.217,675312,v10,18992fa,fedca7c,2026-09-04T23:05:01+00:00
78296,28402.9,3103,2401838,54.12,147.239,11.766,123.233,-48.928,125746,144.022,-3.215,2394069,136.728,-11.331,2238751,144.166,-22.023,390664,147.325,-1.02,2132716,137.07,-12.715,1967735,158.355,-0.149,1117335,154.327,3.573,2002315,164.359,16.569,2334740,170.207,15.316,1544070,151.626,-6.872,1081605,v10,18992fa,fedca7c,2026-09-04T23:05:01+00:00
78297,6058.4,25518,108887,11.503,153.139,12.943,,,7736,140.404,-12.815,108283,146.336,-7.194,106659,143.013,-20.058,26006,161.254,4.564,87595,140.467,-15.489,91426,159.588,-1.555,55621,159.264,5.696,106546,170.114,16.786,107684,172.632,17.646,98407,152.925,-4.681,80171,v10,18992fa,fedca7c,2026-09-04T23:05:01+00:00
78298,8808.6,827,683209,49.639,151.13,12.938,143.675,-39.331,109200,144.0,-6.845,675584,141.796,-9.693,668871,146.214,-25.959,192904,160.074,4.443,551656,151.848,-2.614,594690,163.323,-5.011,348751,154.866,1.923,631011,172.259,20.567,668994,177.459,15.761,459290,154.904,-9.869,404346,v10,18992fa,fedca7c,2026-09-04T23:05:01+00:00
78299,81290.8,677832,7269871,57.235,165.992,12.703,155.245,-27.177,3627155,156.422,-8.452,6107089,158.607,-8.054,7093399,174.845,-7.701,3232578,176.978,7.822,6358257,160.71,-6.196,7065657,167.605,-3.425,5967758,167.517,-0.636,6350057,192.281,26.17,7240709,179.314,8.164,5916068,167.811,-1.868,6393157,v10,18992fa,fedca7c,2026-09-04T23:05:01+00:00
78300,10867.5,3826,15913,0.937,,,,,131,,,381,,,2687,,,15292,,,13593,,,15654,,,15598,,,15518,,,15421,,,15293,,,14644,v10,18992fa,fedca7c,2026-09-04T23:05:01+00:00
78310,52968.8,5917136,510347,6.166,205.576,8.823,155.768,-31.973,105361,190.828,-13.097,292590,212.977,5.942,351899,207.398,1.504,500984,202.149,-3.883,506603,208.517,2.745,508880,211.02,5.143,508092,217.09,7.045,440511,208.305,2.613,509532,205.6,-0.89,501747,196.71,-9.16,507786,v10,18992fa,fedca7c,2026-09-04T23:05:01+00:00
78321,19706.6,1104683,875920,28.447,213.239,8.211,205.05,-13.146,517053,189.035,-13.306,286853,226.403,9.851,665488,213.949,0.693,875701,210.044,-3.247,875316,215.417,2.105,875027,217.122,3.829,875295,230.431,13.383,750550,213.258,0.001,875682,212.45,-1.102,871456,204.169,-9.126,875199,v10,18992fa,fedca7c,2026-09-04T23:05:01+00:00
78322,55417.1,198578,2016226,23.285,188.835,10.645,156.644,-24.823,1058935,165.864,-10.784,1344918,181.111,0.253,1578265,195.843,6.86,2010062,188.284,-2.206,1959348,198.192,7.142,1936098,194.131,2.152,1905522,237.882,10.867,149810,180.729,5.092,1299239,175.427,-7.645,1040320,172.03,-10.203,1383949,v10,18992fa,fedca7c,2026-09-04T23:05:01+00:00
78323,16015.7,7161,870177,34.773,194.558,11.189,186.186,-13.293,553758,162.902,-11.97,518137,202.929,7.703,615841,200.951,6.336,869400,194.329,-3.647,828788,199.401,2.084,836517,202.868,5.254,832576,242.266,18.15,334948,193.446,-1.675,862820,202.703,-0.315,754919,190.184,-8.862,811115,v10,18992fa,fedca7c,2026-09-04T23:05:01+00:00
78324,19707.6,1513,1029863,33.445,180.608,12.955,183.662,-4.484,794280,149.957,-15.173,765804,181.058,0.151,1022756,188.718,8.066,1028490,179.458,-1.854,1009982,186.47,5.776,1027529,185.977,5.055,1022850,246.686,16.285,180007,184.11,3.409,1027560,180.324,-3.508,941062,170.538,-10.847,1008898,v10,18992fa,fedca7c,2026-09-04T23:05:01+00:00
78325,25575.6,50693,847223,21.201,188.275,11.677,156.15,-14.14,300192,163.693,-16.218,679595,181.795,-6.168,745068,195.177,6.828,845301,185.923,-2.546,843739,200.024,11.614,844557,189.747,0.919,837563,217.194,6.67,352775,191.535,3.146,840220,183.288,-10.745,678809,182.288,-6.521,831406,v10,18992fa,fedca7c,2026-09-04T23:05:01+00:00
78326,12276.2,406,567057,29.563,173.348,13.735,173.099,-1.09,468170,156.876,-16.393,564957,162.719,-10.65,566321,192.012,18.643,566360,172.092,-1.279,566065,186.903,13.548,566816,175.966,2.599,566429,164.924,-9.113,376859,181.765,8.404,566658,150.663,-22.725,565707,167.192,-6.191,565816,v10,18992fa,fedca7c,2026-09-04T23:05:01+00:00
78327,2695.0,47431,53025,12.592,163.135,16.357,148.501,-16.971,19919,141.875,-21.284,52940,157.424,-5.742,52913,185.363,22.216,52987,176.499,13.363,53000,193.587,30.452,53023,152.645,-10.504,52952,146.404,-13.711,47893,174.2,14.076,47887,139.285,-21.68,39357,156.378,-3.766,47906,v10,18992fa,fedca7c,2026-09-04T23:05:01+00:00
78328,46942.5,53311,1418311,19.337,185.926,10.809,178.121,-8.058,1333347,168.987,-14.067,1280157,180.635,-5.428,1409413,200.051,14.032,1411923,187.801,1.717,1407782,198.722,12.727,1413883,189.5,3.429,1408917,181.573,-3.343,1332566,190.367,4.916,1369143,160.425,-15.245,998258,178.735,-6.773,1366695,v10,18992fa,fedca7c,2026-09-04T23:05:01+00:00
78329,32492.4,9898,1538015,30.294,213.846,8.244,177.648,-15.545,405744,191.853,-13.815,935251,212.578,-1.146,1523966,213.624,-0.131,1532381,212.763,-1.406,1524920,222.692,8.825,1537380,216.701,2.82,1536975,220.009,6.313,1431764,206.519,-7.149,1436087,207.549,-2.639,609272,210.062,-3.815,1446318,v10,18992fa,fedca7c,2026-09-04T23:05:01+00:00
78330,35526.0,803142,215981,3.891,,,177.258,-23.956,128315,174.805,-15.806,181059,198.669,5.816,215271,187.924,-5.129,214394,192.153,-1.425,211353,194.713,1.757,214802,198.696,5.65,214478,,,23235,197.291,4.316,214715,190.911,-3.336,206475,191.762,-1.504,213086,v10,18992fa,fedca7c,2026-09-04T23:05:01+00:00
78331,19022.7,1350280,1095924,36.871,215.684,9.292,205.058,-13.573,950689,175.803,-18.056,297469,224.026,8.322,1095565,217.591,1.857,1095155,214.745,-1.024,1094592,218.206,2.498,1095595,218.811,3.061,1094941,236.187,12.808,798848,214.308,-1.42,1095246,216.689,0.823,1092742,208.099,-7.636,1095118,v10,18992fa,fedca7c,2026-09-04T23:05:01+00:00
78332,5747.0,141,545980,60.802,221.654,9.818,209.117,-13.535,534990,182.853,-11.098,142052,228.742,7.065,545834,225.067,3.406,545937,219.752,-1.922,545852,225.559,3.892,545904,224.316,2.628,545765,249.022,13.276,322556,213.923,-7.739,545928,225.93,3.932,543468,214.755,-7.107,544573,v10,18992fa,fedca7c,2026-09-04T23:05:01+00:00
78333,5767.7,2656,237963,26.405,216.287,9.508,198.836,-18.777,230404,176.64,-17.006,67176,221.943,5.608,237808,218.013,1.639,237681,216.008,-0.37,237664,219.008,2.677,237825,220.919,4.547,237697,242.187,14.694,152059,212.038,-4.298,237795,219.964,3.484,237261,210.621,-5.776,237605,v10,18992fa,fedca7c,2026-09-04T23:05:01+00:00
78334,5839.7,84,556551,60.995,216.684,10.531,202.1,-15.245,547980,190.045,-12.58,215937,223.524,6.493,551345,219.124,2.435,556501,214.728,-1.964,556477,221.054,4.366,556517,221.097,4.394,556395,245.94,14.678,297410,211.359,-5.344,556390,221.686,4.915,555834,210.664,-6.281,554240,v10,18992fa,fedca7c,2026-09-04T23:05:01+00:00
78335,19689.5,233,1008673,32.787,209.555,10.029,197.365,-13.567,967200,195.285,-13.238,873134,211.911,2.306,1007434,210.045,0.443,1007917,208.898,-0.714,1007678,213.157,3.584,1008394,215.829,6.253,1008361,239.192,15.91,505704,208.779,-0.812,1008109,215.327,5.686,1007053,205.917,-3.704,1007472,v10,18992fa,fedca7c,2026-09-04T23:05:01+00:00
78336,5358.0,1928,370578,44.265,214.135,9.999,199.552,-15.671,362950,195.969,-13.428,279374,217.956,3.013,361972,217.177,2.984,370240,212.691,-1.626,369649,218.572,4.417,370438,220.319,6.127,370235,242.728,13.842,145737,211.014,-3.241,369933,220.326,5.691,367890,208.67,-5.93,368176,v10,18992fa,fedca7c,2026-09-04T23:05:01+00:00
78337,1072.6,0,80601,48.093,209.578,9.543,192.282,-17.537,80067,195.282,-14.122,78707,209.312,-0.268,80595,213.014,3.431,80591,203.986,-5.598,80590,213.483,3.903,80597,216.569,6.985,80589,229.367,14.599,54036,212.438,2.857,80594,218.013,8.187,78058,204.338,-5.246,80591,v10,18992fa,fedca7c,2026-09-04T23:05:01+00:00
78338,7767.8,607,298166,24.566,202.623,9.89,189.914,-13.205,293736,188.159,-14.073,289717,204.66,1.968,297683,207.887,5.201,297744,196.633,-6.059,297701,207.491,4.831,297915,208.628,5.954,297797,217.808,11.906,228652,203.275,0.595,297802,198.747,-3.18,203421,195.169,-7.508,297781,v10,18992fa,fedca7c,2026-09-04T23:05:01+00:00
78339,34231.5,10387,1551073,28.999,200.985,9.657,185.918,-16.31,1482942,183.113,-17.866,857144,198.337,-2.39,1505365,203.228,2.154,1548153,197.093,-4.052,1545801,203.608,2.588,1549964,208.011,6.966,1549251,204.825,3.624,1533763,204.572,3.507,1548551,194.531,-1.343,184446,197.352,-3.763,1546811,v10,18992fa,fedca7c,2026-09-04T23:05:01+00:00
78340,51785.6,41310,2548585,31.497,213.646,7.705,206.735,-5.559,2042761,196.047,-14.466,1303334,213.199,-0.52,2527553,216.318,2.641,2546742,208.662,-5.006,2547389,215.282,1.608,2547110,218.101,4.387,2545230,219.376,5.577,2498712,211.999,-1.833,2497560,168.65,-12.14,220488,210.869,-3.006,2498574,v10,18992fa,fedca7c,2026-09-04T23:05:01+00:00
78350,4770.4,12540,208570,27.982,197.133,11.277,176.639,-20.744,207092,166.696,-28.151,186139,190.951,-5.921,205439,199.228,2.062,208414,195.519,-1.658,208346,198.845,1.689,208481,207.515,10.344,208390,194.948,-2.222,208428,204.4,7.226,208412,,,4431,196.813,-0.424,208019,v10,18992fa,fedca7c,2026-09-04T23:05:01+00:00
78360,19829.4,1381,1460492,47.138,220.141,7.346,215.566,-5.707,1182334,207.111,-12.006,690526,218.605,-1.531,1414342,220.507,0.348,1459930,213.589,-6.558,1460331,224.116,3.966,1460227,225.52,5.362,1459935,226.99,6.83,1459776,218.95,-1.208,1459835,,,9806,220.314,0.161,1460144,v10,18992fa,fedca7c,2026-09-04T23:05:01+00:00
78370,37005.7,20128,1588139,27.466,205.485,9.912,193.923,-12.877,1522834,183.108,-19.863,1312974,204.945,-2.877,1347401,205.392,-0.157,1586430,200.311,-5.358,1583409,211.036,5.494,1586616,215.745,10.165,1585674,210.244,4.566,1573550,210.779,5.074,1572490,177.75,-6.105,206859,205.021,-0.71,1571710,v10,18992fa,fedca7c,2026-09-04T23:05:01+00:00
78380,50659.2,689,4657740,58.843,215.819,9.578,210.327,-6.769,2780141,203.472,-12.46,315960,215.632,-3.456,2485850,208.627,-7.216,4655327,205.848,-9.986,4656354,219.289,3.44,4654820,221.098,5.247,4654609,224.468,8.616,4654670,211.587,-4.26,4654945,204.195,-2.922,557938,216.728,1.462,2789733,v10,18992fa,fedca7c,2026-09-04T23:05:01+00:00
78390,76116.4,48749,6365256,53.52,215.732,11.32,208.808,-7.276,6330610,216.645,-4.842,3462386,206.573,2.733,692521,213.42,-2.445,6351113,207.599,-8.32,6347341,217.355,1.528,6354269,228.32,12.461,6352704,221.072,7.568,5863954,217.497,2.684,5497333,207.896,-1.955,3246141,214.843,-1.112,6237935,v10,18992fa,fedca7c,2026-09-04T23:05:01+00:00
81100,16615.3,7781,1946239,74.967,175.867,14.576,160.277,-0.219,631273,161.675,13.941,682829,175.446,-10.009,1521630,177.687,-4.069,1618964,174.692,-2.986,1697623,166.225,-10.509,1739837,174.476,-3.333,1799611,182.644,1.027,1449911,181.423,1.145,1643462,192.639,12.716,1655207,185.357,1.336,1199582,v10,18992fa,fedca7c,2026-09-04T23:05:01+00:00
81110,55235.1,1445,6951857,80.55,221.707,12.098,219.889,-6.137,5625854,217.049,-8.14,6336667,206.436,2.127,3498187,223.031,1.121,6927123,210.637,-11.261,6929433,220.729,-1.103,6935797,230.418,8.571,6935166,225.039,9.246,5601158,232.161,8.017,3452128,214.337,3.708,2058497,223.132,1.03,6910774,v10,18992fa,fedca7c,2026-09-04T23:05:01+00:00
81120,65704.6,47,7839499,76.361,224.339,12.419,225.532,-12.649,5455257,234.133,-4.332,4413710,200.071,-12.495,6051461,232.187,7.754,7824981,212.199,-12.277,7819148,222.782,-1.695,7818450,222.285,-2.15,7824541,232.603,5.703,6462432,236.081,10.736,6996304,228.239,7.207,6615363,227.551,1.215,7197331,v10,18992fa,fedca7c,2026-09-04T23:05:01+00:00
81130,52803.2,365719,5673702,68.768,209.262,12.868,197.969,-15.064,5084953,175.59,-11.358,2728724,224.223,2.584,3002743,204.497,1.126,4314152,203.012,-5.086,4173809,207.252,-2.254,5639562,215.064,5.85,5510256,195.742,9.492,2290458,193.114,10.568,995163,202.526,5.236,4101855,206.55,-1.956,3077957,v10,18992fa,fedca7c,2026-09-04T23:05:01+00:00
81140,50346.1,0,6556733,83.349,214.855,11.51,191.016,-24.863,5818875,197.47,-7.196,3820925,206.307,-13.625,3670952,219.297,4.345,6543913,209.195,-5.668,6445922,214.99,0.039,6544386,207.588,-7.26,6502712,213.58,6.187,3846084,218.735,10.307,2112479,216.566,1.793,6508966,218.722,3.868,6440612,v10,18992fa,fedca7c,2026-09-04T23:05:01+00:00
81150,13877.7,218,1524102,70.287,166.422,16.167,141.404,-34.13,989312,152.082,-15.777,774422,182.805,13.186,1385169,161.518,1.415,1163942,145.51,-17.461,1002303,166.999,0.044,1498051,180.124,11.823,1447836,166.99,0.415,1479755,169.033,13.666,886932,174.51,5.266,1386872,157.199,-13.248,1258696,v10,18992fa,fedca7c,2026-09-04T23:05:01+00:00
81151,4229.7,322,522212,79.016,208.715,11.747,177.835,-20.092,434701,180.348,-13.463,380465,205.735,-11.285,369334,210.007,1.156,520102,207.3,-1.612,518922,213.723,4.885,520298,217.09,8.238,520200,206.925,10.541,414166,166.862,9.615,39693,215.057,6.168,519192,202.069,-6.887,518810,v10,18992fa,fedca7c,2026-09-04T23:05:01+00:00
81152,4375.1,26,630432,92.221,225.612,11.462,190.746,-20.256,409216,192.31,-5.036,225254,217.783,-7.982,628882,231.463,5.614,627950,225.851,-0.078,627247,220.212,-5.57,628748,225.399,-0.492,627648,211.543,3.748,362566,173.806,-2.87,29527,226.26,0.401,627945,229.664,3.838,628169,v10,18992fa,fedca7c,2026-09-04T23:05:01+00:00
81153,55808.0,2939,7469798,85.663,165.316,15.582,149.013,-21.62,4809110,150.837,-9.191,5346360,184.7,15.076,6623407,165.691,0.661,5441758,146.338,-12.657,5331285,167.441,1.553,7234779,172.382,7.335,7010877,156.966,-2.753,6526678,157.057,8.563,4424016,172.541,8.923,6451612,168.298,-2.951,6227014,v10,18992fa,fedca7c,2026-09-04T23:05:01+00:00
81154,4480.7,9,474471,67.771,154.947,19.637,128.409,-28.467,318949,126.263,-26.927,365584,168.43,12.055,416499,161.943,8.915,418614,127.921,-24.503,336025,169.512,14.458,470018,176.497,21.307,466733,145.33,-9.461,455690,161.268,14.837,374290,168.995,15.52,442831,144.282,-12.641,361704,v10,18992fa,fedca7c,2026-09-04T23:05:01+00:00
81155,3304.7,85,487925,94.493,158.566,20.449,131.556,-27.675,387785,130.809,-23.643,409788,166.87,8.17,484036,167.172,9.623,386913,129.145,-23.265,373809,174.698,16.039,484617,181.528,22.877,484887,143.562,-14.006,478729,173.014,26.319,370899,172.889,14.253,484457,145.061,-16.88,378413,v10,18992fa,fedca7c,2026-09-04T23:05:01+00:00
81156,9618.9,521,1232274,81.99,170.873,18.406,145.49,-25.978,917992,143.343,-18.099,955514,178.375,7.416,1228478,171.987,8.094,495861,136.06,-20.698,843417,175.197,4.184,1225707,191.611,20.514,1222744,154.703,-13.264,1177022,184.08,39.281,654104,184.677,14.236,1211899,159.332,-13.612,1135121,v10,18992fa,fedca7c,2026-09-04T23:05:01+00:00
81157,492.4,210,70878,92.124,139.124,23.495,129.278,-9.066,39019,106.131,-32.309,64634,138.265,-0.804,70565,160.758,18.495,4896,100.941,-36.832,58187,176.787,37.778,69990,157.953,18.911,70252,139.414,0.451,69831,186.009,46.981,70184,151.711,12.672,70391,126.138,-12.351,52448,v10,18992fa,fedca7c,2026-09-04T23:05:01+00:00
81158,24367.2,692,2850731,74.874,181.734,17.677,154.025,-28.454,1967102,157.482,-17.001,2409666,185.596,3.775,2842146,204.002,8.99,1226252,170.455,-9.0,2414587,182.246,0.398,2839231,202.86,20.94,2832524,176.199,-1.164,2650944,193.321,37.7,1126508,182.531,0.633,2833334,169.775,-13.485,2704652,v10,18992fa,fedca7c,2026-09-04T23:05:01+00:00
81159,1330.7,62,184127,88.556,152.865,25.248,124.167,-27.988,154912,117.77,-35.029,159203,165.708,12.837,182520,157.867,3.447,39626,117.913,-35.891,147474,177.795,24.918,181611,194.17,41.264,181360,153.793,0.963,182337,190.161,37.184,179050,150.873,-1.953,181682,117.009,-32.595,116865,v10,18992fa,fedca7c,2026-09-04T23:05:01+00:00
81160,35916.7,1306,4760385,84.825,179.596,16.953,144.886,-33.759,3329328,162.068,-17.696,4596851,179.105,-0.502,4754519,203.371,4.802,1494912,160.613,-11.1,3489020,182.056,2.439,4748143,201.298,21.666,4742038,187.575,8.501,4707091,207.147,30.627,2756770,180.633,1.011,4746655,155.983,-24.576,4578347,v10,18992fa,fedca7c,2026-09-04T23:05:01+00:00
81170,23476.0,4643,3403241,92.779,177.157,18.796,154.259,-24.633,3052113,152.283,-25.253,3338471,188.787,11.562,3391305,187.588,10.309,3358762,156.1,-15.605,2837012,182.226,4.938,3379466,198.538,25.648,2914441,165.609,-11.663,3378112,197.364,20.044,3377150,175.972,-1.334,3378105,162.143,-16.319,3140341,v10,18992fa,fedca7c,2026-09-04T23:05:01+00:00
81181,47677.7,11376,5645546,75.783,177.392,16.958,147.706,-27.02,4925778,167.315,-10.854,4907467,167.474,-10.084,5600779,182.162,4.628,5497849,163.011,-12.598,5136320,176.472,-1.123,5588285,198.393,20.812,5456332,169.411,-8.253,5561442,182.457,4.913,5510049,186.785,8.924,5498401,170.435,-7.256,5561612,v10,18992fa,fedca7c,2026-09-04T23:05:01+00:00
81182,15536.4,1,1424894,58.696,196.847,12.208,160.689,-32.285,975010,184.321,-12.499,1419260,170.195,-26.655,1424791,204.514,1.815,743271,187.226,-4.371,815684,196.929,0.078,1424755,204.484,7.633,1424746,208.729,11.878,1424757,216.594,15.89,861852,201.395,4.541,1424629,172.839,-24.011,1424775,v10,18992fa,fedca7c,2026-09-04T23:05:01+00:00
81183,795.4,0,46712,37.586,190.301,15.201,152.729,-37.31,42852,178.335,-12.428,46019,147.895,-42.658,46347,196.916,-1.243,3325,189.454,-1.351,36766,201.995,11.495,46381,196.491,5.888,46298,205.623,14.987,46181,206.941,16.066,21042,192.864,2.063,45920,157.544,-33.044,46295,v10,18992fa,fedca7c,2026-09-04T23:05:01+00:00
81184,16512.6,2,1906341,73.887,197.988,14.45,164.501,-34.046,1251760,178.917,-12.637,1613308,172.217,-25.812,1904523,206.394,8.762,756938,185.988,-8.068,1372900,202.493,4.46,1904346,207.028,8.946,1902170,205.183,12.208,1706069,206.488,17.879,459434,197.606,-0.448,1903261,179.595,-18.486,1901991,v10,18992fa,fedca7c,2026-09-04T23:05:01+00:00
81185,12729.4,347,801100,40.277,193.286,12.383,166.009,-28.767,497160,184.855,-8.49,796739,153.16,-40.157,800413,197.757,2.736,363799,190.226,-1.694,557301,204.008,10.67,799977,197.344,3.973,799265,200.544,7.18,799400,212.535,9.654,134820,190.203,-3.139,799745,185.142,-8.198,799711,v10,18992fa,fedca7c,2026-09-04T23:05:01+00:00
81186,7776.5,0,854164,70.297,190.729,16.234,179.318,-30.005,240764,176.245,-5.374,666885,169.149,-21.597,853670,189.219,16.114,202757,172.235,-5.378,547872,203.957,13.161,852562,196.926,6.117,852114,183.827,-1.162,759429,172.634,0.905,35740,190.393,-0.39,852776,182.964,-7.794,853343,v10,18992fa,fedca7c,2026-09-04T23:05:01+00:00
81187,79.3,0,1914,15.447,176.505,15.696,151.61,-15.805,200,178.795,2.29,1914,152.178,-24.327,1914,,,81,171.415,-5.147,1875,196.402,19.862,1912,177.397,0.847,1911,185.843,9.231,1903,193.733,15.791,172,171.58,-4.98,1910,166.721,-9.784,1914,v10,18992fa,fedca7c,2026-09-04T23:05:01+00:00
81188,8056.8,0,889236,70.637,200.32,15.188,175.328,-28.58,676397,178.897,-5.633,595415,187.278,-13.088,888476,205.642,6.948,710146,189.085,-7.485,774437,206.503,6.118,888143,197.268,-3.147,887492,200.476,7.883,752425,159.687,0.289,78958,201.282,0.886,887827,210.386,10.016,888365,v10,18992fa,fedca7c,2026-09-04T23:05:01+00:00
81189,13915.4,1,1224511,56.318,180.222,17.031,155.689,-25.785,999611,168.681,-6.405,1134427,170.238,-8.513,1157415,199.959,18.968,1029262,171.879,-8.278,1202513,198.659,18.415,1223298,179.821,-0.43,1223051,183.622,8.156,1143528,160.014,-8.839,302946,166.408,-13.842,1223025,189.335,9.087,1223154,v10,18992fa,fedca7c,2026-09-04T23:05:01+00:00
81190,37621.8,7939,4053593,68.957,187.497,16.053,179.113,-5.717,2434971,190.686,0.24,3266755,152.762,-27.574,1839027,189.818,1.42,3869848,165.857,-22.464,3883118,192.0,3.863,3914321,201.704,13.027,3818194,169.374,-18.715,3900574,180.566,-7.547,3903839,201.019,12.132,3782684,173.329,-14.967,3885125,v10,18992fa,fedca7c,2026-09-04T23:05:01+00:00
81210,85256.7,3764,8467112,63.56,191.03,13.111,162.387,-26.098,6069524,174.364,-15.041,5112599,174.285,-16.866,8427312,194.562,3.145,8302319,174.701,-15.51,7747632,194.81,3.578,8402286,197.133,5.747,8356671,184.735,-6.382,8382750,195.133,3.869,7987122,191.1,-0.022,8118691,190.647,-0.598,8385163,v10,18992fa,fedca7c,2026-09-04T23:05:01+00:00
81220,80725.1,967,9241855,73.271,192.494,15.127,151.104,-25.926,1034594,164.916,-16.536,1985546,174.135,-18.375,9234676,198.333,6.749,7259966,194.191,1.666,9228426,193.674,1.146,9227560,186.298,-6.232,9227206,188.72,-3.752,9229991,200.791,7.792,6021726,182.382,-10.147,9227002,202.196,9.687,9235030,v10,18992fa,fedca7c,2026-09-04T23:05:01+00:00
81230,42606.6,554,3262097,49.0,181.474,16.161,154.351,-26.753,1879825,165.885,-14.426,2777316,163.498,-17.853,3237412,191.819,10.723,2495382,176.357,-4.666,3114023,190.215,8.725,3257999,182.537,1.046,3257953,185.912,4.427,3259617,181.712,3.434,1089788,175.498,-5.989,3258645,198.132,16.645,3258608,v10,18992fa,fedca7c,2026-09-04T23:05:01+00:00
81241,10690.8,95,685888,41.06,164.137,16.712,146.686,-17.243,674145,156.293,-7.852,684167,158.67,-7.238,368062,178.516,14.377,684431,150.307,-13.815,683076,181.376,17.233,684334,163.058,-1.085,684359,177.938,13.796,684723,160.618,-3.953,267309,155.216,-8.93,683894,188.857,24.718,684966,v10,18992fa,fedca7c,2026-09-04T23:05:01+00:00
81242,17902.2,21,2061497,73.698,180.622,18.741,154.389,-26.298,2056204,162.983,-10.508,1887198,187.551,-8.418,350149,199.911,19.23,2056443,164.063,-16.652,2053448,191.198,10.497,2054758,180.13,-0.554,2055634,198.228,24.293,1903012,157.414,-6.042,178863,162.602,-18.076,2056120,193.16,12.473,2055715,v10,18992fa,fedca7c,2026-09-04T23:05:01+00:00
81243,1817.8,2,159873,56.287,157.489,15.594,136.476,-20.945,158345,153.876,-3.564,158347,166.222,2.532,67791,163.059,5.641,157624,144.424,-12.975,157408,157.84,0.468,157110,163.833,6.426,157776,177.768,20.355,157755,180.018,16.4,67946,147.173,-10.239,157657,179.242,21.781,158603,v10,18992fa,fedca7c,2026-09-04T23:05:01+00:00
81244,8351.7,8205,531984,40.767,173.413,19.132,140.455,-30.183,423500,158.929,-11.443,418504,164.877,-8.56,530349,195.953,22.516,529951,156.953,-15.229,500866,184.983,11.529,528757,165.951,-7.497,528719,175.367,4.102,479027,189.061,15.62,530161,161.269,-12.174,529817,200.262,26.825,530368,v10,18992fa,fedca7c,2026-09-04T23:05:01+00:00
81245,1192.7,116,113987,61.165,161.944,16.507,138.945,-22.99,113570,152.271,-9.658,113448,169.609,2.506,79171,168.635,6.695,113488,152.457,-9.482,112750,160.619,-1.326,113000,166.334,4.394,113419,185.791,23.852,113209,190.67,23.498,78617,147.785,-14.141,113236,176.472,14.538,113286,v10,18992fa,fedca7c,2026-09-04T23:05:01+00:00
81246,10554.7,1865,1285459,77.946,195.76,16.08,170.256,-25.432,1269373,175.445,-11.976,1033268,190.497,-7.632,903024,208.143,12.378,1285290,178.716,-17.055,1284987,202.626,6.861,1285224,186.436,-9.327,1285298,205.933,16.225,1065633,208.608,10.595,900954,190.326,-5.438,1285320,203.3,7.535,1285281,v10,18992fa,fedca7c,2026-09-04T23:05:01+00:00
81247,50071.2,114706,4289970,54.834,190.08,16.114,195.6,-15.37,1527351,169.925,-14.8,1758234,183.798,-6.307,4284072,197.655,7.51,4281773,167.843,-22.303,4261380,199.432,9.291,4281834,182.215,-7.923,4282594,195.732,15.243,2797585,203.562,13.414,4274349,186.694,-5.245,3963742,193.352,3.195,4273569,v10,18992fa,fedca7c,2026-09-04T23:05:01+00:00
81248,7098.7,134,746542,67.306,192.27,15.401,266.243,2.889,102489,177.377,-17.737,640840,173.444,-6.215,628196,202.94,10.631,745764,172.531,-19.812,745019,199.028,6.703,745474,189.948,-2.393,745179,206.635,14.296,745207,203.475,11.14,745198,211.377,0.655,378761,185.985,-6.371,744708,v10,18992fa,fedca7c,2026-09-04T23:05:01+00:00
81249,6927.2,187,857855,79.257,208.769,14.933,268.876,2.667,250500,202.029,-11.975,758200,187.425,-9.226,681968,219.366,10.533,856753,187.828,-21.077,855533,211.223,2.345,855998,210.051,1.169,855905,219.67,10.795,856048,217.48,8.526,854655,228.06,1.367,593351,207.394,-1.55,854729,v10,18992fa,fedca7c,2026-09-04T23:05:01+00:00
81250,77621.5,689,7984884,65.836,188.623,15.055,152.894,-30.677,2488435,179.835,-3.867,2578045,174.499,-14.038,7758982,189.655,0.998,7972129,187.176,-1.5,7799215,189.586,0.912,7965476,180.914,-7.756,7966434,183.885,-4.754,7749986,195.392,6.891,7336256,183.078,-5.56,7962394,206.738,17.66,7837281,v10,18992fa,fedca7c,2026-09-04T23:05:01+00:00
81260,91658.5,345,10887837,76.024,190.133,13.98,,,4548,,,387,178.588,-10.737,9426580,182.445,-7.734,10857516,182.878,-7.316,10846546,187.81,-2.371,10853887,186.56,-3.643,10841769,186.104,-4.023,10860384,198.008,8.309,9117584,195.558,5.436,10831508,196.24,5.966,10822254,v10,18992fa,fedca7c,2026-09-04T23:05:01+00:00
81270,92571.4,2950,8271623,57.187,182.221,14.446,,,119470,180.618,0.966,2734203,170.369,-11.238,8057002,179.055,-2.558,8054750,168.94,-13.266,8223851,186.578,4.331,8258715,173.962,-8.284,8259779,193.165,11.043,8024982,188.552,6.23,8214839,183.232,-0.656,6643846,187.02,4.353,7995747,v10,18992fa,fedca7c,2026-09-04T23:05:01+00:00
81280,51109.3,628,3580129,44.831,203.331,11.688,,,563,,,47025,189.982,-14.395,2472088,187.662,0.15,452703,188.683,-17.631,3130599,204.656,1.266,3575149,200.43,-2.944,3576581,212.338,8.965,3576728,202.852,-0.532,3575855,185.617,-11.131,1638842,203.57,0.571,3405672,v10,18992fa,fedca7c,2026-09-04T23:05:01+00:00
81291,180.3,1,8076,28.667,166.379,15.746,,,33,168.222,-2.902,1378,150.224,-16.075,7920,172.997,6.642,7817,149.741,-16.769,7804,173.27,6.893,7787,167.349,0.883,7906,174.511,8.083,7823,177.789,11.389,7718,185.787,18.339,286,161.904,-4.394,7822,v10,18992fa,fedca7c,2026-09-04T23:05:01+00:00
81292,47666.3,366,5056860,67.897,189.896,16.086,186.27,-12.255,3078528,180.586,-12.229,4448585,177.434,-1.967,4345410,197.932,7.987,5049665,174.174,-15.773,5049318,196.165,6.219,5049232,194.539,4.585,5048401,204.954,17.024,4917363,199.787,10.47,4188555,186.827,-3.385,1293311,185.511,-4.432,5049496,v10,18992fa,fedca7c,2026-09-04T23:05:01+00:00
81293,5013.3,19,326846,41.725,174.179,16.603,,,5563,160.618,-14.774,214975,166.246,-8.76,123934,174.63,-0.98,283421,150.477,-25.292,285328,181.509,7.13,323955,175.684,1.337,324538,192.537,18.195,324477,183.781,9.435,318108,152.171,-17.828,89536,171.935,-2.327,325093,v10,18992fa,fedca7c,2026-09-04T23:05:01+00:00
81294,50635.9,1338,2709650,34.248,195.581,13.981,162.602,-26.163,605756,171.571,-12.127,186511,175.643,-20.223,2331538,193.942,-3.118,1496875,176.077,-21.161,2520178,201.045,5.372,2703463,201.174,5.516,2704546,211.634,15.974,2704637,194.8,-0.87,2703658,182.671,-15.604,1032183,188.849,-2.12,1555167,v10,18992fa,fedca7c,2026-09-04T23:05:01+00:00
81295,18109.1,666,874633,30.911,168.72,17.783,147.047,-19.002,735402,154.935,-12.723,838809,160.918,-6.273,753944,169.403,-0.116,798914,150.504,-19.119,801406,173.998,5.209,870363,177.62,8.839,870896,195.863,27.084,870942,183.457,14.695,871222,156.7,-12.066,870956,178.042,9.302,872114,v10,18992fa,fedca7c,2026-09-04T23:05:01+00:00
81296,15184.7,67,977372,41.194,213.462,11.018,181.953,-31.534,976811,,,7151,205.522,-9.831,595947,211.814,-1.659,977142,194.132,-19.351,976937,214.278,0.79,976846,222.965,9.478,976786,224.8,11.319,976967,209.342,-4.156,976557,196.564,-15.056,643399,216.051,4.532,653035,v10,18992fa,fedca7c,2026-09-04T23:05:01+00:00
81297,649.1,1,12611,12.434,162.833,20.039,140.718,-22.262,12206,144.485,-18.43,12316,149.476,-13.554,12157,176.813,13.831,12297,148.468,-14.518,12269,176.146,13.138,12225,173.738,10.823,12381,180.435,17.465,12305,173.541,10.561,12276,147.518,-15.375,12505,174.782,11.815,12265,v10,18992fa,fedca7c,2026-09-04T23:05:01+00:00
81298,32233.1,33349,2339289,46.447,201.426,15.121,184.146,-17.433,2330707,181.511,-16.657,1583680,175.607,-4.112,883491,202.511,0.967,2332380,185.384,-16.185,2331374,197.136,-4.43,2331500,214.684,13.141,2332617,217.425,15.84,2330693,202.836,1.27,2331322,199.749,-1.796,2332754,208.593,7.073,2334059,v10,18992fa,fedca7c,2026-09-04T23:05:01+00:00
81299,26991.5,472,1353222,32.086,210.723,10.588,181.202,-29.589,1351115,,,7671,198.615,-12.776,802025,209.273,-1.491,1351947,192.962,-17.8,1352084,209.073,-1.713,1351387,219.97,9.162,1350693,222.632,11.854,1351638,207.65,-3.148,1350970,195.82,-8.505,374181,205.763,3.285,507616,v10,18992fa,fedca7c,2026-09-04T23:05:01+00:00
81310,96579.1,11047,13689045,90.713,194.929,15.299,159.23,-20.938,1237060,170.089,-14.475,399489,177.268,-17.697,13626464,201.238,6.252,13609022,187.183,-7.709,13495299,182.941,-12.021,13622127,192.655,-2.343,13614792,191.606,-3.363,13635224,198.562,3.581,13628238,194.629,-0.537,13496207,205.409,10.459,13541770,v10,18992fa,fedca7c,2026-09-04T23:05:01+00:00
81320,30059.7,1788,3940691,83.901,206.352,12.304,,,0,,,0,191.052,-15.336,3935486,210.898,4.43,3909246,204.304,-2.13,3929203,200.788,-5.636,3931105,189.533,-16.925,3927029,202.811,-3.568,3937293,212.593,6.151,3911829,200.731,-5.703,3929771,213.829,10.801,2908755,v10,18992fa,fedca7c,2026-09-04T23:05:01+00:00
81330,1869.9,5,206938,70.827,196.031,14.315,,,0,,,0,176.591,-19.539,202025,202.518,6.093,199028,184.626,-11.686,198842,189.733,-6.354,201008,187.189,-9.327,198275,189.815,-6.288,203994,213.084,16.791,200428,196.068,-0.416,197078,211.291,15.047,200029,v10,18992fa,fedca7c,2026-09-04T23:05:01+00:00
81340,32534.9,591,4985792,98.076,197.559,14.489,,,0,,,0,190.746,-6.838,4980927,199.048,1.444,4976229,188.794,-8.814,4975255,200.779,3.174,4976559,192.267,-5.361,4970643,190.729,-6.848,4982531,200.305,2.722,4980842,195.56,-2.038,4977052,202.446,6.128,3571066,v10,18992fa,fedca7c,2026-09-04T23:05:01+00:00
81350,72869.8,7352,10102052,88.724,193.135,18.084,,,239,,,1,197.79,4.639,10004199,186.368,-6.779,10008586,173.107,-20.046,9935949,186.91,-6.234,9983998,198.981,5.79,9937189,185.843,-7.297,10013101,197.201,4.024,9962472,197.938,4.736,9864265,202.742,13.273,6184478,v10,18992fa,fedca7c,2026-09-04T23:05:01+00:00
81360,17990.5,0,2238704,79.64,204.305,17.149,,,3,,,0,201.399,-3.22,2203753,180.864,-23.715,2207297,202.045,-2.725,2183285,188.973,-15.795,2184846,206.53,1.72,2182938,205.252,0.692,2208341,198.476,-6.245,2190880,218.62,13.795,2180130,201.281,1.532,995424,v10,18992fa,fedca7c,2026-09-04T23:05:01+00:00
81370,6607.4,218,723716,70.1,199.414,18.115,,,29,,,1,194.12,-5.785,695401,190.484,-9.491,691696,190.92,-8.899,690401,188.047,-12.044,677438,192.974,-7.269,674407,191.052,-8.715,700123,201.654,1.881,697463,219.124,18.85,677829,208.947,8.772,678751,v10,18992fa,fedca7c,2026-09-04T23:05:01+00:00
81380,59613.5,495,9110386,97.807,197.649,17.113,,,0,,,0,197.92,0.251,9096469,191.233,-6.363,9026120,178.646,-19.033,9087787,190.903,-6.78,9083201,199.481,1.779,9074568,198.45,0.791,9087636,190.045,-7.776,8659720,203.258,5.574,9081617,212.465,12.401,6480813,v10,18992fa,fedca7c,2026-09-04T23:05:01+00:00
81390,48458.2,3303,7230756,95.498,212.029,14.095,,,29,,,0,203.56,-7.556,7043688,213.709,1.627,7211281,187.738,-24.344,7207825,201.766,-10.321,7207640,209.349,-2.758,7204862,204.901,-6.921,7182871,217.998,5.97,7195573,214.512,2.413,7196998,219.375,7.286,7205722,v10,18992fa,fedca7c,2026-09-04T23:05:01+00:00
82100,40647.5,633,5707610,89.867,197.529,16.518,,,0,,,31,184.944,-19.91,2510976,199.759,-0.587,3875860,188.304,-9.251,5680553,187.08,-10.483,5674300,190.826,-6.754,5669995,198.652,1.098,5682459,198.02,0.669,5527954,205.538,5.4,3868178,209.131,11.56,5671809,v10,18992fa,fedca7c,2026-09-04T23:05:01+00:00
82211,4146.1,3457,230373,35.561,189.278,18.859,,,0,,,12,194.18,8.527,19873,176.632,-7.753,37757,170.561,-19.45,215796,179.715,-10.404,212723,181.811,-8.735,206234,204.104,14.217,219234,198.56,8.621,215724,174.809,-8.656,26871,193.735,2.014,110187,v10,18992fa,fedca7c,2026-09-04T23:05:01+00:00
82212,74656.8,859,9852789,84.464,199.749,13.849,,,5,,,0,188.446,-8.451,6613594,183.758,-6.716,3189917,177.957,-21.743,8910554,198.264,-1.53,9835853,190.71,-9.072,9838914,209.694,9.913,9841924,208.471,8.683,9837336,196.792,1.535,6207350,197.344,-1.393,7563806,v10,18992fa,fedca7c,2026-09-04T23:05:01+00:00
82213,5595.5,2,542458,62.045,187.587,17.551,,,0,,,1,202.047,18.844,9435,185.675,-5.138,234774,167.238,-20.473,535130,181.24,-6.56,532290,175.328,-12.468,531730,203.621,15.891,536671,197.661,9.932,535321,220.218,29.684,189370,177.36,-12.591,247741,v10,18992fa,fedca7c,2026-09-04T23:05:01+00:00
82214,22323.7,29,2915481,83.584,203.688,12.959,,,2,,,0,199.052,-4.437,2067618,207.323,6.125,723925,186.787,-17.029,2902462,206.087,2.308,2906685,188.092,-15.686,2906221,208.935,5.183,2909522,207.386,3.606,2906758,187.896,-10.873,646514,196.977,-4.9,1097699,v10,18992fa,fedca7c,2026-09-04T23:05:01+00:00
82215,28503.2,113,2746725,61.674,187.864,14.039,,,0,,,10,201.382,3.279,459444,179.48,-8.816,2558695,185.033,-4.744,1641794,187.108,-2.297,1691941,174.075,-13.875,2719888,185.459,-2.461,2727620,194.852,6.914,2721494,200.152,11.847,2542337,179.089,-9.135,2572811,v10,18992fa,fedca7c,2026-09-04T23:05:01+00:00
82216,17428.9,102,1346073,49.429,189.596,13.498,,,0,,,16,185.904,-3.851,1251006,178.967,-10.715,1331804,,,17441,197.387,7.602,1248468,176.246,-13.435,1334295,193.133,3.489,1338961,196.905,7.258,1337156,182.542,-7.139,1332317,183.491,-6.162,1338135,v10,18992fa,fedca7c,2026-09-04T23:05:01+00:00
82217,14740.5,364,1587064,68.907,202.932,10.944,,,0,,,4,195.491,-7.399,625931,204.269,1.254,1581836,174.298,-29.29,588481,207.676,4.635,616350,177.195,-25.821,1581378,206.88,3.894,1583417,200.398,-2.613,1581544,198.702,-4.177,1570799,201.325,-1.689,1581751,v10,18992fa,fedca7c,2026-09-04T23:05:01+00:00
82218,14618.7,0,2118476,92.746,210.822,10.099,,,0,,,0,202.926,-10.139,744008,211.812,1.352,2074600,201.976,-13.537,814087,216.545,1.036,814662,203.443,-7.386,2118134,215.939,5.113,2118262,209.174,-1.654,2118076,192.572,-11.043,1515882,209.699,-1.132,2117859,v10,18992fa,fedca7c,2026-09-04T23:05:01+00:00
82219,16870.0,658,1851584,70.244,197.64,12.045,,,0,,,15,168.601,-16.176,681659,201.893,4.194,1846124,,,11503,193.633,8.948,676215,184.033,-13.685,1844919,204.224,6.541,1847891,201.172,3.489,1847820,183.293,-13.476,1802381,194.202,-3.499,1845919,v10,18992fa,fedca7c,2026-09-04T23:05:01+00:00
82221,22256.3,645,1458288,41.934,185.565,15.415,,,0,,,28,176.999,-8.323,1423598,173.203,-12.13,1421189,190.471,-5.629,301149,198.538,12.844,1441717,182.378,-3.318,1443393,189.799,4.171,1449824,191.183,5.547,1447699,172.386,-13.252,1448211,179.454,-6.176,1449085,v10,18992fa,fedca7c,2026-09-04T23:05:01+00:00
82222,12056.8,0,895867,47.554,172.24,15.515,,,1,,,11,164.363,-7.903,892002,159.433,-12.842,890875,156.461,-16.015,438152,177.072,4.792,889848,178.002,5.717,889305,190.189,17.923,892222,178.203,5.933,891667,162.146,-10.122,891037,170.168,-2.106,890520,v10,18992fa,fedca7c,2026-09-04T23:05:01+00:00
82223,6283.3,0,68347,6.962,202.996,12.468,,,0,,,0,200.739,-1.926,28803,,,5623,205.146,1.878,67113,211.549,8.307,67163,203.856,0.5,66855,207.423,4.231,67387,190.622,-12.635,67086,174.676,-28.572,67073,203.068,-0.163,67364,v10,18992fa,fedca7c,2026-09-04T23:05:01+00:00
82224,29372.1,0,1804427,39.317,182.155,14.496,,,6,,,8,174.946,-3.923,870339,157.559,-12.821,349491,167.106,-15.127,1777679,187.821,5.578,1785205,184.329,2.087,1788594,194.975,12.764,1790741,184.58,2.358,1789520,162.656,-19.566,1789779,184.012,1.745,1783446,v10,18992fa,fedca7c,2026-09-04T23:05:01+00:00
82226,39791.3,0,3427598,55.129,196.374,15.261,,,0,,,14,208.831,10.904,1975261,183.232,-15.656,831224,197.829,1.884,2917964,200.52,4.07,3398769,187.962,-8.503,3390503,187.84,-8.599,3401672,195.15,-1.286,3398695,181.501,-14.958,3392365,199.79,3.329,3395452,v10,18992fa,fedca7c,2026-09-04T23:05:01+00:00
82227,10630.9,0,472154,28.425,199.159,14.55,,,0,,,1,208.807,8.391,143417,,,2846,203.246,3.891,464847,212.25,12.962,466739,204.074,4.795,467554,191.091,-8.164,467488,179.587,-19.701,466198,180.545,-18.75,465706,208.572,9.267,466097,v10,18992fa,fedca7c,2026-09-04T23:05:01+00:00
82228,11269.9,0,1211941,68.824,194.733,16.825,,,0,,,0,,,14703,,,15519,195.961,1.074,1194351,208.099,13.197,1194693,197.596,2.674,1192311,181.822,-13.043,1197439,177.169,-17.698,1194741,193.303,-2.031,1069543,201.956,7.006,1189370,v10,18992fa,fedca7c,2026-09-04T23:05:01+00:00
82229,31030.0,259,2625605,54.154,192.274,15.515,,,8,,,10,195.926,3.105,238804,145.777,-35.493,48613,191.234,-1.26,2568729,203.388,10.858,2566586,204.31,11.848,2580511,183.287,-9.151,2582251,174.007,-18.483,2566607,180.996,-10.922,2171105,199.283,6.786,2568009,v10,18992fa,fedca7c,2026-09-04T23:05:01+00:00
82231,4441.5,215,310409,44.729,184.659,15.198,,,0,,,6,169.06,-15.693,308628,176.812,-7.979,308084,,,332,188.784,3.997,307869,184.611,-0.177,307917,190.342,5.603,309012,193.412,8.68,309127,178.672,-6.064,308943,172.927,-11.81,308744,v10,18992fa,fedca7c,2026-09-04T23:05:01+00:00
82232,25093.7,0,3325804,84.823,208.921,10.796,,,0,,,3,190.979,-13.022,1043849,206.97,-1.929,3314595,199.303,-15.83,691884,206.146,2.764,1018473,205.445,-3.508,3323795,218.442,9.499,3324499,202.028,-6.908,3324826,192.849,-11.627,2688120,210.453,1.515,3324616,v10,18992fa,fedca7c,2026-09-04T23:05:01+00:00
82233,269.6,0,6919,16.425,169.63,16.122,,,0,,,0,154.978,-14.665,6825,155.002,-14.665,6799,,,47,173.967,4.266,6738,176.045,6.377,6796,177.028,7.389,6838,184.889,15.236,6804,164.91,-4.723,6852,160.05,-9.619,6862,v10,18992fa,fedca7c,2026-09-04T23:05:01+00:00
82234,16052.2,0,2025217,80.745,199.123,12.565,,,0,,,3,171.055,-12.781,567726,198.829,-0.307,2024534,,,17572,186.544,6.945,521395,199.706,0.57,2024570,211.947,12.819,2024915,192.023,-7.106,2024946,186.0,-12.928,2009712,194.219,-4.912,2024756,v10,18992fa,fedca7c,2026-09-04T23:05:01+00:00
82235,16212.7,128,1107640,43.724,175.644,16.255,,,0,,,0,165.164,-10.507,1105255,162.187,-13.484,1105225,155.147,-15.524,146756,183.385,7.709,1104810,179.209,3.532,1104824,192.859,17.189,1105495,177.644,1.97,1105065,171.217,-4.446,1105938,163.807,-11.859,1105624,v10,18992fa,fedca7c,2026-09-04T23:05:01+00:00
82236,26521.9,1,2712589,65.457,176.524,14.071,,,3,,,0,181.091,6.522,1369309,154.834,-16.26,667958,163.927,-12.776,2598858,186.306,9.717,2688641,182.152,5.559,2688780,188.492,11.91,2693870,176.964,0.387,2696405,160.218,-16.348,2692343,168.549,-8.013,2693501,v10,18992fa,fedca7c,2026-09-04T23:05:01+00:00
82237,11107.4,0,1056636,60.883,192.764,12.269,,,0,,,0,189.849,-0.559,951604,187.904,-4.907,1055302,157.81,-9.235,36337,200.978,10.684,948431,191.086,-1.749,1054731,204.172,11.364,1055474,184.794,-8.017,1055301,183.707,-9.076,1056027,184.346,-8.446,1055800,v10,18992fa,fedca7c,2026-09-04T23:05:01+00:00
82238,11955.7,0,1117941,59.844,198.627,11.758,,,0,,,0,190.639,-3.335,884741,191.38,-7.275,1117262,179.08,-16.968,143282,204.801,11.109,878596,196.67,-1.981,1117329,212.006,13.361,1117465,188.258,-10.393,1117314,191.08,-6.885,1091867,194.904,-3.725,1117873,v10,18992fa,fedca7c,2026-09-04T23:05:01+00:00
82239,7108.0,903,257793,23.212,175.747,14.26,,,0,,,0,179.594,3.792,256678,167.593,-8.197,256985,153.569,-16.619,124424,191.113,15.304,256615,175.029,-0.769,256753,183.447,7.652,256744,175.947,0.157,256705,163.125,-12.655,257156,166.173,-9.591,257105,v10,18992fa,fedca7c,2026-09-04T23:05:01+00:00
82241,13173.8,281,425108,20.652,174.428,14.98,155.677,-12.951,78747,,,18,168.74,-5.75,423113,180.489,6.018,423875,147.012,-25.991,344462,192.156,17.67,423148,169.918,-4.575,423342,188.175,13.695,423634,174.103,-0.368,423709,166.356,-8.116,423604,169.732,-4.736,423792,v10,18992fa,fedca7c,2026-09-04T23:05:01+00:00
82242,36689.6,49,3411239,59.504,208.473,11.109,166.998,-23.201,109061,,,24,205.104,-3.474,1111772,203.165,-5.319,3410488,189.686,-12.533,1578979,208.994,6.465,1689980,208.355,-0.139,3409631,220.749,12.259,3410004,200.784,-7.716,3409290,194.519,-11.562,3047374,208.681,0.19,3409873,v10,18992fa,fedca7c,2026-09-04T23:05:01+00:00
82243,9354.6,450,143654,9.828,164.951,16.622,153.842,-11.328,136649,,,31,158.424,-6.677,140396,174.75,9.747,143119,149.167,-15.846,142934,187.399,22.39,142977,165.071,0.044,142912,186.955,21.941,142898,169.273,4.25,142802,156.771,-8.24,143020,153.891,-11.109,142965,v10,18992fa,fedca7c,2026-09-04T23:05:01+00:00
82244,22742.4,116,1092664,30.749,159.498,18.451,143.481,-15.598,944742,,,34,148.528,-10.944,1054567,166.369,6.864,1090598,145.913,-13.592,1088507,180.673,21.169,1089661,160.248,0.735,1087187,187.136,27.622,1087629,169.003,9.495,1088917,133.005,-26.503,1088892,165.148,5.642,1089060,v10,18992fa,fedca7c,2026-09-04T23:05:01+00:00
82245,7447.3,13,154385,13.267,183.266,16.009,162.041,-21.878,150111,,,35,186.692,2.88,150953,185.028,1.708,154127,168.298,-15.051,153932,188.056,4.687,153855,193.944,10.599,153928,210.197,26.843,153924,176.772,-6.571,153977,166.175,-17.153,154069,180.776,-2.542,154109,v10,18992fa,fedca7c,2026-09-04T23:05:01+00:00
82246,54476.9,4632,1626713,19.111,185.037,14.895,166.376,-20.203,1511529,,,3916,199.844,10.762,1419090,193.368,8.312,1625975,185.334,0.282,1626051,183.126,-1.956,1624943,185.526,0.391,1622554,198.246,13.188,1625679,181.782,-3.272,1625911,170.053,-10.673,1461081,172.572,-12.53,1624114,v10,18992fa,fedca7c,2026-09-04T23:05:01+00:00
82247,48330.0,46,1599738,21.184,202.747,13.691,172.942,-29.351,718785,,,523,209.353,4.222,953799,199.624,-3.134,1599388,189.342,-13.422,1599135,205.033,2.261,1598931,204.013,1.247,1599119,220.117,17.349,1598990,194.989,-7.787,1598760,188.427,-13.123,1513903,197.674,-5.092,1599034,v10,18992fa,fedca7c,2026-09-04T23:05:01+00:00
82248,22790.3,8,1490419,41.854,210.179,10.704,186.142,-34.895,257154,,,44,219.129,1.216,385795,206.534,-3.652,1490169,200.674,-9.51,1490261,209.989,-0.2,1490133,212.305,2.117,1490122,221.618,11.433,1490236,199.432,-10.76,1490038,204.82,-3.761,1082919,206.81,-1.287,1151715,v10,18992fa,fedca7c,2026-09-04T23:05:01+00:00
82249,60680.1,1933,3433443,36.213,212.962,9.905,184.77,-26.513,1488294,,,1594,204.485,-8.277,2209712,208.706,-4.276,3431905,198.943,-14.028,3425906,213.571,0.575,3424277,218.983,5.98,3430553,223.775,10.775,3430814,205.406,-7.601,3430115,192.819,-16.671,607649,206.978,-4.619,1558680,v10,18992fa,fedca7c,2026-09-04T23:05:01+00:00
82251,45600.3,851,2974373,41.745,170.429,14.31,147.438,-14.281,130653,,,25,164.925,-4.599,1676105,160.719,-4.603,858352,154.826,-15.627,2954390,187.848,17.397,2954130,172.09,1.628,2955563,180.636,10.183,2955538,170.478,0.03,2958647,160.769,-9.681,2958255,166.085,-4.361,2955735,v10,18992fa,fedca7c,2026-09-04T23:05:01+00:00
82252,15216.4,43,834354,35.093,161.849,18.214,137.073,-18.75,208021,,,2,147.09,-14.754,830229,155.542,-6.237,828085,144.294,-17.559,828148,196.526,34.674,831092,162.045,0.185,828612,183.262,21.405,830330,162.524,0.676,831606,145.127,-16.724,830267,180.951,19.087,828845,v10,18992fa,fedca7c,2026-09-04T23:05:01+00:00
82253,8059.4,4,498791,39.609,173.319,14.463,,,0,,,6,166.889,-6.407,243742,158.292,-13.752,191744,150.646,-22.75,490717,188.581,15.167,490514,172.369,-1.057,490649,177.527,4.114,490581,179.561,6.167,492928,168.001,-5.412,490475,171.14,-2.218,491551,v10,18992fa,fedca7c,2026-09-04T23:05:01+00:00
82254,51763.0,6551,1677202,20.737,163.56,17.203,143.714,-19.773,1162872,,,82,162.05,-1.52,1672759,167.156,3.591,1675943,151.383,-12.189,1674170,175.866,12.294,1674407,168.566,4.992,1674205,181.819,18.25,1674963,163.839,0.273,1675513,138.551,-24.982,1669407,168.142,4.572,1674280,v10,18992fa,fedca7c,2026-09-04T23:05:01+00:00
82255,7295.4,87,322184,28.264,173.594,14.243,,,0,,,3,171.043,-3.292,115996,169.756,-4.089,123107,157.33,-16.357,316921,183.37,9.649,312827,176.732,2.978,314519,172.065,-1.666,313246,177.694,3.984,315833,167.938,-5.792,315930,166.22,-7.443,315603,v10,18992fa,fedca7c,2026-09-04T23:05:01+00:00
82256,18589.8,8,1411230,48.585,167.422,17.839,,,2,,,2,156.801,-10.648,1405901,175.029,7.59,1407722,143.802,-23.659,1403196,196.025,28.563,1404132,172.631,5.156,1402849,172.044,4.59,1405624,162.422,-5.023,1406050,143.082,-24.364,1405743,176.718,9.261,1403389,v10,18992fa,fedca7c,2026-09-04T23:05:01+00:00
82257,3402.5,1,35327,6.645,178.113,13.462,,,0,,,0,162.401,-15.824,34114,172.752,-5.471,34144,159.77,-18.35,35246,187.606,9.51,35230,188.317,10.188,35144,169.79,-8.332,35207,181.043,2.931,35266,178.699,0.569,35194,178.567,0.457,35162,v10,18992fa,fedca7c,2026-09-04T23:05:01+00:00
82258,14219.7,440,909094,40.916,171.259,16.272,,,1,,,82,156.228,-14.289,872716,167.568,-2.957,871187,145.69,-25.621,901504,190.328,19.033,903316,170.592,-0.718,902061,176.584,5.282,903670,167.127,-4.166,903473,156.436,-12.145,599283,180.951,9.64,901079,v10,18992fa,fedca7c,2026-09-04T23:05:01+00:00
82262,86060.1,22492,6286464,46.75,185.905,13.704,,,12,,,102,180.93,-4.417,483732,140.347,-34.129,166053,181.362,-3.925,5374910,189.337,3.977,5337164,196.842,10.574,6109406,181.233,-4.021,5390665,175.235,-10.959,6125629,182.344,-3.916,5188935,183.307,-2.893,6108603,v10,18992fa,fedca7c,2026-09-04T23:05:01+00:00
82264,81870.3,184,5366863,41.954,187.796,14.012,,,10,,,1258,177.145,-9.06,3364339,176.102,-10.09,3367351,161.837,-24.135,3622328,205.948,19.947,3618055,192.811,4.819,5266495,175.578,-7.085,316301,186.512,-3.267,3334426,176.895,-12.886,2898665,197.3,7.531,3349740,v10,18992fa,fedca7c,2026-09-04T23:05:01+00:00
82265,1327.4,0,7835,3.778,,,,,0,,,0,,,2,,,80,163.682,-14.454,7526,177.576,-0.445,7422,191.656,13.463,7429,174.059,-3.947,7371,171.328,-6.687,7507,174.742,-3.296,5163,176.124,-1.847,7277,v10,18992fa,fedca7c,2026-09-04T23:05:01+00:00
82266,7454.5,0,624769,53.639,186.78,13.404,,,1,,,12,,,58,,,10053,181.187,-1.936,142670,176.147,-7.238,136587,199.937,12.85,609829,176.39,-6.808,140579,172.296,-14.631,612801,187.811,0.825,611037,178.481,-8.521,602986,v10,18992fa,fedca7c,2026-09-04T23:05:01+00:00
82267,2387.8,1,51470,13.795,185.278,11.369,,,0,,,5,,,8,,,559,173.165,-10.657,27761,182.671,-1.204,27855,198.587,13.105,49796,175.114,-8.82,27189,177.946,-7.51,49615,183.788,-1.828,42594,182.85,-2.8,47967,v10,18992fa,fedca7c,2026-09-04T23:05:01+00:00
82268,20153.2,339,1463188,46.466,188.399,16.157,,,0,,,136,176.059,-11.317,1010561,182.832,-4.075,969568,167.418,-19.909,1020947,204.909,17.553,1020161,197.141,8.615,1445084,,,6838,182.985,-7.593,638074,189.03,-1.781,571781,188.034,-2.5,642132,v10,18992fa,fedca7c,2026-09-04T23:05:01+00:00
82269,67245.6,11,6466042,61.54,198.924,16.089,,,0,,,157,201.972,0.948,2638144,191.569,-4.43,1617548,183.974,-16.722,2896280,206.529,5.815,2900081,205.175,5.984,6362922,178.06,-19.279,264126,179.54,-18.663,5058136,191.829,-6.361,5052966,198.922,0.662,5058133,v10,18992fa,fedca7c,2026-09-04T23:05:01+00:00
82270,16419.7,2158,742668,28.947,175.313,17.211,,,0,,,10,169.975,-4.166,654027,166.468,-7.682,653970,158.409,-16.926,738804,184.938,9.611,739138,183.213,7.871,739415,175.369,3.552,449003,163.309,-12.018,739656,147.498,-26.63,614531,187.609,12.275,737913,v10,18992fa,fedca7c,2026-09-04T23:05:01+00:00
82281,1008.8,199,36240,22.991,170.878,20.965,,,4,,,5,169.084,-2.24,30906,155.955,-14.934,36160,165.223,-5.708,35808,183.865,12.925,36055,190.027,19.13,36141,,,835,163.81,-7.072,36163,135.769,-35.142,36063,183.406,12.479,35870,v10,18992fa,fedca7c,2026-09-04T23:05:01+00:00
82282,22521.2,1707,1212776,34.464,171.1,15.895,,,92,,,492,172.647,5.013,393258,171.676,0.562,1206899,148.074,-23.058,1200464,182.921,11.802,1205351,175.22,4.084,1207275,182.283,11.125,1190140,160.967,-10.145,1207784,146.814,-22.774,651918,173.944,6.67,666184,v10,18992fa,fedca7c,2026-09-04T23:05:01+00:00
82283,1314.3,1407,55263,26.91,167.896,21.461,,,13,,,47,182.106,7.771,27223,153.748,-14.059,54425,157.972,-9.81,53701,187.246,19.434,54334,199.586,31.71,54655,,,738,161.658,-6.174,54706,130.024,-37.805,54352,173.817,5.979,54027,v10,18992fa,fedca7c,2026-09-04T23:05:01+00:00
82284,106946.6,2660,8809428,52.718,179.707,15.628,,,551,,,6511,171.886,-7.991,6268845,171.69,-7.197,6734015,160.61,-18.27,6743257,185.197,6.294,6713120,195.951,16.224,8748790,,,18,171.749,-7.023,3655507,150.227,-28.542,3650182,190.215,11.416,3664166,v10,18992fa,fedca7c,2026-09-04T23:05:01+00:00
82285,28839.4,9617,1768430,39.245,160.925,18.459,,,454,,,320,180.517,18.487,948882,157.773,-3.004,1719524,150.505,-10.242,1715840,176.045,15.255,1720887,174.407,13.464,1763941,158.376,1.501,635765,155.285,-5.65,1763881,137.237,-24.384,1391716,161.582,1.349,1661586,v10,18992fa,fedca7c,2026-09-04T23:05:01+00:00
82286,31873.9,31242,1892764,38.005,162.405,16.908,,,1185,,,833,157.552,-0.74,505141,166.788,6.503,754052,159.131,-1.133,751354,168.777,8.94,856633,172.406,9.995,1889840,167.504,6.769,438946,160.88,-1.413,1804298,128.777,-33.956,1382030,161.617,-0.672,1802978,v10,18992fa,fedca7c,2026-09-04T23:05:01+00:00
82287,28124.9,81343,1150215,26.174,155.438,14.649,,,1034,139.954,-16.001,71802,146.686,-8.326,970822,164.44,8.996,1147884,155.576,0.121,1146270,153.408,-2.036,1146662,144.395,-11.055,1145516,166.669,11.215,1144425,165.481,10.029,1145926,128.976,-23.645,360018,149.967,-5.491,1144045,v10,18992fa,fedca7c,2026-09-04T23:05:01+00:00
82288,20133.8,19833,463813,14.743,158.294,15.173,,,142,,,7392,150.726,-7.534,452915,179.491,21.187,462907,167.925,9.613,462072,154.518,-3.779,462531,151.717,-6.603,458791,170.544,12.043,439150,155.638,-2.664,461802,134.095,-24.489,335850,152.966,-5.363,459777,v10,18992fa,fedca7c,2026-09-04T23:05:01+00:00
82289,51735.7,80827,2667475,32.998,178.874,13.381,177.591,-14.684,207107,156.212,-17.166,2301547,177.104,-1.949,2649944,183.154,4.262,2665853,180.884,1.979,2664650,187.204,8.311,2665691,167.316,-12.276,2595724,189.163,15.4,2214715,168.815,-3.842,2333904,163.489,-3.708,1887791,174.738,-0.079,2395597,v10,18992fa,fedca7c,2026-09-04T23:05:01+00:00
82291,21986.2,2465,994559,28.951,164.946,17.977,,,9,,,61,167.89,3.722,808211,174.165,9.21,991970,141.736,-23.216,989420,180.285,15.329,991503,163.651,-1.312,989755,179.216,14.259,992429,154.162,-10.789,991527,139.421,-25.266,966645,173.287,8.598,965303,v10,18992fa,fedca7c,2026-09-04T23:05:01+00:00
82292,39236.7,15339,911878,14.874,161.692,17.011,,,516,,,231,163.461,2.298,660579,180.907,19.195,910065,152.004,-9.721,908654,156.636,-5.086,908987,167.768,6.025,906552,171.928,10.166,904549,160.413,-1.319,908313,128.624,-33.072,867490,158.761,-2.989,905529,v10,18992fa,fedca7c,2026-09-04T23:05:01+00:00
82293,46817.4,25936,1686129,23.05,162.599,16.474,149.103,-17.165,156272,,,111,164.761,2.186,1483636,175.525,12.917,1684172,147.555,-15.064,1681331,158.237,-4.379,1683111,164.864,2.244,1680593,175.946,13.326,1680957,162.243,-0.369,1683198,142.565,-20.375,1591167,166.697,4.075,1680974,v10,18992fa,fedca7c,2026-09-04T23:05:01+00:00
82294,51521.4,121701,2419607,30.056,173.112,14.006,154.51,-19.833,105664,168.301,-11.419,1260542,170.999,-2.139,2417051,195.133,22.114,2414595,178.05,4.918,2417706,176.12,3.002,2418877,164.095,-9.035,2417578,177.632,4.348,2360232,169.309,-3.961,2361647,150.361,-11.975,1387686,164.104,-9.235,2355500,v10,18992fa,fedca7c,2026-09-04T23:05:01+00:00
82295,22787.9,40811,1690100,47.467,154.808,14.412,156.909,-6.338,108932,161.534,9.39,260329,157.821,2.993,1685219,175.614,20.8,1686342,162.255,7.441,1688118,146.244,-8.568,1689548,149.346,-5.484,1684321,156.62,1.753,1656316,162.779,7.935,1666186,139.296,-17.472,1262183,145.252,-9.595,1663748,v10,18992fa,fedca7c,2026-09-04T23:05:01+00:00
82296,15765.7,14332,652251,26.478,153.952,15.766,147.032,-7.469,423745,,,3,157.152,3.2,652090,170.684,16.731,652162,171.875,17.921,652147,153.531,-0.422,652134,144.354,-9.6,651956,152.517,-1.438,651998,166.86,12.906,652122,142.304,-12.084,600417,140.751,-13.202,652104,v10,18992fa,fedca7c,2026-09-04T23:05:01+00:00
82297,34835.5,29201,1041336,19.131,187.667,11.882,194.714,-8.5,289412,181.104,-15.315,452857,194.853,7.1,1039199,195.871,8.175,1040514,191.768,4.222,1032437,186.309,-1.427,1039592,184.472,-3.29,1038953,187.102,-0.447,1023692,183.766,-3.638,1027027,177.364,-10.849,695213,178.954,-8.425,1026029,v10,18992fa,fedca7c,2026-09-04T23:05:01+00:00
82298,22596.0,3850,574144,16.262,200.725,8.251,183.984,-16.744,523825,190.962,-7.798,521352,198.744,-2.064,572618,206.053,5.275,573180,200.701,-0.214,559662,210.329,9.555,573270,204.62,3.799,572448,203.554,2.528,553411,200.159,-0.834,554047,187.405,-11.345,490811,195.405,-5.622,553483,v10,18992fa,fedca7c,2026-09-04T23:05:01+00:00
82299,43270.7,386,2670159,39.493,216.021,8.01,193.07,-21.879,769507,200.363,-10.231,269695,218.592,2.579,2660165,212.559,-3.486,2668695,211.648,-4.389,2669213,217.21,1.162,2668614,218.117,2.062,2668141,224.392,8.332,2667979,204.624,-11.429,2668270,199.61,-5.468,1017974,212.103,-3.943,2668624,v10,18992fa,fedca7c,2026-09-04T23:05:01+00:00
82301,9125.2,731,721167,50.579,196.764,16.568,,,0,,,139,205.156,0.127,212667,206.629,8.535,466187,192.208,-4.495,578832,186.251,-10.379,573428,183.868,-12.865,660878,191.79,-4.921,666979,197.097,0.379,669847,203.356,2.298,250093,202.009,5.016,635988,v10,18992fa,fedca7c,2026-09-04T23:05:01+00:00
82302,8619.0,0,722893,53.678,194.757,18.862,,,0,,,38,203.773,9.033,46211,197.049,2.11,672977,174.388,-20.174,611059,180.551,-14.069,595058,172.512,-22.51,686897,197.33,2.351,695416,207.565,12.516,692054,219.705,23.668,397266,187.867,-7.077,668510,v10,18992fa,fedca7c,2026-09-04T23:05:01+00:00
82303,12597.7,0,1641947,83.416,199.893,18.564,,,0,,,42,186.363,-13.11,560600,211.448,11.509,1626405,180.683,-24.533,374318,196.361,-5.311,853736,174.705,-25.232,1618307,190.638,-9.298,1620468,200.645,0.701,1620573,222.895,23.867,1399550,187.272,-12.65,1621913,v10,18992fa,fedca7c,2026-09-04T23:05:01+00:00
82304,66586.2,135,7333500,70.487,191.396,15.133,,,0,,,72,190.449,-1.674,5559033,189.591,-1.79,7211371,188.009,-5.918,1603270,197.545,5.346,5799570,178.907,-12.55,7256707,187.879,-3.577,7262404,193.902,2.438,7244166,194.032,2.659,7145711,179.674,-11.765,7276165,v10,18992fa,fedca7c,2026-09-04T23:05:01+00:00
82305,5791.7,0,815653,90.132,211.135,16.853,,,0,,,9,190.583,-20.567,810193,218.303,7.156,811110,215.641,1.841,33776,216.295,5.153,808456,205.073,-6.098,807673,186.513,-24.621,808337,205.481,-5.642,808550,222.838,11.678,809312,197.739,-13.409,806375,v10,18992fa,fedca7c,2026-09-04T23:05:01+00:00
82306,23774.0,0,3353669,90.281,202.624,15.978,,,0,,,8,193.594,-8.921,3066256,202.194,1.97,2267336,206.229,2.955,2554553,208.377,5.668,3333245,197.054,-5.638,3337820,180.429,-22.252,3339631,199.066,-3.651,3332632,201.508,-1.191,3336492,201.327,-1.359,3340255,v10,18992fa,fedca7c,2026-09-04T23:05:01+00:00
82307,4424.7,311,489001,70.73,199.838,14.558,,,0,,,25,190.963,-8.808,470583,197.467,-2.305,476698,198.937,-1.613,443291,207.367,7.606,470412,203.718,3.836,468199,183.022,-16.711,468996,197.513,-2.284,467755,197.45,-2.3,470144,195.784,-3.886,469261,v10,18992fa,fedca7c,2026-09-04T23:05:01+00:00
82308,14972.4,0,2227522,95.216,215.627,13.433,,,0,,,0,221.356,3.195,979148,188.946,-4.387,41581,217.335,1.666,2222957,220.738,5.062,2222069,218.107,2.43,2222286,192.566,-23.098,2223431,216.548,0.879,2222985,192.369,-23.291,2223775,217.388,1.733,2224428,v10,18992fa,fedca7c,2026-09-04T23:05:01+00:00
82309,8553.4,0,1261249,94.372,216.786,13.123,,,0,,,1,221.219,-1.042,309609,,,3395,220.788,3.98,1258488,222.274,5.457,1258383,223.96,7.151,1258650,197.968,-18.846,1257935,212.098,-4.718,1257587,198.491,-18.317,1258497,218.675,1.862,1258269,v10,18992fa,fedca7c,2026-09-04T23:05:01+00:00
83110,35917.8,1111,4812460,85.751,210.946,15.504,,,0,,,3,220.758,9.041,330579,,,32032,222.091,11.739,4531859,201.898,-8.425,4538556,212.18,1.07,4773793,183.864,-26.411,4546380,214.548,3.445,4774123,200.723,-10.405,4719277,209.689,-1.434,4773376,v10,18992fa,fedca7c,2026-09-04T23:05:01+00:00
83120,30833.0,323,3841551,79.739,201.807,15.978,,,0,,,4,,,5713,,,15228,205.172,5.334,2720484,202.762,2.91,2729337,205.617,3.706,3813519,180.199,-19.607,2724998,183.796,-18.095,3812272,198.509,-4.198,3472375,211.83,9.927,3816784,v10,18992fa,fedca7c,2026-09-04T23:05:01+00:00
83130,37213.1,139,4716933,81.123,217.17,11.379,,,0,,,255,215.739,-5.023,2950797,187.342,-20.252,228503,225.807,12.047,468673,224.381,4.252,3211749,216.817,-0.475,4685260,183.118,-29.79,262063,196.374,-17.433,3204377,208.261,-5.723,3151804,218.788,4.9,3276504,v10,18992fa,fedca7c,2026-09-04T23:05:01+00:00
83140,25410.9,0,3159569,79.577,222.259,13.653,,,0,,,45,209.238,-13.547,2975095,168.262,-29.456,217818,191.886,-23.778,908978,231.085,8.205,2967206,226.741,4.195,3133700,,,0,192.921,-23.255,1462409,215.763,-1.176,1401559,221.205,5.109,1472934,v10,18992fa,fedca7c,2026-09-04T23:05:01+00:00
83150,38020.8,6,4767640,80.253,223.248,14.896,,,0,,,940,194.236,-25.143,2846231,204.539,-18.702,4129495,234.073,10.741,4372015,215.254,-8.082,4749328,230.489,7.103,4738063,,,0,,,0,,,0,,,19966,v10,18992fa,fedca7c,2026-09-04T23:05:01+00:00
83160,17693.7,0,2316264,83.782,222.365,15.232,,,2,,,9,187.989,-26.593,503139,198.813,-23.97,2200302,231.372,8.915,2309860,212.684,-9.73,2312697,230.824,8.406,2311992,,,0,,,0,,,0,,,1227,v10,18992fa,fedca7c,2026-09-04T23:05:01+00:00
83170,77138.6,1297,7780982,64.557,221.236,13.835,,,3,,,13,207.401,-12.828,436612,203.821,-17.695,7674438,224.548,3.071,7710857,230.752,11.226,6024303,211.293,-10.022,7545541,,,0,,,0,,,0,229.809,2.285,199805,v10,18992fa,fedca7c,2026-09-04T23:05:01+00:00
83181,136.0,0,13682,64.386,230.723,12.908,,,0,,,0,213.925,-13.727,2338,214.55,-16.282,13562,216.38,-14.394,13555,245.659,14.761,13519,239.252,8.488,13468,,,0,,,0,,,0,219.509,-10.45,1641,v10,18992fa,fedca7c,2026-09-04T23:05:01+00:00
83182,22986.7,0,1363711,37.969,239.392,10.359,,,0,,,12,231.243,-5.978,359048,225.427,-16.712,945668,231.489,-8.025,1359639,244.997,5.515,1358827,241.136,1.385,1349026,,,0,,,0,,,0,,,4811,v10,18992fa,fedca7c,2026-09-04T23:05:01+00:00
83183,14096.6,0,1788322,81.192,236.84,7.809,,,0,,,3,200.765,-18.422,23335,213.958,-23.204,1777371,234.022,-2.951,1783188,240.737,5.289,502763,240.592,3.534,1780182,,,1,,,0,,,0,,,6741,v10,18992fa,fedca7c,2026-09-04T23:05:01+00:00
83184,7818.0,0,963189,78.849,231.485,9.104,,,0,,,0,,,3372,210.07,-21.773,956670,233.284,1.63,959997,198.357,-13.044,74202,232.357,0.67,959092,,,0,,,0,,,0,,,330,v10,18992fa,fedca7c,2026-09-04T23:05:01+00:00
83185,24612.9,0,2701759,70.253,216.645,16.242,,,0,,,1,152.46,-28.661,46904,194.421,-22.441,2683165,220.008,2.996,2671507,231.284,14.599,2646159,207.12,-9.906,2669443,,,1,,,0,,,0,,,18780,v10,18992fa,fedca7c,2026-09-04T23:05:01+00:00
83186,3970.8,0,513369,82.743,218.532,15.696,,,0,,,0,134.826,-48.678,6648,186.775,-32.432,489050,231.403,12.768,512142,216.087,-2.49,512767,221.121,2.542,512686,,,0,,,0,,,0,,,461,v10,18992fa,fedca7c,2026-09-04T23:05:01+00:00
83187,11103.9,0,1432572,82.57,214.368,15.007,,,0,,,0,135.29,-44.394,18339,189.448,-25.618,1366545,221.233,6.75,1427891,214.842,0.399,1429651,217.471,3.03,1429264,,,0,,,0,,,0,,,1552,v10,18992fa,fedca7c,2026-09-04T23:05:01+00:00
83188,14447.3,0,1864479,82.594,214.04,15.786,,,0,,,1,214.641,-2.914,1379239,194.98,-15.399,1374999,208.19,-5.921,1859775,218.228,4.071,1857612,214.348,0.181,1856647,,,0,,,0,,,0,,,457,v10,18992fa,fedca7c,2026-09-04T23:05:01+00:00
83189,19379.3,0,2445148,80.751,218.089,16.194,,,0,,,9,212.758,-6.222,2229870,200.927,-9.692,840233,199.925,-18.318,2431546,224.649,6.409,2432747,221.869,3.594,2428685,,,0,,,0,,,0,,,6067,v10,18992fa,fedca7c,2026-09-04T23:05:01+00:00
83191,62283.9,1034,2949776,30.311,228.772,13.255,,,0,,,222,207.783,-20.71,2174208,220.101,-13.442,978828,217.514,-11.316,2931601,240.462,11.627,2924261,234.308,5.813,2573519,,,0,,,0,,,0,229.958,-3.052,299360,v10,18992fa,fedca7c,2026-09-04T23:05:01+00:00
83192,9384.9,0,983721,67.085,228.267,12.166,,,0,,,0,213.86,-14.631,969501,,,5693,219.589,-8.719,982639,233.602,5.307,982776,233.349,5.004,979452,,,0,,,0,,,0,,,1006,v10,18992fa,fedca7c,2026-09-04T23:05:01+00:00
83193,1140.8,0,164427,92.245,218.522,15.704,,,0,,,0,192.204,-26.307,164191,226.119,0.38,7626,204.039,-14.467,164222,239.59,21.072,164251,222.896,4.379,164154,,,0,,,0,,,0,,,649,v10,18992fa,fedca7c,2026-09-04T23:05:01+00:00
83194,10192.9,0,1466329,92.069,232.248,11.104,,,0,,,0,220.821,-11.444,1465544,,,4360,227.053,-5.211,1465504,234.783,2.516,1465658,231.557,-0.722,1464682,,,0,,,0,,,0,,,337,v10,18992fa,fedca7c,2026-09-04T23:05:01+00:00
83195,44805.6,2701,5743777,82.044,240.856,9.384,,,0,,,34,224.836,-11.426,3061266,241.309,4.325,558609,231.66,-9.377,5699096,242.467,1.534,5721930,243.386,2.431,5713189,,,0,,,0,,,0,224.842,-12.532,290703,v10,18992fa,fedca7c,2026-09-04T23:05:01+00:00
83196,6925.6,0,1010019,93.337,249.47,6.167,,,0,,,0,244.46,-4.144,745538,201.117,-10.759,12928,242.897,-6.651,1008458,248.376,-1.154,1008802,255.107,5.584,1008995,,,0,,,0,,,0,,,2411,v10,18992fa,fedca7c,2026-09-04T23:05:01+00:00
83197,15798.1,0,2110303,85.491,238.586,7.76,,,0,,,1,232.199,-6.435,2000683,221.151,-1.477,95014,229.918,-8.748,2104454,239.718,1.082,2106418,245.169,6.519,2105707,,,0,,,0,,,0,213.276,-12.841,122113,v10,18992fa,fedca7c,2026-09-04T23:05:01+00:00
83198,7491.3,0,1006664,86.002,237.35,9.191,,,0,,,0,229.729,-7.745,1003202,196.394,-10.228,23175,227.23,-10.198,1004710,238.165,0.722,1004413,245.813,8.395,1004569,,,0,,,0,,,0,,,2293,v10,18992fa,fedca7c,2026-09-04T23:05:01+00:00
83199,9461.0,877,1248112,84.43,233.651,10.886,,,0,,,5,220.024,-13.757,1242391,214.261,-0.459,53344,222.692,-11.059,1243051,242.744,9.004,1243833,239.951,6.156,1241925,,,0,,,0,,,0,212.31,-14.105,103486,v10,18992fa,fedca7c,2026-09-04T23:05:01+00:00
83210,73934.6,0,7369003,63.788,233.281,12.037,,,0,,,142,213.847,-20.762,5714792,212.091,-13.055,669486,228.795,-4.567,7351831,244.625,11.287,7356350,227.503,-5.947,7324915,,,0,,,0,,,0,,,41326,v10,18992fa,fedca7c,2026-09-04T23:05:01+00:00
83220,29836.2,0,2505067,53.735,234.266,11.277,,,0,,,4,,,10514,211.557,-23.301,2427820,226.132,-8.251,2498429,243.885,9.537,1651090,239.202,4.723,2488098,,,0,,,0,,,0,,,4815,v10,18992fa,fedca7c,2026-09-04T23:05:01+00:00
83230,1513.7,0,185238,78.32,234.14,6.111,,,0,,,0,,,894,207.596,-26.882,184112,232.58,-1.677,184836,226.54,4.405,34917,236.57,2.167,184277,,,0,,,0,,,0,,,175,v10,18992fa,fedca7c,2026-09-04T23:05:01+00:00
83241,2110.9,0,219179,66.452,228.015,7.483,,,0,,,0,,,2118,199.512,-29.092,216682,229.611,1.378,217989,155.426,-32.791,16016,229.317,0.677,216177,,,0,,,0,,,0,,,306,v10,18992fa,fedca7c,2026-09-04T23:05:01+00:00
83242,74255.9,0,7683677,66.224,213.355,17.921,,,2,,,2058,209.872,7.424,3360525,184.838,-29.368,7420959,196.472,-17.063,7636127,230.582,18.777,7023756,219.808,6.114,7598309,,,7,,,0,,,0,,,25733,v10,18992fa,fedca7c,2026-09-04T23:05:01+00:00
83243,28951.2,2124,3248555,71.813,222.271,13.701,,,0,,,2,,,35440,193.138,-29.396,3228239,222.182,-0.294,3232118,235.777,15.993,2156755,221.131,-1.462,3222553,,,0,,,0,,,0,,,10778,v10,18992fa,fedca7c,2026-09-04T23:05:01+00:00
83244,74157.3,41,9058396,78.177,210.122,17.092,,,0,,,368,198.431,-1.426,3836752,183.918,-26.857,8424217,210.165,-0.075,9023621,221.71,11.426,9012685,210.73,0.346,8983006,,,1,,,0,,,0,,,10504,v10,18992fa,fedca7c,2026-09-04T23:05:01+00:00
83245,20005.1,0,1988773,63.625,226.433,14.173,,,0,,,0,208.457,-11.191,380806,192.127,-34.895,1954626,226.424,-0.255,1977143,233.302,6.582,1974739,230.711,3.865,1969196,,,0,,,0,,,0,,,8725,v10,18992fa,fedca7c,2026-09-04T23:05:01+00:00
83246,8004.9,0,786463,62.879,220.617,16.484,,,0,,,86,216.65,-4.247,779115,179.64,-42.958,709885,208.305,-12.497,781573,235.751,14.908,781145,221.329,0.369,778635,,,0,,,0,,,0,,,8,v10,18992fa,fedca7c,2026-09-04T23:05:01+00:00
83247,18117.2,0,1893938,66.904,209.794,18.742,,,0,,,1825,210.615,0.738,1859814,176.276,-34.962,1678784,192.987,-16.966,1880291,231.048,21.069,1879528,213.404,3.314,1869324,,,0,,,0,,,0,,,50,v10,18992fa,fedca7c,2026-09-04T23:05:01+00:00
83248,10329.8,5,858668,53.2,189.375,16.676,,,0,,,1095,184.83,-4.71,845083,182.271,-7.494,806773,170.476,-19.011,848167,209.352,19.772,842279,194.398,4.524,818767,,,0,,,0,,,0,,,42,v10,18992fa,fedca7c,2026-09-04T23:05:01+00:00
83249,8923.8,13,689067,49.419,186.556,18.655,,,0,,,1097,184.496,-2.221,675585,175.491,-10.979,653164,167.441,-19.2,676958,221.225,34.486,674484,189.389,2.493,660037,,,0,,,0,,,0,,,1857,v10,18992fa,fedca7c,2026-09-04T23:05:01+00:00
83250,20990.7,3292,2302161,70.192,227.628,10.11,,,0,,,8,,,19244,206.578,-19.609,1474853,220.458,-7.344,2291420,232.964,6.503,1712970,227.219,-0.868,2274232,,,0,,,0,,,0,,,11220,v10,18992fa,fedca7c,2026-09-04T23:05:01+00:00
83260,22820.7,0,2496476,70.013,223.173,10.418,,,1,,,1,,,19425,198.782,-25.006,2461781,221.825,-1.551,2484559,225.265,10.835,915448,224.844,1.262,2472161,,,0,,,0,,,0,,,3815,v10,18992fa,fedca7c,2026-09-04T23:05:01+00:00
83270,32094.3,2569,3690736,73.598,199.813,16.802,,,0,,,29,,,25691,190.255,-9.842,3629191,187.209,-12.683,3670498,221.825,22.46,3568743,200.551,0.556,3647737,,,0,,,0,,,0,,,11021,v10,18992fa,fedca7c,2026-09-04T23:05:01+00:00
83280,59710.6,0,6284836,67.363,197.168,17.574,,,17,,,361,212.909,16.638,2119673,188.517,-8.9,6143242,178.097,-19.168,6237777,216.915,19.651,6246667,198.224,0.858,6204443,,,8,,,0,,,0,,,48193,v10,18992fa,fedca7c,2026-09-04T23:05:01+00:00
83290,6286.1,0,760522,77.43,193.811,15.093,,,0,,,26,,,8674,191.727,-2.189,755135,185.725,-8.208,755480,215.752,21.854,756952,183.446,-10.485,754368,,,0,,,0,,,0,,,2217,v10,18992fa,fedca7c,2026-09-04T23:05:01+00:00
83300,52944.2,892,6817889,82.416,242.915,7.5,,,0,,,94,225.675,-17.508,6477166,221.795,-7.152,443560,239.277,-3.814,6781015,249.248,6.176,6787816,246.182,2.969,6764576,,,3,,,0,,,0,221.099,-9.716,153519,v10,18992fa,fedca7c,2026-09-04T23:05:01+00:00
84201,6876.0,1446,687597,64.0,228.775,13.983,,,0,,,0,134.459,-60.043,13952,207.451,-23.024,610843,227.85,-1.019,684982,217.019,-11.866,684620,241.179,12.241,682938,,,0,,,0,,,0,227.843,-5.495,13067,v10,18992fa,fedca7c,2026-09-04T23:05:01+00:00
84202,15550.3,0,44185,1.819,,,,,0,,,0,,,653,206.479,-26.019,36785,234.741,3.573,43997,216.021,-15.226,43900,240.854,9.649,43888,,,0,,,0,,,0,,,2,v10,18992fa,fedca7c,2026-09-04T23:05:01+00:00
84203,44057.0,0,4778501,69.416,227.704,9.429,,,0,,,16,211.336,-12.538,1253131,203.184,-23.841,646127,232.22,4.455,1353333,219.336,-6.376,2059041,226.021,-1.193,3478030,203.071,-24.641,676563,228.463,0.258,3758129,222.429,-5.761,3760669,227.6,-0.567,3777221,v10,18992fa,fedca7c,2026-09-04T23:05:01+00:00
84204,9342.0,0,16820,1.152,,,,,0,,,0,,,0,,,0,,,0,,,0,,,0,,,0,234.145,3.414,16813,223.173,-7.573,16814,226.361,-4.369,16820,v10,18992fa,fedca7c,2026-09-04T23:05:01+00:00
84205,12604.6,347,606963,30.819,228.69,8.65,,,0,,,0,,,45,,,705,224.31,10.08,123310,212.789,-1.382,123608,225.327,5.483,233995,198.382,-15.839,123058,228.838,0.091,603996,220.352,-11.946,488290,225.602,-3.142,603807,v10,18992fa,fedca7c,2026-09-04T23:05:01+00:00
84209,54317.7,0,485236,5.717,230.398,14.145,,,0,,,0,,,12971,205.894,-26.757,416308,226.185,-4.39,481910,224.044,-6.494,481744,241.997,11.39,481296,,,0,,,0,,,0,,,12680,v10,18992fa,fedca7c,2026-09-04T23:05:01+00:00
84300,34998.6,0,1485,0.027,,,,,0,,,0,,,948,,,1311,,,1438,,,1380,,,0,,,0,,,0,,,0,,,1095,v10,18992fa,fedca7c,2026-09-04T23:05:01+00:00
85101,20406.0,0,335670,10.528,243.93,7.847,,,0,,,0,242.973,-6.603,79653,246.261,4.275,62827,235.473,-8.558,332764,246.386,2.394,334188,240.043,-3.98,333337,,,0,,,0,,,0,231.661,-5.839,33328,v10,18992fa,fedca7c,2026-09-04T23:05:01+00:00
85203,117062.1,8816,502131,2.745,,,,,0,,,0,,,110816,239.49,5.29,499465,225.979,-8.282,499009,229.81,-4.466,497606,235.746,1.507,498405,,,0,,,0,,,0,,,18459,v10,18992fa,fedca7c,2026-09-04T23:05:01+00:00
85208,17386.1,0,21192,0.78,,,,,0,,,0,,,55,,,176,,,21053,,,21188,,,21179,,,0,,,0,,,0,,,93,v10,18992fa,fedca7c,2026-09-04T23:05:01+00:00
85209,14708.1,0,987927,42.988,246.222,7.976,,,0,,,0,243.942,2.305,80000,246.793,5.749,106929,233.223,-13.154,979786,245.6,-0.64,986689,247.981,1.718,984791,,,0,,,0,,,0,227.774,-12.296,86142,v10,18992fa,fedca7c,2026-09-04T23:05:01+00:00
