PFAF_ID,pct_precip_as_snow,swe_median,median_total_water_equivalent_km3,swe_median,swe_WY2015,swe_anomaly_WY2015,swe_pct_norm_WY2015,total_water_equivalent_km3_WY2015,total_water_equivalent_anomaly_km3_WY2015,total_water_equivalent_pct_norm_WY2015,swe_WY2016,swe_anomaly_WY2016,swe_pct_norm_WY2016,total_water_equivalent_km3_WY2016,total_water_equivalent_anomaly_km3_WY2016,total_water_equivalent_pct_norm_WY2016,swe_WY2017,swe_anomaly_WY2017,swe_pct_norm_WY2017,total_water_equivalent_km3_WY2017,total_water_equivalent_anomaly_km3_WY2017,total_water_equivalent_pct_norm_WY2017,swe_WY2018,swe_anomaly_WY2018,swe_pct_norm_WY2018,total_water_equivalent_km3_WY2018,total_water_equivalent_anomaly_km3_WY2018,total_water_equivalent_pct_norm_WY2018,swe_WY2019,swe_anomaly_WY2019,swe_pct_norm_WY2019,total_water_equivalent_km3_WY2019,total_water_equivalent_anomaly_km3_WY2019,total_water_equivalent_pct_norm_WY2019,swe_WY2020,swe_anomaly_WY2020,swe_pct_norm_WY2020,total_water_equivalent_km3_WY2020,total_water_equivalent_anomaly_km3_WY2020,total_water_equivalent_pct_norm_WY2020,swe_WY2021,swe_anomaly_WY2021,swe_pct_norm_WY2021,total_water_equivalent_km3_WY2021,total_water_equivalent_anomaly_km3_WY2021,total_water_equivalent_pct_norm_WY2021,swe_WY2022,swe_anomaly_WY2022,swe_pct_norm_WY2022,total_water_equivalent_km3_WY2022,total_water_equivalent_anomaly_km3_WY2022,total_water_equivalent_pct_norm_WY2022,swe_WY2023,swe_anomaly_WY2023,swe_pct_norm_WY2023,total_water_equivalent_km3_WY2023,total_water_equivalent_anomaly_km3_WY2023,total_water_equivalent_pct_norm_WY2023,swe_WY2024,swe_anomaly_WY2024,swe_pct_norm_WY2024,total_water_equivalent_km3_WY2024,total_water_equivalent_anomaly_km3_WY2024,total_water_equivalent_pct_norm_WY2024,swe_WY2025,swe_anomaly_WY2025,swe_pct_norm_WY2025,total_water_equivalent_km3_WY2025,total_water_equivalent_anomaly_km3_WY2025,total_water_equivalent_pct_norm_WY2025,_analysis_git_sha,_version,_git_sha,_written_at
11429,0.0003,,,,,,,,,,,,,,,,,,,,,,,,,,,,,,,,,,,,,,,,,,,,,,,,,,,,,,,,,,,,,,,,,,,,,,e93a2b3,,18992fa,2026-09-04T19:21:08+00:00
11732,,,,,,,,,,,,,,,,,,,,,,,,,,,,,,,,,,,,,,,,,,,,,,,,,,,,,,,,,,,,,,,,,,,,,,,e93a2b3,,18992fa,2026-09-04T19:21:08+00:00
11734,,,,,,,,,,,,,,,,,,,,,,,,,,,,,,,,,,,,,,,,,,,,,,,,,,,,,,,,,,,,,,,,,,,,,,,e93a2b3,,18992fa,2026-09-04T19:21:08+00:00
12780,1.2296,0.0,0.0,0.0,0.0002,0.0,821.1219,0.0,0.0,8.2112,,,,,,,,,,,,,,,,,,,0.0003,0.0003,812.0934,0.0,0.0,8.1209,0.0001,0.0,151.1324,0.0,0.0,1.5113,,,,,,,,,,,,,0.0,-0.0,30.2459,0.0,-0.0,0.3025,0.0,-0.0,105.2387,0.0,-0.0,1.0524,0.0001,-0.0,100.6466,0.0,-0.0,1.0065,e93a2b3,,18992fa,2026-09-04T19:21:08+00:00
15140,3.149,0.0,0.0,0.0,0.0,-0.0,91.1792,0.0,-0.0,0.9118,0.0,-0.0001,19.6333,0.0,-0.0,0.1963,0.0,-0.0,9.5296,0.0,-0.0,0.0953,,,,,,,0.0004,0.0003,1609.308,0.0,0.0,16.0931,0.0001,0.0,94.1873,0.0,0.0,0.9419,0.0,-0.0001,12.7014,0.0,-0.0,0.127,0.0001,0.0,121.2266,0.0,0.0,1.2123,,,,,,,0.0,0.0,145.1977,0.0,0.0,1.452,,,,,,,e93a2b3,,18992fa,2026-09-04T19:21:08+00:00
15150,2.4185,0.0,0.0,0.0,0.0001,0.0001,301.97,0.0,0.0,3.0197,0.0,-0.0,55.1791,0.0,-0.0,0.5518,0.0,-0.0,13.8021,0.0,-0.0,0.138,0.0,-0.0,3.3626,0.0,-0.0,0.0336,0.0005,0.0005,5007.5425,0.0001,0.0,50.0754,0.0,0.0,104.4241,0.0,0.0,1.0442,0.0,-0.0,9.9235,0.0,-0.0,0.0992,0.0,0.0,149.166,0.0,0.0,1.4917,,,,,,,0.0,0.0,138.089,0.0,0.0,1.3809,,,,,,,e93a2b3,,18992fa,2026-09-04T19:21:08+00:00
15160,8.5946,0.0002,0.0,0.0002,0.0023,0.002,514.0745,0.0002,0.0002,5.1407,0.0004,0.0001,118.7388,0.0,0.0,1.1874,0.0,-0.0003,23.3851,0.0,-0.0,0.2339,0.0,-0.0004,9.0102,0.0,-0.0,0.0901,0.0006,0.0004,689.6299,0.0001,0.0,6.8963,0.0003,0.0001,82.0956,0.0,0.0,0.821,0.0,-0.0003,7.495,0.0,-0.0,0.075,0.0004,0.0002,232.5149,0.0,0.0,2.3251,,,,,,,0.0003,0.0001,287.2296,0.0,0.0,2.8723,0.0,-0.0005,6.079,0.0,-0.0,0.0608,e93a2b3,,18992fa,2026-09-04T19:21:08+00:00
15180,3.4426,0.0,0.0,0.0,0.0,0.0,419.5544,0.0,0.0,4.1955,0.0,0.0,179.2821,0.0,0.0,1.7928,0.0,-0.0,78.0322,0.0,-0.0,0.7803,0.0,-0.0,66.1882,0.0,-0.0,0.6619,0.0,-0.0,62.5546,0.0,-0.0,0.6255,0.0,-0.0,44.6447,0.0,-0.0,0.4464,0.0,-0.0,25.0141,0.0,-0.0,0.2501,0.0001,0.0001,859.7286,0.0,0.0,8.5973,,,,,,,0.0001,0.0001,921.8864,0.0,0.0,9.2189,0.0,-0.0,59.4728,0.0,-0.0,0.5947,e93a2b3,,18992fa,2026-09-04T19:21:08+00:00
15302,5.8263,0.0,0.0,0.0,0.0001,0.0,347.6729,0.0,0.0,3.4767,0.0,-0.0,104.3472,0.0,-0.0,1.0435,0.0,-0.0,45.4586,0.0,-0.0,0.4546,0.0,-0.0,46.7249,0.0,-0.0,0.4672,0.0001,0.0001,1336.6053,0.0,0.0,13.3661,0.0,-0.0,68.2432,0.0,-0.0,0.6824,0.0,-0.0,29.0369,0.0,-0.0,0.2904,0.0001,0.0,522.1305,0.0,0.0,5.2213,,,,,,,0.0,0.0,414.3144,0.0,0.0,4.1431,0.0,-0.0,31.5948,0.0,-0.0,0.3159,e93a2b3,,18992fa,2026-09-04T19:21:08+00:00
15305,2.5094,0.0,0.0,0.0,0.0,-0.0,24.776,0.0,-0.0,0.2478,0.0,-0.0,1.2004,0.0,-0.0,0.012,0.0,0.0,100.0,0.0,0.0,1.0,0.0,-0.0,81.5265,0.0,-0.0,0.8153,0.0001,0.0,305.6441,0.0,0.0,3.0564,0.0,0.0,225.1247,0.0,0.0,2.2512,0.0,-0.0,12.7206,0.0,-0.0,0.1272,0.0,-0.0,0.831,0.0,-0.0,0.0083,,,,,,,0.0,-0.0,0.7833,0.0,-0.0,0.0078,0.0,0.0,101.9303,0.0,0.0,1.0193,e93a2b3,,18992fa,2026-09-04T19:21:08+00:00
15430,3.4991,0.0,0.0,0.0,0.0,-0.0,20.4706,0.0,-0.0,0.2047,0.0,-0.0,15.638,0.0,-0.0,0.1564,,,,,,,,,,,,,0.0002,0.0001,2220.6243,0.0,0.0,22.2062,0.0,0.0,123.0195,0.0,0.0,1.2302,0.0,-0.0,4.2194,0.0,-0.0,0.0422,0.0,0.0,159.5627,0.0,0.0,1.5956,,,,,,,0.0,-0.0,107.2279,0.0,-0.0,1.0723,,,,,,,e93a2b3,,18992fa,2026-09-04T19:21:08+00:00
17294,,,,,,,,,,,,,,,,,,,,,,,,,,,,,,,,,,,,,,,,,,,,,,,,,,,,,,,,,,,,,,,,,,,,,,,e93a2b3,,18992fa,2026-09-04T19:21:08+00:00
21101,2.639,0.0,0.0,0.0,,,,,,,0.0,0.0,100.9849,0.0,0.0,1.0098,,,,,,,,,,,,,0.0002,0.0002,512.9675,0.0,0.0,5.1297,0.0,-0.0,20.9519,0.0,-0.0,0.2095,0.0,-0.0,53.1045,0.0,-0.0,0.531,0.0,-0.0,8.5113,0.0,-0.0,0.0851,0.0004,0.0004,3123.9119,0.0,0.0,31.2391,,,,,,,,,,,,,e93a2b3,,18992fa,2026-09-04T19:21:08+00:00
21103,23.1483,0.0063,0.0006,0.0063,0.031,0.0215,433.0529,0.003,0.0021,4.3305,0.0002,-0.0076,33.7605,0.0,-0.0007,0.3376,0.0296,0.019,923.0235,0.0029,0.0019,9.2302,0.0,-0.011,11.7541,0.0,-0.0011,0.1175,0.0359,0.0288,4762.1206,0.0035,0.0028,47.6212,0.0301,0.0207,379.5486,0.0029,0.002,3.7955,0.012,0.0055,880.3711,0.0012,0.0005,8.8037,0.0963,0.0885,5763.7793,0.0094,0.0086,57.6378,0.0024,-0.0048,764.802,0.0002,-0.0005,7.648,0.0,-0.0218,0.422,0.0,-0.0021,0.0042,0.0005,-0.0124,10.7336,0.0,-0.0012,0.1073,e93a2b3,,18992fa,2026-09-04T19:21:08+00:00
21105,8.7605,0.0001,0.0,0.0001,0.0,-0.0003,7.3952,0.0,-0.0,0.074,0.0,-0.0001,31.5762,0.0,-0.0,0.3158,0.0,-0.0001,1.6142,0.0,-0.0,0.0161,0.0002,0.0001,214.8692,0.0,0.0,2.1487,0.0004,0.0003,687.8814,0.0,0.0,6.8788,0.0,-0.0002,21.2297,0.0,-0.0,0.2123,0.001,0.0009,2045.1263,0.0001,0.0001,20.4513,0.0004,0.0002,87.6528,0.0,0.0,0.8765,0.001,0.0009,2266.2202,0.0001,0.0001,22.6622,0.0,-0.0,1.2862,0.0,-0.0,0.0129,0.0004,0.0002,496.8517,0.0,0.0,4.9685,e93a2b3,,18992fa,2026-09-04T19:21:08+00:00
21200,0.4849,0.0,0.0,0.0,,,,,,,,,,,,,,,,,,,,,,,,,,,,,,,,,,,,,0.0,0.0,100.0,0.0,0.0,1.0,,,,,,,,,,,,,,,,,,,,,,,,,e93a2b3,,18992fa,2026-09-04T19:21:08+00:00
21302,12.3843,0.0002,0.0,0.0002,0.0171,0.0167,3838.8333,0.0016,0.0015,38.3883,0.0001,-0.0004,25.1942,0.0,-0.0,0.2519,0.0001,-0.0004,24.066,0.0,-0.0,0.2407,0.0006,0.0004,175.8041,0.0001,0.0,1.758,0.0004,-0.0001,68.8631,0.0,-0.0,0.6886,0.0036,0.0034,29207.2871,0.0003,0.0003,292.0727,0.0042,0.004,2864.3882,0.0004,0.0004,28.6439,0.0031,0.0025,348.2275,0.0003,0.0002,3.4823,0.0001,-0.0002,64.0994,0.0,-0.0,0.641,0.0,-0.001,0.7739,0.0,-0.0001,0.0077,0.0004,-0.0004,96.4044,0.0,-0.0,0.964,e93a2b3,,18992fa,2026-09-04T19:21:08+00:00
21303,11.9345,0.0014,0.0001,0.0014,0.0345,0.0322,3096.2131,0.0032,0.003,30.9621,0.0004,-0.0019,93.1203,0.0,-0.0002,0.9312,0.0015,-0.0014,24.9652,0.0001,-0.0001,0.2497,0.0062,0.004,301.9073,0.0006,0.0004,3.0191,0.0028,-0.0003,73.3874,0.0003,-0.0,0.7339,0.0061,0.0047,7873.6084,0.0006,0.0004,78.7361,0.0083,0.0067,1442.4818,0.0008,0.0006,14.4248,0.0081,0.0052,102.375,0.0007,0.0005,1.0238,0.0003,-0.0016,43.6505,0.0,-0.0001,0.4365,0.0014,-0.0047,2.6169,0.0001,-0.0004,0.0262,0.0027,-0.0015,140.6604,0.0003,-0.0001,1.4066,e93a2b3,,18992fa,2026-09-04T19:21:08+00:00
21304,13.6046,0.0015,0.0001,0.0015,0.0125,0.0101,1523.1725,0.0012,0.0009,15.2317,0.001,-0.0011,39.8613,0.0001,-0.0001,0.3986,0.0024,-0.0003,16.7989,0.0002,-0.0,0.168,0.0051,0.003,261.9217,0.0005,0.0003,2.6192,0.0063,0.0002,21.2548,0.0006,0.0,0.2125,0.0077,0.0062,31293.9746,0.0007,0.0006,312.9396,0.0076,0.0057,2461.6973,0.0007,0.0005,24.617,0.0077,0.0046,99.0736,0.0007,0.0004,0.9907,0.0009,-0.0012,134.2411,0.0001,-0.0001,1.3424,0.0029,-0.0022,4.9578,0.0003,-0.0002,0.0496,0.0034,-0.0029,196.2386,0.0003,-0.0003,1.9624,e93a2b3,,18992fa,2026-09-04T19:21:08+00:00
21305,4.8181,0.0001,0.0,0.0001,,,,,,,,,,,,,,,,,,,,,,,,,,,,,,,0.0001,0.0,100.0,0.0,0.0,1.0,,,,,,,,,,,,,,,,,,,,,,,,,,,,,,,e93a2b3,,18992fa,2026-09-04T19:21:08+00:00
21306,17.1884,0.0004,0.0,0.0004,0.0087,0.0082,883.1571,0.0008,0.0008,8.8316,0.0,-0.0005,24.294,0.0,-0.0,0.2429,0.0,-0.0006,12.1322,0.0,-0.0001,0.1213,0.0032,0.0028,385.787,0.0003,0.0003,3.8579,0.0009,0.0002,135.51,0.0001,0.0,1.3551,0.0129,0.0125,176698.3281,0.0012,0.0012,1766.9827,0.0041,0.0037,2597.5273,0.0004,0.0003,25.9753,0.0064,0.0056,566.0519,0.0006,0.0005,5.6605,0.0001,-0.0003,116.9405,0.0,-0.0,1.1694,0.0,-0.0011,1.9484,0.0,-0.0001,0.0195,0.0005,-0.0007,195.782,0.0,-0.0001,1.9578,e93a2b3,,18992fa,2026-09-04T19:21:08+00:00
21307,8.3377,0.0001,0.0,0.0001,0.0007,0.0006,571.7927,0.0001,0.0001,5.7179,0.0,-0.0001,20.9358,0.0,-0.0,0.2094,0.0,-0.0001,24.8907,0.0,-0.0,0.2489,0.0001,0.0001,1233.5371,0.0,0.0,12.3354,0.0001,0.0,460.7017,0.0,0.0,4.607,0.0031,0.003,43942.1094,0.0003,0.0003,439.4211,0.0002,0.0002,481.5705,0.0,0.0,4.8157,0.0008,0.0007,691.7872,0.0001,0.0001,6.9179,0.0001,0.0,251.6257,0.0,0.0,2.5163,0.0,-0.0003,1.1129,0.0,-0.0,0.0111,0.0001,-0.0,111.2822,0.0,-0.0,1.1128,e93a2b3,,18992fa,2026-09-04T19:21:08+00:00
21308,18.051,0.0054,0.0005,0.0054,0.0742,0.0679,16071.4287,0.0068,0.0062,160.7142,0.0019,-0.0039,33.3548,0.0002,-0.0004,0.3335,0.0004,-0.0067,19.1423,0.0,-0.0006,0.1914,0.0578,0.0522,6869.2812,0.0053,0.0048,68.6928,0.0192,0.011,93.2168,0.0018,0.001,0.9322,0.0159,0.0105,61931.1445,0.0015,0.001,619.3113,0.0533,0.0477,2025.182,0.0049,0.0044,20.2518,0.0454,0.0369,552.2631,0.0042,0.0034,5.5226,0.0029,-0.0033,48.911,0.0003,-0.0003,0.4891,0.0,-0.0081,1.1589,0.0,-0.0007,0.0116,0.0017,-0.0052,123.1458,0.0002,-0.0005,1.2315,e93a2b3,,18992fa,2026-09-04T19:21:08+00:00
21309,9.3247,0.0005,0.0,0.0005,0.0191,0.0184,3732.8572,0.0017,0.0017,37.3286,0.0008,0.0001,55.1021,0.0001,0.0,0.551,0.0,-0.001,3.6672,0.0,-0.0001,0.0367,0.0072,0.0066,3564.2949,0.0006,0.0006,35.643,0.0029,0.0024,357.4325,0.0003,0.0002,3.5743,0.0043,0.0038,28433.8926,0.0004,0.0003,284.339,0.0061,0.0054,287.644,0.0005,0.0005,2.8764,0.0077,0.0052,667.4694,0.0007,0.0005,6.6747,0.0,-0.0005,69.1039,0.0,-0.0,0.691,0.0,-0.0011,6.5024,0.0,-0.0001,0.065,0.0005,-0.0004,740.0782,0.0,-0.0,7.4008,e93a2b3,,18992fa,2026-09-04T19:21:08+00:00
21401,11.1137,0.0535,0.0046,0.0535,0.0704,-0.0095,65.1726,0.006,-0.0008,0.6517,0.1474,0.0665,795.7735,0.0126,0.0057,7.9577,0.0036,-0.1369,1.4258,0.0003,-0.0117,0.0143,0.1924,0.1283,1518.3677,0.0164,0.0109,15.1837,0.0488,-0.0345,25.7583,0.0041,-0.0029,0.2576,0.1139,0.0604,2250.116,0.0097,0.0051,22.5012,0.3341,0.2484,4543.2573,0.0285,0.0212,45.4326,0.0627,-0.0051,634.115,0.0053,-0.0004,6.3412,0.0646,-0.0132,50.052,0.0055,-0.0011,0.5005,0.0929,0.0274,117.5902,0.0079,0.0023,1.1759,0.0712,-0.0109,44.9593,0.0061,-0.0009,0.4496,e93a2b3,,18992fa,2026-09-04T19:21:08+00:00
21402,9.452,0.0153,0.0013,0.0153,0.0336,0.0052,258.4222,0.0029,0.0004,2.5842,0.0538,0.0297,1407.0579,0.0046,0.0025,14.0706,0.0001,-0.0412,0.1466,0.0,-0.0035,0.0015,0.0713,0.0523,1908.3412,0.0061,0.0045,19.0834,0.0014,-0.0258,1.1105,0.0001,-0.0022,0.0111,0.0398,0.0245,3016.0156,0.0034,0.0021,30.1602,0.1663,0.1423,11402.9385,0.0143,0.0122,114.0294,0.0072,-0.0118,262.3155,0.0006,-0.001,2.6232,0.0156,-0.0231,18.5415,0.0013,-0.002,0.1854,0.0227,0.0037,67.1261,0.0019,0.0003,0.6713,0.0253,-0.0059,23.683,0.0022,-0.0005,0.2368,e93a2b3,,18992fa,2026-09-04T19:21:08+00:00
21404,26.99,0.2026,0.0172,0.2026,0.2393,0.0021,91.186,0.0203,0.0002,0.9119,0.2257,-0.0154,140.9276,0.0192,-0.0013,1.4093,0.1201,-0.1547,19.9318,0.0102,-0.0131,0.1993,0.379,0.1529,1606.6361,0.0322,0.013,16.0664,0.2545,-0.0013,79.1997,0.0216,-0.0001,0.792,0.3748,0.1722,1282.9902,0.0318,0.0146,12.8299,0.3931,0.1615,3844.8369,0.0334,0.0137,38.4484,0.1939,-0.0395,116.633,0.0164,-0.0034,1.1663,0.1836,-0.0744,52.1981,0.0156,-0.0063,0.522,0.3617,0.1283,150.7899,0.0307,0.0109,1.5079,0.1904,-0.0589,57.8609,0.0161,-0.005,0.5786,e93a2b3,,18992fa,2026-09-04T19:21:08+00:00
21406,16.472,0.1133,0.0098,0.1133,0.2701,0.0542,285.1827,0.0233,0.0047,2.8518,0.2358,-0.0054,105.8847,0.0203,-0.0005,1.0588,0.2041,-0.0659,50.7052,0.0176,-0.0056,0.5071,0.3264,0.15,1297.9061,0.0282,0.013,12.9791,0.1916,-0.0265,58.058,0.0165,-0.0023,0.5806,0.1786,0.0653,2371.7368,0.0154,0.0056,23.7174,0.3209,0.0448,374.1783,0.0276,0.0038,3.7418,0.117,-0.0572,308.3279,0.0101,-0.0049,3.0833,0.1701,-0.0847,34.04,0.0147,-0.0073,0.3404,0.2968,0.1056,247.2076,0.0256,0.0091,2.4721,0.2044,-0.0209,65.5029,0.0176,-0.0018,0.655,e93a2b3,,18992fa,2026-09-04T19:21:08+00:00
21408,6.1336,0.0002,0.0,0.0002,,,,,,,,,,,,,,,,,,,0.0,-0.0,5.9575,0.0,-0.0,0.0596,0.0,-0.0003,42.2958,0.0,-0.0,0.423,0.0008,0.0006,3584.3857,0.0001,0.0001,35.8439,,,,,,,,,,,,,,,,,,,,,,,,,,,,,,,e93a2b3,,18992fa,2026-09-04T19:21:08+00:00
21409,5.8654,0.0005,0.0,0.0005,0.0021,0.002,719.5471,0.0002,0.0002,7.1955,0.0,-0.0001,4.648,0.0,-0.0,0.0465,0.0,-0.0001,7.5789,0.0,-0.0,0.0758,0.0004,0.0001,719.3593,0.0,0.0,7.1936,0.0,-0.0,58.3886,0.0,-0.0,0.5839,0.0022,0.0018,17218.0625,0.0002,0.0002,172.1806,0.0,-0.0,19.367,0.0,-0.0,0.1937,0.0001,0.0,89.4384,0.0,0.0,0.8944,0.0001,0.0,151.6723,0.0,0.0,1.5167,0.0,-0.0001,47.9342,0.0,-0.0,0.4793,0.0018,0.0017,5947.4795,0.0002,0.0002,59.4748,e93a2b3,,18992fa,2026-09-04T19:21:08+00:00
21500,3.4104,0.0002,0.0,0.0002,0.0,-0.0,6.8859,0.0,-0.0,0.0689,0.0,-0.0,8.6845,0.0,-0.0,0.0868,0.0,-0.0,14.2191,0.0,-0.0,0.1422,0.0003,0.0002,1864.0726,0.0,0.0,18.6407,0.0,-0.0,101.088,0.0,-0.0,1.0109,0.0008,0.0006,17415.5254,0.0001,0.0001,174.1553,0.0,-0.0,43.1797,0.0,-0.0,0.4318,0.0,-0.0,107.9189,0.0,-0.0,1.0792,0.0,-0.0,82.85,0.0,-0.0,0.8285,0.0,-0.0,45.6214,0.0,-0.0,0.4562,0.0007,0.0006,3452.8508,0.0001,0.0001,34.5285,e93a2b3,,18992fa,2026-09-04T19:21:08+00:00
21601,8.2577,0.0065,0.0006,0.0065,0.0413,0.0072,499.9154,0.0037,0.0006,4.9992,0.0351,-0.0006,123.3011,0.0031,-0.0001,1.233,0.0166,-0.0031,47.8436,0.0015,-0.0003,0.4784,0.0697,0.0559,2841.4561,0.0062,0.005,28.4146,0.0063,-0.0156,19.388,0.0006,-0.0014,0.1939,0.021,0.009,167.5111,0.0019,0.0008,1.6751,0.0685,0.0164,148.9578,0.0061,0.0015,1.4896,0.0014,-0.0052,305.0605,0.0001,-0.0005,3.0506,0.0089,-0.0136,9.0558,0.0008,-0.0012,0.0906,0.0325,0.0149,692.189,0.0029,0.0013,6.9219,0.0174,0.0006,182.7689,0.0015,0.0001,1.8277,e93a2b3,,18992fa,2026-09-04T19:21:08+00:00
21602,16.4795,0.1545,0.0133,0.1545,0.245,0.0067,293.727,0.0211,0.0006,2.9373,0.3519,0.0144,441.746,0.0303,0.0012,4.4175,0.3371,-0.0571,77.2799,0.029,-0.0049,0.7728,0.3335,0.1135,2306.6223,0.0288,0.0099,23.0662,0.4356,0.0214,65.5193,0.0375,0.0018,0.6552,0.228,0.0479,223.241,0.0197,0.0042,2.2324,0.3736,-0.0109,74.4225,0.0322,-0.001,0.7442,0.1341,-0.0204,9753.251,0.0115,-0.0018,97.5325,0.2559,-0.0422,110.1001,0.022,-0.0036,1.101,0.2913,0.0547,132.748,0.0251,0.0047,1.3275,0.3742,-0.0292,75.9187,0.0322,-0.0025,0.7592,e93a2b3,,18992fa,2026-09-04T19:21:08+00:00
21603,3.3494,0.0002,0.0,0.0002,0.0053,0.0045,68.629,0.0005,0.0004,0.6863,0.0007,0.0002,253.1845,0.0001,0.0,2.5318,0.0005,0.0002,103.2411,0.0,0.0,1.0324,0.0044,0.0041,276.1505,0.0004,0.0004,2.7615,0.0,-0.0019,0.7591,0.0,-0.0002,0.0076,0.0008,0.0005,326.3606,0.0001,0.0,3.2636,0.0,-0.0026,0.1767,0.0,-0.0002,0.0018,0.001,0.0008,1726.8126,0.0001,0.0001,17.2681,0.0001,-0.0005,18.6656,0.0,-0.0,0.1867,0.0008,0.0001,241.4996,0.0001,0.0,2.415,0.0003,-0.0003,25.8007,0.0,-0.0,0.258,e93a2b3,,18992fa,2026-09-04T19:21:08+00:00
21604,8.2315,0.0023,0.0002,0.0023,0.0302,0.0218,163.7831,0.0027,0.002,1.6378,0.0084,0.0051,198.9286,0.0008,0.0005,1.9893,0.0054,-0.0001,90.3104,0.0005,-0.0,0.9031,0.0204,0.0174,303.1109,0.0019,0.0016,3.0311,0.0036,-0.0132,6.7421,0.0003,-0.0012,0.0674,0.0037,0.0012,2786.1514,0.0003,0.0001,27.8615,0.0191,-0.0042,26.5091,0.0017,-0.0004,0.2651,0.0074,0.0047,479.9464,0.0007,0.0004,4.7995,0.0005,-0.0068,19.8629,0.0,-0.0006,0.1986,0.0033,-0.0007,149.6317,0.0003,-0.0001,1.4963,0.0041,-0.0041,16.7865,0.0004,-0.0004,0.1679,e93a2b3,,18992fa,2026-09-04T19:21:08+00:00
21605,6.0535,0.0001,0.0,0.0001,,,,,,,0.0,-0.0001,59.4713,0.0,-0.0,0.5947,0.0,-0.0004,0.4136,0.0,-0.0,0.0041,0.0003,0.0002,209.9271,0.0,0.0,2.0993,0.0004,-0.0001,66.8448,0.0,-0.0,0.6684,0.0021,0.002,2388.6768,0.0002,0.0002,23.8868,,,,,,,0.0001,-0.0,83.7528,0.0,-0.0,0.8375,0.0,-0.0002,1.0678,0.0,-0.0,0.0107,0.0005,0.0003,138.5093,0.0,0.0,1.3851,0.0,-0.0004,0.4027,0.0,-0.0,0.004,e93a2b3,,18992fa,2026-09-04T19:21:08+00:00
21609,1.9643,0.0001,0.0,0.0001,,,,,,,,,,,,,,,,,,,0.0,-0.0001,28.7452,0.0,-0.0,0.2875,,,,,,,0.0,-0.0,87.9432,0.0,-0.0,0.8794,,,,,,,,,,,,,,,,,,,0.0003,0.0002,445.834,0.0,0.0,4.4583,,,,,,,e93a2b3,,18992fa,2026-09-04T19:21:08+00:00
21800,1.4957,0.0,0.0,0.0,,,,,,,,,,,,,,,,,,,0.0,-0.0,79.2945,0.0,-0.0,0.7929,0.0,-0.0,84.9795,0.0,-0.0,0.8498,0.0,0.0,119.6724,0.0,0.0,1.1967,0.0,-0.0001,0.4863,0.0,-0.0,0.0049,0.0,0.0,249.3767,0.0,0.0,2.4938,,,,,,,,,,,,,,,,,,,e93a2b3,,18992fa,2026-09-04T19:21:08+00:00
21900,0.7378,0.0,0.0,0.0,,,,,,,,,,,,,,,,,,,,,,,,,,,,,,,0.0,0.0,106.9499,0.0,0.0,1.0695,0.0,-0.0,65.2503,0.0,-0.0,0.6525,,,,,,,,,,,,,,,,,,,,,,,,,e93a2b3,,18992fa,2026-09-04T19:21:08+00:00
22100,23.278,0.0011,0.0001,0.0011,0.0046,0.0025,24.767,0.0005,0.0002,0.2477,0.0001,-0.001,24.1407,0.0,-0.0001,0.2414,0.0311,0.0268,482.7251,0.0031,0.0026,4.8273,0.0002,-0.0018,35.2963,0.0,-0.0002,0.353,0.0085,0.0074,2339.5,0.0008,0.0007,23.395,0.0071,0.0053,138.4117,0.0007,0.0005,1.3841,0.0019,0.0009,686.8719,0.0002,0.0001,6.8687,0.0208,0.0196,3123.0818,0.002,0.0019,31.2308,0.0025,0.0015,1989.7738,0.0002,0.0001,19.8977,0.0,-0.0112,0.5865,0.0,-0.0011,0.0059,0.0004,-0.0074,6.394,0.0,-0.0007,0.0639,e93a2b3,,18992fa,2026-09-04T19:21:08+00:00
22120,18.5378,0.0002,0.0,0.0002,0.0009,0.0004,21.6937,0.0001,0.0,0.2169,0.0,-0.0001,43.4234,0.0,-0.0,0.4342,0.0,-0.0003,2.8802,0.0,-0.0,0.0288,0.0005,0.0004,837.6225,0.0001,0.0,8.3762,0.0004,0.0003,285.2733,0.0,0.0,2.8527,0.0001,-0.0001,45.321,0.0,-0.0,0.4532,0.0024,0.0022,5494.9487,0.0002,0.0002,54.9495,0.0045,0.0043,1142.061,0.0004,0.0004,11.4206,0.0025,0.0023,7977.8022,0.0002,0.0002,79.778,0.0,-0.0005,1.1368,0.0,-0.0001,0.0114,0.0,-0.0051,0.0061,0.0,-0.0005,0.0001,e93a2b3,,18992fa,2026-09-04T19:21:08+00:00
22130,20.5054,0.0004,0.0,0.0004,0.001,0.0002,33.1944,0.0001,0.0,0.3319,0.0002,-0.0003,51.0259,0.0,-0.0,0.5103,0.0005,-0.0001,25.0421,0.0,-0.0,0.2504,0.0018,0.0013,519.6888,0.0002,0.0001,5.1969,0.0005,0.0,167.3195,0.0,0.0,1.6732,0.0002,-0.0003,39.7782,0.0,-0.0,0.3978,0.0139,0.0134,4515.2397,0.0013,0.0013,45.1524,0.0561,0.0556,13617.6797,0.0052,0.0052,136.1768,0.0061,0.0056,5317.9297,0.0006,0.0005,53.1793,0.0,-0.0006,1.5496,0.0,-0.0001,0.0155,0.0,-0.0033,0.0189,0.0,-0.0003,0.0002,e93a2b3,,18992fa,2026-09-04T19:21:08+00:00
22140,23.8945,0.0023,0.0002,0.0023,0.0079,0.0029,63.218,0.0008,0.0003,0.6322,0.0023,-0.0,75.4498,0.0002,-0.0,0.7545,0.0081,0.002,64.7463,0.0008,0.0002,0.6475,0.0005,-0.0053,142.2477,0.0,-0.0005,1.4225,0.0059,0.0036,524.5588,0.0006,0.0003,5.2456,0.0029,-0.0012,35.5347,0.0003,-0.0001,0.3553,0.0057,0.0034,4023.0588,0.0005,0.0003,40.2306,0.0235,0.021,4313.2031,0.0022,0.002,43.132,0.0064,0.0041,6911.4546,0.0006,0.0004,69.1145,0.0013,-0.0043,2.8052,0.0001,-0.0004,0.0281,0.014,0.0001,69.8734,0.0013,0.0,0.6987,e93a2b3,,18992fa,2026-09-04T19:21:08+00:00
22150,15.188,0.0008,0.0001,0.0008,0.0,-0.0014,0.053,0.0,-0.0001,0.0005,0.0002,-0.0006,26.8849,0.0,-0.0001,0.2688,0.0,-0.0014,0.1299,0.0,-0.0001,0.0013,,,,,,,0.0006,-0.0001,140.196,0.0001,-0.0,1.402,0.0,-0.0015,0.0637,0.0,-0.0001,0.0006,0.0017,0.0009,170.1251,0.0002,0.0001,1.7013,0.0018,0.0009,103.5398,0.0002,0.0001,1.0354,0.005,0.0042,2143.1152,0.0005,0.0004,21.4312,,,,,,,,,,,,,e93a2b3,,18992fa,2026-09-04T19:21:08+00:00
22160,29.0469,0.0369,0.0035,0.0369,0.0497,0.0048,45.1784,0.0047,0.0005,0.4518,0.0481,0.0112,365.0068,0.0045,0.0011,3.6501,0.0659,0.0138,115.463,0.0062,0.0013,1.1546,0.0182,-0.0623,19.604,0.0017,-0.0059,0.196,0.0596,0.0227,332.4904,0.0056,0.0021,3.3249,0.0277,-0.024,31.4762,0.0026,-0.0023,0.3148,0.036,-0.001,1258.8291,0.0034,-0.0001,12.5883,0.0901,0.0528,4382.1846,0.0085,0.005,43.8218,0.0139,-0.023,5114.1465,0.0013,-0.0022,51.1415,0.0263,-0.0357,16.7404,0.0025,-0.0034,0.1674,0.0891,0.0027,107.65,0.0084,0.0003,1.0765,e93a2b3,,18992fa,2026-09-04T19:21:08+00:00
22170,24.5767,0.1093,0.0103,0.1093,0.1185,-0.0036,61.4831,0.0111,-0.0003,0.6148,0.1542,0.0444,290.7124,0.0145,0.0042,2.9071,0.1667,0.0543,254.2021,0.0156,0.0051,2.542,0.0788,-0.0434,35.8543,0.0074,-0.0041,0.3585,0.1525,0.0427,430.7384,0.0143,0.004,4.3074,0.0942,-0.028,63.4206,0.0088,-0.0026,0.6342,0.0951,-0.0142,820.2299,0.0089,-0.0013,8.2023,0.2092,0.0986,4305.0776,0.0196,0.0092,43.0508,0.0494,-0.0604,3024.5066,0.0046,-0.0057,30.2451,0.1162,-0.0115,42.3783,0.0109,-0.0011,0.4238,0.1486,0.0081,86.4531,0.0139,0.0008,0.8645,e93a2b3,,18992fa,2026-09-04T19:21:08+00:00
22180,37.7656,0.1762,0.0165,0.1762,0.154,-0.0237,84.8082,0.0144,-0.0022,0.8481,0.2294,0.0531,138.8076,0.0215,0.005,1.3881,0.2156,0.0394,230.7674,0.0202,0.0037,2.3077,0.1195,-0.0567,45.5034,0.0111,-0.0053,0.455,0.2433,0.0671,223.2796,0.0228,0.0063,2.2328,0.0706,-0.1056,33.5104,0.0066,-0.0099,0.3351,0.1344,-0.0418,65.9041,0.0126,-0.0039,0.659,0.2913,0.115,365.0212,0.0272,0.0108,3.6502,0.0649,-0.1113,66.1239,0.0061,-0.0104,0.6612,0.3076,0.1314,184.8915,0.0287,0.0123,1.8489,0.1873,0.0096,105.0196,0.0175,0.0009,1.0502,e93a2b3,,18992fa,2026-09-04T19:21:08+00:00
22190,29.207,0.227,0.0206,0.227,0.1965,-0.0778,47.3254,0.0178,-0.0071,0.4733,0.2785,0.0441,354.812,0.0252,0.004,3.5481,0.2736,0.0369,881.6248,0.0248,0.0034,8.8162,0.2995,0.0323,77.6701,0.0271,0.0029,0.7767,0.2356,0.0027,111.7586,0.0213,0.0002,1.1176,0.1554,-0.1148,62.2523,0.0141,-0.0104,0.6225,0.2808,0.0361,133.1501,0.0254,0.0033,1.3315,0.3606,0.1247,7280.1157,0.0327,0.0113,72.8012,0.1418,-0.0881,936.504,0.0128,-0.008,9.365,0.3491,0.0967,102.7525,0.0316,0.0088,1.0275,0.2835,-0.0233,396.5953,0.0257,-0.0021,3.966,e93a2b3,,18992fa,2026-09-04T19:21:08+00:00
22201,15.583,0.0488,0.0044,0.0488,0.1275,-0.0418,50.2264,0.0114,-0.0037,0.5023,0.0787,-0.0061,71.2669,0.007,-0.0005,0.7127,0.2043,0.1068,1436.6605,0.0183,0.0095,14.3666,0.0795,-0.0259,25.2092,0.0071,-0.0023,0.2521,0.0945,0.0295,278.4938,0.0085,0.0026,2.7849,0.0561,-0.0415,29.775,0.005,-0.0037,0.2977,0.0999,0.037,646.8384,0.0089,0.0033,6.4684,0.1969,0.1139,2990.3062,0.0176,0.0102,29.9031,0.0256,-0.0232,2211.0386,0.0023,-0.0021,22.1104,0.1297,0.0321,67.9706,0.0116,0.0029,0.6797,0.1313,-0.0733,76.4252,0.0117,-0.0066,0.7643,e93a2b3,,18992fa,2026-09-04T19:21:08+00:00
22202,18.91,0.0879,0.0079,0.0879,0.157,-0.0386,115.815,0.0141,-0.0035,1.1582,0.1583,0.0095,78.258,0.0142,0.0009,0.7826,0.1345,0.0059,249.7858,0.012,0.0005,2.4979,0.1476,0.0223,335.3543,0.0132,0.002,3.3535,0.1444,0.0229,255.409,0.0129,0.002,2.5541,0.0812,-0.0504,58.2543,0.0073,-0.0045,0.5825,0.1509,0.0341,763.4068,0.0135,0.003,7.6341,0.1498,0.0348,1155.783,0.0134,0.0031,11.5578,0.0562,-0.0317,7546.2524,0.005,-0.0028,75.4625,0.3076,0.0614,76.2362,0.0276,0.0055,0.7624,0.2012,-0.115,47.1129,0.018,-0.0103,0.4711,e93a2b3,,18992fa,2026-09-04T19:21:08+00:00
22203,9.0506,0.0,0.0,0.0,,,,,,,,,,,,,,,,,,,0.0,-0.0,101.5589,0.0,-0.0,1.0156,0.0,-0.0,85.7837,0.0,-0.0,0.8578,,,,,,,0.0,0.0,77.9624,0.0,0.0,0.7796,0.0,-0.0,26.4151,0.0,-0.0,0.2642,0.0,0.0,145.2624,0.0,0.0,1.4526,,,,,,,,,,,,,e93a2b3,,18992fa,2026-09-04T19:21:08+00:00
22204,10.5708,0.0,0.0,0.0,,,,,,,,,,,,,,,,,,,0.0,-0.0,74.5353,0.0,-0.0,0.7454,0.0,-0.0,40.5935,0.0,-0.0,0.4059,0.0,-0.0,64.0753,0.0,-0.0,0.6408,0.0,-0.0,32.0097,0.0,-0.0,0.3201,0.0,-0.0,33.3739,0.0,-0.0,0.3337,0.0001,0.0,807.9453,0.0,0.0,8.0795,,,,,,,,,,,,,e93a2b3,,18992fa,2026-09-04T19:21:08+00:00
22205,10.8206,0.0,0.0,0.0,,,,,,,,,,,,,,,,,,,0.0,-0.0,69.0879,0.0,-0.0,0.6909,,,,,,,0.0,-0.0001,17.1341,0.0,-0.0,0.1713,0.0,-0.0,79.9109,0.0,-0.0,0.7991,,,,,,,0.0002,0.0002,8074.4556,0.0,0.0,80.7445,,,,,,,,,,,,,e93a2b3,,18992fa,2026-09-04T19:21:08+00:00
22207,12.8243,0.0,0.0,0.0,0.0,-0.0,2.8986,0.0,-0.0,0.029,,,,,,,,,,,,,0.0,-0.0,6.9694,0.0,-0.0,0.0697,,,,,,,0.0,-0.0,122.3657,0.0,-0.0,1.2237,0.0,-0.0,30.7444,0.0,-0.0,0.3074,,,,,,,0.0009,0.0009,8848.2119,0.0001,0.0001,88.4821,,,,,,,,,,,,,e93a2b3,,18992fa,2026-09-04T19:21:08+00:00
22310,17.9065,0.0001,0.0,0.0001,0.0014,0.0013,1828.212,0.0001,0.0001,18.2821,,,,,,,0.0002,0.0001,304.2606,0.0,0.0,3.0426,0.0,-0.0001,34.7894,0.0,-0.0,0.3479,0.0,-0.0001,17.0132,0.0,-0.0,0.1701,0.0,-0.0,31.0293,0.0,-0.0,0.3103,0.0001,-0.0,90.1869,0.0,-0.0,0.9019,,,,,,,0.011,0.0109,14159.9297,0.0009,0.0009,141.5993,,,,,,,,,,,,,e93a2b3,,18992fa,2026-09-04T19:21:08+00:00
22320,15.8004,0.0001,0.0,0.0001,0.0014,0.0014,2288.9666,0.0001,0.0001,22.8897,0.0,-0.0001,2.0442,0.0,-0.0,0.0204,0.0002,0.0001,256.3093,0.0,0.0,2.5631,0.0001,0.0001,574.3048,0.0,0.0,5.743,0.0,-0.0001,32.1321,0.0,-0.0,0.3213,0.0,-0.0001,40.2269,0.0,-0.0,0.4023,0.0,-0.0001,27.4128,0.0,-0.0,0.2741,0.0,-0.0001,23.5306,0.0,-0.0,0.2353,0.0007,0.0006,2380.9956,0.0001,0.0,23.81,,,,,,,,,,,,,e93a2b3,,18992fa,2026-09-04T19:21:08+00:00
22330,20.0753,0.0003,0.0,0.0003,0.0022,0.0019,1103.4581,0.0002,0.0002,11.0346,,,,,,,0.0002,-0.0001,87.7616,0.0,-0.0,0.8776,0.0009,0.0007,460.2068,0.0001,0.0001,4.6021,0.0,-0.0002,20.5743,0.0,-0.0,0.2057,0.0,-0.0002,5.0011,0.0,-0.0,0.05,0.0001,-0.0002,53.4577,0.0,-0.0,0.5346,0.0,-0.0002,0.2838,0.0,-0.0,0.0028,0.001,0.0007,798.5157,0.0001,0.0001,7.9852,,,,,,,,,,,,,e93a2b3,,18992fa,2026-09-04T19:21:08+00:00
22340,23.038,0.0004,0.0,0.0004,0.0063,0.0059,4989.4482,0.0005,0.0005,49.8945,0.0,-0.0003,10.7429,0.0,-0.0,0.1074,0.0008,0.0004,489.4601,0.0001,0.0,4.8946,0.024,0.0237,24727.5254,0.0019,0.0019,247.2752,0.0,-0.0003,18.5839,0.0,-0.0,0.1858,0.0,-0.0004,24.577,0.0,-0.0,0.2458,0.0001,-0.0003,42.5917,0.0,-0.0,0.4259,0.0004,0.0,32.3552,0.0,0.0,0.3236,0.0107,0.0103,7259.9126,0.0009,0.0008,72.5991,0.0,-0.0042,0.6118,0.0,-0.0003,0.0061,,,,,,,e93a2b3,,18992fa,2026-09-04T19:21:08+00:00
22350,25.1181,0.0006,0.0001,0.0006,0.0009,0.0002,412.6738,0.0001,0.0,4.1267,0.0,-0.0002,8.9989,0.0,-0.0,0.09,0.0026,0.002,2165.7776,0.0002,0.0002,21.6578,0.0088,0.0082,2881.0376,0.0007,0.0006,28.8104,0.002,0.0014,79.2897,0.0002,0.0001,0.7929,0.0,-0.0011,2.1005,0.0,-0.0001,0.021,0.0008,0.0002,532.4254,0.0001,0.0,5.3243,0.0184,0.0164,375.9008,0.0015,0.0013,3.759,0.0008,0.0001,439.4099,0.0001,0.0,4.3941,0.0,-0.0001,30.584,0.0,-0.0,0.3058,,,,,,,e93a2b3,,18992fa,2026-09-04T19:21:08+00:00
22360,30.6222,0.0055,0.0004,0.0055,0.0033,-0.0022,41.815,0.0002,-0.0002,0.4182,0.0001,-0.007,0.2274,0.0,-0.0005,0.0023,0.0072,0.0016,2799.2549,0.0006,0.0001,27.9925,0.0796,0.0741,8382.1572,0.0061,0.0057,83.8216,0.0545,0.049,1030.4174,0.0042,0.0038,10.3042,0.0001,-0.0054,7.159,0.0,-0.0004,0.0716,0.039,0.0335,713.788,0.003,0.0026,7.1379,0.0871,0.0813,1662.0431,0.0067,0.0063,16.6204,0.0,-0.0055,9.5262,0.0,-0.0004,0.0953,0.0025,-0.0046,9.1175,0.0002,-0.0004,0.0912,0.0,-0.0588,0.0005,0.0,-0.0045,0.0,e93a2b3,,18992fa,2026-09-04T19:21:08+00:00
22370,26.1474,0.0002,0.0,0.0002,0.0003,0.0,117.5097,0.0,0.0,1.1751,,,,,,,0.0063,0.0061,3091.9919,0.0005,0.0005,30.9199,0.0024,0.0022,1149.3302,0.0002,0.0002,11.4933,0.0,-0.0002,21.3405,0.0,-0.0,0.2134,0.0,-0.0002,8.7132,0.0,-0.0,0.0871,0.0003,0.0,113.3545,0.0,0.0,1.1335,0.0,-0.0004,0.0207,0.0,-0.0,0.0002,0.0002,-0.0,78.6386,0.0,-0.0,0.7864,,,,,,,,,,,,,e93a2b3,,18992fa,2026-09-04T19:21:08+00:00
22380,29.7336,0.0061,0.0005,0.0061,0.0086,0.0025,106.9153,0.0006,0.0002,1.0692,0.0,-0.0092,0.0912,0.0,-0.0007,0.0009,0.0076,0.0014,928.076,0.0006,0.0001,9.2808,0.0802,0.0741,2816.3362,0.0061,0.0056,28.1634,0.0312,0.0251,472.6886,0.0024,0.0019,4.7269,0.0001,-0.006,6.6116,0.0,-0.0005,0.0661,0.0388,0.0327,495.7303,0.0029,0.0025,4.9573,0.0804,0.0741,1623.0432,0.0061,0.0056,16.2304,0.0005,-0.0057,29.9666,0.0,-0.0004,0.2997,0.0052,-0.0048,25.1935,0.0004,-0.0004,0.2519,0.0,-0.0203,0.0015,0.0,-0.0015,0.0,e93a2b3,,18992fa,2026-09-04T19:21:08+00:00
22391,26.1797,0.001,0.0001,0.001,0.0039,0.0029,945.1245,0.0003,0.0002,9.4512,,,,,,,0.0049,0.0039,830.6614,0.0004,0.0003,8.3066,0.0132,0.0122,2019.7971,0.001,0.001,20.198,0.0004,-0.0007,23.1488,0.0,-0.0001,0.2315,0.0001,-0.0009,14.0227,0.0,-0.0001,0.1402,0.0001,-0.001,11.5824,0.0,-0.0001,0.1158,0.0068,0.0058,254.6523,0.0005,0.0005,2.5465,0.0008,-0.0002,113.2656,0.0001,-0.0,1.1327,,,,,,,,,,,,,e93a2b3,,18992fa,2026-09-04T19:21:08+00:00
22392,25.6067,0.0002,0.0,0.0002,0.0083,0.0081,9892.2021,0.0007,0.0006,98.922,0.0,-0.0,0.6744,0.0,-0.0,0.0067,0.0026,0.0024,2653.0806,0.0002,0.0002,26.5308,0.0525,0.0524,67249.7578,0.0041,0.0041,672.4976,0.0,-0.0001,26.8293,0.0,-0.0,0.2683,0.0,-0.0001,46.5751,0.0,-0.0,0.4658,0.0,-0.0002,15.2792,0.0,-0.0,0.1528,0.0,-0.0001,26.1767,0.0,-0.0,0.2618,0.0006,0.0005,1153.8677,0.0,0.0,11.5387,,,,,,,,,,,,,e93a2b3,,18992fa,2026-09-04T19:21:08+00:00
22393,26.4337,0.0018,0.0001,0.0018,0.006,0.0042,2162.6611,0.0005,0.0003,21.6266,0.0,-0.0019,0.0145,0.0,-0.0001,0.0001,0.0061,0.0043,1046.2703,0.0005,0.0003,10.4627,0.0458,0.044,9887.3379,0.0036,0.0035,98.8734,0.0005,-0.0012,27.2774,0.0,-0.0001,0.2728,0.0001,-0.0017,21.8138,0.0,-0.0001,0.2181,0.0,-0.0017,7.2201,0.0,-0.0001,0.0722,0.0121,0.0104,404.7051,0.0009,0.0008,4.0471,0.0005,-0.0012,69.0383,0.0,-0.0001,0.6904,,,,,,,,,,,,,e93a2b3,,18992fa,2026-09-04T19:21:08+00:00
22394,27.6187,0.0029,0.0002,0.0029,0.0048,0.0019,217.0256,0.0004,0.0001,2.1703,0.0,-0.0031,0.1302,0.0,-0.0002,0.0013,0.0081,0.0052,331.3342,0.0006,0.0004,3.3133,0.0862,0.0833,3433.2661,0.0066,0.0064,34.3327,0.003,0.0,89.3069,0.0002,0.0,0.8931,0.0001,-0.0029,2.3769,0.0,-0.0002,0.0238,0.0009,-0.002,25.0454,0.0001,-0.0002,0.2505,0.041,0.0381,1367.7489,0.0031,0.0029,13.6775,0.0012,-0.0017,45.2938,0.0001,-0.0001,0.4529,0.0,-0.0034,0.1197,0.0,-0.0003,0.0012,,,,,,,e93a2b3,,18992fa,2026-09-04T19:21:08+00:00
22395,26.0762,0.0008,0.0001,0.0008,0.0087,0.0079,4746.375,0.0007,0.0006,47.4637,0.0,-0.0005,0.7534,0.0,-0.0,0.0075,0.0061,0.0052,2164.2432,0.0005,0.0004,21.6424,0.1018,0.101,49407.6602,0.0079,0.0079,494.0766,0.0001,-0.0007,22.363,0.0,-0.0001,0.2236,0.0001,-0.0008,28.6801,0.0,-0.0001,0.2868,0.0,-0.0008,2.1261,0.0,-0.0001,0.0213,0.0017,0.0009,129.969,0.0001,0.0001,1.2997,0.0019,0.0011,1161.9255,0.0001,0.0001,11.6193,,,,,,,,,,,,,e93a2b3,,18992fa,2026-09-04T19:21:08+00:00
22396,28.0653,0.0033,0.0002,0.0033,0.0048,0.0016,237.6249,0.0004,0.0001,2.3762,0.0001,-0.0031,3.7231,0.0,-0.0002,0.0372,0.0062,0.0029,293.0859,0.0005,0.0002,2.9309,0.0832,0.08,3710.1621,0.0063,0.006,37.1016,0.0185,0.0152,468.1775,0.0014,0.0011,4.6818,0.0,-0.0032,1.172,0.0,-0.0002,0.0117,0.0099,0.0067,234.6215,0.0007,0.0005,2.3462,0.0569,0.0537,1843.3015,0.0043,0.004,18.433,0.0008,-0.0024,37.0599,0.0001,-0.0002,0.3706,0.0011,-0.0024,23.554,0.0001,-0.0002,0.2355,0.0,-0.0043,0.006,0.0,-0.0003,0.0001,e93a2b3,,18992fa,2026-09-04T19:21:08+00:00
22397,27.0349,0.0025,0.0002,0.0025,0.0085,0.006,500.3924,0.0007,0.0005,5.0039,0.0002,-0.0023,10.2549,0.0,-0.0002,0.1025,0.0077,0.0052,473.4263,0.0006,0.0004,4.7343,0.0966,0.0941,5776.1353,0.0074,0.0072,57.7613,0.0023,-0.0002,71.9159,0.0002,-0.0,0.7192,0.0,-0.0025,1.151,0.0,-0.0002,0.0115,0.0008,-0.0017,19.0632,0.0001,-0.0001,0.1906,0.0226,0.0201,928.4219,0.0017,0.0015,9.2842,0.0021,-0.0004,102.9291,0.0002,-0.0,1.0293,0.0,-0.0026,0.4842,0.0,-0.0002,0.0048,,,,,,,e93a2b3,,18992fa,2026-09-04T19:21:08+00:00
22398,28.0089,0.0085,0.0006,0.0085,0.0081,-0.0004,96.4087,0.0006,-0.0,0.9641,0.0041,-0.0044,42.6646,0.0003,-0.0003,0.4266,0.0078,-0.0007,94.1009,0.0006,-0.0001,0.941,0.0695,0.061,850.2365,0.0051,0.0045,8.5024,0.0294,0.0209,354.8358,0.0022,0.0015,3.5484,0.0005,-0.0079,6.0258,0.0,-0.0006,0.0603,0.051,0.0425,601.6992,0.0038,0.0031,6.017,0.0877,0.0792,1065.6609,0.0065,0.0059,10.6566,0.0022,-0.0062,25.8597,0.0002,-0.0005,0.2586,0.0088,0.0003,102.4312,0.0006,0.0,1.0243,0.0,-0.0085,0.01,0.0,-0.0006,0.0001,e93a2b3,,18992fa,2026-09-04T19:21:08+00:00
22399,26.676,0.005,0.0004,0.005,0.0132,0.0082,370.7127,0.001,0.0006,3.7071,0.0006,-0.0044,16.6859,0.0,-0.0003,0.1669,0.0066,0.0015,163.7657,0.0005,0.0001,1.6377,0.0806,0.0755,2216.3137,0.0061,0.0057,22.1631,0.0056,0.0006,84.6061,0.0004,0.0,0.8461,0.0002,-0.0048,4.5026,0.0,-0.0004,0.045,0.0051,0.0001,72.688,0.0004,0.0,0.7269,0.0222,0.0172,360.2798,0.0017,0.0013,3.6028,0.0038,-0.0013,111.7048,0.0003,-0.0001,1.117,0.0001,-0.0056,1.3684,0.0,-0.0004,0.0137,,,,,,,e93a2b3,,18992fa,2026-09-04T19:21:08+00:00
22400,12.9545,0.0001,0.0,0.0001,0.0006,0.0005,394.4236,0.0,0.0,3.9442,0.0,-0.0001,3.4104,0.0,-0.0,0.0341,0.0001,0.0,74.9352,0.0,0.0,0.7494,0.0,-0.0001,18.0752,0.0,-0.0,0.1808,0.0,-0.0,108.0811,0.0,-0.0,1.0808,0.0,-0.0,116.8793,0.0,-0.0,1.1688,0.0,-0.0,126.2328,0.0,-0.0,1.2623,0.0,-0.0,39.6591,0.0,-0.0,0.3966,0.0035,0.0034,15337.5752,0.0003,0.0003,153.3757,0.0,-0.0,15.5298,0.0,-0.0,0.1553,,,,,,,e93a2b3,,18992fa,2026-09-04T19:21:08+00:00
22512,18.1656,0.0,0.0,0.0,0.0001,0.0001,210.8647,0.0,0.0,2.1086,0.0,-0.0,2.3161,0.0,-0.0,0.0232,0.0,0.0,74.1655,0.0,0.0,0.7417,0.0,0.0,206.3442,0.0,0.0,2.0634,0.0,-0.0,71.2095,0.0,-0.0,0.7121,0.0,-0.0,27.8263,0.0,-0.0,0.2783,0.0,0.0,162.9437,0.0,0.0,1.6294,0.0,-0.0,2.0779,0.0,-0.0,0.0208,0.0031,0.0031,11360.8643,0.0003,0.0003,113.6087,,,,,,,,,,,,,e93a2b3,,18992fa,2026-09-04T19:21:08+00:00
22513,19.781,0.0,0.0,0.0,0.0003,0.0003,2133.7844,0.0,0.0,21.3378,0.0,-0.0,13.1488,0.0,-0.0,0.1315,0.0,-0.0,53.9607,0.0,-0.0,0.5396,0.0007,0.0007,5232.4399,0.0001,0.0001,52.3244,0.0,-0.0,51.6809,0.0,-0.0,0.5168,0.0,-0.0,117.2846,0.0,-0.0,1.1728,0.0,-0.0,86.957,0.0,-0.0,0.8696,0.0,-0.0,1.9215,0.0,-0.0,0.0192,0.0001,0.0,450.4863,0.0,0.0,4.5049,,,,,,,,,,,,,e93a2b3,,18992fa,2026-09-04T19:21:08+00:00
22514,21.8252,0.0,0.0,0.0,0.0019,0.0019,4902.3018,0.0002,0.0001,49.023,0.0,-0.0,49.8676,0.0,-0.0,0.4987,0.0002,0.0001,341.3368,0.0,0.0,3.4134,0.029,0.029,76011.2734,0.0023,0.0023,760.1128,0.0,-0.0,26.2273,0.0,-0.0,0.2623,0.0,0.0,142.3933,0.0,0.0,1.4239,0.0,-0.0,15.3028,0.0,-0.0,0.153,0.0,-0.0,1.3188,0.0,-0.0,0.0132,0.0001,0.0,244.3388,0.0,0.0,2.4434,,,,,,,,,,,,,e93a2b3,,18992fa,2026-09-04T19:21:08+00:00
22516,22.0239,0.0001,0.0,0.0001,0.0029,0.0029,3887.3972,0.0002,0.0002,38.874,0.0,-0.0,59.5246,0.0,-0.0,0.5952,0.0006,0.0005,703.8953,0.0,0.0,7.039,0.041,0.0409,64980.4219,0.0032,0.0032,649.8042,0.0,-0.0,19.1134,0.0,-0.0,0.1911,0.0001,0.0001,206.6547,0.0,0.0,2.0665,0.0,-0.0001,3.6593,0.0,-0.0,0.0366,0.0,-0.0001,4.7959,0.0,-0.0,0.048,0.0001,0.0001,258.4092,0.0,0.0,2.5841,,,,,,,,,,,,,e93a2b3,,18992fa,2026-09-04T19:21:08+00:00
22518,20.9797,0.0001,0.0,0.0001,0.0003,0.0002,766.3546,0.0,0.0,7.6635,0.0,-0.0,60.2112,0.0,-0.0,0.6021,0.0,-0.0,4.5608,0.0,-0.0,0.0456,0.026,0.026,105039.5,0.002,0.002,1050.3948,0.0,-0.0,13.3599,0.0,-0.0,0.1336,0.0005,0.0004,2078.926,0.0,0.0,20.7893,0.0,-0.0001,8.2368,0.0,-0.0,0.0824,0.0,-0.0,1.5382,0.0,-0.0,0.0154,0.0002,0.0001,584.0666,0.0,0.0,5.8407,,,,,,,,,,,,,e93a2b3,,18992fa,2026-09-04T19:21:08+00:00
22519,19.2408,0.0001,0.0,0.0001,0.0002,0.0002,359.2054,0.0,0.0,3.5921,0.0,-0.0,36.7621,0.0,-0.0,0.3676,0.0,-0.0001,4.1215,0.0,-0.0,0.0412,0.0005,0.0004,636.9544,0.0,0.0,6.3695,0.0,-0.0,58.9922,0.0,-0.0,0.5899,0.0005,0.0004,881.3567,0.0,0.0,8.8136,0.0,-0.0001,18.026,0.0,-0.0,0.1803,0.0,-0.0001,0.7788,0.0,-0.0,0.0078,0.0006,0.0005,1078.1741,0.0,0.0,10.7817,,,,,,,,,,,,,e93a2b3,,18992fa,2026-09-04T19:21:08+00:00
22520,23.3807,0.0014,0.0001,0.0014,0.0079,0.0065,1333.9315,0.0006,0.0005,13.3393,0.0007,-0.0007,106.4418,0.0001,-0.0001,1.0644,0.0026,0.0011,275.8112,0.0002,0.0001,2.7581,0.0733,0.0719,35499.9023,0.0055,0.0054,354.9991,0.0005,-0.001,16.5677,0.0,-0.0001,0.1657,0.0022,0.0008,1126.9598,0.0002,0.0001,11.2696,0.0012,-0.0002,27.9619,0.0001,-0.0,0.2796,0.0062,0.0048,163.4287,0.0005,0.0004,1.6343,0.0005,-0.0009,368.576,0.0,-0.0001,3.6858,0.0001,-0.0032,2.0937,0.0,-0.0002,0.0209,0.0,-0.0058,0.004,0.0,-0.0004,0.0,e93a2b3,,18992fa,2026-09-04T19:21:08+00:00
22530,18.7672,0.0001,0.0,0.0001,0.0001,0.0,164.8004,0.0,0.0,1.648,0.0,-0.0001,5.5409,0.0,-0.0,0.0554,0.0,-0.0001,1.2353,0.0,-0.0,0.0124,0.0006,0.0005,544.7239,0.0,0.0,5.4472,0.0,-0.0001,24.3514,0.0,-0.0,0.2435,0.0005,0.0004,673.7734,0.0,0.0,6.7377,0.0,-0.0001,16.1619,0.0,-0.0,0.1616,0.0,-0.0001,1.1911,0.0,-0.0,0.0119,0.0018,0.0017,3077.0559,0.0001,0.0001,30.7706,,,,,,,,,,,,,e93a2b3,,18992fa,2026-09-04T19:21:08+00:00
22541,19.3476,0.0005,0.0,0.0005,0.0001,-0.0005,46.9113,0.0,-0.0,0.4691,0.0001,-0.0005,13.1185,0.0,-0.0,0.1312,,,,,,,0.0033,0.0027,2000.7255,0.0003,0.0002,20.0073,0.0,-0.0005,2.7428,0.0,-0.0,0.0274,0.0016,0.001,741.5778,0.0001,0.0001,7.4158,0.0,-0.0001,1.3335,0.0,-0.0,0.0133,0.0,-0.0001,1.0274,0.0,-0.0,0.0103,0.0014,0.0009,565.5825,0.0001,0.0001,5.6558,,,,,,,,,,,,,e93a2b3,,18992fa,2026-09-04T19:21:08+00:00
22542,18.5992,0.0001,0.0,0.0001,0.0,-0.0001,46.4746,0.0,-0.0,0.4647,0.0,-0.0001,29.6098,0.0,-0.0,0.2961,,,,,,,0.0002,0.0001,150.1377,0.0,0.0,1.5014,0.0,-0.0001,2.6028,0.0,-0.0,0.026,0.0006,0.0004,522.6797,0.0,0.0,5.2268,0.0,-0.0001,0.3018,0.0,-0.0,0.003,0.0,-0.0001,0.3322,0.0,-0.0,0.0033,0.0024,0.0022,2901.5493,0.0002,0.0002,29.0155,,,,,,,,,,,,,e93a2b3,,18992fa,2026-09-04T19:21:08+00:00
22543,18.9206,0.0007,0.0001,0.0007,0.0,-0.0006,9.2891,0.0,-0.0,0.0929,0.0005,-0.0001,99.361,0.0,-0.0,0.9936,0.0,-0.0012,0.0742,0.0,-0.0001,0.0007,0.0015,0.0008,220.5155,0.0001,0.0001,2.2052,0.0,-0.0007,0.6588,0.0,-0.0001,0.0066,0.0021,0.0015,378.6398,0.0002,0.0001,3.7864,,,,,,,0.0012,0.0003,99.9777,0.0001,0.0,0.9998,0.0035,0.0028,770.955,0.0003,0.0002,7.7095,,,,,,,,,,,,,e93a2b3,,18992fa,2026-09-04T19:21:08+00:00
22544,19.9002,0.0006,0.0,0.0006,0.0001,-0.0005,17.2823,0.0,-0.0,0.1728,0.0003,-0.0003,44.9205,0.0,-0.0,0.4492,0.0,-0.0005,1.7769,0.0,-0.0,0.0178,0.0007,0.0002,153.8248,0.0001,0.0,1.5382,0.0,-0.0005,0.222,0.0,-0.0,0.0022,0.0028,0.0023,765.5845,0.0002,0.0002,7.6558,0.0,-0.0003,0.9713,0.0,-0.0,0.0097,0.0054,0.0048,1587.8071,0.0004,0.0004,15.8781,0.0055,0.005,1758.3521,0.0004,0.0004,17.5835,,,,,,,,,,,,,e93a2b3,,18992fa,2026-09-04T19:21:08+00:00
22545,18.3666,0.0003,0.0,0.0003,0.0,-0.0003,8.5975,0.0,-0.0,0.086,0.0003,-0.0001,96.7986,0.0,-0.0,0.968,0.0,-0.0001,0.7389,0.0,-0.0,0.0074,0.0001,-0.0002,106.5022,0.0,-0.0,1.065,0.0,-0.0003,2.132,0.0,-0.0,0.0213,0.0014,0.001,1097.8689,0.0001,0.0001,10.9787,0.0,-0.0001,3.8562,0.0,-0.0,0.0386,0.0039,0.0034,1466.1525,0.0003,0.0003,14.6615,0.003,0.0027,2631.5674,0.0002,0.0002,26.3157,,,,,,,0.0,-0.0,2.0124,0.0,-0.0,0.0201,e93a2b3,,18992fa,2026-09-04T19:21:08+00:00
22546,16.8077,0.0002,0.0,0.0002,0.0001,-0.0001,66.4681,0.0,-0.0,0.6647,0.0001,-0.0001,42.4953,0.0,-0.0,0.425,0.0,-0.0001,0.397,0.0,-0.0,0.004,0.0003,0.0001,228.6483,0.0,0.0,2.2865,0.0,-0.0002,3.9635,0.0,-0.0,0.0396,0.0008,0.0006,605.7676,0.0001,0.0,6.0577,0.0,-0.0001,6.6246,0.0,-0.0,0.0662,0.0071,0.0069,5260.2744,0.0005,0.0005,52.6027,0.0004,0.0002,269.4657,0.0,0.0,2.6947,,,,,,,0.0,-0.0001,0.9641,0.0,-0.0,0.0096,e93a2b3,,18992fa,2026-09-04T19:21:08+00:00
22548,17.6925,0.0,0.0,0.0,0.0,0.0,98.6976,0.0,0.0,0.987,0.0,-0.0,9.0728,0.0,-0.0,0.0907,0.0,-0.0,0.9674,0.0,-0.0,0.0097,0.0001,0.0001,945.3396,0.0,0.0,9.4534,0.0,-0.0,40.1095,0.0,-0.0,0.4011,0.0004,0.0003,3244.7859,0.0,0.0,32.4479,0.0,-0.0,20.7461,0.0,-0.0,0.2075,0.0003,0.0002,704.0698,0.0,0.0,7.0407,0.0016,0.0016,8368.6621,0.0001,0.0001,83.6866,,,,,,,,,,,,,e93a2b3,,18992fa,2026-09-04T19:21:08+00:00
22549,17.255,0.0001,0.0,0.0001,0.0001,0.0,92.1071,0.0,0.0,0.9211,0.0,-0.0001,2.8632,0.0,-0.0,0.0286,,,,,,,0.0004,0.0003,997.8056,0.0,0.0,9.9781,0.0,-0.0001,23.2671,0.0,-0.0,0.2327,0.0006,0.0005,2307.791,0.0,0.0,23.0779,0.0,-0.0001,9.0292,0.0,-0.0,0.0903,0.0006,0.0005,790.1944,0.0,0.0,7.9019,0.0005,0.0003,1500.6273,0.0,0.0,15.0063,,,,,,,,,,,,,e93a2b3,,18992fa,2026-09-04T19:21:08+00:00
22550,19.9191,0.0004,0.0,0.0004,0.0001,-0.0003,41.918,0.0,-0.0,0.4192,0.0003,-0.0001,94.2338,0.0,-0.0,0.9423,0.0,-0.0004,0.1288,0.0,-0.0,0.0013,0.0089,0.0085,4053.373,0.0007,0.0007,40.5337,0.0,-0.0004,1.3926,0.0,-0.0,0.0139,0.0019,0.0015,969.8914,0.0001,0.0001,9.6989,0.0,-0.0001,1.4593,0.0,-0.0,0.0146,0.0,-0.0003,1.8325,0.0,-0.0,0.0183,0.0014,0.001,642.2884,0.0001,0.0001,6.4229,,,,,,,,,,,,,e93a2b3,,18992fa,2026-09-04T19:21:08+00:00
22560,23.5986,0.0017,0.0001,0.0017,0.0023,0.0006,105.4768,0.0002,0.0,1.0548,0.0005,-0.0012,47.9751,0.0,-0.0001,0.4798,0.0021,0.0005,124.0714,0.0002,0.0,1.2407,0.0701,0.0684,5585.4863,0.0052,0.005,55.8549,0.0,-0.0018,1.0941,0.0,-0.0001,0.0109,0.0035,0.0018,297.8054,0.0003,0.0001,2.9781,0.0002,-0.0017,5.2939,0.0,-0.0001,0.0529,0.0054,0.0037,281.3097,0.0004,0.0003,2.8131,0.0015,-0.0002,109.6766,0.0001,-0.0,1.0968,0.0,-0.0025,0.3351,0.0,-0.0002,0.0034,,,,,,,e93a2b3,,18992fa,2026-09-04T19:21:08+00:00
22570,20.3233,0.0006,0.0,0.0006,0.0001,-0.0004,25.2069,0.0,-0.0,0.2521,0.0009,0.0003,158.2455,0.0001,0.0,1.5825,0.0,-0.0006,0.2169,0.0,-0.0,0.0022,0.0189,0.0183,3414.1387,0.0014,0.0014,34.1414,0.0,-0.0006,0.2776,0.0,-0.0,0.0028,0.0031,0.0025,547.0896,0.0002,0.0002,5.4709,,,,,,,0.0002,-0.0003,34.2569,0.0,-0.0,0.3426,0.0027,0.0021,458.3933,0.0002,0.0002,4.5839,,,,,,,,,,,,,e93a2b3,,18992fa,2026-09-04T19:21:08+00:00
22580,21.807,0.0014,0.0001,0.0014,0.0003,-0.0012,30.0315,0.0,-0.0001,0.3003,0.0001,-0.0013,7.7429,0.0,-0.0001,0.0774,0.0003,-0.0011,34.0512,0.0,-0.0001,0.3405,0.0051,0.0037,428.5266,0.0004,0.0003,4.2853,0.0,-0.0012,0.1381,0.0,-0.0001,0.0014,0.0023,0.0009,198.4388,0.0002,0.0001,1.9844,0.0002,-0.0008,20.1355,0.0,-0.0001,0.2014,0.0041,0.0027,386.2266,0.0003,0.0002,3.8623,0.0095,0.008,1052.8242,0.0007,0.0006,10.5282,,,,,,,0.0,-0.0007,0.0722,0.0,-0.0,0.0007,e93a2b3,,18992fa,2026-09-04T19:21:08+00:00
22590,24.9388,0.0058,0.0004,0.0058,0.0074,0.0016,140.387,0.0005,0.0001,1.4039,0.0056,-0.0002,45.1799,0.0004,-0.0,0.4518,0.0076,0.0018,120.1653,0.0005,0.0001,1.2017,0.0626,0.0568,1843.9592,0.0045,0.004,18.4396,0.0069,-0.0,56.6339,0.0005,-0.0,0.5663,0.0028,-0.003,106.2007,0.0002,-0.0002,1.062,0.0054,-0.0006,49.3564,0.0004,-0.0,0.4936,0.0439,0.0381,921.8221,0.0031,0.0027,9.2182,0.0058,-0.0,223.2938,0.0004,0.0,2.2329,0.0016,-0.0078,11.523,0.0001,-0.0005,0.1152,0.0,-0.0123,0.0137,0.0,-0.0009,0.0001,e93a2b3,,18992fa,2026-09-04T19:21:08+00:00
22601,11.7652,0.0,0.0,0.0,,,,,,,,,,,,,,,,,,,0.0,-0.0,83.3305,0.0,-0.0,0.8333,,,,,,,0.0,0.0,1746.7999,0.0,0.0,17.468,0.0,0.0,154.1072,0.0,0.0,1.5411,,,,,,,0.0,-0.0,32.701,0.0,-0.0,0.327,,,,,,,,,,,,,e93a2b3,,18992fa,2026-09-04T19:21:08+00:00
22602,17.1968,0.0,0.0,0.0,0.0001,0.0001,259.5768,0.0,0.0,2.5958,0.0,-0.0,52.9776,0.0,-0.0,0.5298,0.0,-0.0001,4.6017,0.0,-0.0,0.046,0.0001,0.0,223.2148,0.0,0.0,2.2321,0.0,-0.0,77.9011,0.0,-0.0,0.779,0.0002,0.0001,317.6284,0.0,0.0,3.1763,0.0001,0.0,149.7029,0.0,0.0,1.497,0.0,-0.0001,0.8219,0.0,-0.0,0.0082,0.0005,0.0005,960.0854,0.0,0.0,9.6009,0.0,-0.0,2.1535,0.0,-0.0,0.0215,,,,,,,e93a2b3,,18992fa,2026-09-04T19:21:08+00:00
22603,12.5696,0.0,0.0,0.0,,,,,,,,,,,,,,,,,,,0.0,0.0,113.9561,0.0,0.0,1.1396,0.0,-0.0,7.7922,0.0,-0.0,0.0779,0.0,0.0,2307.6128,0.0,0.0,23.0761,0.0,-0.0,68.2157,0.0,-0.0,0.6822,,,,,,,0.0,-0.0,46.8497,0.0,-0.0,0.4685,,,,,,,,,,,,,e93a2b3,,18992fa,2026-09-04T19:21:08+00:00
22605,13.9042,0.0,0.0,0.0,0.0,-0.0,18.2924,0.0,-0.0,0.1829,0.0,-0.0,28.7296,0.0,-0.0,0.2873,,,,,,,0.0,0.0,156.5614,0.0,0.0,1.5656,0.0,-0.0,27.6767,0.0,-0.0,0.2768,0.0001,0.0001,3112.0696,0.0,0.0,31.1207,0.0,0.0,92.8276,0.0,0.0,0.9283,0.0,-0.0,0.2967,0.0,-0.0,0.003,0.0,0.0,199.3669,0.0,0.0,1.9937,0.0,-0.0,2.4307,0.0,-0.0,0.0243,,,,,,,e93a2b3,,18992fa,2026-09-04T19:21:08+00:00
22606,16.6409,0.0021,0.0002,0.0021,0.0037,-0.0,188.425,0.0003,-0.0,1.8843,0.0003,-0.002,29.9902,0.0,-0.0002,0.2999,0.0081,-0.0073,8.7954,0.0007,-0.0006,0.088,0.0083,0.0063,232.773,0.0007,0.0005,2.3277,0.0059,0.0036,71.0936,0.0005,0.0003,0.7109,0.0031,0.0009,876.4326,0.0003,0.0001,8.7643,0.0096,0.0075,331.3044,0.0008,0.0006,3.313,0.0582,0.0461,335.977,0.0047,0.0038,3.3598,0.0012,-0.0009,2053.0098,0.0001,-0.0001,20.5301,0.0093,-0.0495,10.6634,0.0008,-0.0041,0.1066,0.0,-0.1035,0.0038,0.0,-0.0085,0.0,e93a2b3,,18992fa,2026-09-04T19:21:08+00:00
22607,12.2661,0.0,0.0,0.0,,,,,,,,,,,,,,,,,,,0.0,-0.0,64.6929,0.0,-0.0,0.6469,,,,,,,0.0003,0.0002,15028.5068,0.0,0.0,150.2851,0.0,-0.0,16.5149,0.0,-0.0,0.1651,,,,,,,0.0,0.0,97.4644,0.0,0.0,0.9746,,,,,,,,,,,,,e93a2b3,,18992fa,2026-09-04T19:21:08+00:00
22710,15.4774,0.0034,0.0003,0.0034,0.0286,0.0069,76.5247,0.0024,0.0006,0.7652,0.0013,-0.004,35.4399,0.0001,-0.0003,0.3544,0.0167,-0.0137,22.9856,0.0014,-0.0011,0.2299,0.0114,0.008,240.1939,0.0009,0.0007,2.4019,0.0234,0.0163,117.2052,0.0019,0.0014,1.1721,0.0037,0.0003,2393.0454,0.0003,0.0,23.9305,0.0173,0.013,359.0778,0.0014,0.0011,3.5908,0.1238,0.0916,698.855,0.0102,0.0076,6.9886,0.0024,-0.001,1590.2853,0.0002,-0.0001,15.9029,0.0127,-0.0332,10.6427,0.0011,-0.0028,0.1064,0.0007,-0.0469,1.59,0.0001,-0.0039,0.0159,e93a2b3,,18992fa,2026-09-04T19:21:08+00:00
22720,18.2807,0.0013,0.0001,0.0013,0.0072,0.0048,140.9362,0.0006,0.0004,1.4094,0.0007,-0.0009,68.9226,0.0001,-0.0001,0.6892,0.0009,-0.0015,11.0062,0.0001,-0.0001,0.1101,0.0079,0.0066,535.5198,0.0007,0.0006,5.3552,0.0165,0.0146,399.2763,0.0014,0.0012,3.9928,0.0024,0.0011,1435.1278,0.0002,0.0001,14.3513,0.0105,0.0091,1028.0291,0.0009,0.0008,10.2803,0.0196,0.0168,263.8884,0.0016,0.0014,2.6389,0.0011,-0.0002,186.41,0.0001,-0.0,1.8641,0.0009,-0.0027,3.1424,0.0001,-0.0002,0.0314,0.0002,-0.0036,2.863,0.0,-0.0003,0.0286,e93a2b3,,18992fa,2026-09-04T19:21:08+00:00
22732,13.2407,0.0002,0.0,0.0002,0.01,0.0094,521.8988,0.0009,0.0008,5.219,0.0005,-0.0001,55.5715,0.0,-0.0,0.5557,0.0001,-0.0009,8.8129,0.0,-0.0001,0.0881,0.0019,0.0017,748.3863,0.0002,0.0002,7.4839,0.0129,0.0121,525.2589,0.0011,0.0011,5.2526,0.0018,0.0016,6181.3979,0.0002,0.0001,61.814,0.0059,0.0056,690.0165,0.0005,0.0005,6.9002,0.0004,-0.0003,18.7795,0.0,-0.0,0.1878,0.0001,-0.0001,41.7036,0.0,-0.0,0.417,0.0,-0.0009,1.7928,0.0,-0.0001,0.0179,0.0001,-0.0013,2.6306,0.0,-0.0001,0.0263,e93a2b3,,18992fa,2026-09-04T19:21:08+00:00
22734,13.603,0.0008,0.0001,0.0008,0.0185,0.0156,536.9462,0.0016,0.0014,5.3695,0.0005,-0.0015,52.9187,0.0,-0.0001,0.5292,0.0003,-0.0032,10.07,0.0,-0.0003,0.1007,0.0066,0.0057,642.2194,0.0006,0.0005,6.4222,0.0275,0.024,628.7155,0.0024,0.0021,6.2872,0.0039,0.0031,4845.9673,0.0003,0.0003,48.4597,0.0105,0.0092,519.088,0.0009,0.0008,5.1909,0.0081,0.0059,63.7193,0.0007,0.0005,0.6372,0.0006,-0.0009,65.5097,0.0001,-0.0001,0.6551,0.0002,-0.0035,1.9864,0.0,-0.0003,0.0199,0.0001,-0.004,1.7789,0.0,-0.0003,0.0178,e93a2b3,,18992fa,2026-09-04T19:21:08+00:00
22735,14.5881,0.0001,0.0,0.0001,0.0001,0.0001,165.9575,0.0,0.0,1.6596,0.0,-0.0001,5.2385,0.0,-0.0,0.0524,0.0,-0.0001,5.7959,0.0,-0.0,0.058,0.0,-0.0001,103.477,0.0,-0.0,1.0348,0.0,-0.0001,10.7983,0.0,-0.0,0.108,0.0018,0.0017,12233.0879,0.0002,0.0002,122.3309,0.0014,0.0013,2737.4216,0.0001,0.0001,27.3742,0.0,-0.0,20.898,0.0,-0.0,0.209,0.0,-0.0,80.1527,0.0,-0.0,0.8015,0.0,-0.0001,1.4121,0.0,-0.0,0.0141,,,,,,,e93a2b3,,18992fa,2026-09-04T19:21:08+00:00
22736,16.9327,0.0025,0.0002,0.0025,0.0147,0.0113,231.0894,0.0013,0.001,2.3109,0.001,-0.002,71.0158,0.0001,-0.0002,0.7102,0.0002,-0.0034,17.0784,0.0,-0.0003,0.1708,0.0129,0.0104,662.083,0.0011,0.0009,6.6208,0.0243,0.0204,459.7037,0.0021,0.0018,4.597,0.0073,0.0048,9726.0654,0.0006,0.0004,97.2607,0.0208,0.018,2686.5776,0.0018,0.0016,26.8658,0.0129,0.0091,90.6386,0.0011,0.0008,0.9064,0.0024,-0.0007,1027.5928,0.0002,-0.0001,10.2759,0.0004,-0.0051,1.2519,0.0,-0.0004,0.0125,0.0001,-0.0053,5.7925,0.0,-0.0005,0.0579,e93a2b3,,18992fa,2026-09-04T19:21:08+00:00
22737,16.5049,0.0013,0.0001,0.0013,0.0096,0.0068,250.3297,0.0008,0.0006,2.5033,0.0003,-0.0016,17.0849,0.0,-0.0001,0.1708,0.0007,-0.0033,7.6137,0.0001,-0.0003,0.0761,0.0041,0.0027,965.7535,0.0004,0.0002,9.6575,0.0237,0.0175,241.1974,0.0021,0.0015,2.412,0.0081,0.0068,26229.1641,0.0007,0.0006,262.2916,0.0066,0.0052,3128.5735,0.0006,0.0005,31.2857,0.0155,0.0109,92.0028,0.0014,0.001,0.92,0.0007,-0.0008,199.8663,0.0001,-0.0001,1.9987,0.0008,-0.0045,2.8319,0.0001,-0.0004,0.0283,0.0011,-0.0074,23.0423,0.0001,-0.0006,0.2304,e93a2b3,,18992fa,2026-09-04T19:21:08+00:00
22738,18.9263,0.0004,0.0,0.0004,0.006,0.0055,431.6732,0.0005,0.0005,4.3167,0.0001,-0.0004,28.5381,0.0,-0.0,0.2854,0.0,-0.0012,1.7799,0.0,-0.0001,0.0178,0.0012,0.0008,115.495,0.0001,0.0001,1.155,0.0052,0.0038,139.8635,0.0005,0.0003,1.3986,0.0106,0.0102,33394.3164,0.001,0.0009,333.9431,0.0091,0.0087,3197.7996,0.0008,0.0008,31.978,0.0054,0.0046,174.5965,0.0005,0.0004,1.746,0.0002,-0.0002,151.4838,0.0,-0.0,1.5148,0.0,-0.0009,0.9989,0.0,-0.0001,0.01,0.0004,-0.0004,90.0228,0.0,-0.0,0.9002,e93a2b3,,18992fa,2026-09-04T19:21:08+00:00
22739,11.2843,0.002,0.0002,0.002,0.0192,0.0121,256.234,0.0017,0.001,2.5623,0.0004,-0.0082,11.1452,0.0,-0.0007,0.1115,0.0005,-0.0123,1.5456,0.0,-0.0011,0.0155,0.0213,0.0167,198.5127,0.0018,0.0015,1.9851,0.0352,0.0257,203.8805,0.0031,0.0022,2.0388,0.0024,0.0004,1463.6237,0.0002,0.0,14.6362,0.0158,0.0111,382.7708,0.0014,0.001,3.8277,0.0621,0.0502,488.4095,0.0054,0.0044,4.8841,0.0039,-0.0004,355.4911,0.0003,-0.0,3.5549,0.0051,-0.0105,7.9286,0.0004,-0.0009,0.0793,0.0004,-0.0105,3.1433,0.0,-0.0009,0.0314,e93a2b3,,18992fa,2026-09-04T19:21:08+00:00
22740,17.1272,0.0027,0.0002,0.0027,0.044,0.039,1646.7928,0.004,0.0035,16.4679,0.0039,-0.0012,34.6942,0.0004,-0.0001,0.3469,0.0006,-0.0079,1.9278,0.0001,-0.0007,0.0193,0.0148,0.0121,3298.5652,0.0013,0.0011,32.9856,0.0134,0.0088,208.871,0.0012,0.0008,2.0887,0.0054,0.0028,10265.1035,0.0005,0.0002,102.6512,0.0317,0.0275,493.6586,0.0029,0.0025,4.9366,0.0269,0.0195,469.4182,0.0024,0.0018,4.6942,0.0014,-0.0026,95.7398,0.0001,-0.0002,0.9574,0.0,-0.0094,1.9674,0.0,-0.0009,0.0197,0.0015,-0.0047,217.877,0.0001,-0.0004,2.1788,e93a2b3,,18992fa,2026-09-04T19:21:08+00:00
22761,8.7071,0.0,0.0,0.0,0.0,-0.0,88.9616,0.0,-0.0,0.8896,0.0,-0.0,6.9757,0.0,-0.0,0.0698,0.0,-0.0001,0.7257,0.0,-0.0,0.0073,0.0,-0.0,22.6187,0.0,-0.0,0.2262,0.0,-0.0001,1.9171,0.0,-0.0,0.0192,0.0001,0.0,324.3373,0.0,0.0,3.2434,0.0004,0.0003,669.6232,0.0,0.0,6.6962,0.0,-0.0001,1.1656,0.0,-0.0,0.0117,0.0001,0.0001,410.2473,0.0,0.0,4.1025,,,,,,,,,,,,,e93a2b3,,18992fa,2026-09-04T19:21:08+00:00
22762,14.5097,0.0026,0.0002,0.0026,0.0094,0.006,192.8638,0.0008,0.0005,1.9286,0.0005,-0.0025,25.1959,0.0,-0.0002,0.252,0.0002,-0.0043,5.1988,0.0,-0.0004,0.052,0.0136,0.0107,253.7083,0.0012,0.0009,2.5371,0.0345,0.0282,498.8381,0.003,0.0024,4.9884,0.0054,0.0028,15703.6885,0.0005,0.0002,157.0369,0.01,0.0071,565.9622,0.0009,0.0006,5.6596,0.0336,0.0276,466.4748,0.0029,0.0024,4.6647,0.0027,-0.0,4592.3345,0.0002,-0.0,45.9233,0.0016,-0.0064,2.1149,0.0001,-0.0005,0.0211,0.0004,-0.0069,7.5679,0.0,-0.0006,0.0757,e93a2b3,,18992fa,2026-09-04T19:21:08+00:00
22764,9.9611,0.0001,0.0,0.0001,0.0002,-0.0,76.4781,0.0,-0.0,0.7648,0.0,-0.0004,6.7308,0.0,-0.0,0.0673,0.0,-0.0006,0.8631,0.0,-0.0001,0.0086,0.0006,0.0005,101.4222,0.0,0.0,1.0142,0.0192,0.0185,1359.8761,0.0016,0.0016,13.5988,0.0001,0.0,282.3516,0.0,0.0,2.8235,0.0009,0.0006,143.6161,0.0001,0.0001,1.4362,0.0107,0.01,731.0514,0.0009,0.0008,7.3105,0.0002,0.0001,758.2029,0.0,0.0,7.582,0.0,-0.001,0.228,0.0,-0.0001,0.0023,0.0,-0.0007,1.0981,0.0,-0.0001,0.011,e93a2b3,,18992fa,2026-09-04T19:21:08+00:00
22765,9.033,0.0,0.0,0.0,0.0001,0.0001,253.7997,0.0,0.0,2.538,,,,,,,,,,,,,0.0,-0.0,34.0402,0.0,-0.0,0.3404,,,,,,,0.0001,0.0001,993.9099,0.0,0.0,9.9391,0.0,-0.0,2.117,0.0,-0.0,0.0212,,,,,,,0.0,-0.0,37.9157,0.0,-0.0,0.3792,,,,,,,,,,,,,e93a2b3,,18992fa,2026-09-04T19:21:08+00:00
22766,14.3157,0.0001,0.0,0.0001,0.0028,0.0026,3453.2158,0.0002,0.0002,34.5322,0.0,-0.0002,3.0685,0.0,-0.0,0.0307,0.0,-0.0002,0.6864,0.0,-0.0,0.0069,0.0021,0.002,1089.387,0.0002,0.0002,10.8939,0.0,-0.0001,4.6252,0.0,-0.0,0.0463,0.0006,0.0005,1044.119,0.0001,0.0,10.4412,0.0002,0.0,25.9558,0.0,0.0,0.2596,0.0006,0.0005,247.3211,0.0,0.0,2.4732,0.0002,0.0001,159.3412,0.0,0.0,1.5934,0.0,-0.0004,0.3701,0.0,-0.0,0.0037,0.0,-0.0004,1.4044,0.0,-0.0,0.014,e93a2b3,,18992fa,2026-09-04T19:21:08+00:00
22768,16.5251,0.0014,0.0001,0.0014,0.0035,0.0019,3514.6621,0.0003,0.0002,35.1466,0.0,-0.0033,2.9458,0.0,-0.0003,0.0295,0.0,-0.0028,2.0946,0.0,-0.0002,0.0209,0.0099,0.0085,651.4087,0.0008,0.0007,6.5141,0.011,0.0087,210.911,0.0009,0.0007,2.1091,0.0009,-0.0005,1596.4663,0.0001,-0.0,15.9647,0.0058,0.0037,67.6949,0.0005,0.0003,0.6769,0.0185,0.0165,502.9345,0.0015,0.0013,5.0293,0.0005,-0.0008,575.9578,0.0,-0.0001,5.7596,,,,,,,,,,,,,e93a2b3,,18992fa,2026-09-04T19:21:08+00:00
22769,15.9771,0.0126,0.001,0.0126,0.021,0.0037,316.0874,0.0017,0.0003,3.1609,0.0091,-0.0123,21.062,0.0008,-0.001,0.2106,0.0263,-0.0087,33.3817,0.0022,-0.0007,0.3338,0.0535,0.0406,425.3489,0.0044,0.0034,4.2535,0.1133,0.085,1194.2426,0.0094,0.007,11.9424,0.0123,-0.0003,1499.7833,0.001,-0.0,14.9978,0.0468,0.029,261.1414,0.0039,0.0024,2.6114,0.1298,0.1013,1296.1924,0.0107,0.0084,12.9619,0.0078,-0.0048,2992.9067,0.0006,-0.0004,29.9291,0.018,-0.0329,20.5779,0.0015,-0.0027,0.2058,0.0006,-0.0523,4.2011,0.0,-0.0043,0.042,e93a2b3,,18992fa,2026-09-04T19:21:08+00:00
22780,19.477,0.0614,0.0052,0.0614,0.0974,-0.0104,146.1388,0.0082,-0.0009,1.4614,0.133,0.0041,151.4925,0.0112,0.0004,1.5149,0.0897,-0.1539,17.6512,0.0076,-0.013,0.1765,0.1318,0.067,2460.9233,0.0111,0.0057,24.6092,0.1337,0.0274,104.8435,0.0113,0.0023,1.0484,0.0873,0.0259,3806.1741,0.0074,0.0022,38.0617,0.1983,0.088,798.1635,0.0168,0.0074,7.9816,0.1103,0.0081,1075.454,0.0093,0.0007,10.7545,0.0896,-0.0119,102.0612,0.0076,-0.001,1.0206,0.1682,0.0415,60.1747,0.0142,0.0035,0.6017,0.0841,-0.0374,72.3126,0.0071,-0.0032,0.7231,e93a2b3,,18992fa,2026-09-04T19:21:08+00:00
22791,10.8492,0.0001,0.0,0.0001,0.0047,0.0045,5444.6987,0.0004,0.0004,54.447,0.0,-0.0006,3.7944,0.0,-0.0001,0.0379,0.0,-0.0014,0.7061,0.0,-0.0001,0.0071,0.0036,0.0035,663.1693,0.0003,0.0003,6.6317,0.0048,0.0042,218.5506,0.0004,0.0003,2.1855,0.0001,0.0001,268.8695,0.0,0.0,2.6887,0.0021,0.0017,112.5506,0.0002,0.0001,1.1255,0.0053,0.0048,375.6996,0.0004,0.0004,3.757,0.0001,-0.0,54.0056,0.0,-0.0,0.5401,0.0,-0.0013,0.131,0.0,-0.0001,0.0013,0.0,-0.001,1.25,0.0,-0.0001,0.0125,e93a2b3,,18992fa,2026-09-04T19:21:08+00:00
22792,17.0702,0.0019,0.0002,0.0019,0.0081,0.0061,4264.0293,0.0007,0.0005,42.6403,0.0002,-0.0046,1.9965,0.0,-0.0004,0.02,0.0013,-0.006,9.2531,0.0001,-0.0005,0.0925,0.021,0.0176,645.5334,0.0017,0.0014,6.4553,0.0379,0.034,1500.7909,0.0031,0.0027,15.0079,0.0024,0.0005,263.388,0.0002,0.0,2.6339,0.0064,0.0027,109.2132,0.0005,0.0002,1.0921,0.0282,0.0258,1192.243,0.0023,0.0021,11.9224,0.0015,-0.001,70.142,0.0001,-0.0001,0.7014,0.0,-0.0097,0.1005,0.0,-0.0008,0.001,0.0001,-0.0078,2.2963,0.0,-0.0006,0.023,e93a2b3,,18992fa,2026-09-04T19:21:08+00:00
22794,11.5506,0.0001,0.0,0.0001,0.0009,0.0006,801.5118,0.0001,0.0001,8.0151,0.0001,-0.0007,2.6059,0.0,-0.0001,0.0261,0.0,-0.0066,0.0054,0.0,-0.0005,0.0001,0.0006,0.0004,222.4772,0.0001,0.0,2.2248,0.0003,-0.0001,18.3889,0.0,-0.0,0.1839,0.0006,0.0005,3079.6702,0.0001,0.0,30.7967,0.0,-0.0005,7.6196,0.0,-0.0,0.0762,0.0006,0.0003,104.662,0.0001,0.0,1.0466,0.0001,-0.0001,78.9342,0.0,-0.0,0.7893,0.0,-0.0012,0.161,0.0,-0.0001,0.0016,0.001,0.0005,152.4644,0.0001,0.0,1.5246,e93a2b3,,18992fa,2026-09-04T19:21:08+00:00
22796,13.6451,0.0002,0.0,0.0002,0.002,0.0018,4782.7144,0.0002,0.0001,47.8272,0.0001,-0.0001,37.5515,0.0,-0.0,0.3755,0.0,-0.0006,0.0278,0.0,-0.0,0.0003,0.0001,-0.0001,46.8776,0.0,-0.0,0.4688,0.0,-0.0001,14.7769,0.0,-0.0,0.1478,0.0006,0.0004,1507.2836,0.0,0.0,15.0728,0.0,-0.0001,6.0761,0.0,-0.0,0.0608,0.0013,0.0011,3639.2266,0.0001,0.0001,36.3923,0.0,-0.0001,40.7263,0.0,-0.0,0.4073,,,,,,,0.0,-0.0001,35.5857,0.0,-0.0,0.3559,e93a2b3,,18992fa,2026-09-04T19:21:08+00:00
22797,19.8584,0.0478,0.004,0.0478,0.0711,0.0206,1397.2806,0.0059,0.0017,13.9728,0.0529,-0.0201,29.3857,0.0044,-0.0017,0.2939,0.0612,-0.1018,21.5405,0.0051,-0.0085,0.2154,0.1113,0.0584,266.1792,0.0093,0.0049,2.6618,0.1394,0.0826,254.3247,0.0116,0.0069,2.5432,0.0556,0.0078,1458.0056,0.0046,0.0006,14.5801,0.0532,-0.0052,35.4839,0.0044,-0.0004,0.3548,0.0831,0.0341,892.6564,0.0069,0.0028,8.9266,0.0407,-0.0087,57.6149,0.0034,-0.0007,0.5761,0.1037,0.0021,37.5985,0.0087,0.0002,0.376,0.0325,-0.0276,155.628,0.0027,-0.0023,1.5563,e93a2b3,,18992fa,2026-09-04T19:21:08+00:00
22798,32.7791,0.3542,0.0299,0.3542,0.3703,0.0161,527.0359,0.0312,0.0013,5.2704,0.3697,-0.0578,63.9193,0.0312,-0.0049,0.6392,0.3407,-0.1953,39.2169,0.0288,-0.0164,0.3922,0.4785,0.1243,244.1598,0.0403,0.0104,2.4416,0.4795,0.1252,226.6747,0.0403,0.0105,2.2667,0.4102,0.056,1095.4589,0.0346,0.0047,10.9546,0.3738,0.0196,80.008,0.0315,0.0016,0.8001,0.3468,-0.0074,509.0052,0.0292,-0.0006,5.0901,0.291,-0.0632,64.5475,0.0245,-0.0053,0.6455,0.5405,0.0883,95.0342,0.0456,0.0075,0.9503,0.2938,-0.0971,126.1527,0.0248,-0.0082,1.2615,e93a2b3,,18992fa,2026-09-04T19:21:08+00:00
22799,14.8214,0.0269,0.0023,0.0269,0.0296,0.0027,5399.6392,0.0025,0.0002,53.9964,0.0768,-0.0023,35.5036,0.0064,-0.0002,0.355,0.0735,-0.1712,18.8297,0.0062,-0.0143,0.1883,0.0502,0.0233,213.6457,0.0042,0.0019,2.1365,0.0507,0.0214,82.1911,0.0042,0.0018,0.8219,0.0321,0.0052,2979.7603,0.0027,0.0004,29.7976,0.0346,0.0054,29.5564,0.0029,0.0004,0.2956,0.0259,-0.001,18275.3223,0.0022,-0.0001,182.7533,0.0184,-0.0092,38.1022,0.0015,-0.0008,0.381,0.0752,0.0119,30.5268,0.0063,0.001,0.3053,0.0381,-0.0157,121.9451,0.0032,-0.0013,1.2195,e93a2b3,,18992fa,2026-09-04T19:21:08+00:00
22800,11.3504,0.0001,0.0,0.0001,,,,,,,0.0,-0.0,3.2905,0.0,-0.0,0.0329,,,,,,,0.0,-0.0,26.7714,0.0,-0.0,0.2677,,,,,,,0.0006,0.0005,9900.8574,0.0001,0.0,99.0085,0.0001,0.0001,359.7839,0.0,0.0,3.5978,0.0,-0.0,1.8633,0.0,-0.0,0.0186,0.0,-0.0,59.0381,0.0,-0.0,0.5904,,,,,,,,,,,,,e93a2b3,,18992fa,2026-09-04T19:21:08+00:00
23120,2.0133,0.0001,0.0,0.0001,,,,,,,,,,,,,,,,,,,0.0001,-0.0,154.9754,0.0,-0.0,1.5498,0.0,-0.0,35.2885,0.0,-0.0,0.3529,0.0,-0.0,176.6718,0.0,-0.0,1.7667,,,,,,,0.0,-0.0001,11.1917,0.0,-0.0,0.1119,,,,,,,0.0005,0.0004,457.2872,0.0001,0.0,4.5729,,,,,,,e93a2b3,,18992fa,2026-09-04T19:21:08+00:00
23160,3.229,0.0004,0.0,0.0004,0.0,-0.0005,0.0924,0.0,-0.0,0.0009,0.0004,-0.0002,57.1734,0.0,-0.0,0.5717,0.0,-0.0011,0.3812,0.0,-0.0001,0.0038,0.0009,0.0004,168.7221,0.0001,0.0,1.6872,0.0005,-0.0,89.293,0.0,-0.0,0.8929,0.0018,0.0014,1371.9005,0.0002,0.0001,13.719,,,,,,,0.0002,-0.0005,23.1452,0.0,-0.0001,0.2315,0.0,-0.0005,0.9577,0.0,-0.0,0.0096,0.0011,0.0007,182.2794,0.0001,0.0001,1.8228,0.0,-0.001,0.2112,0.0,-0.0001,0.0021,e93a2b3,,18992fa,2026-09-04T19:21:08+00:00
23170,0.2065,0.0,0.0,0.0,,,,,,,0.0001,0.0,125.8791,0.0,0.0,1.2588,,,,,,,0.0,-0.0001,7.7654,0.0,-0.0,0.0777,,,,,,,0.0001,0.0,100.3943,0.0,0.0,1.0039,,,,,,,,,,,,,,,,,,,0.0001,0.0,171.0201,0.0,0.0,1.7102,,,,,,,e93a2b3,,18992fa,2026-09-04T19:21:08+00:00
23180,6.3116,0.0007,0.0001,0.0007,0.0001,-0.0016,2.0999,0.0,-0.0001,0.021,0.0025,0.0018,765.5968,0.0002,0.0002,7.656,0.0,-0.0017,1.6505,0.0,-0.0002,0.0165,0.002,0.0013,185.8521,0.0002,0.0001,1.8585,,,,,,,0.001,0.0003,189.18,0.0001,0.0,1.8918,,,,,,,0.0008,-0.0001,64.8835,0.0001,-0.0,0.6488,0.0,-0.0018,1.1491,0.0,-0.0002,0.0115,0.0013,0.0006,124.3853,0.0001,0.0001,1.2439,0.0,-0.0013,0.1731,0.0,-0.0001,0.0017,e93a2b3,,18992fa,2026-09-04T19:21:08+00:00
23190,4.1286,0.0007,0.0001,0.0007,0.0025,0.0009,34.3701,0.0002,0.0001,0.3437,0.0046,0.0039,7097.3979,0.0004,0.0004,70.974,0.0001,-0.0018,8.4462,0.0,-0.0002,0.0845,0.0058,0.005,460.4063,0.0005,0.0005,4.6041,0.0,-0.0053,0.0104,0.0,-0.0005,0.0001,0.0005,-0.0003,135.5484,0.0,-0.0,1.3555,0.0,-0.0053,0.0115,0.0,-0.0005,0.0001,0.0023,0.0012,485.7393,0.0002,0.0001,4.8574,0.0,-0.0024,2.0236,0.0,-0.0002,0.0202,0.0019,0.0009,114.9266,0.0002,0.0001,1.1493,0.0,-0.0023,0.1477,0.0,-0.0002,0.0015,e93a2b3,,18992fa,2026-09-04T19:21:08+00:00
23212,5.9174,0.0137,0.0012,0.0137,0.1147,0.08,330.401,0.0104,0.0072,3.304,0.0878,0.0499,253.5318,0.008,0.0045,2.5353,0.0249,-0.0026,60.3147,0.0023,-0.0002,0.6031,0.0983,0.077,282.3128,0.0089,0.007,2.8231,0.0162,-0.031,17.0673,0.0015,-0.0028,0.1707,0.013,-0.0019,159.9128,0.0012,-0.0002,1.5991,0.0764,0.0054,68.5312,0.0069,0.0005,0.6853,0.0298,0.0139,407.5658,0.0027,0.0013,4.0757,0.0041,-0.0359,37.336,0.0004,-0.0033,0.3734,0.0109,-0.0091,111.7087,0.001,-0.0008,1.1171,0.0208,-0.0192,22.8781,0.0019,-0.0017,0.2288,e93a2b3,,18992fa,2026-09-04T19:21:08+00:00
23214,5.8975,0.0024,0.0002,0.0024,0.0412,0.0333,317.8345,0.0037,0.003,3.1783,0.0144,0.0081,241.7141,0.0013,0.0007,2.4171,0.0077,0.001,643.3363,0.0007,0.0001,6.4334,0.0342,0.0297,1176.8894,0.0031,0.0027,11.7689,0.0017,-0.0112,1.8034,0.0002,-0.001,0.018,0.0029,-0.0003,107.759,0.0003,-0.0,1.0776,0.0127,-0.0018,20.1035,0.0012,-0.0002,0.201,0.0087,0.0061,2262.6819,0.0008,0.0006,22.6268,0.0004,-0.007,38.8354,0.0,-0.0006,0.3884,0.0032,-0.0036,55.9671,0.0003,-0.0003,0.5597,0.0049,-0.0039,52.64,0.0004,-0.0004,0.5264,e93a2b3,,18992fa,2026-09-04T19:21:08+00:00
23216,3.5755,0.0002,0.0,0.0002,0.0001,-0.0001,47.7903,0.0,-0.0,0.4779,0.0005,0.0003,265.0626,0.0,0.0,2.6506,0.0001,-0.0001,31.5892,0.0,-0.0,0.3159,0.0013,0.0011,739.3963,0.0001,0.0001,7.394,0.0,-0.0003,1.1972,0.0,-0.0,0.012,0.0003,0.0002,274.7391,0.0,0.0,2.7474,0.0,-0.0002,1.4242,0.0,-0.0,0.0142,0.0025,0.0023,2379.1174,0.0002,0.0002,23.7912,0.0,-0.0002,14.8864,0.0,-0.0,0.1489,0.0005,0.0002,216.2286,0.0,0.0,2.1623,0.0,-0.0002,12.984,0.0,-0.0,0.1298,e93a2b3,,18992fa,2026-09-04T19:21:08+00:00
23228,9.6876,0.0005,0.0,0.0005,0.0001,-0.0001,52.1413,0.0,-0.0,0.5214,0.0007,0.0005,572.4404,0.0001,0.0,5.7244,0.0009,0.0007,350.0792,0.0001,0.0001,3.5008,0.0008,0.0006,525.4684,0.0001,0.0001,5.2547,0.0,-0.0002,3.718,0.0,-0.0,0.0372,0.0011,0.0007,3014.3892,0.0001,0.0001,30.1439,0.0,-0.0002,2.8786,0.0,-0.0,0.0288,0.0073,0.0068,18056.25,0.0006,0.0006,180.5626,0.0001,-0.0002,20.1082,0.0,-0.0,0.2011,0.0002,-0.0,94.4257,0.0,-0.0,0.9443,0.0001,-0.0,76.6402,0.0,-0.0,0.7664,e93a2b3,,18992fa,2026-09-04T19:21:08+00:00
23229,6.7553,0.0005,0.0,0.0005,0.0001,-0.0001,53.2862,0.0,-0.0,0.5329,0.0012,0.001,1161.3153,0.0001,0.0001,11.6131,0.0007,0.0004,234.2327,0.0001,0.0,2.3423,0.0004,0.0003,390.7276,0.0,0.0,3.9073,0.0,-0.0002,2.31,0.0,-0.0,0.0231,0.0003,0.0,1073.7192,0.0,0.0,10.7372,0.0,-0.0002,1.4646,0.0,-0.0,0.0146,0.0038,0.0033,14479.6895,0.0003,0.0003,144.7969,0.0,-0.0002,8.4918,0.0,-0.0,0.0849,0.0,-0.0001,17.2088,0.0,-0.0,0.1721,0.0002,0.0,106.8383,0.0,0.0,1.0684,e93a2b3,,18992fa,2026-09-04T19:21:08+00:00
23250,4.0266,0.0026,0.0002,0.0026,0.0003,0.0,127.0052,0.0,0.0,1.2701,0.0004,-0.0,70.9233,0.0,-0.0,0.7092,,,,,,,0.0,-0.0002,15.0765,0.0,-0.0,0.1508,,,,,,,0.0001,-0.0001,78.1085,0.0,-0.0,0.7811,,,,,,,0.0028,0.0002,1439.6826,0.0002,0.0,14.3968,,,,,,,,,,,,,,,,,,,e93a2b3,,18992fa,2026-09-04T19:21:08+00:00
23261,7.0502,0.0013,0.0001,0.0013,0.0007,0.0004,285.5418,0.0001,0.0,2.8554,0.0006,0.0001,171.1232,0.0,0.0,1.7112,,,,,,,0.0001,-0.0003,21.6058,0.0,-0.0,0.2161,0.0,-0.0005,0.2924,0.0,-0.0,0.0029,0.0004,0.0001,110.6052,0.0,0.0,1.1061,0.0,-0.0005,0.2609,0.0,-0.0,0.0026,0.0038,0.0025,4285.1729,0.0003,0.0002,42.8517,0.0,-0.0005,0.2533,0.0,-0.0,0.0025,0.0,-0.0002,0.3115,0.0,-0.0,0.0031,,,,,,,e93a2b3,,18992fa,2026-09-04T19:21:08+00:00
23262,7.4691,0.0002,0.0,0.0002,0.0002,0.0,152.4899,0.0,0.0,1.5249,0.0009,0.0007,603.8683,0.0001,0.0001,6.0387,,,,,,,0.0,-0.0002,33.5905,0.0,-0.0,0.3359,0.0,-0.0001,1.4739,0.0,-0.0,0.0147,0.0002,-0.0,178.7569,0.0,-0.0,1.7876,0.0,-0.0001,3.9962,0.0,-0.0,0.04,0.0008,0.0006,1451.9558,0.0001,0.0,14.5196,0.0,-0.0001,1.5185,0.0,-0.0,0.0152,0.0,-0.0002,28.7821,0.0,-0.0,0.2878,,,,,,,e93a2b3,,18992fa,2026-09-04T19:21:08+00:00
23263,8.5906,0.0002,0.0,0.0002,0.0004,0.0002,151.2253,0.0,0.0,1.5123,0.001,0.0008,1265.7582,0.0001,0.0001,12.6576,,,,,,,0.0,-0.0002,5.8206,0.0,-0.0,0.0582,0.0,-0.0003,0.394,0.0,-0.0,0.0039,0.0001,-0.0001,67.5429,0.0,-0.0,0.6754,0.0,-0.0002,0.1603,0.0,-0.0,0.0016,0.0024,0.0022,2448.2297,0.0002,0.0002,24.4823,0.0,-0.0005,0.2039,0.0,-0.0,0.002,0.0,-0.0003,0.1812,0.0,-0.0,0.0018,,,,,,,e93a2b3,,18992fa,2026-09-04T19:21:08+00:00
23264,10.4161,0.0001,0.0,0.0001,0.0007,0.0006,1123.521,0.0001,0.0,11.2352,0.0006,0.0004,390.894,0.0,0.0,3.9089,,,,,,,0.0,-0.0001,39.8154,0.0,-0.0,0.3982,0.0,-0.0001,5.389,0.0,-0.0,0.0539,0.0002,0.0001,242.4618,0.0,0.0,2.4246,0.0,-0.0001,2.436,0.0,-0.0,0.0244,0.0049,0.0047,9639.6279,0.0004,0.0004,96.3963,0.0,-0.0001,11.0126,0.0,-0.0,0.1101,0.0,-0.0002,0.5042,0.0,-0.0,0.005,,,,,,,e93a2b3,,18992fa,2026-09-04T19:21:08+00:00
23266,10.4861,0.0001,0.0,0.0001,0.0011,0.001,8342.9092,0.0001,0.0001,83.4291,0.0,-0.0,6.979,0.0,-0.0,0.0698,,,,,,,0.0,-0.0001,157.0933,0.0,-0.0,1.5709,0.0,-0.0001,22.6052,0.0,-0.0,0.2261,0.0004,0.0003,3308.6194,0.0,0.0,33.0862,0.0,-0.0,17.9393,0.0,-0.0,0.1794,0.0036,0.0035,27437.8203,0.0003,0.0003,274.3781,0.0,-0.0001,15.1601,0.0,-0.0,0.1516,0.0,-0.0,17.5138,0.0,-0.0,0.1751,0.0,0.0,99.9891,0.0,0.0,0.9999,e93a2b3,,18992fa,2026-09-04T19:21:08+00:00
23267,8.4977,0.0001,0.0,0.0001,0.0006,0.0005,1890.6187,0.0,0.0,18.9062,0.0,-0.0001,11.0126,0.0,-0.0,0.1101,,,,,,,0.0001,-0.0,202.9223,0.0,-0.0,2.0292,0.0,-0.0001,15.9549,0.0,-0.0,0.1595,0.0006,0.0004,1928.2859,0.0,0.0,19.2829,0.0,-0.0001,16.7245,0.0,-0.0,0.1672,0.0016,0.0015,7457.6973,0.0001,0.0001,74.577,0.0,-0.0001,26.9048,0.0,-0.0,0.269,0.0,-0.0001,38.088,0.0,-0.0,0.3809,0.0,-0.0001,1.3697,0.0,-0.0,0.0137,e93a2b3,,18992fa,2026-09-04T19:21:08+00:00
23268,25.7312,0.3745,0.0318,0.3745,0.384,0.0095,459.4491,0.0326,0.0008,4.5945,0.4573,0.008,157.4674,0.0388,0.0007,1.5747,0.4353,-0.1786,34.8898,0.037,-0.0151,0.3489,0.5082,0.1337,791.4673,0.0431,0.0113,7.9147,0.4187,0.0389,86.5443,0.0355,0.0033,0.8654,0.4007,0.0262,1245.192,0.034,0.0022,12.4519,0.4087,0.0232,113.5493,0.0347,0.002,1.1355,0.3393,-0.0351,2653.0159,0.0288,-0.003,26.5302,0.2863,-0.0881,40.2683,0.0243,-0.0075,0.4027,0.4323,0.0561,90.2569,0.0367,0.0048,0.9026,0.4345,-0.0663,55.9126,0.0369,-0.0056,0.5591,e93a2b3,,18992fa,2026-09-04T19:21:08+00:00
23269,27.8835,0.1965,0.0166,0.1965,0.2202,0.0237,1444.8264,0.0186,0.002,14.4483,0.2204,-0.0513,64.2344,0.0186,-0.0043,0.6423,0.2128,-0.1961,44.5052,0.018,-0.0166,0.4451,0.3014,0.1049,590.0759,0.0255,0.0088,5.9008,0.2478,0.0459,115.0611,0.0209,0.0039,1.1506,0.2324,0.0359,2418.2654,0.0197,0.003,24.1827,0.2414,0.0228,103.8025,0.0204,0.0019,1.038,0.1638,-0.0328,2706.2393,0.0138,-0.0028,27.0624,0.1199,-0.0766,44.9836,0.0101,-0.0065,0.4498,0.3182,0.0996,78.0366,0.0269,0.0084,0.7804,0.1872,-0.0748,55.7839,0.0158,-0.0063,0.5578,e93a2b3,,18992fa,2026-09-04T19:21:08+00:00
23270,6.6941,0.0011,0.0001,0.0011,0.0008,0.0003,223.4338,0.0001,0.0,2.2343,0.0016,0.001,333.9044,0.0001,0.0001,3.339,,,,,,,0.0003,-0.0004,67.7374,0.0,-0.0,0.6774,0.0,-0.0005,0.7367,0.0,-0.0,0.0074,0.0005,-0.0,128.8518,0.0,-0.0,1.2885,0.0,-0.0004,0.5112,0.0,-0.0,0.0051,0.0064,0.0052,4115.5869,0.0005,0.0004,41.1559,0.0,-0.0007,0.9396,0.0,-0.0001,0.0094,0.0,-0.0003,0.3104,0.0,-0.0,0.0031,,,,,,,e93a2b3,,18992fa,2026-09-04T19:21:08+00:00
23284,12.1708,0.0004,0.0,0.0004,0.0014,0.001,619.6271,0.0001,0.0001,6.1963,0.0013,0.0009,409.088,0.0001,0.0001,4.0909,,,,,,,0.0001,-0.0003,38.2895,0.0,-0.0,0.3829,0.0,-0.0005,5.3352,0.0,-0.0,0.0534,0.001,0.0006,356.3577,0.0001,0.0,3.5636,0.0,-0.0004,0.8588,0.0,-0.0,0.0086,0.0053,0.0049,1808.223,0.0004,0.0004,18.0822,0.0,-0.0004,2.6203,0.0,-0.0,0.0262,0.0,-0.0003,0.538,0.0,-0.0,0.0054,0.0,-0.0001,22.9096,0.0,-0.0,0.2291,e93a2b3,,18992fa,2026-09-04T19:21:08+00:00
23285,13.5421,0.0005,0.0,0.0005,0.0019,0.0015,1122.4713,0.0002,0.0001,11.2247,0.0017,0.0011,558.425,0.0001,0.0001,5.5843,,,,,,,0.0001,-0.0003,61.2698,0.0,-0.0,0.6127,0.0,-0.0003,11.0362,0.0,-0.0,0.1104,0.001,0.0005,364.5652,0.0001,0.0,3.6457,0.0,-0.0005,2.1245,0.0,-0.0,0.0212,0.0022,0.0018,1178.6687,0.0002,0.0001,11.7867,0.0,-0.0004,7.7325,0.0,-0.0,0.0773,0.0,-0.0002,1.9066,0.0,-0.0,0.0191,0.0001,-0.0002,40.2028,0.0,-0.0,0.402,e93a2b3,,18992fa,2026-09-04T19:21:08+00:00
23286,14.6984,0.0005,0.0,0.0005,0.0029,0.0025,3596.5737,0.0002,0.0002,35.9658,0.0007,0.0003,227.0662,0.0001,0.0,2.2707,0.0,-0.0037,0.0307,0.0,-0.0003,0.0003,0.0002,-0.0003,49.6836,0.0,-0.0,0.4968,0.0025,0.0021,75.8458,0.0002,0.0002,0.7585,0.0014,0.0009,2034.6653,0.0001,0.0001,20.3466,0.0004,-0.0001,13.7218,0.0,-0.0,0.1372,0.0018,0.0014,2683.5547,0.0001,0.0001,26.8355,0.0,-0.0004,36.6451,0.0,-0.0,0.3665,0.0,-0.0016,0.0289,0.0,-0.0001,0.0003,0.0001,-0.0004,21.0164,0.0,-0.0,0.2102,e93a2b3,,18992fa,2026-09-04T19:21:08+00:00
23288,13.6799,0.0001,0.0,0.0001,0.0013,0.0012,6486.9302,0.0001,0.0001,64.8693,0.0001,-0.0,112.7299,0.0,-0.0,1.1273,,,,,,,0.0,-0.0001,132.7032,0.0,-0.0,1.327,0.0,-0.0001,21.6293,0.0,-0.0,0.2163,0.0008,0.0007,3708.2803,0.0001,0.0001,37.0828,0.0,-0.0,8.25,0.0,-0.0,0.0825,0.002,0.0019,10439.0557,0.0002,0.0002,104.3906,0.0,-0.0001,35.0208,0.0,-0.0,0.3502,0.0,-0.0001,4.007,0.0,-0.0,0.0401,0.0001,0.0001,72.003,0.0,0.0,0.72,e93a2b3,,18992fa,2026-09-04T19:21:08+00:00
23289,15.5521,0.0001,0.0,0.0001,0.0024,0.0022,8001.4189,0.0002,0.0002,80.0142,0.0,-0.0002,5.3007,0.0,-0.0,0.053,0.0,-0.0009,0.2544,0.0,-0.0001,0.0025,0.0007,0.0005,129.7855,0.0001,0.0,1.2979,0.001,0.0009,75.7357,0.0001,0.0001,0.7574,0.0012,0.0011,5728.5239,0.0001,0.0001,57.2852,0.0,-0.0001,15.1196,0.0,-0.0,0.1512,0.0019,0.0017,9604.9346,0.0002,0.0001,96.0493,0.0,-0.0001,89.7755,0.0,-0.0,0.8978,0.0,-0.0005,1.1925,0.0,-0.0,0.0119,0.0005,0.0003,230.7215,0.0,0.0,2.3072,e93a2b3,,18992fa,2026-09-04T19:21:08+00:00
23290,6.6032,0.0017,0.0001,0.0017,0.001,-0.0007,77.7863,0.0001,-0.0001,0.7779,,,,,,,,,,,,,0.0069,0.0052,531.3155,0.0005,0.0004,5.3132,,,,,,,0.0004,-0.0013,27.4907,0.0,-0.0001,0.2749,,,,,,,0.0065,0.0048,489.2661,0.0005,0.0004,4.8927,0.0,-0.0011,0.0726,0.0,-0.0001,0.0007,,,,,,,,,,,,,e93a2b3,,18992fa,2026-09-04T19:21:08+00:00
23301,3.1785,0.0001,0.0,0.0001,0.0004,0.0002,412.882,0.0,0.0,4.1288,0.0001,-0.0,102.2647,0.0,-0.0,1.0226,,,,,,,0.0003,0.0002,425.7905,0.0,0.0,4.2579,0.0,-0.0004,0.3325,0.0,-0.0,0.0033,0.0,-0.0002,8.8104,0.0,-0.0,0.0881,,,,,,,0.0002,0.0001,253.7403,0.0,0.0,2.5374,,,,,,,0.0,-0.0001,5.9249,0.0,-0.0,0.0592,0.0,-0.0003,0.1569,0.0,-0.0,0.0016,e93a2b3,,18992fa,2026-09-04T19:21:08+00:00
23302,9.2883,0.0002,0.0,0.0002,0.0071,0.0069,7234.3335,0.0005,0.0005,72.3433,0.0007,0.0005,235.795,0.0,0.0,2.358,0.0,-0.0004,0.7802,0.0,-0.0,0.0078,0.0085,0.0083,2544.5823,0.0006,0.0006,25.4458,0.0001,-0.0001,39.5661,0.0,-0.0,0.3957,0.0024,0.0022,357.0257,0.0002,0.0001,3.5703,0.0005,0.0002,154.0368,0.0,0.0,1.5404,0.0015,0.0013,2004.5046,0.0001,0.0001,20.0451,0.0,-0.0002,8.2548,0.0,-0.0,0.0825,0.0001,-0.0001,62.1116,0.0,-0.0,0.6211,0.0,-0.0003,4.8676,0.0,-0.0,0.0487,e93a2b3,,18992fa,2026-09-04T19:21:08+00:00
23303,4.2435,0.0001,0.0,0.0001,0.0005,0.0002,166.1055,0.0,0.0,1.6611,0.0001,-0.0002,27.1951,0.0,-0.0,0.272,,,,,,,0.0006,0.0004,368.2872,0.0,0.0,3.6829,0.0,-0.0003,0.7832,0.0,-0.0,0.0078,0.0,-0.0001,15.1077,0.0,-0.0,0.1511,,,,,,,0.0004,0.0003,796.5051,0.0,0.0,7.965,,,,,,,0.0,-0.0003,0.5801,0.0,-0.0,0.0058,0.0,-0.0003,0.1603,0.0,-0.0,0.0016,e93a2b3,,18992fa,2026-09-04T19:21:08+00:00
23304,1.0786,,,,,,,,,,,,,,,,,,,,,,,,,,,,,,,,,,,,,,,,,,,,,,,,,,,,,,,,,,,,,,,,,,,,,,e93a2b3,,18992fa,2026-09-04T19:21:08+00:00
23305,1.9133,0.0002,0.0,0.0002,0.0011,0.0009,2434.0691,0.0001,0.0001,24.3407,0.0,-0.0002,15.7231,0.0,-0.0,0.1572,,,,,,,0.0,-0.0001,4.8781,0.0,-0.0,0.0488,,,,,,,,,,,,,,,,,,,0.0003,0.0001,146.0039,0.0,0.0,1.46,,,,,,,,,,,,,,,,,,,e93a2b3,,18992fa,2026-09-04T19:21:08+00:00
23307,2.537,0.0001,0.0,0.0001,0.0004,0.0003,1311.2036,0.0,0.0,13.112,,,,,,,,,,,,,0.0,-0.0,16.3259,0.0,-0.0,0.1633,,,,,,,,,,,,,,,,,,,0.0,-0.0001,78.5425,0.0,-0.0,0.7854,,,,,,,,,,,,,,,,,,,e93a2b3,,18992fa,2026-09-04T19:21:08+00:00
23400,1.883,0.0,0.0,0.0,0.0001,0.0001,3489.3098,0.0,0.0,34.8931,0.0,-0.0,12.267,0.0,-0.0,0.1227,0.0,-0.0,9.8989,0.0,-0.0,0.099,0.0001,0.0,370.8311,0.0,0.0,3.7083,,,,,,,0.0,-0.0001,22.8382,0.0,-0.0,0.2284,0.0,-0.0,21.7985,0.0,-0.0,0.218,0.0,-0.0,365.7994,0.0,-0.0,3.658,,,,,,,0.0,-0.0,64.5257,0.0,-0.0,0.6453,,,,,,,e93a2b3,,18992fa,2026-09-04T19:21:08+00:00
23600,8.2567,0.0001,0.0,0.0001,0.0032,0.0031,4320.7056,0.0002,0.0002,43.2071,0.0006,0.0006,880.5104,0.0,0.0,8.8051,0.0,-0.0001,3.382,0.0,-0.0,0.0338,0.0005,0.0004,708.5977,0.0,0.0,7.086,0.0001,0.0,120.2242,0.0,0.0,1.2022,0.0001,-0.0,88.5211,0.0,-0.0,0.8852,0.0,-0.0001,7.0303,0.0,-0.0,0.0703,0.001,0.0009,1390.2894,0.0001,0.0001,13.9029,0.0,-0.0001,1.5128,0.0,-0.0,0.0151,0.0001,-0.0,89.8398,0.0,-0.0,0.8984,0.0,-0.0001,2.8872,0.0,-0.0,0.0289,e93a2b3,,18992fa,2026-09-04T19:21:08+00:00
23700,3.5586,0.0,0.0,0.0,0.0002,0.0002,5607.1597,0.0,0.0,56.0716,0.0,-0.0,10.9604,0.0,-0.0,0.1096,,,,,,,0.0,0.0,114.2442,0.0,0.0,1.1424,0.0,-0.0,75.9597,0.0,-0.0,0.7596,0.0,-0.0,2.9597,0.0,-0.0,0.0296,,,,,,,0.0005,0.0005,6869.2456,0.0,0.0,68.6925,0.0,-0.0,60.8636,0.0,-0.0,0.6086,,,,,,,,,,,,,e93a2b3,,18992fa,2026-09-04T19:21:08+00:00
24100,8.7154,0.001,0.0001,0.001,0.0018,0.0008,336.6182,0.0001,0.0001,3.3662,0.0,-0.0006,1.4542,0.0,-0.0,0.0145,,,,,,,0.0081,0.0071,1121.5732,0.0006,0.0005,11.2157,0.0,-0.0006,0.1199,0.0,-0.0,0.0012,0.0003,-0.0008,33.6228,0.0,-0.0001,0.3362,,,,,,,0.0012,0.0002,112.2534,0.0001,0.0,1.1225,0.0001,-0.0008,43.4775,0.0,-0.0001,0.4348,,,,,,,0.0,-0.0002,2.244,0.0,-0.0,0.0224,e93a2b3,,18992fa,2026-09-04T19:21:08+00:00
24210,9.5025,0.0014,0.0001,0.0014,0.0017,0.0003,123.8525,0.0001,0.0,1.2385,,,,,,,,,,,,,0.0035,0.0021,254.8782,0.0003,0.0002,2.5488,,,,,,,0.0011,-0.0003,76.1475,0.0001,-0.0,0.7615,,,,,,,,,,,,,0.0,-0.0014,0.2141,0.0,-0.0001,0.0021,,,,,,,,,,,,,e93a2b3,,18992fa,2026-09-04T19:21:08+00:00
24222,12.9974,0.0005,0.0,0.0005,0.0016,0.0011,800.5299,0.0001,0.0001,8.0053,0.0007,0.0001,125.6291,0.0001,0.0,1.2563,0.0,-0.0009,0.05,0.0,-0.0001,0.0005,0.0001,-0.0004,35.664,0.0,-0.0,0.3566,0.0003,-0.0001,12.828,0.0,-0.0,0.1283,0.0016,0.001,701.4448,0.0001,0.0001,7.0145,0.0001,-0.0004,3.9142,0.0,-0.0,0.0391,0.0045,0.0039,2381.9756,0.0003,0.0003,23.8198,0.0,-0.0005,5.6956,0.0,-0.0,0.057,,,,,,,0.0,-0.0005,6.4449,0.0,-0.0,0.0644,e93a2b3,,18992fa,2026-09-04T19:21:08+00:00
24230,11.9147,0.0013,0.0001,0.0013,0.0025,0.0013,233.8388,0.0002,0.0001,2.3384,,,,,,,,,,,,,0.0024,0.0011,256.2423,0.0002,0.0001,2.5624,,,,,,,0.0014,0.0001,108.1181,0.0001,0.0,1.0812,,,,,,,0.0007,-0.0005,49.9776,0.0001,-0.0,0.4998,0.0,-0.0012,1.1998,0.0,-0.0001,0.012,,,,,,,,,,,,,e93a2b3,,18992fa,2026-09-04T19:21:08+00:00
24244,15.5001,0.0011,0.0001,0.0011,0.0022,0.0011,464.3203,0.0002,0.0001,4.6432,0.001,-0.0036,6.4042,0.0001,-0.0003,0.064,0.0012,-0.0047,2.4296,0.0001,-0.0004,0.0243,0.0021,0.001,120.4234,0.0002,0.0001,1.2042,0.0039,0.002,70.8732,0.0003,0.0002,0.7087,0.0018,0.0007,946.6859,0.0001,0.0001,9.4669,0.0032,0.0007,30.0312,0.0003,0.0001,0.3003,0.013,0.0118,5995.9775,0.001,0.0009,59.9598,0.0009,-0.0002,57.258,0.0001,-0.0,0.5726,0.001,-0.0347,0.972,0.0001,-0.0028,0.0097,0.0001,-0.0118,3.428,0.0,-0.001,0.0343,e93a2b3,,18992fa,2026-09-04T19:21:08+00:00
24248,16.1861,0.0003,0.0,0.0003,0.0005,0.0001,139.7676,0.0,0.0,1.3977,0.0,-0.0004,1.6712,0.0,-0.0,0.0167,0.0,-0.0003,0.571,0.0,-0.0,0.0057,0.0005,0.0001,249.6785,0.0,0.0,2.4968,0.0,-0.0003,2.5411,0.0,-0.0,0.0254,0.0008,0.0005,360.7459,0.0001,0.0,3.6075,0.0,-0.0003,15.9963,0.0,-0.0,0.16,0.0019,0.0015,1261.5597,0.0001,0.0001,12.6156,0.0,-0.0003,9.7484,0.0,-0.0,0.0975,,,,,,,0.0,-0.0001,1.2276,0.0,-0.0,0.0123,e93a2b3,,18992fa,2026-09-04T19:21:08+00:00
24249,15.7033,0.0001,0.0,0.0001,0.0001,0.0,140.4267,0.0,0.0,1.4043,0.0,-0.0001,31.5025,0.0,-0.0,0.315,,,,,,,0.0002,0.0001,199.4575,0.0,0.0,1.9946,0.0,-0.0001,2.2295,0.0,-0.0,0.0223,0.0005,0.0004,601.1564,0.0,0.0,6.0116,0.0,-0.0001,8.2025,0.0,-0.0,0.082,0.0088,0.0086,8521.8662,0.0007,0.0007,85.2186,0.0,-0.0001,22.4205,0.0,-0.0,0.2242,,,,,,,,,,,,,e93a2b3,,18992fa,2026-09-04T19:21:08+00:00
24250,14.4481,0.0006,0.0,0.0006,0.0009,0.0002,284.2614,0.0001,0.0,2.8426,0.0,-0.0004,3.953,0.0,-0.0,0.0395,0.0,-0.0003,2.8679,0.0,-0.0,0.0287,0.0011,0.0004,344.5871,0.0001,0.0,3.4459,0.0,-0.0006,4.0668,0.0,-0.0,0.0407,0.0015,0.0009,411.5008,0.0001,0.0001,4.115,0.0,-0.0002,6.8157,0.0,-0.0,0.0682,0.001,0.0004,283.3689,0.0001,0.0,2.8337,0.0,-0.0006,16.2427,0.0,-0.0,0.1624,0.0,-0.0001,0.3207,0.0,-0.0,0.0032,0.0,-0.0001,4.815,0.0,-0.0,0.0481,e93a2b3,,18992fa,2026-09-04T19:21:08+00:00
24260,19.0729,0.0002,0.0,0.0002,0.0004,0.0001,184.6823,0.0,0.0,1.8468,0.0,-0.0002,11.2967,0.0,-0.0,0.113,0.0001,-0.0002,23.7616,0.0,-0.0,0.2376,0.0009,0.0007,520.8777,0.0001,0.0,5.2088,0.0,-0.0002,7.4654,0.0,-0.0,0.0747,0.001,0.0008,648.5049,0.0001,0.0001,6.485,0.0002,-0.0001,86.8212,0.0,-0.0,0.8682,0.0012,0.0009,728.6337,0.0001,0.0001,7.2863,0.0006,0.0004,242.0887,0.0,0.0,2.4209,,,,,,,0.0,-0.0003,0.2704,0.0,-0.0,0.0027,e93a2b3,,18992fa,2026-09-04T19:21:08+00:00
24270,17.9189,0.0006,0.0,0.0006,0.0004,-0.0001,119.2694,0.0,-0.0,1.1927,0.0001,-0.0004,26.8421,0.0,-0.0,0.2684,0.0002,-0.0003,45.9511,0.0,-0.0,0.4595,0.0028,0.0022,605.7571,0.0002,0.0002,6.0576,0.0,-0.0005,3.8604,0.0,-0.0,0.0386,0.0011,0.0005,272.599,0.0001,0.0,2.726,0.0006,0.0001,128.6546,0.0,0.0,1.2865,0.0008,0.0003,137.594,0.0001,0.0,1.3759,0.0011,0.0006,214.7266,0.0001,0.0,2.1473,,,,,,,0.0,-0.0005,0.1376,0.0,-0.0,0.0014,e93a2b3,,18992fa,2026-09-04T19:21:08+00:00
24280,24.0486,0.0048,0.0003,0.0048,0.0046,-0.0002,81.586,0.0003,-0.0,0.8159,0.0041,-0.0007,62.6747,0.0003,-0.0001,0.6267,0.0135,0.0087,272.1227,0.0009,0.0006,2.7212,0.039,0.0342,1351.6488,0.0027,0.0024,13.5165,0.0052,0.0004,33.6216,0.0004,0.0,0.3362,0.0019,-0.0029,148.498,0.0001,-0.0002,1.485,0.0024,-0.0026,30.0065,0.0002,-0.0002,0.3001,0.0354,0.0306,827.3538,0.0024,0.0021,8.2735,0.0193,0.0145,920.8927,0.0013,0.001,9.2089,0.0015,-0.0091,6.5011,0.0001,-0.0006,0.065,0.0,-0.0055,0.3759,0.0,-0.0004,0.0038,e93a2b3,,18992fa,2026-09-04T19:21:08+00:00
24290,20.0055,0.0014,0.0001,0.0014,0.0008,-0.0006,62.3869,0.0001,-0.0,0.6239,0.0,-0.0013,1.3528,0.0,-0.0001,0.0135,0.0013,-0.0001,92.5089,0.0001,-0.0,0.9251,0.0019,0.0005,140.4262,0.0001,0.0,1.4043,0.0001,-0.0013,4.7906,0.0,-0.0001,0.0479,0.0025,0.0011,165.9465,0.0002,0.0001,1.6595,,,,,,,0.0022,0.0008,165.8893,0.0001,0.0001,1.6589,0.0048,0.0034,352.9747,0.0003,0.0002,3.5297,0.0,-0.0012,0.0675,0.0,-0.0001,0.0007,,,,,,,e93a2b3,,18992fa,2026-09-04T19:21:08+00:00
24292,22.1057,0.0014,0.0001,0.0014,0.0005,-0.0009,35.0646,0.0,-0.0001,0.3506,0.0017,0.0003,97.2562,0.0001,0.0,0.9726,0.0035,0.0021,280.0301,0.0002,0.0001,2.8003,0.0085,0.0072,566.5199,0.0006,0.0005,5.6652,0.0003,-0.0011,12.0618,0.0,-0.0001,0.1206,0.0014,0.0,114.8012,0.0001,0.0,1.148,0.0001,-0.0014,5.8802,0.0,-0.0001,0.0588,0.0225,0.0212,1200.926,0.0015,0.0014,12.0093,0.0025,0.0011,152.0324,0.0002,0.0001,1.5203,0.0,-0.002,0.2692,0.0,-0.0001,0.0027,0.0,-0.0018,0.2665,0.0,-0.0001,0.0027,e93a2b3,,18992fa,2026-09-04T19:21:08+00:00
24293,20.2351,0.0011,0.0001,0.0011,0.0002,-0.0009,16.2151,0.0,-0.0001,0.1622,0.0003,-0.0008,26.6144,0.0,-0.0001,0.2661,0.0024,0.0013,227.8957,0.0002,0.0001,2.279,0.0028,0.0017,256.1095,0.0002,0.0001,2.5611,0.0,-0.0011,1.7695,0.0,-0.0001,0.0177,0.0011,0.0,106.5973,0.0001,0.0,1.066,0.0,-0.0009,1.7503,0.0,-0.0001,0.0175,0.0025,0.0013,227.9462,0.0002,0.0001,2.2795,0.0012,0.0,100.8522,0.0001,0.0,1.0085,,,,,,,0.0,-0.0011,0.07,0.0,-0.0001,0.0007,e93a2b3,,18992fa,2026-09-04T19:21:08+00:00
24294,22.2897,0.0017,0.0001,0.0017,0.0005,-0.0012,28.5186,0.0,-0.0001,0.2852,0.0006,-0.001,38.8577,0.0,-0.0001,0.3886,0.0021,0.0004,128.9023,0.0001,0.0,1.289,0.0052,0.0035,323.2556,0.0003,0.0002,3.2326,0.0002,-0.0015,9.9496,0.0,-0.0001,0.0995,0.0016,-0.0001,94.5336,0.0001,-0.0,0.9453,0.0,-0.0016,0.4154,0.0,-0.0001,0.0042,0.0111,0.0094,666.5466,0.0007,0.0006,6.6655,0.0046,0.0029,286.4919,0.0003,0.0002,2.8649,0.0,-0.0017,0.0256,0.0,-0.0001,0.0003,0.0,-0.0014,0.0348,0.0,-0.0001,0.0003,e93a2b3,,18992fa,2026-09-04T19:21:08+00:00
24295,22.5224,0.0018,0.0001,0.0018,0.0004,-0.0014,21.7537,0.0,-0.0001,0.2175,0.001,-0.0008,58.08,0.0001,-0.0001,0.5808,0.002,0.0002,116.9682,0.0001,0.0,1.1697,0.0063,0.0045,390.4323,0.0004,0.0003,3.9043,0.0006,-0.0012,36.5916,0.0,-0.0001,0.3659,0.0022,0.0004,125.3033,0.0001,0.0,1.253,0.0001,-0.0016,5.7781,0.0,-0.0001,0.0578,0.0183,0.0166,1129.0342,0.0012,0.001,11.2903,0.0063,0.0045,392.6045,0.0004,0.0003,3.926,0.0,-0.0016,0.0437,0.0,-0.0001,0.0004,0.0,-0.0015,0.0712,0.0,-0.0001,0.0007,e93a2b3,,18992fa,2026-09-04T19:21:08+00:00
24296,23.9677,0.0015,0.0001,0.0015,0.0005,-0.0011,27.5082,0.0,-0.0001,0.2751,0.0011,-0.0005,66.6137,0.0001,-0.0,0.6661,0.0028,0.0012,220.4142,0.0002,0.0001,2.2041,0.0213,0.0197,1626.4465,0.0014,0.0013,16.2645,0.0042,0.0026,193.8322,0.0003,0.0002,1.9383,0.0017,0.0001,133.6911,0.0001,0.0,1.3369,0.0006,-0.0009,24.7768,0.0,-0.0001,0.2478,0.0488,0.0473,3184.8145,0.0032,0.0031,31.8481,0.0267,0.0252,1845.9528,0.0018,0.0017,18.4595,0.0,-0.0018,1.067,0.0,-0.0001,0.0107,0.0,-0.0015,0.5018,0.0,-0.0001,0.005,e93a2b3,,18992fa,2026-09-04T19:21:08+00:00
24297,25.1683,0.0016,0.0001,0.0016,0.0003,-0.0013,19.9149,0.0,-0.0001,0.1991,0.0018,0.0002,110.9121,0.0001,0.0,1.1091,0.0015,-0.0001,95.4535,0.0001,-0.0,0.9545,0.0235,0.022,1481.0469,0.0015,0.0014,14.8105,0.0183,0.0167,1134.7432,0.0011,0.001,11.3474,0.0016,0.0,102.1173,0.0001,0.0,1.0212,0.0014,-0.0002,85.651,0.0001,-0.0,0.8565,0.1288,0.1273,8096.0527,0.008,0.0079,80.9605,0.0187,0.0172,1182.7852,0.0012,0.0011,11.8279,0.0,-0.0016,0.0434,0.0,-0.0001,0.0004,0.0,-0.0016,0.16,0.0,-0.0001,0.0016,e93a2b3,,18992fa,2026-09-04T19:21:08+00:00
24298,26.3018,0.0035,0.0002,0.0035,0.0028,-0.0007,75.4301,0.0002,-0.0,0.7543,0.0007,-0.0028,20.0087,0.0,-0.0002,0.2001,0.0038,0.0003,109.5908,0.0002,0.0,1.0959,0.0461,0.0426,1545.1039,0.0029,0.0027,15.451,0.0308,0.0273,869.1625,0.0019,0.0017,8.6916,0.0029,-0.0006,107.8995,0.0002,-0.0,1.079,0.0028,-0.0007,67.334,0.0002,-0.0,0.6733,0.1303,0.1268,4763.4243,0.0083,0.0081,47.6343,0.0426,0.0391,1475.9932,0.0027,0.0025,14.7599,0.0001,-0.0034,1.3394,0.0,-0.0002,0.0134,0.0,-0.0035,0.3209,0.0,-0.0002,0.0032,e93a2b3,,18992fa,2026-09-04T19:21:08+00:00
24299,26.0325,0.0047,0.0003,0.0047,0.0013,-0.0034,24.229,0.0001,-0.0002,0.2423,0.0035,-0.0012,73.7502,0.0002,-0.0001,0.7375,0.0067,0.002,132.7279,0.0004,0.0001,1.3273,0.0519,0.0473,1278.7932,0.0032,0.003,12.7879,0.0582,0.0535,1303.7622,0.0036,0.0033,13.0376,0.0027,-0.0019,74.0132,0.0002,-0.0001,0.7401,0.0042,-0.0004,79.8006,0.0003,-0.0,0.798,0.1631,0.1585,4634.8989,0.0102,0.0099,46.349,0.0334,0.0288,828.8818,0.0021,0.0018,8.2888,0.0,-0.0051,0.1245,0.0,-0.0003,0.0012,0.0,-0.0047,0.3059,0.0,-0.0003,0.0031,e93a2b3,,18992fa,2026-09-04T19:21:08+00:00
24310,26.125,0.0038,0.0002,0.0038,0.001,-0.0028,26.48,0.0001,-0.0002,0.2648,0.0024,-0.0014,59.215,0.0001,-0.0001,0.5921,0.008,0.0042,212.0204,0.0005,0.0003,2.1202,0.0494,0.0456,1378.9915,0.0031,0.0028,13.7899,0.0502,0.0464,1357.5298,0.0031,0.0029,13.5753,0.0029,-0.0009,81.242,0.0002,-0.0001,0.8124,0.0035,-0.0003,86.5052,0.0002,-0.0,0.8651,0.1387,0.1349,3923.4639,0.0086,0.0084,39.2346,0.031,0.0272,869.7441,0.0019,0.0017,8.6974,0.0,-0.0038,0.9875,0.0,-0.0002,0.0099,0.0,-0.0038,0.785,0.0,-0.0002,0.0078,e93a2b3,,18992fa,2026-09-04T19:21:08+00:00
24321,25.8556,0.0046,0.0003,0.0046,0.0021,-0.0026,47.7208,0.0001,-0.0002,0.4772,0.0006,-0.004,9.8438,0.0,-0.0003,0.0984,0.0084,0.0038,200.0323,0.0005,0.0002,2.0003,0.0469,0.0422,1199.6345,0.0029,0.0026,11.9963,0.049,0.0443,1186.3159,0.003,0.0028,11.8632,0.0027,-0.002,73.8225,0.0002,-0.0001,0.7382,0.0039,-0.0008,70.3823,0.0002,-0.0,0.7038,0.1262,0.1216,3414.0042,0.0079,0.0076,34.14,0.037,0.0324,968.3292,0.0023,0.002,9.6833,0.0002,-0.0044,3.0274,0.0,-0.0003,0.0303,0.0001,-0.0048,0.809,0.0,-0.0003,0.0081,e93a2b3,,18992fa,2026-09-04T19:21:08+00:00
24322,32.9461,0.1438,0.0081,0.1438,0.1464,0.0026,94.5421,0.0083,0.0001,0.9454,0.105,-0.0388,73.3438,0.0059,-0.0022,0.7334,0.1238,-0.02,81.0363,0.007,-0.0012,0.8104,0.2128,0.0689,184.3158,0.0121,0.0039,1.8432,0.17,0.0262,181.3612,0.0097,0.0016,1.8136,0.1093,-0.0346,62.3642,0.0061,-0.002,0.6236,0.1277,-0.0161,105.3108,0.0073,-0.0009,1.0531,0.1908,0.0469,213.3413,0.0109,0.0028,2.1334,0.1944,0.0506,171.7099,0.0111,0.0029,1.7171,0.1537,0.0099,102.5335,0.0087,0.0005,1.0253,0.0555,-0.0883,33.7284,0.0031,-0.005,0.3373,e93a2b3,,18992fa,2026-09-04T19:21:08+00:00
24323,30.1932,0.1535,0.009,0.1535,0.1706,0.0171,101.3067,0.01,0.001,1.0131,0.0862,-0.0673,49.5697,0.005,-0.0039,0.4957,0.1477,-0.0058,111.7174,0.0086,-0.0003,1.1172,0.1901,0.0366,182.8702,0.0111,0.0022,1.8287,0.2187,0.0652,252.3864,0.0128,0.0039,2.5239,0.1027,-0.0508,56.5792,0.006,-0.003,0.5658,0.1098,-0.0437,75.6085,0.0064,-0.0026,0.7561,0.2225,0.069,377.3989,0.0131,0.0041,3.774,0.2223,0.0688,182.5311,0.013,0.004,1.8253,0.1463,-0.0072,83.8764,0.0086,-0.0004,0.8388,0.0453,-0.1082,24.0749,0.0026,-0.0063,0.2407,e93a2b3,,18992fa,2026-09-04T19:21:08+00:00
24324,32.8625,0.1532,0.009,0.1532,0.1474,-0.0058,94.5951,0.0087,-0.0003,0.946,0.0781,-0.075,50.18,0.0046,-0.0044,0.5018,0.1839,0.0308,127.6015,0.0108,0.0018,1.276,0.1846,0.0314,129.6642,0.0108,0.0019,1.2966,0.1903,0.0371,137.2119,0.0112,0.0022,1.3721,0.0978,-0.0554,55.2807,0.0057,-0.0033,0.5528,0.1197,-0.0334,80.3772,0.007,-0.002,0.8038,0.206,0.0528,157.1857,0.0121,0.0032,1.5719,0.1661,0.0129,113.7896,0.0097,0.0008,1.1379,0.1289,-0.0243,81.6453,0.0075,-0.0015,0.8165,0.0828,-0.0703,51.8881,0.0048,-0.0041,0.5189,e93a2b3,,18992fa,2026-09-04T19:21:08+00:00
24325,27.1917,0.0224,0.0014,0.0224,0.0209,-0.0015,88.7363,0.0013,-0.0001,0.8874,0.0105,-0.0119,30.2719,0.0007,-0.0007,0.3027,0.051,0.0286,274.4928,0.0032,0.0018,2.7449,0.0806,0.0582,855.5802,0.0051,0.0037,8.5558,0.0754,0.053,743.9847,0.0047,0.0033,7.4398,0.0044,-0.018,53.7057,0.0003,-0.0011,0.5371,0.0121,-0.0104,55.1865,0.0008,-0.0007,0.5519,0.1656,0.1432,2022.6119,0.0104,0.009,20.2261,0.069,0.0466,824.1713,0.0044,0.0029,8.2417,0.0052,-0.0172,12.4519,0.0003,-0.0011,0.1245,0.0005,-0.0219,1.7458,0.0,-0.0014,0.0175,e93a2b3,,18992fa,2026-09-04T19:21:08+00:00
24326,24.5534,0.0015,0.0001,0.0015,0.0013,-0.0002,84.7232,0.0001,-0.0,0.8472,0.0003,-0.0012,18.4824,0.0,-0.0001,0.1848,0.0021,0.0006,148.3678,0.0001,0.0,1.4837,0.0358,0.0343,2522.9595,0.0024,0.0023,25.2296,0.003,0.0015,163.0396,0.0002,0.0001,1.6304,0.002,0.0005,143.5495,0.0001,0.0,1.4355,0.0003,-0.0012,15.2351,0.0,-0.0001,0.1524,0.067,0.0655,4569.9116,0.0044,0.0043,45.6991,0.0591,0.0576,4055.4849,0.0039,0.0038,40.5548,0.0,-0.0015,1.4385,0.0,-0.0001,0.0144,0.0,-0.0015,0.297,0.0,-0.0001,0.003,e93a2b3,,18992fa,2026-09-04T19:21:08+00:00
24328,25.0889,0.0082,0.0005,0.0082,0.008,-0.0002,94.4987,0.0005,-0.0,0.945,0.0053,-0.0029,63.1283,0.0004,-0.0002,0.6313,0.026,0.0178,230.8125,0.0017,0.0012,2.3081,0.0614,0.0532,1815.7754,0.0041,0.0036,18.1578,0.0123,0.0041,103.7166,0.0008,0.0003,1.0372,0.0028,-0.0054,92.8129,0.0002,-0.0004,0.9281,0.0031,-0.0051,24.3872,0.0002,-0.0003,0.2439,0.0923,0.0841,2452.3342,0.0062,0.0056,24.5233,0.0616,0.0534,2093.5859,0.0041,0.0036,20.9359,0.0014,-0.007,4.6394,0.0001,-0.0005,0.0464,0.0,-0.0084,0.1803,0.0,-0.0006,0.0018,e93a2b3,,18992fa,2026-09-04T19:21:08+00:00
24329,28.1663,0.0409,0.0027,0.0409,0.0386,-0.0023,93.1189,0.0025,-0.0002,0.9312,0.0287,-0.0123,67.9563,0.0019,-0.0008,0.6796,0.1239,0.0829,341.844,0.0081,0.0054,3.4184,0.1279,0.0869,453.5774,0.0083,0.0057,4.5358,0.0627,0.0217,195.3228,0.0041,0.0014,1.9532,0.0041,-0.0369,17.5713,0.0003,-0.0024,0.1757,0.0168,-0.0241,38.196,0.0011,-0.0016,0.382,0.1776,0.1367,725.1799,0.0116,0.0089,7.2518,0.0875,0.0466,371.6298,0.0057,0.003,3.7163,0.0084,-0.0326,17.6038,0.0005,-0.0021,0.176,0.0001,-0.0408,0.1277,0.0,-0.0027,0.0013,e93a2b3,,18992fa,2026-09-04T19:21:08+00:00
24330,30.3101,0.031,0.0019,0.031,0.0161,-0.015,34.1651,0.001,-0.0009,0.3417,0.0293,-0.0017,86.7054,0.0018,-0.0001,0.8671,0.0095,-0.0215,45.9006,0.0006,-0.0013,0.459,0.0833,0.0523,454.8024,0.005,0.0032,4.548,0.1331,0.1021,853.6432,0.0081,0.0062,8.5364,0.0038,-0.0272,26.5601,0.0002,-0.0016,0.2656,0.0427,0.0117,155.2914,0.0026,0.0007,1.5529,0.1667,0.1357,1168.5154,0.0101,0.0082,11.6852,0.1016,0.0706,497.209,0.0061,0.0043,4.9721,0.0088,-0.0223,15.5828,0.0005,-0.0013,0.1558,0.0008,-0.0306,0.9353,0.0001,-0.0018,0.0094,e93a2b3,,18992fa,2026-09-04T19:21:08+00:00
24340,31.3302,0.1035,0.0059,0.1035,0.0969,-0.0066,89.4412,0.0055,-0.0004,0.8944,0.0644,-0.0391,63.0065,0.0037,-0.0022,0.6301,0.0661,-0.0373,58.1799,0.0037,-0.0022,0.5818,0.1748,0.0713,177.3443,0.01,0.0041,1.7734,0.1204,0.017,129.3361,0.0069,0.001,1.2934,0.0324,-0.0711,26.4721,0.0018,-0.0041,0.2647,0.1065,0.003,106.8775,0.0061,0.0002,1.0688,0.1442,0.0408,161.1513,0.0083,0.0024,1.6115,0.1643,0.0609,171.3684,0.0094,0.0035,1.7137,0.1194,0.0159,111.1284,0.0068,0.0009,1.1113,0.0276,-0.0759,22.6093,0.0016,-0.0043,0.2261,e93a2b3,,18992fa,2026-09-04T19:21:08+00:00
24350,22.4111,0.0004,0.0,0.0004,0.0049,0.0045,1358.7306,0.0003,0.0003,13.5873,0.0,-0.0004,5.0025,0.0,-0.0,0.05,0.0002,-0.0002,56.8286,0.0,-0.0,0.5683,0.0051,0.0047,1291.7056,0.0003,0.0003,12.9171,0.0,-0.0004,1.3626,0.0,-0.0,0.0136,0.0004,0.0,100.0,0.0,0.0,1.0,,,,,,,0.0012,0.0008,354.2598,0.0001,0.0001,3.5426,0.0143,0.0139,4144.2988,0.0009,0.0009,41.443,0.0,-0.0004,3.5719,0.0,-0.0,0.0357,,,,,,,e93a2b3,,18992fa,2026-09-04T19:21:08+00:00
24351,26.6131,0.0086,0.0005,0.0086,0.0077,-0.0009,140.2663,0.0005,-0.0001,1.4027,0.0053,-0.0033,41.9418,0.0003,-0.0002,0.4194,0.0041,-0.0045,68.8364,0.0002,-0.0003,0.6884,0.0447,0.0361,874.9055,0.0027,0.0022,8.7491,0.0273,0.0186,256.3755,0.0016,0.0011,2.5638,0.0029,-0.0057,81.7296,0.0002,-0.0003,0.8173,0.0102,0.0015,59.0636,0.0006,0.0001,0.5906,0.0649,0.0563,904.3322,0.0039,0.0034,9.0433,0.0433,0.0347,686.6924,0.0026,0.0021,6.8669,0.0064,-0.0022,46.8705,0.0004,-0.0001,0.4687,0.0,-0.0108,0.0845,0.0,-0.0007,0.0008,e93a2b3,,18992fa,2026-09-04T19:21:08+00:00
24352,28.5073,0.0535,0.0031,0.0535,0.0467,-0.0069,92.9432,0.0027,-0.0004,0.9294,0.0274,-0.0262,43.9278,0.0016,-0.0015,0.4393,0.0212,-0.0324,38.6111,0.0012,-0.0019,0.3861,0.1242,0.0707,465.2764,0.0073,0.0041,4.6528,0.0798,0.0263,227.6668,0.0047,0.0016,2.2767,0.0091,-0.0444,29.1472,0.0005,-0.0026,0.2915,0.0508,-0.0027,80.1831,0.003,-0.0002,0.8018,0.1079,0.0543,424.9489,0.0063,0.0032,4.2495,0.1249,0.0713,425.9802,0.0073,0.0042,4.2598,0.0679,0.0143,129.5891,0.004,0.0008,1.2959,0.0062,-0.0473,6.5461,0.0004,-0.0028,0.0655,e93a2b3,,18992fa,2026-09-04T19:21:08+00:00
24353,26.0258,0.0194,0.0011,0.0194,0.0196,0.0002,106.6451,0.0011,0.0,1.0665,0.0092,-0.0101,41.5037,0.0005,-0.0006,0.415,0.0083,-0.011,50.0287,0.0005,-0.0006,0.5003,0.0951,0.0757,628.8952,0.0055,0.0044,6.289,0.0379,0.0186,211.4801,0.0022,0.0011,2.1148,0.0052,-0.0141,36.1821,0.0003,-0.0008,0.3618,0.0092,-0.0102,43.8426,0.0005,-0.0006,0.4384,0.0637,0.0443,392.6719,0.0037,0.0026,3.9267,0.0777,0.0583,484.5411,0.0045,0.0034,4.8454,0.0499,0.0305,290.9086,0.0029,0.0017,2.9091,0.0001,-0.0193,0.251,0.0,-0.0011,0.0025,e93a2b3,,18992fa,2026-09-04T19:21:08+00:00
24354,27.0871,0.0257,0.0015,0.0257,0.023,-0.0027,85.8788,0.0013,-0.0002,0.8588,0.0135,-0.0122,48.556,0.0008,-0.0007,0.4856,0.0131,-0.0126,58.9932,0.0007,-0.0007,0.5899,0.1124,0.0867,529.6205,0.0064,0.0049,5.2962,0.0493,0.0236,221.6186,0.0028,0.0013,2.2162,0.0058,-0.0199,26.7293,0.0003,-0.0011,0.2673,0.0214,-0.0043,90.1273,0.0012,-0.0002,0.9013,0.0723,0.0466,327.6951,0.0041,0.0026,3.277,0.0903,0.0646,419.2059,0.0051,0.0037,4.1921,0.0678,0.0421,303.1179,0.0039,0.0024,3.0312,0.0001,-0.0256,0.3383,0.0,-0.0015,0.0034,e93a2b3,,18992fa,2026-09-04T19:21:08+00:00
24355,26.1801,0.0232,0.0013,0.0232,0.0146,-0.0085,61.7263,0.0008,-0.0005,0.6173,0.0046,-0.0185,20.1114,0.0003,-0.001,0.2011,0.0175,-0.0056,81.0531,0.001,-0.0003,0.8105,0.1072,0.084,540.581,0.006,0.0047,5.4058,0.054,0.0309,253.8719,0.003,0.0017,2.5387,0.0048,-0.0184,24.6493,0.0003,-0.001,0.2465,0.0232,0.0,100.0,0.0013,0.0,1.0,0.0579,0.0348,274.5988,0.0032,0.0019,2.746,0.0988,0.0756,485.5679,0.0055,0.0042,4.8557,0.056,0.0329,268.2443,0.0031,0.0018,2.6824,0.0004,-0.0227,0.7697,0.0,-0.0013,0.0077,e93a2b3,,18992fa,2026-09-04T19:21:08+00:00
24356,27.8547,0.0482,0.0027,0.0482,0.0368,-0.0115,70.7748,0.0021,-0.0006,0.7077,0.021,-0.0272,39.4961,0.0012,-0.0015,0.395,0.0272,-0.0211,60.2328,0.0015,-0.0012,0.6023,0.1258,0.0776,300.245,0.0071,0.0044,3.0025,0.0633,0.015,143.5446,0.0036,0.0008,1.4354,0.0074,-0.0408,16.8947,0.0004,-0.0023,0.1689,0.0481,-0.0001,99.7785,0.0027,-0.0,0.9978,0.083,0.0348,192.8923,0.0047,0.002,1.9289,0.1132,0.065,268.8525,0.0064,0.0037,2.6885,0.08,0.0317,181.2607,0.0045,0.0018,1.8126,0.0006,-0.0476,0.8586,0.0,-0.0027,0.0086,e93a2b3,,18992fa,2026-09-04T19:21:08+00:00
24357,29.176,0.0711,0.0039,0.0711,0.0668,-0.0044,87.6565,0.0037,-0.0002,0.8766,0.0305,-0.0406,39.0971,0.0017,-0.0023,0.391,0.0606,-0.0106,86.2873,0.0034,-0.0006,0.8629,0.1368,0.0657,221.279,0.0076,0.0036,2.2128,0.0896,0.0185,137.8575,0.005,0.001,1.3786,0.013,-0.0581,16.8619,0.0007,-0.0032,0.1686,0.0624,-0.0088,89.5465,0.0035,-0.0005,0.8955,0.0994,0.0283,156.9,0.0055,0.0016,1.569,0.1384,0.0673,221.5117,0.0077,0.0037,2.2151,0.1027,0.0315,155.4988,0.0057,0.0017,1.555,0.005,-0.0661,4.7617,0.0003,-0.0037,0.0476,e93a2b3,,18992fa,2026-09-04T19:21:08+00:00
24358,30.3507,0.0952,0.0052,0.0952,0.0979,0.0027,102.1476,0.0053,0.0002,1.0215,0.0439,-0.0513,46.1453,0.0024,-0.0028,0.4615,0.0793,-0.0158,83.479,0.0043,-0.0009,0.8348,0.1519,0.0567,166.4272,0.0083,0.0031,1.6643,0.1008,0.0056,109.7577,0.0055,0.0003,1.0976,0.0164,-0.0788,15.9127,0.0009,-0.0043,0.1591,0.0701,-0.025,73.9941,0.0038,-0.0014,0.7399,0.1132,0.0181,124.066,0.0062,0.001,1.2407,0.1474,0.0523,159.1971,0.008,0.0029,1.592,0.1282,0.033,137.3611,0.007,0.0018,1.3736,0.0067,-0.0884,6.2052,0.0004,-0.0048,0.0621,e93a2b3,,18992fa,2026-09-04T19:21:08+00:00
24359,30.8527,0.1038,0.0056,0.1038,0.1078,0.004,101.3503,0.0058,0.0002,1.0135,0.0446,-0.0592,42.9173,0.0024,-0.0032,0.4292,0.0953,-0.0085,91.2125,0.0051,-0.0005,0.9121,0.1682,0.0644,172.4786,0.009,0.0034,1.7248,0.1148,0.011,117.2257,0.0062,0.0006,1.1723,0.0326,-0.0711,26.3318,0.0018,-0.0038,0.2633,0.0833,-0.0204,80.8361,0.0045,-0.0011,0.8084,0.124,0.0202,126.5613,0.0066,0.0011,1.2656,0.1422,0.0385,143.5222,0.0076,0.0021,1.4352,0.1476,0.0438,149.0811,0.0079,0.0023,1.4908,0.0108,-0.093,8.3943,0.0006,-0.005,0.0839,e93a2b3,,18992fa,2026-09-04T19:21:08+00:00
24360,36.2134,0.1818,0.0097,0.1818,0.2175,0.0357,119.2754,0.0115,0.0019,1.1928,0.1533,-0.0285,82.6501,0.0081,-0.0015,0.8265,0.1713,-0.0105,94.5201,0.0091,-0.0005,0.9452,0.2248,0.043,124.2727,0.0119,0.0023,1.2427,0.1779,-0.0039,98.1848,0.0094,-0.0002,0.9818,0.2508,0.069,134.7062,0.0133,0.0037,1.3471,0.165,-0.0168,90.7457,0.0088,-0.0009,0.9075,0.1758,-0.006,96.9874,0.0093,-0.0003,0.9699,0.1994,0.0176,109.7968,0.0106,0.0009,1.098,0.2164,0.0346,119.4637,0.0115,0.0018,1.1946,0.0813,-0.1005,43.6278,0.0043,-0.0053,0.4363,e93a2b3,,18992fa,2026-09-04T19:21:08+00:00
24370,37.2913,0.1888,0.0096,0.1888,0.2487,0.0599,131.883,0.0127,0.0031,1.3188,0.175,-0.0138,91.6438,0.0089,-0.0007,0.9164,0.175,-0.0138,92.718,0.0089,-0.0007,0.9272,0.2099,0.0211,111.8266,0.0107,0.0011,1.1183,0.1873,-0.0016,99.56,0.0096,-0.0001,0.9956,0.2917,0.1029,152.7269,0.0149,0.0052,1.5273,0.1664,-0.0224,87.7335,0.0085,-0.0011,0.8773,0.1603,-0.0285,85.0833,0.0082,-0.0015,0.8508,0.1918,0.003,101.7737,0.0098,0.0002,1.0177,0.2159,0.0271,114.8451,0.011,0.0014,1.1485,0.0941,-0.0947,48.9746,0.0048,-0.0048,0.4897,e93a2b3,,18992fa,2026-09-04T19:21:08+00:00
24380,40.3704,0.1937,0.0092,0.1937,0.2241,0.0305,116.1543,0.0107,0.0015,1.1615,0.2159,0.0222,111.4747,0.0103,0.0011,1.1147,0.1884,-0.0053,97.2139,0.009,-0.0003,0.9721,0.1958,0.0021,101.2101,0.0093,0.0001,1.0121,0.1908,-0.0029,98.749,0.0091,-0.0001,0.9875,0.3156,0.1219,163.154,0.015,0.0058,1.6315,0.1528,-0.0409,78.9376,0.0073,-0.0019,0.7894,0.1609,-0.0327,82.943,0.0077,-0.0016,0.8294,0.1935,-0.0002,99.9161,0.0092,-0.0,0.9992,0.2186,0.0249,113.1242,0.0104,0.0012,1.1312,0.1555,-0.0381,79.8791,0.0074,-0.0018,0.7988,e93a2b3,,18992fa,2026-09-04T19:21:08+00:00
24390,38.6342,0.1842,0.0093,0.1842,0.2875,0.1033,156.1206,0.0145,0.0052,1.5612,0.1593,-0.0249,86.149,0.008,-0.0013,0.8615,0.1805,-0.0037,97.7945,0.0091,-0.0002,0.9779,0.2375,0.0532,129.0794,0.0119,0.0027,1.2908,0.1762,-0.008,95.8416,0.0089,-0.0004,0.9584,0.2482,0.064,134.3987,0.0125,0.0032,1.344,0.1194,-0.0648,64.637,0.006,-0.0033,0.6464,0.1412,-0.043,76.8501,0.0071,-0.0022,0.7685,0.1977,0.0135,107.5217,0.0099,0.0007,1.0752,0.2318,0.0476,125.9078,0.0117,0.0024,1.2591,0.1031,-0.0811,55.8962,0.0052,-0.0041,0.559,e93a2b3,,18992fa,2026-09-04T19:21:08+00:00
24410,37.6403,0.1713,0.0087,0.1713,0.2627,0.0914,153.2165,0.0133,0.0046,1.5322,0.1341,-0.0372,78.2176,0.0068,-0.0019,0.7822,0.1553,-0.016,90.5195,0.0079,-0.0008,0.9052,0.227,0.0557,132.4559,0.0115,0.0028,1.3246,0.1713,0.0,100.0,0.0087,0.0,1.0,0.2099,0.0386,122.321,0.0106,0.002,1.2232,0.1027,-0.0686,59.8829,0.0052,-0.0035,0.5988,0.1407,-0.0306,82.1704,0.0071,-0.0015,0.8217,0.1935,0.0222,112.9286,0.0098,0.0011,1.1293,0.2195,0.0482,128.0934,0.0111,0.0024,1.2809,0.09,-0.0813,52.4163,0.0046,-0.0041,0.5242,e93a2b3,,18992fa,2026-09-04T19:21:08+00:00
24420,44.3051,0.2451,0.0114,0.2451,0.2614,0.0163,108.2456,0.0122,0.0008,1.0825,0.2469,0.0017,102.8965,0.0115,0.0001,1.029,0.2502,0.005,100.412,0.0116,0.0002,1.0041,0.2215,-0.0237,95.3218,0.0103,-0.0011,0.9532,0.2241,-0.0211,86.1699,0.0104,-0.001,0.8617,0.3244,0.0793,132.5764,0.0151,0.0037,1.3258,0.213,-0.0322,85.2879,0.0099,-0.0015,0.8529,0.2546,0.0094,100.6733,0.0118,0.0004,1.0067,0.2289,-0.0162,93.5678,0.0106,-0.0008,0.9357,0.2526,0.0075,106.8063,0.0118,0.0004,1.0681,0.2579,0.0127,94.1683,0.0119,0.0005,0.9417,e93a2b3,,18992fa,2026-09-04T19:21:08+00:00
24431,39.677,0.1933,0.0097,0.1933,0.2832,0.0899,146.8099,0.0142,0.0045,1.4681,0.1744,-0.0189,89.8755,0.0087,-0.001,0.8988,0.1988,0.0055,102.6033,0.01,0.0003,1.026,0.2456,0.0523,127.816,0.0123,0.0026,1.2782,0.166,-0.0273,86.3299,0.0083,-0.0014,0.8633,0.2243,0.031,115.8582,0.0112,0.0016,1.1586,0.1414,-0.0519,72.8882,0.0071,-0.0026,0.7289,0.1365,-0.0568,70.957,0.0068,-0.0028,0.7096,0.1989,0.0056,103.7067,0.01,0.0003,1.0371,0.2389,0.0456,124.175,0.012,0.0023,1.2417,0.0937,-0.0996,48.3342,0.0047,-0.005,0.4833,e93a2b3,,18992fa,2026-09-04T19:21:08+00:00
24432,43.4819,0.2517,0.012,0.2517,0.2786,0.0269,112.9809,0.0133,0.0013,1.1298,0.2465,-0.0052,100.8186,0.0118,-0.0002,1.0082,0.2517,-0.0,98.7766,0.012,-0.0,0.9878,0.2421,-0.0096,102.7354,0.0116,-0.0004,1.0274,0.2129,-0.0388,78.1018,0.0101,-0.0019,0.781,0.3017,0.05,119.1358,0.0144,0.0024,1.1914,0.226,-0.0257,89.5954,0.0108,-0.0012,0.896,0.2492,-0.0025,97.2009,0.0119,-0.0001,0.972,0.2195,-0.0322,88.0911,0.0105,-0.0015,0.8809,0.2586,0.0069,108.0049,0.0124,0.0004,1.08,0.2139,-0.0378,71.3996,0.0101,-0.0019,0.714,e93a2b3,,18992fa,2026-09-04T19:21:08+00:00
24433,39.8786,0.1959,0.0097,0.1959,0.2537,0.0578,130.5949,0.0126,0.0029,1.3059,0.1941,-0.0019,98.2376,0.0096,-0.0001,0.9824,0.2013,0.0054,102.4515,0.01,0.0003,1.0245,0.2506,0.0547,130.975,0.0125,0.0027,1.3098,0.143,-0.0529,74.1906,0.0071,-0.0026,0.7419,0.2026,0.0067,102.6924,0.0101,0.0003,1.0269,0.1863,-0.0096,95.3191,0.0092,-0.0005,0.9532,0.1588,-0.0371,80.1744,0.0079,-0.0019,0.8017,0.1852,-0.0107,96.6751,0.0092,-0.0005,0.9668,0.2311,0.0352,119.7022,0.0115,0.0018,1.197,0.0823,-0.1136,40.7907,0.0041,-0.0057,0.4079,e93a2b3,,18992fa,2026-09-04T19:21:08+00:00
24434,49.7287,0.4185,0.02,0.4185,0.4537,0.0352,114.9133,0.0217,0.0017,1.1491,0.3621,-0.0564,89.186,0.0173,-0.0027,0.8919,0.4574,0.0389,104.3734,0.0218,0.0018,1.0437,0.3414,-0.0771,95.3347,0.0164,-0.0036,0.9533,0.465,0.0466,100.3698,0.0222,0.0022,1.0037,0.5131,0.0946,123.0156,0.0245,0.0045,1.2302,0.3945,-0.024,97.7369,0.0189,-0.0011,0.9774,0.4357,0.0172,100.8412,0.0208,0.0008,1.0084,0.3644,-0.0541,87.06,0.0174,-0.0026,0.8706,0.3651,-0.0534,96.9249,0.0175,-0.0025,0.9692,0.5008,0.0823,98.9475,0.0238,0.0038,0.9895,e93a2b3,,18992fa,2026-09-04T19:21:08+00:00
24435,42.316,0.2194,0.011,0.2194,0.2631,0.0437,122.8643,0.0132,0.0022,1.2286,0.1809,-0.0385,81.5565,0.009,-0.0019,0.8156,0.2072,-0.0121,86.998,0.0103,-0.0007,0.87,0.2746,0.0552,144.0755,0.0138,0.0029,1.4408,0.2265,0.0071,98.9087,0.0113,0.0003,0.9891,0.2538,0.0344,108.882,0.0127,0.0017,1.0888,0.2365,0.0172,113.3073,0.0119,0.0009,1.1331,0.1978,-0.0216,83.5696,0.0099,-0.0011,0.8357,0.2128,-0.0066,104.8181,0.0107,-0.0003,1.0482,0.2388,0.0194,120.7944,0.012,0.001,1.2079,0.161,-0.0584,55.3094,0.008,-0.003,0.5531,e93a2b3,,18992fa,2026-09-04T19:21:08+00:00
24436,43.0934,0.2336,0.0118,0.2336,0.2692,0.0356,117.0878,0.0136,0.0018,1.1709,0.1761,-0.0575,75.8904,0.0089,-0.0029,0.7589,0.2218,-0.0118,87.3962,0.0111,-0.0006,0.874,0.266,0.0324,130.6751,0.0135,0.0017,1.3068,0.2395,0.0059,99.5299,0.012,0.0003,0.9953,0.2845,0.0509,116.9235,0.0143,0.0025,1.1692,0.2343,0.0007,105.5163,0.0118,0.0001,1.0552,0.2115,-0.0221,82.3387,0.0106,-0.0012,0.8234,0.2103,-0.0233,99.3864,0.0107,-0.0011,0.9939,0.2409,0.0073,115.151,0.0122,0.0004,1.1515,0.1815,-0.0521,62.7943,0.009,-0.0027,0.6279,e93a2b3,,18992fa,2026-09-04T19:21:08+00:00
24437,37.203,0.1156,0.0062,0.1156,0.1155,-0.0001,99.352,0.0062,-0.0,0.9935,0.0759,-0.0397,69.0021,0.0041,-0.0021,0.69,0.0681,-0.0475,58.8643,0.0036,-0.0025,0.5886,0.2175,0.1019,220.287,0.0117,0.0055,2.2029,0.1195,0.0039,112.061,0.0064,0.0002,1.1206,0.1053,-0.0103,79.1774,0.0056,-0.0006,0.7918,0.1413,0.0257,134.1343,0.0076,0.0014,1.3413,0.0673,-0.0483,63.5989,0.0036,-0.0026,0.636,0.2022,0.0866,210.8244,0.0108,0.0047,2.1082,0.2122,0.0966,220.0977,0.0114,0.0052,2.201,0.0281,-0.0875,20.8649,0.0015,-0.0047,0.2086,e93a2b3,,18992fa,2026-09-04T19:21:08+00:00
24438,44.482,0.2915,0.0149,0.2915,0.3419,0.0505,115.7283,0.0174,0.0026,1.1573,0.2007,-0.0908,69.3763,0.0102,-0.0046,0.6938,0.2811,-0.0103,89.3254,0.0143,-0.0006,0.8933,0.3059,0.0144,125.54,0.0157,0.0008,1.2554,0.3042,0.0127,102.5221,0.0155,0.0006,1.0252,0.3811,0.0896,128.1636,0.0194,0.0046,1.2816,0.2722,-0.0193,100.2661,0.0139,-0.001,1.0027,0.2753,-0.0161,85.062,0.014,-0.0009,0.8506,0.2407,-0.0508,95.0118,0.0123,-0.0025,0.9501,0.3067,0.0152,121.8445,0.0157,0.0009,1.2184,0.2369,-0.0545,66.1032,0.012,-0.0029,0.661,e93a2b3,,18992fa,2026-09-04T19:21:08+00:00
24439,37.1324,0.1227,0.0067,0.1227,0.1182,-0.0046,99.5961,0.0064,-0.0002,0.996,0.0758,-0.047,60.2771,0.0041,-0.0026,0.6028,0.0755,-0.0473,58.0533,0.0041,-0.0026,0.5805,0.2445,0.1218,266.6717,0.0134,0.0067,2.6667,0.122,-0.0007,102.6467,0.0066,-0.0,1.0265,0.1399,0.0171,102.9265,0.0076,0.0009,1.0293,0.1464,0.0237,122.591,0.008,0.0013,1.2259,0.0801,-0.0427,66.8595,0.0044,-0.0023,0.6686,0.1996,0.0769,206.0345,0.0109,0.0042,2.0603,0.2313,0.1086,239.8509,0.0126,0.006,2.3985,0.0269,-0.0962,17.852,0.0015,-0.0052,0.1785,e93a2b3,,18992fa,2026-09-04T19:21:08+00:00
24440,41.1255,0.2338,0.0124,0.2338,0.2833,0.0495,113.5932,0.015,0.0026,1.1359,0.1775,-0.0563,73.2766,0.0094,-0.003,0.7328,0.2235,-0.0102,83.4692,0.0118,-0.0006,0.8347,0.3014,0.0676,152.6324,0.0161,0.0037,1.5263,0.2208,-0.013,96.6829,0.0117,-0.0007,0.9668,0.324,0.0902,129.6789,0.0172,0.0048,1.2968,0.2386,0.0049,108.7368,0.0127,0.0003,1.0874,0.2225,-0.0112,87.1928,0.0118,-0.0006,0.8719,0.223,-0.0108,109.4392,0.0119,-0.0005,1.0944,0.3088,0.0751,152.5936,0.0165,0.0041,1.5259,0.1638,-0.07,53.6804,0.0086,-0.0038,0.5368,e93a2b3,,18992fa,2026-09-04T19:21:08+00:00
24450,35.7478,0.1316,0.0074,0.1316,0.1286,-0.003,114.4104,0.0072,-0.0002,1.1441,0.0968,-0.0348,62.2989,0.0054,-0.002,0.623,0.1259,-0.0057,78.2328,0.007,-0.0003,0.7823,0.2467,0.1151,789.9513,0.014,0.0066,7.8995,0.1466,0.015,146.9215,0.0082,0.0009,1.4692,0.1634,0.0318,90.725,0.0091,0.0017,0.9072,0.1329,0.0005,86.2531,0.0074,0.0,0.8625,0.1335,0.0019,97.5423,0.0074,0.0001,0.9754,0.1517,0.0201,205.5233,0.0085,0.0012,2.0552,0.2263,0.0947,283.3258,0.0127,0.0054,2.8333,0.0721,-0.0605,26.0683,0.004,-0.0034,0.2607,e93a2b3,,18992fa,2026-09-04T19:21:08+00:00
24460,31.3101,0.0776,0.0046,0.0776,0.1114,0.0339,230.3514,0.0066,0.002,2.3035,0.049,-0.0286,53.6437,0.0029,-0.0017,0.5364,0.0727,-0.0049,88.2473,0.0043,-0.0003,0.8825,0.2068,0.1293,2062.7771,0.0123,0.0078,20.6278,0.1003,0.0227,248.6988,0.0059,0.0014,2.487,0.0805,0.0029,57.784,0.0047,0.0002,0.5778,0.0501,-0.0278,34.2873,0.0029,-0.0016,0.3429,0.0578,-0.0198,104.6016,0.0034,-0.0012,1.046,0.1303,0.0527,489.0658,0.0077,0.0032,4.8907,0.1375,0.06,245.8198,0.0081,0.0036,2.4582,0.0158,-0.0624,8.9068,0.0009,-0.0037,0.0891,e93a2b3,,18992fa,2026-09-04T19:21:08+00:00
24470,11.3319,0.0002,0.0,0.0002,0.0009,0.0008,521.3581,0.0001,0.0001,5.2136,,,,,,,,,,,,,0.0093,0.0091,5128.0317,0.0007,0.0006,51.2803,,,,,,,0.0,-0.0002,4.7378,0.0,-0.0,0.0474,,,,,,,0.0002,0.0,100.0,0.0,0.0,1.0,0.0,-0.0002,0.6824,0.0,-0.0,0.0068,,,,,,,,,,,,,e93a2b3,,18992fa,2026-09-04T19:21:08+00:00
24471,22.6571,0.0008,0.0001,0.0008,0.0015,0.0007,222.9959,0.0001,0.0,2.23,0.0002,-0.0007,23.1211,0.0,-0.0,0.2312,0.001,0.0002,141.0732,0.0001,0.0,1.4107,0.0373,0.0365,5504.1885,0.0023,0.0022,55.0419,0.0003,-0.0006,36.4962,0.0,-0.0,0.365,0.0003,-0.0005,51.8145,0.0,-0.0,0.5181,0.0,-0.0004,0.2626,0.0,-0.0,0.0026,0.002,0.0011,293.3228,0.0001,0.0001,2.9332,0.0181,0.0173,2693.458,0.0011,0.0011,26.9346,0.0001,-0.0008,9.7457,0.0,-0.0,0.0975,0.0,-0.0005,0.1318,0.0,-0.0,0.0013,e93a2b3,,18992fa,2026-09-04T19:21:08+00:00
24472,22.6637,0.0009,0.0001,0.0009,0.0043,0.0034,319.9962,0.0003,0.0002,3.2,0.0004,-0.0005,72.6788,0.0,-0.0,0.7268,0.0012,0.0003,170.1954,0.0001,0.0,1.702,0.0547,0.0538,6794.8711,0.0034,0.0033,67.9487,0.002,0.0011,95.2713,0.0001,0.0001,0.9527,0.0002,-0.0007,39.9505,0.0,-0.0,0.3995,0.0,-0.0012,0.8078,0.0,-0.0001,0.0081,0.0013,0.0004,203.2873,0.0001,0.0,2.0329,0.0175,0.0166,3380.8696,0.0011,0.001,33.8087,0.0028,0.0019,86.133,0.0002,0.0001,0.8613,0.0,-0.0015,0.2324,0.0,-0.0001,0.0023,e93a2b3,,18992fa,2026-09-04T19:21:08+00:00
24473,19.881,0.0003,0.0,0.0003,0.0003,-0.0,129.8417,0.0,-0.0,1.2984,0.0003,-0.0,131.5879,0.0,-0.0,1.3159,0.0006,0.0002,188.5822,0.0,0.0,1.8858,0.0151,0.0148,6760.9673,0.001,0.0009,67.6097,0.0,-0.0003,2.3287,0.0,-0.0,0.0233,0.0002,-0.0001,65.0177,0.0,-0.0,0.6502,0.0,-0.0002,3.0297,0.0,-0.0,0.0303,0.0009,0.0006,329.9375,0.0001,0.0,3.2994,0.0177,0.0174,7197.6704,0.0011,0.0011,71.9767,0.0,-0.0003,0.8892,0.0,-0.0,0.0089,0.0,-0.0002,0.7917,0.0,-0.0,0.0079,e93a2b3,,18992fa,2026-09-04T19:21:08+00:00
24474,20.3073,0.0002,0.0,0.0002,0.0003,0.0001,170.6211,0.0,0.0,1.7062,0.0002,0.0,100.0875,0.0,0.0,1.0009,0.0001,-0.0001,57.7476,0.0,-0.0,0.5775,0.0353,0.0351,21990.9824,0.0023,0.0023,219.9098,0.0001,-0.0001,33.8685,0.0,-0.0,0.3387,0.0003,0.0001,123.3853,0.0,0.0,1.2339,0.0007,0.0005,252.2778,0.0,0.0,2.5228,0.0004,0.0002,283.8856,0.0,0.0,2.8389,0.0226,0.0224,15824.75,0.0015,0.0015,158.2476,0.0,-0.0002,1.1977,0.0,-0.0,0.012,0.0,-0.0002,1.3557,0.0,-0.0,0.0136,e93a2b3,,18992fa,2026-09-04T19:21:08+00:00
24475,19.1326,0.0004,0.0,0.0004,0.0004,-0.0001,107.7651,0.0,-0.0,1.0777,0.0,-0.0004,21.1454,0.0,-0.0,0.2115,0.0001,-0.0002,69.4186,0.0,-0.0,0.6942,0.0213,0.0209,10034.668,0.0014,0.0014,100.3467,0.0,-0.0003,19.1462,0.0,-0.0,0.1915,0.0004,-0.0,123.9498,0.0,-0.0,1.2395,0.0006,0.0002,178.5335,0.0,0.0,1.7853,0.0014,0.001,523.6025,0.0001,0.0001,5.236,0.0114,0.011,6865.335,0.0008,0.0007,68.6533,0.0,-0.0003,0.6145,0.0,-0.0,0.0061,0.0,-0.0003,2.4558,0.0,-0.0,0.0246,e93a2b3,,18992fa,2026-09-04T19:21:08+00:00
24476,14.9124,0.0008,0.0001,0.0008,0.0013,0.0005,167.4322,0.0001,0.0,1.6743,0.0,-0.0007,0.2001,0.0,-0.0,0.002,,,,,,,0.0074,0.0065,1028.4347,0.0005,0.0004,10.2843,0.0,-0.0006,0.1565,0.0,-0.0,0.0016,0.0002,-0.0006,31.9719,0.0,-0.0,0.3197,0.0,-0.0005,2.0592,0.0,-0.0,0.0206,0.0027,0.0019,386.8509,0.0002,0.0001,3.8685,0.0005,-0.0003,82.0272,0.0,-0.0,0.8203,,,,,,,0.0,-0.0007,1.1883,0.0,-0.0001,0.0119,e93a2b3,,18992fa,2026-09-04T19:21:08+00:00
24477,12.5571,0.0005,0.0,0.0005,0.0017,0.0013,525.4824,0.0001,0.0001,5.2548,0.0,-0.0002,1.9565,0.0,-0.0,0.0196,,,,,,,0.0068,0.0063,2198.3254,0.0005,0.0004,21.9833,,,,,,,0.0002,-0.0003,49.0912,0.0,-0.0,0.4909,,,,,,,0.0008,0.0003,198.3124,0.0001,0.0,1.9831,0.0,-0.0004,3.3994,0.0,-0.0,0.034,,,,,,,0.0,-0.0005,1.8589,0.0,-0.0,0.0186,e93a2b3,,18992fa,2026-09-04T19:21:08+00:00
24478,17.2654,0.0005,0.0,0.0005,0.0008,0.0003,271.4587,0.0001,0.0,2.7146,0.0,-0.0005,12.8829,0.0,-0.0,0.1288,0.0,-0.0005,5.843,0.0,-0.0,0.0584,0.019,0.0185,7011.6929,0.0013,0.0012,70.1169,0.0,-0.0005,1.7762,0.0,-0.0,0.0178,0.0005,0.0,184.1737,0.0,0.0,1.8417,0.0005,0.0001,118.506,0.0,0.0,1.1851,0.001,0.0004,314.6195,0.0001,0.0,3.1462,0.0096,0.009,2804.2935,0.0006,0.0006,28.0429,0.0,-0.0004,0.6363,0.0,-0.0,0.0064,0.0,-0.0005,4.6873,0.0,-0.0,0.0469,e93a2b3,,18992fa,2026-09-04T19:21:08+00:00
24479,14.9291,0.0002,0.0,0.0002,0.0003,0.0001,190.905,0.0,0.0,1.9091,0.0,-0.0002,22.4402,0.0,-0.0,0.2244,0.0,-0.0002,5.26,0.0,-0.0,0.0526,0.0162,0.016,9198.4902,0.0011,0.0011,91.9849,0.0,-0.0003,1.436,0.0,-0.0,0.0144,0.0002,0.0,94.3539,0.0,0.0,0.9435,0.0006,0.0003,255.6177,0.0,0.0,2.5562,0.0003,0.0,135.4333,0.0,0.0,1.3543,0.0104,0.0102,6779.5981,0.0007,0.0007,67.796,0.0,-0.0002,0.7777,0.0,-0.0,0.0078,0.0,-0.0002,7.9194,0.0,-0.0,0.0792,e93a2b3,,18992fa,2026-09-04T19:21:08+00:00
24480,23.5768,0.0367,0.0022,0.0367,0.0559,0.0192,1015.4179,0.0033,0.0012,10.1542,0.0283,-0.0085,380.0157,0.0017,-0.0005,3.8002,0.04,0.0021,73.1133,0.0023,0.0001,0.7311,0.1231,0.0864,23352.5742,0.0075,0.0053,233.5256,0.0534,0.0097,181.2823,0.0032,0.0006,1.8128,0.0454,0.0078,34.1083,0.0027,0.0004,0.3411,0.0328,-0.0106,71.651,0.0019,-0.0006,0.7165,0.0303,-0.0064,257.275,0.0018,-0.0004,2.5728,0.0684,0.0317,12657.0654,0.0041,0.002,126.5704,0.0641,0.0202,138.4878,0.0038,0.0012,1.3849,0.0218,-0.0219,12.849,0.0013,-0.0013,0.1285,e93a2b3,,18992fa,2026-09-04T19:21:08+00:00
24490,15.134,0.0002,0.0,0.0002,0.0016,0.0014,3015.3955,0.0001,0.0001,30.154,0.0,-0.0001,54.0546,0.0,-0.0,0.5405,0.0,-0.0002,15.5989,0.0,-0.0,0.156,0.0151,0.0149,30514.8691,0.001,0.001,305.1487,0.0,-0.0,2.9947,0.0,-0.0,0.0299,0.0,-0.0002,6.9343,0.0,-0.0,0.0693,0.0,-0.0001,12.0871,0.0,-0.0,0.1209,0.0003,0.0001,576.0786,0.0,0.0,5.7608,0.0166,0.0164,23545.5918,0.0011,0.0011,235.4559,0.0,-0.0001,1.4512,0.0,-0.0,0.0145,0.0,-0.0001,1.551,0.0,-0.0,0.0155,e93a2b3,,18992fa,2026-09-04T19:21:08+00:00
24500,17.387,0.0003,0.0,0.0003,0.0002,-0.0001,71.0716,0.0,-0.0,0.7107,0.0,-0.0002,2.0551,0.0,-0.0,0.0206,0.0001,-0.0001,59.9603,0.0,-0.0,0.5996,0.0038,0.0036,1860.0532,0.0003,0.0002,18.6005,0.0,-0.0002,2.8639,0.0,-0.0,0.0286,0.0004,0.0001,182.2239,0.0,0.0,1.8222,0.0001,-0.0001,63.3391,0.0,-0.0,0.6334,0.0011,0.0008,494.31,0.0001,0.0001,4.9431,0.0075,0.0072,3291.3926,0.0005,0.0005,32.9139,,,,,,,,,,,,,e93a2b3,,18992fa,2026-09-04T19:21:08+00:00
25101,16.523,0.0003,0.0,0.0003,0.002,0.0017,784.011,0.0001,0.0001,7.8401,0.0001,-0.0002,23.7591,0.0,-0.0,0.2376,0.0,-0.0003,4.4881,0.0,-0.0,0.0449,0.0168,0.0165,6737.417,0.0011,0.001,67.3742,,,,,,,0.0,-0.0002,0.6026,0.0,-0.0,0.006,,,,,,,0.0003,0.0001,133.4453,0.0,0.0,1.3345,0.0086,0.0083,3254.9839,0.0005,0.0005,32.5498,0.0,-0.0003,0.1891,0.0,-0.0,0.0019,,,,,,,e93a2b3,,18992fa,2026-09-04T19:21:08+00:00
25102,40.3496,0.2698,0.0158,0.2698,0.2837,0.0139,206.5263,0.0167,0.0008,2.0653,0.2352,-0.0347,82.9162,0.0138,-0.002,0.8292,0.2784,0.0085,93.12,0.0163,0.0005,0.9312,0.341,0.0711,2227.6133,0.0201,0.0043,22.2761,0.2883,0.0165,278.5085,0.0169,0.001,2.7851,0.3516,0.0802,111.0165,0.0206,0.0047,1.1102,0.2585,-0.0211,82.481,0.0152,-0.0012,0.8248,0.2421,-0.0277,89.3701,0.0141,-0.0017,0.8937,0.2917,0.0219,552.5786,0.0172,0.0014,5.5258,0.2993,0.0287,165.8363,0.0176,0.0017,1.6584,0.2497,-0.0237,65.9488,0.0146,-0.0015,0.6595,e93a2b3,,18992fa,2026-09-04T19:21:08+00:00
25103,24.7548,0.0263,0.0016,0.0263,0.043,0.0168,1740.2275,0.0027,0.001,17.4023,0.0143,-0.012,46.5314,0.0009,-0.0007,0.4653,0.0101,-0.0162,50.1615,0.0006,-0.001,0.5016,0.2016,0.1753,44946.3477,0.0125,0.0109,449.4634,0.1052,0.0741,2085.7336,0.0065,0.0046,20.8573,0.0263,-0.0042,22.5126,0.0016,-0.0003,0.2251,0.0339,-0.0004,57.8945,0.0021,-0.0,0.5789,0.0133,-0.013,145.4803,0.0008,-0.0008,1.4548,0.1073,0.081,5512.0869,0.0067,0.005,55.1209,0.0618,0.0345,367.271,0.0038,0.0021,3.6727,0.0047,-0.0347,10.5956,0.0003,-0.0021,0.106,e93a2b3,,18992fa,2026-09-04T19:21:08+00:00
25104,41.5542,0.3515,0.0213,0.3515,0.3615,0.01,103.9793,0.0219,0.0006,1.0398,0.3007,-0.0508,78.6513,0.0182,-0.0031,0.7865,0.2826,-0.0689,73.965,0.0171,-0.0042,0.7397,0.4204,0.0689,174.8267,0.0255,0.0042,1.7483,0.3451,-0.0064,120.1467,0.0209,-0.0004,1.2015,0.4652,0.1137,132.1843,0.0282,0.0069,1.3218,0.3605,0.009,102.9773,0.0218,0.0006,1.0298,0.2303,-0.1211,56.6974,0.0139,-0.0074,0.567,0.3971,0.0456,143.1928,0.0241,0.0028,1.4319,0.4369,0.0855,140.292,0.0265,0.0052,1.4029,0.2365,-0.115,56.2605,0.0143,-0.007,0.5626,e93a2b3,,18992fa,2026-09-04T19:21:08+00:00
25105,38.2211,0.2541,0.0156,0.2541,0.2699,0.0158,1004.4274,0.0166,0.001,10.0443,0.2423,-0.0203,69.6537,0.0149,-0.0013,0.6965,0.198,-0.0561,74.6992,0.0122,-0.0035,0.747,0.3679,0.1138,15321.6006,0.0228,0.0071,153.216,0.2725,0.0077,439.5054,0.0168,0.0005,4.3951,0.3973,0.1232,110.0012,0.0244,0.0076,1.1,0.2839,0.0024,90.8951,0.0175,0.0002,0.909,0.1699,-0.0842,66.8753,0.0104,-0.0052,0.6688,0.3103,0.0562,1831.776,0.0191,0.0035,18.3178,0.3573,0.099,247.1909,0.022,0.0061,2.4719,0.1752,-0.0831,57.8989,0.0108,-0.0051,0.579,e93a2b3,,18992fa,2026-09-04T19:21:08+00:00
25106,44.2663,0.4059,0.0253,0.4059,0.4439,0.038,221.9305,0.0276,0.0024,2.2193,0.4013,-0.0046,87.3687,0.0249,-0.0003,0.8737,0.3089,-0.0969,70.36,0.0192,-0.006,0.7036,0.4701,0.0643,1382.5715,0.0293,0.004,13.8257,0.3758,-0.0301,221.7523,0.0234,-0.0019,2.2175,0.6057,0.1999,139.6662,0.0377,0.0124,1.3967,0.3942,-0.0117,92.4685,0.0245,-0.0007,0.9247,0.2832,-0.1227,67.8046,0.0176,-0.0076,0.678,0.4789,0.073,321.0276,0.0298,0.0046,3.2103,0.5418,0.1359,166.3284,0.0337,0.0085,1.6633,0.2871,-0.1187,61.322,0.0178,-0.0074,0.6132,e93a2b3,,18992fa,2026-09-04T19:21:08+00:00
25107,38.5304,0.4943,0.0293,0.4943,0.5974,0.1025,502.663,0.0357,0.0063,5.0266,0.5005,0.0041,107.1687,0.0297,0.0003,1.0717,0.5335,0.0158,81.7306,0.0315,0.0008,0.8173,0.5399,0.0456,3570.3149,0.0321,0.0028,35.7031,0.4528,-0.0444,105.9132,0.0267,-0.0027,1.0591,0.6931,0.1964,140.4927,0.0411,0.0116,1.4049,0.3931,-0.1325,58.6724,0.0233,-0.0079,0.5867,0.5629,0.0686,133.5266,0.0332,0.0038,1.3353,0.481,-0.0133,622.196,0.0286,-0.0007,6.222,0.5151,0.0067,97.7868,0.0307,0.0006,0.9779,0.4511,-0.0472,81.0446,0.0266,-0.003,0.8104,e93a2b3,,18992fa,2026-09-04T19:21:08+00:00
25108,44.3061,0.4572,0.0241,0.4572,0.5025,0.0453,106.668,0.0265,0.0024,1.0667,0.3717,-0.0855,87.0082,0.0196,-0.0045,0.8701,0.5724,0.1152,121.9138,0.0302,0.0061,1.2191,0.4297,-0.0274,118.8096,0.0227,-0.0014,1.1881,0.3882,-0.069,81.0896,0.0205,-0.0037,0.8109,0.7514,0.2942,179.1888,0.0397,0.0155,1.7919,0.3455,-0.1117,73.1473,0.0182,-0.0059,0.7315,0.6429,0.1857,148.3935,0.0339,0.0098,1.4839,0.4169,-0.0403,108.5834,0.022,-0.0021,1.0858,0.4271,-0.0301,92.6111,0.0225,-0.0016,0.9261,0.4982,0.041,103.6945,0.0263,0.0022,1.0369,e93a2b3,,18992fa,2026-09-04T19:21:08+00:00
25109,45.3555,0.5614,0.0272,0.5614,0.587,0.0257,100.3309,0.0285,0.0013,1.0033,0.4281,-0.1333,73.3852,0.0208,-0.0065,0.7339,0.6597,0.0983,116.5015,0.032,0.0048,1.165,0.3883,-0.173,117.7138,0.0189,-0.0083,1.1771,0.6361,0.0748,112.8382,0.0307,0.0035,1.1284,0.8097,0.2483,163.569,0.0393,0.0121,1.6357,0.4187,-0.1426,64.1183,0.0203,-0.0069,0.6412,0.6448,0.0834,113.1902,0.0314,0.0042,1.1319,0.4788,-0.0826,124.7655,0.0232,-0.004,1.2477,0.4818,-0.0796,94.5017,0.0233,-0.0039,0.945,0.692,0.1268,110.6632,0.0335,0.006,1.1066,e93a2b3,,18992fa,2026-09-04T19:21:08+00:00
25210,47.6647,0.2922,0.0125,0.2922,0.269,-0.0232,91.535,0.0116,-0.001,0.9154,0.2607,-0.0315,89.6839,0.0112,-0.0013,0.8968,0.3254,0.0332,112.766,0.0139,0.0014,1.1277,0.243,-0.0492,88.4441,0.0104,-0.0021,0.8844,0.2721,-0.0201,88.0703,0.0117,-0.0008,0.8807,0.3988,0.1066,142.5191,0.0171,0.0046,1.4252,0.2563,-0.0359,84.3842,0.011,-0.0015,0.8438,0.3228,0.0307,109.8686,0.0138,0.0013,1.0987,0.2938,0.0017,101.3169,0.0126,0.0001,1.0132,0.2855,-0.0066,100.4689,0.0122,-0.0003,1.0047,0.3568,0.0646,114.74,0.0153,0.0028,1.1474,e93a2b3,,18992fa,2026-09-04T19:21:08+00:00
25220,39.4047,0.1575,0.007,0.1575,0.153,-0.0046,96.8607,0.0068,-0.0002,0.9686,0.1528,-0.0047,96.3859,0.0068,-0.0002,0.9639,0.1789,0.0214,114.6771,0.0079,0.0009,1.1468,0.1625,0.005,103.4666,0.0072,0.0002,1.0347,0.1328,-0.0247,84.5956,0.0059,-0.0011,0.846,0.263,0.1055,168.3279,0.0117,0.0047,1.6833,0.115,-0.0425,72.9104,0.0051,-0.0019,0.7291,0.1506,-0.0069,95.6148,0.0067,-0.0003,0.9561,0.1581,0.0006,100.6892,0.007,0.0,1.0069,0.1653,0.0078,104.6526,0.0074,0.0003,1.0465,0.1561,-0.0015,99.3782,0.0069,-0.0001,0.9938,e93a2b3,,18992fa,2026-09-04T19:21:08+00:00
25230,42.5616,0.1473,0.0064,0.1473,0.12,-0.0273,80.8978,0.0052,-0.0012,0.809,0.1178,-0.0295,79.7345,0.0051,-0.0013,0.7973,0.2099,0.0626,143.3112,0.0091,0.0027,1.4331,0.1541,0.0068,105.26,0.0067,0.0003,1.0526,0.1293,-0.018,88.0626,0.0056,-0.0008,0.8806,0.25,0.1028,170.8967,0.0109,0.0045,1.709,0.126,-0.0213,85.4487,0.0055,-0.0009,0.8545,0.1887,0.0414,128.923,0.0082,0.0018,1.2892,0.1475,0.0002,100.4855,0.0064,0.0,1.0049,0.1516,0.0043,102.8369,0.0066,0.0002,1.0284,0.1444,-0.0029,97.0051,0.0063,-0.0001,0.9701,e93a2b3,,18992fa,2026-09-04T19:21:08+00:00
25240,40.1041,0.1604,0.0073,0.1604,0.1473,-0.0131,91.8449,0.0067,-0.0006,0.9184,0.1462,-0.0142,91.0642,0.0066,-0.0006,0.9106,0.1846,0.0241,115.5507,0.0084,0.0011,1.1555,0.1546,-0.0058,96.3797,0.007,-0.0003,0.9638,0.1624,0.002,101.1253,0.0074,0.0001,1.0113,0.2879,0.1275,180.0803,0.0131,0.0058,1.8008,0.1191,-0.0413,73.9219,0.0054,-0.0019,0.7392,0.1649,0.0045,102.887,0.0075,0.0002,1.0289,0.1678,0.0074,104.5442,0.0076,0.0003,1.0454,0.1568,-0.0036,97.6878,0.0071,-0.0002,0.9769,0.1633,0.0029,101.9078,0.0074,0.0001,1.0191,e93a2b3,,18992fa,2026-09-04T19:21:08+00:00
25251,45.663,0.1689,0.0077,0.1689,0.126,-0.043,74.4961,0.0058,-0.002,0.745,0.1391,-0.0299,82.3343,0.0064,-0.0014,0.8233,0.2233,0.0544,132.476,0.0102,0.0025,1.3248,0.1549,-0.014,91.8434,0.0071,-0.0006,0.9184,0.1612,-0.0078,95.5919,0.0074,-0.0004,0.9559,0.2547,0.0857,151.1506,0.0117,0.0039,1.5115,0.1665,-0.0025,98.4567,0.0076,-0.0001,0.9846,0.2134,0.0445,126.6182,0.0098,0.002,1.2662,0.1594,-0.0095,94.418,0.0073,-0.0004,0.9442,0.1965,0.0276,116.7508,0.009,0.0013,1.1675,0.1628,-0.0061,95.8008,0.0074,-0.0003,0.958,e93a2b3,,18992fa,2026-09-04T19:21:08+00:00
25252,44.4192,0.1662,0.0079,0.1662,0.1397,-0.0265,83.8683,0.0067,-0.0013,0.8387,0.1419,-0.0243,85.1923,0.0068,-0.0012,0.8519,0.2018,0.0355,121.438,0.0096,0.0017,1.2144,0.1577,-0.0086,95.0032,0.0075,-0.0004,0.95,0.1721,0.0059,103.616,0.0082,0.0003,1.0362,0.2768,0.1106,166.4713,0.0132,0.0053,1.6647,0.1531,-0.0132,91.9204,0.0073,-0.0006,0.9192,0.1924,0.0262,116.0687,0.0092,0.0013,1.1607,0.1673,0.001,100.3645,0.008,0.0,1.0036,0.1813,0.0151,109.5884,0.0087,0.0007,1.0959,0.1451,-0.0211,86.9072,0.0069,-0.001,0.8691,e93a2b3,,18992fa,2026-09-04T19:21:08+00:00
25253,47.2324,0.2115,0.0104,0.2115,0.2002,-0.0113,93.9024,0.0099,-0.0006,0.939,0.2084,-0.0031,97.8573,0.0103,-0.0001,0.9786,0.2258,0.0143,107.3458,0.0111,0.0007,1.0735,0.2154,0.0039,101.724,0.0106,0.0002,1.0172,0.2218,0.0103,105.3477,0.0109,0.0005,1.0535,0.3421,0.1306,162.4312,0.0169,0.0064,1.6243,0.1519,-0.0596,72.854,0.0075,-0.0029,0.7285,0.2104,-0.0011,100.9651,0.0104,-0.0001,1.0097,0.2134,0.0019,100.4535,0.0105,0.0001,1.0045,0.2001,-0.0114,96.1412,0.0099,-0.0006,0.9614,0.1852,-0.0263,87.5008,0.0091,-0.0013,0.875,e93a2b3,,18992fa,2026-09-04T19:21:08+00:00
25254,44.7506,0.2077,0.0101,0.2077,0.2135,0.0058,102.5712,0.0104,0.0003,1.0257,0.2028,-0.0049,97.4308,0.0098,-0.0002,0.9743,0.2253,0.0176,109.124,0.0109,0.0008,1.0912,0.2026,-0.0051,97.383,0.0098,-0.0002,0.9738,0.2105,0.0028,101.5393,0.0102,0.0001,1.0154,0.3447,0.137,166.4802,0.0167,0.0066,1.6648,0.1745,-0.0332,84.7459,0.0085,-0.0016,0.8475,0.2136,0.0059,103.2775,0.0104,0.0003,1.0328,0.2188,0.0111,105.443,0.0106,0.0005,1.0544,0.1905,-0.0172,92.0719,0.0092,-0.0008,0.9207,0.1753,-0.0324,84.7823,0.0085,-0.0016,0.8478,e93a2b3,,18992fa,2026-09-04T19:21:08+00:00
25255,44.7065,0.2123,0.0102,0.2123,0.2247,0.0124,106.0977,0.0108,0.0006,1.061,0.2251,0.0128,106.0101,0.0108,0.0006,1.0601,0.2057,-0.0066,96.5574,0.0099,-0.0003,0.9656,0.2077,-0.0046,97.7794,0.01,-0.0002,0.9778,0.2052,-0.0071,96.9473,0.0099,-0.0003,0.9695,0.3459,0.1336,162.91,0.0166,0.0064,1.6291,0.1826,-0.0297,85.8362,0.0088,-0.0014,0.8584,0.2136,0.0013,100.706,0.0103,0.0001,1.0071,0.2294,0.0171,108.1713,0.011,0.0008,1.0817,0.1927,-0.0196,90.9906,0.0093,-0.0009,0.9099,0.1754,-0.0369,82.1598,0.0084,-0.0018,0.8216,e93a2b3,,18992fa,2026-09-04T19:21:08+00:00
25256,43.6285,0.2101,0.0099,0.2101,0.2012,-0.0089,95.6154,0.0094,-0.0004,0.9562,0.2086,-0.0015,98.9438,0.0098,-0.0001,0.9894,0.2205,0.0104,104.9136,0.0103,0.0005,1.0491,0.203,-0.0071,96.4887,0.0095,-0.0003,0.9649,0.2037,-0.0064,97.4366,0.0096,-0.0003,0.9744,0.3563,0.1462,170.3358,0.0167,0.0069,1.7034,0.1853,-0.0248,87.7911,0.0087,-0.0012,0.8779,0.2172,0.0071,103.6822,0.0102,0.0003,1.0368,0.2274,0.0173,108.1548,0.0107,0.0008,1.0815,0.2007,-0.0094,96.1779,0.0094,-0.0004,0.9618,0.2037,-0.0064,96.3538,0.0095,-0.0003,0.9635,e93a2b3,,18992fa,2026-09-04T19:21:08+00:00
25257,43.2411,0.2018,0.0097,0.2018,0.2209,0.0191,110.1116,0.0106,0.0009,1.1011,0.233,0.0312,115.4717,0.0112,0.0015,1.1547,0.1702,-0.0317,83.9508,0.0082,-0.0015,0.8395,0.1981,-0.0037,98.2956,0.0095,-0.0002,0.983,0.2044,0.0026,101.9079,0.0098,0.0001,1.0191,0.3434,0.1416,170.2198,0.0165,0.0068,1.7022,0.1839,-0.0179,90.8297,0.0088,-0.0009,0.9083,0.1982,-0.0036,97.9233,0.0095,-0.0002,0.9792,0.2221,0.0203,110.5921,0.0107,0.001,1.1059,0.2048,0.003,101.2995,0.0098,0.0001,1.013,0.1365,-0.0653,66.8305,0.0066,-0.0031,0.6683,e93a2b3,,18992fa,2026-09-04T19:21:08+00:00
25258,40.8559,0.1763,0.0086,0.1763,0.1994,0.0231,113.6071,0.0098,0.0011,1.1361,0.1864,0.0101,104.2333,0.0091,0.0005,1.0423,0.1384,-0.038,77.2929,0.0068,-0.0019,0.7729,0.1687,-0.0077,95.4614,0.0083,-0.0004,0.9546,0.1807,0.0043,103.0848,0.0088,0.0002,1.0308,0.2897,0.1133,163.7189,0.0142,0.0055,1.6372,0.1583,-0.0181,89.1397,0.0077,-0.0009,0.8914,0.1728,-0.0035,98.0553,0.0085,-0.0002,0.9806,0.1805,0.0041,102.4392,0.0088,0.0002,1.0244,0.1929,0.0166,109.4596,0.0094,0.0008,1.0946,0.1029,-0.0734,56.6824,0.005,-0.0036,0.5668,e93a2b3,,18992fa,2026-09-04T19:21:08+00:00
25259,38.6143,0.1566,0.0079,0.1566,0.176,0.0193,112.3331,0.0089,0.001,1.1233,0.1219,-0.0347,77.7584,0.0062,-0.0018,0.7776,0.0888,-0.0679,56.5019,0.0045,-0.0034,0.565,0.1521,-0.0045,97.2684,0.0077,-0.0002,0.9727,0.1628,0.0062,104.0323,0.0083,0.0003,1.0403,0.2299,0.0732,146.4579,0.0116,0.0037,1.4646,0.1129,-0.0437,72.0652,0.0057,-0.0022,0.7207,0.1769,0.0203,113.1077,0.009,0.001,1.1311,0.1546,-0.002,98.6906,0.0078,-0.0001,0.9869,0.1719,0.0153,109.7915,0.0087,0.0008,1.0979,0.0626,-0.094,39.8712,0.0032,-0.0048,0.3987,e93a2b3,,18992fa,2026-09-04T19:21:08+00:00
25260,38.1471,0.1704,0.0088,0.1704,0.1876,0.0173,109.8847,0.0097,0.0009,1.0988,0.1585,-0.0119,92.5026,0.0082,-0.0006,0.925,0.1265,-0.0438,73.6563,0.0065,-0.0023,0.7366,0.1876,0.0172,110.1026,0.0097,0.0009,1.101,0.1626,-0.0078,95.5864,0.0084,-0.0004,0.9559,0.2573,0.0869,150.6033,0.0133,0.0045,1.506,0.1409,-0.0295,82.3068,0.0073,-0.0015,0.8231,0.1741,0.0037,102.6447,0.009,0.0002,1.0264,0.1735,0.0031,101.8221,0.009,0.0002,1.0182,0.203,0.0326,119.0733,0.0105,0.0017,1.1907,0.0771,-0.0932,44.8187,0.004,-0.0048,0.4482,e93a2b3,,18992fa,2026-09-04T19:21:08+00:00
25270,37.4462,0.1449,0.0077,0.1449,0.1493,0.0044,103.0798,0.0079,0.0002,1.0308,0.1062,-0.0387,73.1393,0.0056,-0.002,0.7314,0.0788,-0.0661,54.2814,0.0042,-0.0035,0.5428,0.1669,0.022,115.2029,0.0088,0.0012,1.152,0.1416,-0.0032,97.9095,0.0075,-0.0002,0.9791,0.1587,0.0138,109.2206,0.0084,0.0007,1.0922,0.0984,-0.0464,67.956,0.0052,-0.0025,0.6796,0.1774,0.0325,122.6548,0.0094,0.0017,1.2265,0.1416,-0.0033,97.6969,0.0075,-0.0002,0.977,0.1715,0.0266,118.4811,0.0091,0.0014,1.1848,0.0456,-0.0992,31.3621,0.0024,-0.0052,0.3136,e93a2b3,,18992fa,2026-09-04T19:21:08+00:00
25280,35.9756,0.168,0.0093,0.168,0.1556,-0.0124,92.3927,0.0086,-0.0007,0.9239,0.1168,-0.0512,69.7631,0.0064,-0.0028,0.6976,0.1641,-0.0039,95.6821,0.0091,-0.0002,0.9568,0.1972,0.0291,117.8316,0.0109,0.0016,1.1783,0.1683,0.0002,99.9965,0.0093,0.0,1.0,0.2071,0.039,122.4628,0.0114,0.0022,1.2246,0.1256,-0.0424,75.3821,0.0069,-0.0023,0.7538,0.1866,0.0186,112.2214,0.0103,0.001,1.1222,0.181,0.013,108.0843,0.01,0.0007,1.0808,0.1785,0.0104,107.7663,0.0098,0.0006,1.0777,0.1078,-0.0602,62.1544,0.006,-0.0033,0.6215,e93a2b3,,18992fa,2026-09-04T19:21:08+00:00
25290,35.3637,0.1517,0.0083,0.1517,0.1368,-0.0149,90.2062,0.0075,-0.0008,0.9021,0.0969,-0.0548,63.2132,0.0053,-0.003,0.6321,0.1516,-0.0002,99.3584,0.0083,0.0,0.9936,0.1676,0.0159,111.4129,0.0091,0.0009,1.1141,0.1627,0.011,108.6416,0.0089,0.0006,1.0864,0.1779,0.0262,115.1134,0.0097,0.0014,1.1511,0.1042,-0.0475,68.6842,0.0057,-0.0026,0.6868,0.1899,0.0382,127.3477,0.0104,0.0021,1.2735,0.1505,-0.0012,99.3708,0.0082,-0.0001,0.9937,0.1614,0.0097,107.4024,0.0088,0.0005,1.074,0.1018,-0.05,65.3839,0.0056,-0.0027,0.6538,e93a2b3,,18992fa,2026-09-04T19:21:08+00:00
25300,85.6505,8.3113,0.196,8.3113,8.3274,0.0161,102.1933,0.1964,0.0004,1.0219,8.3281,0.0168,102.0108,0.1964,0.0004,1.0201,8.3122,0.0009,100.0696,0.196,0.0,1.0007,8.31,-0.0013,99.2355,0.196,-0.0,0.9924,8.3142,0.003,100.3768,0.1961,0.0001,1.0038,8.2985,-0.0128,98.1214,0.1957,-0.0003,0.9812,8.3048,-0.0065,98.9564,0.1959,-0.0002,0.9896,8.3052,-0.0061,99.2197,0.1959,-0.0001,0.9922,8.3127,0.0014,100.1206,0.196,0.0,1.0012,8.3056,-0.0057,99.3359,0.1959,-0.0001,0.9934,8.3203,0.0091,101.6612,0.1962,0.0002,1.0166,e93a2b3,,18992fa,2026-09-04T19:21:08+00:00
26110,34.5892,0.1307,0.0072,0.1307,0.1167,-0.014,89.2701,0.0064,-0.0008,0.8927,0.0756,-0.0551,57.725,0.0041,-0.003,0.5772,0.1624,0.0317,124.2579,0.0089,0.0017,1.2426,0.1501,0.0194,114.8586,0.0082,0.0011,1.1486,0.1548,0.0241,118.5792,0.0085,0.0013,1.1858,0.1345,0.0038,102.7131,0.0074,0.0002,1.0271,0.0843,-0.0464,64.4657,0.0046,-0.0025,0.6447,0.158,0.0273,121.0565,0.0087,0.0015,1.2106,0.1301,-0.0006,99.6378,0.0071,-0.0,0.9964,0.1276,-0.0031,97.6703,0.007,-0.0002,0.9767,0.0911,-0.0396,69.6618,0.005,-0.0022,0.6966,e93a2b3,,18992fa,2026-09-04T19:21:08+00:00
26120,34.8762,0.1464,0.0085,0.1464,0.1563,0.0098,107.2071,0.009,0.0006,1.0721,0.1027,-0.0438,69.6314,0.0059,-0.0025,0.6963,0.191,0.0446,131.0239,0.011,0.0026,1.3102,0.1898,0.0434,130.4,0.011,0.0025,1.304,0.1758,0.0294,120.8505,0.0102,0.0017,1.2085,0.1325,-0.0139,89.3295,0.0076,-0.0009,0.8933,0.1214,-0.025,83.2667,0.007,-0.0014,0.8327,0.1789,0.0325,123.0774,0.0103,0.0019,1.2308,0.1411,-0.0053,96.2915,0.0082,-0.0003,0.9629,0.1359,-0.0106,93.2501,0.0078,-0.0006,0.9325,0.1132,-0.0332,77.6545,0.0065,-0.002,0.7765,e93a2b3,,18992fa,2026-09-04T19:21:08+00:00
26130,38.0338,0.1643,0.0088,0.1643,0.1707,0.0064,103.7879,0.0091,0.0003,1.0379,0.1389,-0.0254,83.5388,0.0074,-0.0014,0.8354,0.1832,0.0189,112.2731,0.0098,0.001,1.1227,0.1668,0.0025,101.6756,0.0089,0.0001,1.0168,0.1833,0.019,112.5889,0.0098,0.001,1.1259,0.2496,0.0853,151.1633,0.0133,0.0045,1.5116,0.1017,-0.0626,62.377,0.0054,-0.0033,0.6238,0.1857,0.0214,113.8373,0.0099,0.0011,1.1384,0.1672,0.0029,101.6451,0.0089,0.0002,1.0165,0.1525,-0.0118,93.2076,0.0081,-0.0006,0.9321,0.1371,-0.0272,83.3004,0.0073,-0.0014,0.833,e93a2b3,,18992fa,2026-09-04T19:21:08+00:00
26141,37.0697,0.166,0.0089,0.166,0.1599,-0.0061,96.3815,0.0086,-0.0003,0.9638,0.135,-0.031,81.3287,0.0072,-0.0017,0.8133,0.1933,0.0273,116.8228,0.0103,0.0015,1.1682,0.1806,0.0146,109.6175,0.0097,0.0008,1.0962,0.1838,0.0177,111.6357,0.0098,0.001,1.1164,0.2423,0.0763,145.2328,0.013,0.0041,1.4523,0.1114,-0.0546,67.4357,0.006,-0.0029,0.6744,0.1941,0.0281,117.9038,0.0104,0.0015,1.179,0.1666,0.0005,100.2593,0.0089,0.0,1.0026,0.1439,-0.0221,87.0422,0.0077,-0.0012,0.8704,0.1503,-0.0158,90.1834,0.008,-0.0008,0.9018,e93a2b3,,18992fa,2026-09-04T19:21:08+00:00
26142,38.4968,0.1798,0.0099,0.1798,0.1593,-0.0204,88.5723,0.0088,-0.0011,0.8857,0.158,-0.0218,87.3324,0.0087,-0.0012,0.8733,0.2022,0.0224,112.4909,0.0112,0.0012,1.1249,0.2117,0.032,117.764,0.0117,0.0018,1.1776,0.1862,0.0064,103.683,0.0103,0.0004,1.0368,0.2555,0.0757,142.1149,0.0141,0.0042,1.4211,0.1338,-0.0459,74.1975,0.0074,-0.0025,0.742,0.1947,0.0149,108.4956,0.0108,0.0008,1.085,0.1522,-0.0276,85.0195,0.0084,-0.0015,0.8502,0.1729,-0.0068,96.3709,0.0096,-0.0004,0.9637,0.1649,-0.0149,91.8246,0.0091,-0.0008,0.9182,e93a2b3,,18992fa,2026-09-04T19:21:08+00:00
26143,36.2808,0.1531,0.0085,0.1531,0.1518,-0.0013,99.4405,0.0084,-0.0001,0.9944,0.1153,-0.0378,74.2226,0.0064,-0.0021,0.7422,0.1874,0.0344,122.9988,0.0104,0.0019,1.23,0.1944,0.0413,128.2253,0.0108,0.0023,1.2823,0.1746,0.0215,115.2919,0.0097,0.0012,1.1529,0.193,0.0399,122.67,0.0107,0.0022,1.2267,0.1082,-0.0449,71.1693,0.006,-0.0025,0.7117,0.1955,0.0424,129.1753,0.0109,0.0024,1.2918,0.1402,-0.0128,91.336,0.0078,-0.0007,0.9134,0.1429,-0.0102,94.1348,0.0079,-0.0006,0.9413,0.1419,-0.0111,91.7875,0.0079,-0.0006,0.9179,e93a2b3,,18992fa,2026-09-04T19:21:08+00:00
26144,34.5116,0.139,0.0083,0.139,0.1462,0.0072,105.8387,0.0087,0.0004,1.0584,0.1064,-0.0327,75.3854,0.0063,-0.0019,0.7539,0.1733,0.0343,125.6672,0.0103,0.002,1.2567,0.2035,0.0645,147.9597,0.0121,0.0038,1.4796,0.1884,0.0493,136.6443,0.0112,0.0029,1.3664,0.1353,-0.0037,95.5629,0.0081,-0.0002,0.9556,0.1214,-0.0176,87.4976,0.0072,-0.001,0.875,0.1924,0.0533,139.9938,0.0114,0.0032,1.3999,0.1147,-0.0243,82.7371,0.0068,-0.0014,0.8274,0.1249,-0.0141,90.6117,0.0074,-0.0008,0.9061,0.083,-0.056,59.5322,0.0049,-0.0034,0.5953,e93a2b3,,18992fa,2026-09-04T19:21:08+00:00
26145,36.6212,0.1629,0.0094,0.1629,0.1607,-0.0022,99.5549,0.0093,-0.0001,0.9955,0.1447,-0.0182,86.4587,0.0084,-0.001,0.8646,0.1854,0.0225,115.0709,0.0107,0.0013,1.1507,0.2147,0.0518,133.7557,0.0124,0.003,1.3376,0.2009,0.038,126.0597,0.0116,0.0022,1.2606,0.1905,0.0275,113.1193,0.011,0.0016,1.1312,0.1339,-0.0291,82.5916,0.0078,-0.0017,0.8259,0.216,0.0531,135.932,0.0125,0.0031,1.3593,0.124,-0.0389,75.7626,0.0072,-0.0023,0.7576,0.1521,-0.0108,94.0446,0.0088,-0.0006,0.9404,0.1241,-0.0388,74.381,0.0072,-0.0023,0.7438,e93a2b3,,18992fa,2026-09-04T19:21:08+00:00
26146,34.2049,0.153,0.0094,0.153,0.1522,-0.0008,99.6882,0.0094,-0.0,0.9969,0.1446,-0.0084,93.5178,0.0089,-0.0005,0.9352,0.1736,0.0205,114.7453,0.0107,0.0013,1.1475,0.2126,0.0596,140.1164,0.0131,0.0037,1.4012,0.1918,0.0388,126.4401,0.0118,0.0024,1.2644,0.1315,-0.0216,81.754,0.0081,-0.0014,0.8175,0.1465,-0.0065,97.5012,0.0091,-0.0004,0.975,0.1801,0.027,119.1836,0.0111,0.0017,1.1918,0.1106,-0.0425,72.5468,0.0068,-0.0026,0.7255,0.1134,-0.0397,74.7302,0.007,-0.0024,0.7473,0.0615,-0.0915,38.0966,0.0038,-0.0057,0.381,e93a2b3,,18992fa,2026-09-04T19:21:08+00:00
26147,37.4631,0.1784,0.0104,0.1784,0.16,-0.0184,89.9297,0.0094,-0.0011,0.8993,0.2114,0.033,118.3009,0.0123,0.0019,1.183,0.1798,0.0014,100.7424,0.0105,0.0001,1.0074,0.2183,0.0399,122.8014,0.0128,0.0023,1.228,0.1994,0.021,112.2585,0.0117,0.0012,1.1226,0.212,0.0335,118.3445,0.0124,0.0019,1.1834,0.1515,-0.0269,85.121,0.0089,-0.0016,0.8512,0.1936,0.0151,108.836,0.0113,0.0009,1.0884,0.1221,-0.0563,68.2858,0.0071,-0.0033,0.6829,0.1515,-0.0269,84.8338,0.0088,-0.0016,0.8483,0.1175,-0.0609,65.6346,0.0069,-0.0036,0.6563,e93a2b3,,18992fa,2026-09-04T19:21:08+00:00
26148,40.5503,0.2102,0.0117,0.2102,0.1749,-0.0352,83.2224,0.0097,-0.002,0.8322,0.2351,0.0249,111.9654,0.0131,0.0014,1.1197,0.2157,0.0056,102.6275,0.012,0.0003,1.0263,0.2196,0.0095,104.6059,0.0122,0.0005,1.0461,0.2203,0.0101,104.7896,0.0122,0.0006,1.0479,0.2679,0.0577,127.3279,0.0149,0.0032,1.2733,0.1632,-0.047,77.6728,0.0091,-0.0026,0.7767,0.2127,0.0026,101.2699,0.0118,0.0001,1.0127,0.1804,-0.0298,85.5614,0.01,-0.0017,0.8556,0.1869,-0.0233,88.9453,0.0104,-0.0013,0.8895,0.1794,-0.0308,85.0586,0.0099,-0.0017,0.8506,e93a2b3,,18992fa,2026-09-04T19:21:08+00:00
26149,37.9745,0.1914,0.0113,0.1914,0.1773,-0.0141,92.7014,0.0104,-0.0008,0.927,0.2365,0.0451,123.5857,0.0139,0.0027,1.2359,0.1972,0.0058,103.0888,0.0116,0.0003,1.0309,0.2305,0.0391,120.6653,0.0136,0.0023,1.2067,0.2029,0.0115,106.3188,0.012,0.0007,1.0632,0.256,0.0646,133.7369,0.0151,0.0038,1.3374,0.1614,-0.03,84.3155,0.0095,-0.0018,0.8432,0.1917,0.0003,100.1459,0.0113,0.0,1.0015,0.1376,-0.0538,71.4698,0.0081,-0.0032,0.7147,0.1542,-0.0372,80.2952,0.0091,-0.0022,0.803,0.135,-0.0564,69.8369,0.0079,-0.0033,0.6984,e93a2b3,,18992fa,2026-09-04T19:21:08+00:00
26150,39.8327,0.1692,0.0087,0.1692,0.1701,0.0009,100.0463,0.0088,0.0,1.0005,0.1345,-0.0347,78.775,0.0069,-0.0018,0.7878,0.2003,0.0311,119.1648,0.0103,0.0016,1.1916,0.1624,-0.0068,95.3326,0.0084,-0.0003,0.9533,0.1851,0.0159,110.1313,0.0095,0.0008,1.1013,0.2584,0.0892,151.7633,0.0133,0.0046,1.5176,0.1139,-0.0553,67.8737,0.0059,-0.0029,0.6787,0.1718,0.0026,102.2805,0.0089,0.0001,1.0228,0.166,-0.0032,97.6419,0.0086,-0.0002,0.9764,0.1756,0.0064,105.817,0.009,0.0003,1.0582,0.1533,-0.0159,89.9819,0.0079,-0.0008,0.8998,e93a2b3,,18992fa,2026-09-04T19:21:08+00:00
26160,40.9107,0.1991,0.0106,0.1991,0.1839,-0.0152,92.447,0.0098,-0.0008,0.9245,0.1841,-0.015,91.8045,0.0099,-0.0008,0.918,0.2229,0.0238,112.1226,0.0119,0.0013,1.1212,0.2165,0.0174,109.0416,0.0116,0.0009,1.0904,0.2032,0.0041,102.1743,0.0109,0.0002,1.0217,0.2794,0.0803,140.4123,0.0149,0.0043,1.4041,0.1551,-0.044,77.9897,0.0083,-0.0024,0.7799,0.199,-0.0001,100.0166,0.0106,0.0,1.0002,0.1815,-0.0176,91.1822,0.0097,-0.001,0.9118,0.185,-0.0141,93.4609,0.0099,-0.0008,0.9346,0.2008,0.0017,100.1392,0.0107,0.0001,1.0014,e93a2b3,,18992fa,2026-09-04T19:21:08+00:00
26170,47.2378,0.1911,0.0091,0.1911,0.2108,0.0197,109.5163,0.01,0.001,1.0952,0.1631,-0.028,84.8576,0.0077,-0.0014,0.8486,0.214,0.0229,112.5819,0.0102,0.0011,1.1258,0.1906,-0.0005,99.4387,0.0091,-0.0,0.9944,0.1827,-0.0084,95.925,0.0087,-0.0004,0.9592,0.2966,0.1055,156.2328,0.0141,0.0051,1.5623,0.1346,-0.0565,70.7389,0.0064,-0.0027,0.7074,0.1904,-0.0007,100.1999,0.009,-0.0,1.002,0.178,-0.0131,93.4431,0.0085,-0.0006,0.9344,0.2021,0.011,106.6535,0.0096,0.0005,1.0665,0.1935,0.0024,100.5094,0.0092,0.0001,1.0051,e93a2b3,,18992fa,2026-09-04T19:21:08+00:00
26181,46.0367,0.186,0.0088,0.186,0.2081,0.022,111.6337,0.0098,0.001,1.1163,0.1842,-0.0018,98.7693,0.0087,-0.0001,0.9877,0.1773,-0.0088,95.4042,0.0084,-0.0004,0.954,0.1905,0.0045,102.4966,0.009,0.0002,1.025,0.197,0.011,105.5498,0.0093,0.0005,1.0555,0.2519,0.0658,135.3936,0.0119,0.0031,1.3539,0.1077,-0.0784,57.7948,0.0051,-0.0037,0.5779,0.1849,-0.0011,99.5255,0.0087,-0.0001,0.9953,0.16,-0.0261,85.8151,0.0076,-0.0012,0.8582,0.1829,-0.0031,98.5489,0.0087,-0.0001,0.9855,0.1854,-0.0006,99.499,0.0088,-0.0,0.995,e93a2b3,,18992fa,2026-09-04T19:21:08+00:00
26182,44.9954,0.1844,0.0089,0.1844,0.2168,0.0324,117.0122,0.0105,0.0016,1.1701,0.1516,-0.0327,81.7934,0.0073,-0.0016,0.8179,0.1968,0.0124,106.4239,0.0095,0.0006,1.0642,0.1839,-0.0005,99.8823,0.0089,-0.0,0.9988,0.1904,0.0061,103.377,0.0092,0.0003,1.0338,0.2597,0.0753,140.2002,0.0125,0.0036,1.402,0.1092,-0.0752,58.9038,0.0053,-0.0036,0.589,0.1745,-0.0098,95.148,0.0084,-0.0005,0.9515,0.1445,-0.0399,77.9141,0.007,-0.0019,0.7791,0.1906,0.0062,103.5926,0.0092,0.0003,1.0359,0.1822,-0.0022,98.1171,0.0088,-0.0001,0.9812,e93a2b3,,18992fa,2026-09-04T19:21:08+00:00
26183,44.436,0.1933,0.0095,0.1933,0.2189,0.0256,112.5797,0.0108,0.0012,1.1258,0.1916,-0.0016,98.9318,0.0094,-0.0001,0.9893,0.1915,-0.0018,99.2429,0.0094,-0.0001,0.9924,0.1956,0.0023,101.3323,0.0096,0.0001,1.0133,0.2348,0.0415,121.2277,0.0116,0.002,1.2123,0.2682,0.0749,138.7224,0.0132,0.0037,1.3872,0.1203,-0.073,62.3156,0.0059,-0.0036,0.6232,0.185,-0.0083,95.9262,0.0091,-0.0004,0.9593,0.157,-0.0363,80.8256,0.0077,-0.0018,0.8083,0.1838,-0.0095,95.3337,0.0091,-0.0005,0.9533,0.2011,0.0078,103.8246,0.0099,0.0004,1.0382,e93a2b3,,18992fa,2026-09-04T19:21:08+00:00
26184,42.7564,0.1882,0.0096,0.1882,0.1904,0.0022,100.8334,0.0097,0.0001,1.0083,0.181,-0.0072,96.3114,0.0093,-0.0004,0.9631,0.199,0.0108,105.6512,0.0102,0.0005,1.0565,0.1876,-0.0006,99.685,0.0096,-0.0,0.9968,0.2013,0.0131,107.2625,0.0103,0.0007,1.0726,0.2508,0.0626,132.5196,0.0128,0.0032,1.3252,0.1362,-0.052,72.3506,0.007,-0.0027,0.7235,0.1875,-0.0007,100.0358,0.0096,-0.0,1.0004,0.1588,-0.0294,84.2423,0.0081,-0.0015,0.8424,0.1764,-0.0118,93.8168,0.009,-0.0006,0.9382,0.2077,0.0195,109.8545,0.0106,0.001,1.0985,e93a2b3,,18992fa,2026-09-04T19:21:08+00:00
26185,41.2105,0.1792,0.0093,0.1792,0.1714,-0.0078,95.486,0.0089,-0.0004,0.9549,0.2017,0.0226,113.2548,0.0105,0.0012,1.1325,0.1868,0.0076,104.5223,0.0097,0.0004,1.0452,0.1724,-0.0068,96.5188,0.009,-0.0004,0.9652,0.2176,0.0385,121.8589,0.0113,0.002,1.2186,0.2273,0.0481,126.6685,0.0118,0.0025,1.2667,0.1289,-0.0503,72.405,0.0067,-0.0026,0.7241,0.1946,0.0154,109.1745,0.0101,0.0008,1.0917,0.1556,-0.0235,87.3518,0.0081,-0.0012,0.8735,0.1684,-0.0108,94.3558,0.0088,-0.0006,0.9436,0.1789,-0.0002,99.8102,0.0093,-0.0,0.9981,e93a2b3,,18992fa,2026-09-04T19:21:08+00:00
26186,40.9207,0.1934,0.0105,0.1934,0.1791,-0.0143,92.5036,0.0097,-0.0008,0.925,0.2176,0.0242,112.7261,0.0118,0.0013,1.1273,0.1954,0.002,101.114,0.0106,0.0001,1.0111,0.2065,0.0131,106.5778,0.0112,0.0007,1.0658,0.2254,0.032,116.8007,0.0122,0.0017,1.168,0.2525,0.0591,130.4263,0.0137,0.0032,1.3043,0.1489,-0.0446,76.9647,0.0081,-0.0024,0.7696,0.1966,0.0032,101.8251,0.0107,0.0002,1.0183,0.1875,-0.0059,96.8188,0.0102,-0.0003,0.9682,0.1777,-0.0157,92.0039,0.0096,-0.0009,0.92,0.1851,-0.0083,95.594,0.01,-0.0005,0.9559,e93a2b3,,18992fa,2026-09-04T19:21:08+00:00
26187,45.3204,0.1995,0.0099,0.1995,0.2368,0.0373,118.6806,0.0117,0.0018,1.1868,0.199,-0.0005,99.7231,0.0099,-0.0,0.9972,0.193,-0.0065,96.7462,0.0096,-0.0003,0.9675,0.2007,0.0011,100.653,0.0099,0.0,1.0065,0.2496,0.0501,125.1792,0.0124,0.0025,1.2518,0.2784,0.0788,139.572,0.0138,0.0039,1.3957,0.1221,-0.0775,61.183,0.0061,-0.0038,0.6118,0.1938,-0.0058,97.1909,0.0096,-0.0003,0.9719,0.1677,-0.0318,84.0313,0.0083,-0.0016,0.8403,0.1866,-0.0129,93.5641,0.0093,-0.0006,0.9356,0.2088,0.0093,104.5497,0.0103,0.0005,1.0455,e93a2b3,,18992fa,2026-09-04T19:21:08+00:00
26188,50.667,0.2667,0.0131,0.2667,0.3767,0.11,139.9427,0.0186,0.0055,1.3994,0.2353,-0.0315,89.9229,0.0116,-0.0016,0.8992,0.2454,-0.0213,91.4908,0.0121,-0.001,0.9149,0.2712,0.0045,102.0309,0.0133,0.0002,1.0203,0.3532,0.0865,132.6402,0.0174,0.0043,1.3264,0.3764,0.1097,140.306,0.0185,0.0054,1.4031,0.2078,-0.0589,75.4744,0.0102,-0.0029,0.7547,0.2586,-0.0081,96.9918,0.0127,-0.0004,0.9699,0.2586,-0.0081,96.637,0.0127,-0.0004,0.9664,0.2262,-0.0405,84.9742,0.0112,-0.002,0.8497,0.3177,0.051,116.614,0.0157,0.0025,1.1661,e93a2b3,,18992fa,2026-09-04T19:21:08+00:00
26189,44.2037,0.2717,0.0149,0.2717,0.3085,0.0368,111.0581,0.0169,0.002,1.1106,0.254,-0.0177,95.0668,0.014,-0.001,0.9507,0.2383,-0.0334,88.9449,0.0131,-0.0018,0.8894,0.2846,0.0129,105.6223,0.0157,0.0007,1.0562,0.2915,0.0198,108.049,0.016,0.001,1.0805,0.3581,0.0864,131.8398,0.0196,0.0047,1.3184,0.212,-0.0597,76.78,0.0117,-0.0032,0.7678,0.266,-0.0057,98.3989,0.0146,-0.0003,0.984,0.2705,-0.0012,98.8863,0.0149,-0.0001,0.9889,0.2487,-0.023,91.3711,0.0137,-0.0013,0.9137,0.2978,0.0261,107.5452,0.0164,0.0014,1.0755,e93a2b3,,18992fa,2026-09-04T19:21:08+00:00
26190,53.8122,0.2304,0.0104,0.2304,0.2767,0.0463,120.1437,0.0125,0.0021,1.2014,0.2089,-0.0215,91.3628,0.0094,-0.001,0.9136,0.2059,-0.0244,89.0642,0.0093,-0.0011,0.8906,0.2433,0.0129,105.7194,0.011,0.0006,1.0572,0.2739,0.0435,118.713,0.0124,0.002,1.1871,0.3118,0.0815,135.1824,0.0141,0.0037,1.3518,0.186,-0.0444,79.9421,0.0084,-0.002,0.7994,0.202,-0.0284,87.9557,0.0091,-0.0013,0.8796,0.2308,0.0004,100.1895,0.0104,0.0,1.0019,0.1829,-0.0475,79.7558,0.0083,-0.0022,0.7976,0.2538,0.0235,109.6254,0.0115,0.0011,1.0963,e93a2b3,,18992fa,2026-09-04T19:21:08+00:00
26200,76.6228,6.132,0.1956,6.132,6.147,0.015,103.0188,0.1961,0.0005,1.0302,6.1313,-0.0007,99.4182,0.1956,-0.0,0.9942,6.128,-0.004,99.4156,0.1955,-0.0001,0.9942,6.139,0.007,102.2935,0.1959,0.0003,1.0229,6.1394,0.0074,100.4502,0.1958,0.0002,1.0045,6.1647,0.0328,110.0855,0.1968,0.0012,1.1009,6.1203,-0.0117,95.7369,0.1951,-0.0005,0.9574,6.1052,-0.0268,93.3105,0.1946,-0.001,0.9331,6.137,0.005,101.8428,0.1958,0.0002,1.0184,6.1138,-0.0182,95.1562,0.1949,-0.0007,0.9516,6.1442,0.0122,103.2956,0.196,0.0005,1.033,e93a2b3,,18992fa,2026-09-04T19:21:08+00:00
27101,23.2408,0.0875,0.0047,0.0875,0.2698,0.1823,608.8998,0.0145,0.0098,6.089,0.1236,0.0361,216.5294,0.0066,0.0019,2.1653,0.0916,0.0041,91.1193,0.0049,0.0002,0.9112,0.0953,0.0078,66.3393,0.0051,0.0004,0.6634,0.0625,-0.025,157.2847,0.0034,-0.0013,1.5728,0.141,0.0535,183.9387,0.0076,0.0029,1.8394,0.0431,-0.0444,73.8123,0.0023,-0.0024,0.7381,0.2277,0.1402,329.4984,0.0122,0.0075,3.295,0.0142,-0.0733,16.7417,0.0008,-0.0039,0.1674,0.0555,-0.032,83.2004,0.003,-0.0017,0.832,0.0599,-0.0276,67.9235,0.0032,-0.0015,0.6792,e93a2b3,,18992fa,2026-09-04T19:21:08+00:00
27102,45.3907,1.1005,0.0581,1.1005,1.3277,0.2272,297.3,0.0701,0.012,2.973,1.0636,-0.0369,89.4606,0.0561,-0.0019,0.8946,1.1532,0.0527,110.5897,0.0609,0.0028,1.1059,1.1035,0.0031,95.6886,0.0582,0.0002,0.9569,1.0358,-0.0647,91.2826,0.0547,-0.0034,0.9128,1.1844,0.0839,156.1157,0.0625,0.0044,1.5612,1.0633,-0.0372,79.8013,0.0561,-0.002,0.798,1.3455,0.2451,239.2302,0.071,0.0129,2.3923,0.9751,-0.1254,51.5058,0.0515,-0.0066,0.5151,1.0572,-0.0433,97.9356,0.0558,-0.0023,0.9794,1.0981,-0.0024,90.2932,0.058,-0.0001,0.9029,e93a2b3,,18992fa,2026-09-04T19:21:08+00:00
27103,54.1627,0.6117,0.0315,0.6117,0.743,0.1312,199.3285,0.0383,0.0067,1.9933,0.578,-0.0337,94.5881,0.0298,-0.0018,0.9459,0.5759,-0.0359,87.1521,0.0297,-0.0018,0.8715,0.5674,-0.0444,88.5056,0.0293,-0.0023,0.8851,0.5911,-0.0206,94.0424,0.0305,-0.0011,0.9404,0.7455,0.1337,150.8092,0.0384,0.0068,1.5081,0.6479,0.0362,102.8371,0.0334,0.0018,1.0284,0.7997,0.188,223.0707,0.0412,0.0097,2.2307,0.5461,-0.0657,73.2884,0.0282,-0.0034,0.7329,0.5826,-0.0291,128.2202,0.03,-0.0015,1.2822,0.5187,-0.093,77.5102,0.0268,-0.0048,0.7751,e93a2b3,,18992fa,2026-09-04T19:21:08+00:00
27104,68.8769,2.6385,0.1393,2.6385,2.6815,0.043,109.1247,0.1416,0.0022,1.0912,2.6458,0.0074,108.1543,0.1397,0.0004,1.0815,2.5675,-0.071,82.2984,0.1357,-0.0037,0.823,2.5667,-0.0717,82.5712,0.1356,-0.0037,0.8257,2.634,-0.0045,97.4774,0.1391,-0.0002,0.9748,2.7178,0.0793,125.9617,0.1434,0.0041,1.2596,2.7018,0.0633,113.6355,0.1426,0.0033,1.1364,2.7178,0.0793,111.6005,0.1435,0.0041,1.116,2.6371,-0.0013,99.1919,0.1392,-0.0001,0.9919,2.6002,-0.0382,94.5591,0.1373,-0.002,0.9456,2.4985,-0.1399,69.4938,0.1321,-0.0072,0.6949,e93a2b3,,18992fa,2026-09-04T19:21:08+00:00
27105,52.1455,2.2634,0.121,2.2634,2.3436,0.0802,167.5907,0.1253,0.0043,1.6759,2.3313,0.0679,172.5917,0.1246,0.0036,1.7259,2.2109,-0.0525,80.2018,0.1183,-0.0027,0.802,2.2463,-0.0171,92.5909,0.1202,-0.0009,0.9259,2.2703,0.0069,108.4133,0.1214,0.0003,1.0841,2.3808,0.1173,192.164,0.1272,0.0061,1.9216,2.2974,0.034,108.6904,0.1228,0.0017,1.0869,2.3365,0.0731,113.3784,0.125,0.004,1.1338,2.2238,-0.0397,93.6123,0.1189,-0.0022,0.9361,2.2163,-0.0471,87.6446,0.1185,-0.0025,0.8764,2.1637,-0.0997,77.3896,0.1158,-0.0052,0.7739,e93a2b3,,18992fa,2026-09-04T19:21:08+00:00
27106,54.0542,1.4362,0.0764,1.4362,1.6256,0.1895,210.2879,0.0866,0.0102,2.1029,1.4253,-0.0108,125.0649,0.0759,-0.0006,1.2506,1.5129,0.0767,107.6531,0.0805,0.0041,1.0765,1.4479,0.0118,96.8545,0.0771,0.0006,0.9685,1.3968,-0.0394,113.8068,0.0743,-0.0021,1.1381,1.5367,0.1005,168.6933,0.0818,0.0054,1.6869,1.3701,-0.066,91.6822,0.0729,-0.0036,0.9168,1.6793,0.2431,156.5385,0.0895,0.013,1.5654,1.2793,-0.1568,66.0673,0.068,-0.0084,0.6607,1.314,-0.1221,75.9894,0.0699,-0.0066,0.7599,1.3869,-0.0492,87.4356,0.0738,-0.0027,0.8744,e93a2b3,,18992fa,2026-09-04T19:21:08+00:00
27107,21.888,0.094,0.0051,0.094,0.235,0.141,565.7783,0.0127,0.0076,5.6578,0.1233,0.0293,215.1055,0.0067,0.0016,2.1511,0.0926,-0.0014,51.3829,0.005,-0.0001,0.5138,0.0906,-0.0034,43.4789,0.0049,-0.0002,0.4348,0.0818,-0.0122,182.4045,0.0044,-0.0007,1.824,0.1475,0.0535,341.4495,0.008,0.0029,3.4145,0.046,-0.048,93.2375,0.0025,-0.0026,0.9324,0.18,0.086,278.2775,0.0097,0.0046,2.7828,0.0422,-0.0518,25.2033,0.0023,-0.0028,0.252,0.0667,-0.0273,56.8474,0.0036,-0.0015,0.5685,0.0635,-0.0305,61.6571,0.0034,-0.0016,0.6166,e93a2b3,,18992fa,2026-09-04T19:21:08+00:00
27108,43.1977,1.5279,0.0809,1.5279,1.7736,0.2457,294.0022,0.0941,0.0131,2.94,1.5307,0.0028,146.2017,0.0811,0.0002,1.462,1.6204,0.0925,109.9178,0.0859,0.0049,1.0992,1.5375,0.0096,99.1293,0.0815,0.0005,0.9913,1.4804,-0.0475,101.4972,0.0784,-0.0025,1.015,1.6089,0.0809,179.1219,0.0853,0.0043,1.7912,1.4498,-0.0782,75.5995,0.0768,-0.0042,0.756,1.7676,0.2397,237.3115,0.0937,0.0128,2.3731,1.3788,-0.1491,53.5539,0.073,-0.008,0.5355,1.4433,-0.0847,73.6805,0.0764,-0.0045,0.7368,1.5101,-0.0179,85.1737,0.08,-0.001,0.8517,e93a2b3,,18992fa,2026-09-04T19:21:08+00:00
27109,19.5241,0.0132,0.0007,0.0132,0.1018,0.0885,727.7968,0.0055,0.0048,7.278,0.0592,0.0459,387.5215,0.0032,0.0025,3.8752,0.018,0.0048,112.0433,0.001,0.0003,1.1204,0.0032,-0.0101,13.5878,0.0002,-0.0005,0.1359,0.0147,0.0014,120.732,0.0008,0.0001,1.2073,0.0444,0.0312,302.0561,0.0024,0.0017,3.0206,0.0088,-0.0045,75.8114,0.0005,-0.0002,0.7581,0.0717,0.0584,458.2259,0.0039,0.0032,4.5823,0.0017,-0.0115,16.2122,0.0001,-0.0006,0.1621,0.0077,-0.0055,64.503,0.0004,-0.0003,0.645,0.0065,-0.0068,57.0145,0.0004,-0.0004,0.5701,e93a2b3,,18992fa,2026-09-04T19:21:08+00:00
28101,13.2956,0.0005,0.0,0.0005,0.0005,0.0,241.5906,0.0,0.0,2.4159,0.0011,0.001,1127.7715,0.0001,0.0001,11.2777,0.0,-0.0001,5.0968,0.0,-0.0,0.051,0.0,-0.0001,24.5683,0.0,-0.0,0.2457,0.0,-0.0001,4.1041,0.0,-0.0,0.041,0.0,-0.0001,11.6069,0.0,-0.0,0.1161,0.0001,0.0,252.3891,0.0,0.0,2.5239,0.0,-0.0001,6.6387,0.0,-0.0,0.0664,0.0001,0.0001,155.0976,0.0,0.0,1.551,0.0002,0.0001,196.3881,0.0,0.0,1.9639,0.0,-0.0001,16.7978,0.0,-0.0,0.168,e93a2b3,,18992fa,2026-09-04T19:21:08+00:00
28102,17.6353,0.0001,0.0,0.0001,0.0002,0.0,242.814,0.0,0.0,2.4281,0.0027,0.0026,10968.4746,0.0003,0.0003,109.6847,0.0,-0.0,25.025,0.0,-0.0,0.2502,0.0001,0.0,221.8885,0.0,0.0,2.2189,0.0,-0.0,2.1729,0.0,-0.0,0.0217,0.0,-0.0,9.2625,0.0,-0.0,0.0926,0.0001,0.0001,319.1219,0.0,0.0,3.1912,0.0,-0.0,3.3165,0.0,-0.0,0.0332,0.0001,0.0,125.0731,0.0,0.0,1.2507,0.0002,0.0002,493.0821,0.0,0.0,4.9308,0.0,-0.0,74.9612,0.0,-0.0,0.7496,e93a2b3,,18992fa,2026-09-04T19:21:08+00:00
28104,17.7851,0.0001,0.0,0.0001,0.0001,-0.0,97.2152,0.0,-0.0,0.9722,0.0034,0.0034,13341.5459,0.0003,0.0003,133.4154,0.0,-0.0,24.3118,0.0,-0.0,0.2431,0.0002,0.0001,496.9181,0.0,0.0,4.9692,0.0,-0.0001,3.5451,0.0,-0.0,0.0355,0.0,-0.0,44.9163,0.0,-0.0,0.4492,0.0002,0.0002,585.6997,0.0,0.0,5.857,0.0,-0.0,9.4744,0.0,-0.0,0.0947,0.0001,-0.0,108.5156,0.0,-0.0,1.0852,0.0004,0.0003,651.3566,0.0,0.0,6.5136,0.0001,0.0,193.8292,0.0,0.0,1.9383,e93a2b3,,18992fa,2026-09-04T19:21:08+00:00
28106,22.4447,0.0081,0.0008,0.0081,0.0153,0.0066,105.8649,0.0015,0.0007,1.0586,0.0206,-0.0073,413.1467,0.0021,-0.0007,4.1315,0.0836,0.0264,123.354,0.0085,0.0027,1.2335,0.0465,-0.0893,19.692,0.0047,-0.009,0.1969,0.098,0.0638,3070.1873,0.0099,0.0065,30.7019,0.0448,0.0119,528.822,0.0045,0.0012,5.2882,0.0241,-0.006,82.7526,0.0024,-0.0006,0.8275,0.0009,-0.0324,8.1045,0.0001,-0.0033,0.081,0.0236,-0.0362,12.0108,0.0024,-0.0037,0.1201,0.0372,0.0071,1009.2007,0.0038,0.0007,10.092,0.0272,0.0011,238.9615,0.0028,0.0001,2.3896,e93a2b3,,18992fa,2026-09-04T19:21:08+00:00
28107,18.9049,0.0001,0.0,0.0001,0.0001,-0.0,96.2947,0.0,-0.0,0.9629,0.0014,0.0014,17318.2344,0.0001,0.0001,173.1823,0.0,-0.0,11.6048,0.0,-0.0,0.116,0.0,0.0,408.6331,0.0,0.0,4.0863,,,,,,,0.0,-0.0,10.7914,0.0,-0.0,0.1079,0.0,0.0,479.3161,0.0,0.0,4.7932,0.0,-0.0,16.1044,0.0,-0.0,0.161,0.0,-0.0,91.0072,0.0,-0.0,0.9101,0.0,0.0,351.0791,0.0,0.0,3.5108,0.0,-0.0,25.9289,0.0,-0.0,0.2593,e93a2b3,,18992fa,2026-09-04T19:21:08+00:00
28108,30.821,0.0,0.0,0.0,0.0,-0.0,156.577,0.0,-0.0,1.5658,0.0038,0.0038,21103.8867,0.0004,0.0004,211.0389,0.0,-0.0001,18.6961,0.0,-0.0,0.187,0.0001,0.0,208.7471,0.0,0.0,2.0875,0.0,-0.0001,3.1325,0.0,-0.0,0.0313,0.0001,-0.0,79.8465,0.0,-0.0,0.7985,0.0001,0.0001,382.3989,0.0,0.0,3.824,0.0,-0.0,15.1697,0.0,-0.0,0.1517,0.0,-0.0,50.7476,0.0,-0.0,0.5075,0.0002,0.0002,273.7086,0.0,0.0,2.7371,0.0002,0.0001,244.537,0.0,0.0,2.4454,e93a2b3,,18992fa,2026-09-04T19:21:08+00:00
28109,36.4024,0.026,0.0027,0.026,0.0495,0.0134,125.8043,0.005,0.0014,1.258,0.0345,0.0054,5105.4604,0.0035,0.0006,51.0546,0.0666,0.0114,149.1332,0.0068,0.0012,1.4913,0.0901,-0.0942,37.2183,0.0092,-0.0096,0.3722,0.1241,0.0805,21207.8594,0.0127,0.0082,212.0785,0.0534,0.0146,1099.8312,0.0054,0.0015,10.9983,0.0251,-0.0076,70.6711,0.0026,-0.0008,0.7067,0.0023,-0.0603,4.5147,0.0002,-0.0061,0.0451,0.0229,-0.0358,11.2915,0.0023,-0.0037,0.1129,0.0401,0.0002,1373.6172,0.0041,0.0,13.7362,0.027,-0.0016,138.802,0.0027,-0.0002,1.388,e93a2b3,,18992fa,2026-09-04T19:21:08+00:00
28110,9.7417,0.0001,0.0,0.0001,0.0001,-0.0001,17.2992,0.0,-0.0,0.173,0.0045,0.0044,8901.7373,0.0004,0.0004,89.0174,0.0001,-0.0001,27.2164,0.0,-0.0,0.2722,0.0004,0.0003,672.2726,0.0,0.0,6.7227,0.0037,0.0035,413.8093,0.0004,0.0003,4.1381,0.0002,-0.0,103.8985,0.0,-0.0,1.039,0.0003,0.0001,486.5718,0.0,0.0,4.8657,0.0,-0.0002,5.649,0.0,-0.0,0.0565,0.0013,0.0011,2807.8567,0.0001,0.0001,28.0786,0.0002,0.0,98.7817,0.0,0.0,0.9878,0.0,-0.0003,3.3676,0.0,-0.0,0.0337,e93a2b3,,18992fa,2026-09-04T19:21:08+00:00
28120,16.7695,0.0001,0.0,0.0001,0.0001,-0.0,22.0841,0.0,-0.0,0.2208,0.0022,0.0021,8303.8115,0.0002,0.0002,83.0381,0.0001,-0.0002,24.729,0.0,-0.0,0.2473,0.0002,0.0001,169.0425,0.0,0.0,1.6904,0.0042,0.0041,346.7001,0.0004,0.0004,3.467,0.0001,0.0,86.8132,0.0,0.0,0.8681,0.0003,0.0002,1720.8601,0.0,0.0,17.2086,0.0,-0.0002,5.5141,0.0,-0.0,0.0551,0.0007,0.0006,3374.1692,0.0001,0.0001,33.7417,0.0001,-0.0,115.458,0.0,-0.0,1.1546,0.0,-0.0001,10.9037,0.0,-0.0,0.109,e93a2b3,,18992fa,2026-09-04T19:21:08+00:00
28140,17.2488,0.0,0.0,0.0,0.0001,0.0,193.2637,0.0,0.0,1.9326,0.0015,0.0015,7974.873,0.0001,0.0001,79.7487,0.0,-0.0,22.2275,0.0,-0.0,0.2223,0.0,-0.0,35.3417,0.0,-0.0,0.3534,0.0,-0.0,5.7216,0.0,-0.0,0.0572,0.0,-0.0,83.3562,0.0,-0.0,0.8336,0.0002,0.0001,1189.8721,0.0,0.0,11.8987,0.0,-0.0,7.3208,0.0,-0.0,0.0732,0.0001,0.0,339.9535,0.0,0.0,3.3995,0.0001,0.0001,473.588,0.0,0.0,4.7359,0.0,-0.0,76.263,0.0,-0.0,0.7626,e93a2b3,,18992fa,2026-09-04T19:21:08+00:00
28160,13.6804,0.0023,0.0002,0.0023,0.0042,0.0019,5177.811,0.0004,0.0002,51.7781,,,,,,,0.0,-0.0001,10.0624,0.0,-0.0,0.1006,0.0,-0.0001,25.0664,0.0,-0.0,0.2507,0.0001,-0.002,70.3814,0.0,-0.0002,0.7038,,,,,,,,,,,,,,,,,,,,,,,,,,,,,,,,,,,,,e93a2b3,,18992fa,2026-09-04T19:21:08+00:00
28204,25.4044,0.0003,0.0,0.0003,0.0002,-0.0001,379.3575,0.0,-0.0,3.7936,,,,,,,0.0,-0.0004,0.7314,0.0,-0.0,0.0073,0.0005,0.0002,133.8359,0.0,0.0,1.3384,0.0008,0.0005,1913.7539,0.0001,0.0,19.1375,,,,,,,,,,,,,0.0,-0.0001,6.2766,0.0,-0.0,0.0628,,,,,,,0.0,-0.0001,32.145,0.0,-0.0,0.3215,,,,,,,e93a2b3,,18992fa,2026-09-04T19:21:08+00:00
28207,29.0243,0.0,0.0,0.0,0.0,0.0,85.2519,0.0,0.0,0.8525,,,,,,,0.0,-0.0,7.8903,0.0,-0.0,0.0789,0.0,-0.0,21.63,0.0,-0.0,0.2163,0.0007,0.0007,9663.8506,0.0001,0.0001,96.6385,,,,,,,0.0,-0.0,12.6332,0.0,-0.0,0.1263,0.0,-0.0,108.4182,0.0,-0.0,1.0842,,,,,,,0.0,0.0,272.9255,0.0,0.0,2.7293,0.0,-0.0,8.7993,0.0,-0.0,0.088,e93a2b3,,18992fa,2026-09-04T19:21:08+00:00
28208,30.5192,0.0,0.0,0.0,0.0001,0.0,214.7488,0.0,0.0,2.1475,,,,,,,0.0,-0.0,1.1569,0.0,-0.0,0.0116,0.0,-0.0,51.255,0.0,-0.0,0.5125,0.0015,0.0015,6545.9927,0.0001,0.0001,65.4599,,,,,,,0.0,-0.0,10.3215,0.0,-0.0,0.1032,0.0,-0.0,19.3802,0.0,-0.0,0.1938,,,,,,,0.0,0.0,222.1159,0.0,0.0,2.2212,0.0,-0.0,4.4344,0.0,-0.0,0.0443,e93a2b3,,18992fa,2026-09-04T19:21:08+00:00
28209,33.8766,0.0001,0.0,0.0001,0.0003,0.0002,651.4803,0.0,0.0,6.5148,0.0,-0.0004,0.1038,0.0,-0.0,0.001,0.0,-0.0,40.8344,0.0,-0.0,0.4083,0.0001,-0.0,55.0244,0.0,-0.0,0.5502,0.0001,0.0,307.6378,0.0,0.0,3.0764,,,,,,,0.0002,0.0002,223.9972,0.0,0.0,2.24,0.0,-0.0,90.7893,0.0,-0.0,0.9079,,,,,,,0.0002,0.0001,1204.6017,0.0,0.0,12.046,,,,,,,e93a2b3,,18992fa,2026-09-04T19:21:08+00:00
28230,26.7483,0.0,0.0,0.0,0.0,0.0,123.0481,0.0,0.0,1.2305,0.0,-0.0,3.4483,0.0,-0.0,0.0345,0.0,0.0,165.3455,0.0,0.0,1.6535,0.0,-0.0,74.4576,0.0,-0.0,0.7446,0.0,-0.0,51.0092,0.0,-0.0,0.5101,,,,,,,0.0,-0.0,18.5491,0.0,-0.0,0.1855,0.0,0.0,190.7403,0.0,0.0,1.9074,,,,,,,0.0,0.0,252.5109,0.0,0.0,2.5251,,,,,,,e93a2b3,,18992fa,2026-09-04T19:21:08+00:00
28240,34.7696,0.0025,0.0002,0.0025,0.0079,0.0054,185.7975,0.0006,0.0004,1.858,0.0007,-0.0064,5.593,0.0001,-0.0005,0.0559,0.0137,0.0112,784.7109,0.0011,0.0009,7.8471,0.0065,0.004,4014.2754,0.0005,0.0003,40.1428,0.0,-0.0037,3.0087,0.0,-0.0003,0.0301,0.0,-0.0119,0.0728,0.0,-0.001,0.0007,0.0134,0.0106,221.9495,0.0011,0.0009,2.2195,0.0042,0.0017,71.9563,0.0003,0.0001,0.7196,,,,,,,0.0007,-0.0019,152.9808,0.0001,-0.0002,1.5298,0.0,-0.0113,0.0024,0.0,-0.0009,0.0,e93a2b3,,18992fa,2026-09-04T19:21:08+00:00
28260,34.6511,0.0019,0.0002,0.0019,0.003,0.0011,112.9142,0.0002,0.0001,1.1291,0.0003,-0.0052,4.173,0.0,-0.0004,0.0417,0.021,0.0191,5763.8462,0.0017,0.0015,57.6385,0.0063,0.0044,13073.6758,0.0005,0.0003,130.7367,0.0003,-0.0024,7.5119,0.0,-0.0002,0.0751,0.0,-0.0072,0.0686,0.0,-0.0006,0.0007,0.022,0.0199,990.8463,0.0018,0.0016,9.9085,0.0023,0.0004,56.65,0.0002,0.0,0.5665,,,,,,,0.0006,-0.0015,54.9462,0.0001,-0.0001,0.5495,0.0,-0.006,0.0033,0.0,-0.0005,0.0,e93a2b3,,18992fa,2026-09-04T19:21:08+00:00
28281,34.7922,0.0232,0.0018,0.0232,0.003,-0.0209,37.5521,0.0002,-0.0016,0.3755,0.0083,-0.0276,13.2411,0.0006,-0.0021,0.1324,0.0274,0.0042,8868.8477,0.0021,0.0003,88.6885,0.0676,0.0444,11999.3271,0.0052,0.0034,119.9933,0.0431,0.0186,133.5849,0.0033,0.0014,1.3358,0.0,-0.0442,0.0119,0.0,-0.0034,0.0001,0.0663,0.0426,1237.1639,0.0051,0.0033,12.3716,0.0464,0.0232,142.2791,0.0036,0.0018,1.4228,0.0,-0.06,0.0412,0.0,-0.0046,0.0004,0.0115,-0.0133,34.9263,0.0009,-0.001,0.3493,0.0,-0.0675,0.0059,0.0,-0.0052,0.0001,e93a2b3,,18992fa,2026-09-04T19:21:08+00:00
28282,38.1784,0.022,0.0017,0.022,0.0282,0.0063,147.6256,0.0022,0.0005,1.4763,0.0545,0.0325,219.1419,0.0043,0.0026,2.1914,0.0786,0.0566,556.6705,0.0062,0.0045,5.5667,0.0202,-0.0017,91.0958,0.0016,-0.0001,0.911,0.0057,-0.0163,28.0962,0.0004,-0.0013,0.281,0.0014,-0.0244,2.6388,0.0001,-0.0019,0.0264,0.0902,0.0682,738.1871,0.0071,0.0054,7.3819,0.0326,0.0106,159.3911,0.0026,0.0008,1.5939,0.0001,-0.045,0.2202,0.0,-0.0035,0.0022,0.014,-0.0079,50.9512,0.0011,-0.0006,0.5095,0.0,-0.0289,0.0221,0.0,-0.0023,0.0002,e93a2b3,,18992fa,2026-09-04T19:21:08+00:00
28283,38.2557,0.0585,0.0045,0.0585,0.0112,-0.0472,18.9166,0.0009,-0.0036,0.1892,0.0593,0.0009,105.0288,0.0046,0.0001,1.0503,0.0772,0.0187,136.9133,0.0059,0.0014,1.3691,0.0447,-0.0137,77.832,0.0034,-0.0011,0.7783,0.0614,0.003,103.0894,0.0047,0.0002,1.0309,0.0,-0.0584,0.0537,0.0,-0.0045,0.0005,0.1184,0.06,211.4637,0.0091,0.0046,2.1146,0.0661,0.0076,113.6761,0.0051,0.0006,1.1368,0.0,-0.0827,0.001,0.0,-0.0063,0.0,0.076,0.0176,131.5817,0.0058,0.0014,1.3158,0.0,-0.0588,0.005,0.0,-0.0045,0.0,e93a2b3,,18992fa,2026-09-04T19:21:08+00:00
28284,41.4783,0.1313,0.0099,0.1313,0.1147,-0.0166,84.8415,0.0087,-0.0013,0.8484,0.2122,0.0809,164.5556,0.0161,0.0061,1.6456,0.2001,0.0688,156.2806,0.0151,0.0052,1.5628,0.0759,-0.0554,60.8277,0.0057,-0.0042,0.6083,0.1216,-0.0097,92.5728,0.0092,-0.0007,0.9257,0.1048,-0.0265,71.3304,0.0079,-0.002,0.7133,0.1756,0.0443,143.013,0.0133,0.0034,1.4301,0.1578,0.0265,121.1754,0.0119,0.002,1.2118,0.0411,-0.0907,26.9551,0.0031,-0.0069,0.2696,0.1424,0.0111,110.6581,0.0108,0.0008,1.1066,0.0138,-0.1175,7.7602,0.001,-0.0089,0.0776,e93a2b3,,18992fa,2026-09-04T19:21:08+00:00
28285,38.5051,0.0456,0.0035,0.0456,0.0519,0.0064,114.1226,0.004,0.0005,1.1412,0.1346,0.0891,321.9431,0.0104,0.0069,3.2194,0.1051,0.0596,264.934,0.0081,0.0046,2.6493,0.0477,0.0021,115.0243,0.0037,0.0002,1.1502,0.0125,-0.0331,29.1117,0.001,-0.0026,0.2911,0.0223,-0.0232,35.5468,0.0017,-0.0018,0.3555,0.1171,0.0715,304.6275,0.0091,0.0055,3.0463,0.0558,0.0102,126.5074,0.0043,0.0008,1.2651,0.0012,-0.0481,1.4291,0.0001,-0.0037,0.0143,0.0409,-0.0047,84.3418,0.0032,-0.0004,0.8434,0.0001,-0.0454,0.172,0.0,-0.0035,0.0017,e93a2b3,,18992fa,2026-09-04T19:21:08+00:00
28286,36.75,0.0306,0.0024,0.0306,0.0398,0.0091,132.7672,0.0031,0.0007,1.3277,0.087,0.0563,305.7327,0.0068,0.0044,3.0573,0.0724,0.0418,257.7361,0.0057,0.0033,2.5774,0.0383,0.0077,138.8715,0.003,0.0006,1.3887,0.0005,-0.0301,1.4006,0.0,-0.0024,0.014,0.0001,-0.031,0.2265,0.0,-0.0024,0.0023,0.0858,0.0552,320.6551,0.0068,0.0044,3.2066,0.0403,0.0097,129.9076,0.0032,0.0008,1.2991,0.0002,-0.0321,0.3644,0.0,-0.0025,0.0036,0.006,-0.0246,16.5225,0.0005,-0.0019,0.1652,0.0,-0.039,0.004,0.0,-0.0031,0.0,e93a2b3,,18992fa,2026-09-04T19:21:08+00:00
28287,36.6738,0.0156,0.0012,0.0156,0.0156,0.0,100.0,0.0012,0.0,1.0,0.1296,0.114,867.9196,0.01,0.0088,8.6792,0.0518,0.0361,347.6734,0.004,0.0028,3.4767,0.062,0.0464,419.8048,0.0048,0.0036,4.198,0.0006,-0.015,4.1718,0.0,-0.0012,0.0417,0.0003,-0.0153,1.7452,0.0,-0.0012,0.0175,0.0896,0.074,604.9001,0.0069,0.0057,6.049,0.037,0.0214,244.2498,0.0029,0.0017,2.4425,0.0001,-0.0155,0.7611,0.0,-0.0012,0.0076,0.0059,-0.0098,36.8301,0.0005,-0.0008,0.3683,0.0,-0.0156,0.0165,0.0,-0.0012,0.0002,e93a2b3,,18992fa,2026-09-04T19:21:08+00:00
28288,36.468,0.0483,0.0037,0.0483,0.0591,0.0108,120.9773,0.0046,0.0008,1.2098,0.1371,0.0888,306.0257,0.0106,0.0069,3.0603,0.0947,0.0464,203.9432,0.0073,0.0036,2.0394,0.0537,0.0054,123.2487,0.0041,0.0004,1.2325,0.0034,-0.0449,7.2084,0.0003,-0.0035,0.0721,0.0019,-0.0464,4.1232,0.0001,-0.0036,0.0412,0.1055,0.0572,236.1446,0.0081,0.0044,2.3614,0.0771,0.0288,163.7148,0.006,0.0022,1.6371,0.0026,-0.0457,5.2741,0.0002,-0.0035,0.0527,0.0313,-0.017,64.3034,0.0024,-0.0013,0.643,0.0,-0.0483,0.0117,0.0,-0.0037,0.0001,e93a2b3,,18992fa,2026-09-04T19:21:08+00:00
28289,34.495,0.0485,0.0036,0.0485,0.0221,-0.0264,43.8084,0.0017,-0.002,0.4381,0.1451,0.0966,373.9909,0.0109,0.0072,3.7399,0.0966,0.0481,240.5115,0.0072,0.0036,2.4051,0.0672,0.0187,171.651,0.005,0.0014,1.7165,0.0269,-0.0216,39.1096,0.002,-0.0016,0.3911,0.0328,-0.0157,53.0469,0.0024,-0.0012,0.5305,0.1052,0.0567,279.544,0.0079,0.0043,2.7954,0.0513,0.0028,115.1118,0.0038,0.0002,1.1511,0.0124,-0.0361,18.6896,0.0009,-0.0027,0.1869,0.0579,0.0094,123.0693,0.0043,0.0007,1.2307,0.0003,-0.0482,0.3629,0.0,-0.0036,0.0036,e93a2b3,,18992fa,2026-09-04T19:21:08+00:00
28290,29.8808,0.0033,0.0003,0.0033,0.0001,-0.0052,14.1265,0.0,-0.0004,0.1413,0.0,-0.01,0.3052,0.0,-0.0008,0.0031,0.0055,0.0022,12039.4629,0.0004,0.0002,120.3946,0.0365,0.0333,17912.1309,0.0029,0.0026,179.1212,0.0073,0.0039,114.2972,0.0006,0.0003,1.143,0.0,-0.0096,0.0238,0.0,-0.0007,0.0002,0.0054,0.0021,310.5453,0.0004,0.0002,3.1055,0.0186,0.0139,249.4203,0.0014,0.0011,2.4942,0.0001,-0.0026,17.4821,0.0,-0.0002,0.1748,0.0,-0.0072,8.1342,0.0,-0.0006,0.0813,,,,,,,e93a2b3,,18992fa,2026-09-04T19:21:08+00:00
28311,24.0281,0.0003,0.0,0.0003,0.0001,-0.0002,1074.1569,0.0,-0.0,10.7416,0.0,-0.0012,4.3571,0.0,-0.0001,0.0436,0.0016,0.0014,1396.4637,0.0001,0.0001,13.9646,0.005,0.0047,3580.9954,0.0004,0.0004,35.8099,0.0008,0.0005,186.3008,0.0001,0.0,1.863,0.0,-0.001,1.9802,0.0,-0.0001,0.0198,0.0005,0.0001,989.0655,0.0,0.0,9.8907,0.0015,0.0013,106.1732,0.0001,0.0001,1.0617,0.0,-0.0018,0.0955,0.0,-0.0001,0.001,0.0,-0.0013,1.1219,0.0,-0.0001,0.0112,0.0,-0.0023,0.0225,0.0,-0.0002,0.0002,e93a2b3,,18992fa,2026-09-04T19:21:08+00:00
28312,30.8486,0.0021,0.0002,0.0021,0.0001,-0.002,4.9424,0.0,-0.0002,0.0494,0.0,-0.0025,0.2619,0.0,-0.0002,0.0026,0.0055,0.0034,2655.8005,0.0004,0.0003,26.558,0.0659,0.0638,15149.0156,0.0052,0.005,151.4901,0.012,0.0099,656.0061,0.0009,0.0008,6.5601,0.0,-0.0026,0.091,0.0,-0.0002,0.0009,0.0023,0.0003,79.7246,0.0002,0.0,0.7972,0.029,0.0269,1447.1005,0.0023,0.0021,14.471,0.0001,-0.0026,3.8356,0.0,-0.0002,0.0384,0.0,-0.0028,0.2014,0.0,-0.0002,0.002,,,,,,,e93a2b3,,18992fa,2026-09-04T19:21:08+00:00
28313,33.2081,0.0266,0.002,0.0266,0.0139,-0.0128,73.8783,0.001,-0.001,0.7388,0.0055,-0.032,8.3969,0.0004,-0.0024,0.084,0.0114,-0.0152,78.8224,0.0009,-0.0011,0.7882,0.1324,0.1058,1880.78,0.0101,0.0081,18.8078,0.0978,0.0712,1115.8016,0.0074,0.0054,11.158,0.0007,-0.026,6.65,0.0001,-0.002,0.0665,0.063,0.0364,544.5247,0.0048,0.0028,5.4452,0.1155,0.0889,1663.2689,0.0088,0.0068,16.6327,0.0002,-0.0153,2.071,0.0,-0.0012,0.0207,0.0314,0.0029,51.9832,0.0024,0.0002,0.5198,0.0,-0.0321,0.0192,0.0,-0.0024,0.0002,e93a2b3,,18992fa,2026-09-04T19:21:08+00:00
28314,34.2041,0.033,0.0025,0.033,0.0058,-0.0272,23.4128,0.0004,-0.0021,0.2341,0.0033,-0.0308,5.6358,0.0002,-0.0023,0.0564,0.033,0.0001,101.6876,0.0025,0.0,1.0169,0.1422,0.1092,941.0706,0.0109,0.0083,9.4107,0.0718,0.0388,482.2413,0.0055,0.003,4.8224,0.0001,-0.0321,1.5935,0.0,-0.0024,0.0159,0.0913,0.0583,472.0678,0.007,0.0045,4.7207,0.1133,0.0803,721.4149,0.0087,0.0061,7.2142,0.0001,-0.0047,2.4501,0.0,-0.0004,0.0245,0.0025,-0.0304,4.9668,0.0002,-0.0023,0.0497,0.0,-0.0532,0.002,0.0,-0.004,0.0,e93a2b3,,18992fa,2026-09-04T19:21:08+00:00
28315,33.4686,0.0554,0.0041,0.0554,0.0249,-0.0305,47.6478,0.0019,-0.0023,0.4765,0.0208,-0.0346,30.2564,0.0015,-0.0026,0.3026,0.046,-0.0094,83.9688,0.0034,-0.0007,0.8397,0.1471,0.0917,367.6979,0.011,0.0069,3.677,0.1099,0.0545,268.2902,0.0082,0.0041,2.6829,0.0023,-0.0531,4.4346,0.0002,-0.004,0.0443,0.0866,0.0312,204.0359,0.0065,0.0023,2.0404,0.1145,0.0591,276.1409,0.0086,0.0044,2.7614,0.0,-0.0593,0.1145,0.0,-0.0044,0.0011,0.0636,0.0082,106.7619,0.0047,0.0006,1.0676,0.0001,-0.0686,0.0945,0.0,-0.0051,0.0009,e93a2b3,,18992fa,2026-09-04T19:21:08+00:00
28316,36.6621,0.0954,0.0071,0.0954,0.0649,-0.0304,64.8253,0.0048,-0.0023,0.6483,0.0735,-0.0219,73.328,0.0055,-0.0016,0.7333,0.1246,0.0292,129.0394,0.0093,0.0022,1.2904,0.1124,0.017,123.8124,0.0084,0.0013,1.2381,0.0997,0.0043,105.3584,0.0074,0.0003,1.0536,0.0052,-0.0902,4.2301,0.0004,-0.0067,0.0423,0.1355,0.0401,147.0737,0.0101,0.003,1.4707,0.1472,0.0518,157.3892,0.011,0.0039,1.5739,0.0003,-0.1047,0.2203,0.0,-0.0078,0.0022,0.109,0.0137,112.9658,0.0081,0.001,1.1297,0.001,-0.0945,0.772,0.0001,-0.007,0.0077,e93a2b3,,18992fa,2026-09-04T19:21:08+00:00
28317,34.6711,0.1144,0.0083,0.1144,0.0823,-0.032,69.329,0.006,-0.0023,0.6933,0.0842,-0.0301,73.1067,0.0061,-0.0022,0.7311,0.1333,0.019,112.6149,0.0097,0.0014,1.1261,0.1481,0.0337,136.5778,0.0108,0.0025,1.3658,0.1428,0.0284,130.6322,0.0104,0.0021,1.3063,0.0095,-0.1049,6.7726,0.0007,-0.0077,0.0677,0.1144,0.0,100.6903,0.0083,0.0,1.0069,0.1649,0.0505,144.5056,0.012,0.0037,1.4451,0.0003,-0.125,0.2252,0.0,-0.0091,0.0023,0.1371,0.0228,122.612,0.01,0.0017,1.2261,0.0047,-0.1114,3.1329,0.0003,-0.0081,0.0313,e93a2b3,,18992fa,2026-09-04T19:21:08+00:00
28318,34.262,0.1156,0.0083,0.1156,0.0831,-0.0325,71.3735,0.006,-0.0023,0.7137,0.0802,-0.0354,68.2054,0.0058,-0.0026,0.6821,0.1352,0.0196,115.4626,0.0097,0.0014,1.1546,0.1355,0.0199,120.5134,0.0098,0.0014,1.2051,0.1424,0.0268,124.9929,0.0102,0.0019,1.2499,0.0038,-0.1118,2.8754,0.0003,-0.008,0.0288,0.115,-0.0006,99.7194,0.0083,-0.0,0.9972,0.1568,0.0412,135.5932,0.0113,0.003,1.3559,0.0003,-0.1224,0.2065,0.0,-0.0088,0.0021,0.1381,0.0225,119.2481,0.0099,0.0016,1.1925,0.0081,-0.1078,6.1838,0.0006,-0.0078,0.0618,e93a2b3,,18992fa,2026-09-04T19:21:08+00:00
28319,32.433,0.0848,0.0061,0.0848,0.0571,-0.0277,67.3917,0.0041,-0.002,0.6739,0.0714,-0.0134,86.0348,0.0051,-0.001,0.8603,0.0816,-0.0032,94.8055,0.0059,-0.0002,0.9481,0.1144,0.0296,140.487,0.0082,0.0021,1.4049,0.1284,0.0436,156.6934,0.0092,0.0031,1.5669,0.0009,-0.0839,0.9164,0.0001,-0.006,0.0092,0.0949,0.0101,115.0871,0.0068,0.0007,1.1509,0.1039,0.0191,123.9129,0.0074,0.0014,1.2391,0.0013,-0.0869,1.2742,0.0001,-0.0062,0.0127,0.1302,0.0454,158.3066,0.0093,0.0033,1.5831,0.0019,-0.0829,2.4012,0.0001,-0.0059,0.024,e93a2b3,,18992fa,2026-09-04T19:21:08+00:00
28321,35.1516,0.1322,0.0093,0.1322,0.108,-0.0242,80.9277,0.0076,-0.0017,0.8093,0.1104,-0.0217,82.1132,0.0078,-0.0015,0.8211,0.1523,0.0202,115.0795,0.0107,0.0014,1.1508,0.1356,0.0034,102.7327,0.0095,0.0002,1.0273,0.1666,0.0345,125.8091,0.0117,0.0024,1.2581,0.0068,-0.1254,4.9265,0.0005,-0.0088,0.0493,0.1356,0.0034,103.0542,0.0095,0.0002,1.0305,0.1778,0.0457,134.7086,0.0125,0.0032,1.3471,0.0017,-0.131,1.2937,0.0001,-0.0092,0.0129,0.1779,0.0458,135.1108,0.0125,0.0032,1.3511,0.018,-0.1142,13.5685,0.0013,-0.008,0.1357,e93a2b3,,18992fa,2026-09-04T19:21:08+00:00
28322,35.7225,0.1759,0.0115,0.1759,0.1711,-0.0047,97.0465,0.0112,-0.0003,0.9705,0.2042,0.0284,116.1918,0.0133,0.0019,1.1619,0.212,0.0361,121.2676,0.0139,0.0024,1.2127,0.1868,0.011,106.1998,0.0122,0.0007,1.062,0.1957,0.0198,111.7338,0.0128,0.0013,1.1173,0.1106,-0.0653,59.7281,0.0071,-0.0044,0.5973,0.1702,-0.0057,97.356,0.0111,-0.0004,0.9736,0.1922,0.0164,109.9371,0.0126,0.0011,1.0994,0.0729,-0.1029,40.0479,0.0047,-0.0068,0.4005,0.1633,-0.0125,93.6215,0.0107,-0.0008,0.9362,0.0581,-0.1178,31.8615,0.0038,-0.0077,0.3186,e93a2b3,,18992fa,2026-09-04T19:21:08+00:00
28323,35.4134,0.1254,0.0088,0.1254,0.1043,-0.0211,81.8312,0.0073,-0.0015,0.8183,0.125,-0.0004,98.3295,0.0088,-0.0,0.9833,0.1773,0.0518,140.5282,0.0125,0.0037,1.4053,0.1266,0.0012,101.6865,0.0089,0.0001,1.0169,0.1363,0.0108,107.2525,0.0095,0.0007,1.0725,0.0269,-0.0985,19.8903,0.0019,-0.0069,0.1989,0.1322,0.0068,106.3428,0.0093,0.0005,1.0634,0.1864,0.061,149.1543,0.0131,0.0043,1.4915,0.0061,-0.1194,4.2648,0.0004,-0.0084,0.0426,0.1475,0.022,117.3854,0.0104,0.0015,1.1739,0.0293,-0.0961,21.8535,0.002,-0.0068,0.2185,e93a2b3,,18992fa,2026-09-04T19:21:08+00:00
28324,36.566,0.1447,0.0103,0.1447,0.1488,0.0041,103.9051,0.0106,0.0003,1.0391,0.164,0.0194,111.7906,0.0117,0.0014,1.1179,0.2282,0.0835,162.9268,0.0163,0.006,1.6293,0.1129,-0.0318,81.6834,0.008,-0.0023,0.8168,0.1402,-0.0045,94.7391,0.01,-0.0003,0.9474,0.1308,-0.0138,83.8218,0.0093,-0.001,0.8382,0.1551,0.0104,112.7309,0.0111,0.0008,1.1273,0.1891,0.0444,136.125,0.0134,0.0031,1.3613,0.0565,-0.0882,32.1808,0.004,-0.0063,0.3218,0.1419,-0.0028,99.291,0.0101,-0.0002,0.9929,0.0806,-0.0641,48.0328,0.0057,-0.0046,0.4803,e93a2b3,,18992fa,2026-09-04T19:21:08+00:00
28325,36.5742,0.1591,0.0107,0.1591,0.1633,0.0043,102.4827,0.011,0.0003,1.0248,0.1749,0.0158,109.9622,0.0117,0.0011,1.0996,0.2256,0.0665,142.2605,0.0152,0.0045,1.4226,0.1421,-0.017,89.7372,0.0095,-0.0011,0.8974,0.1854,0.0263,116.7774,0.0124,0.0018,1.1678,0.0976,-0.0614,60.3078,0.0065,-0.0041,0.6031,0.142,-0.0171,89.4347,0.0095,-0.0011,0.8943,0.2104,0.0514,132.7103,0.0141,0.0035,1.3271,0.0462,-0.1128,28.6665,0.0031,-0.0076,0.2867,0.1678,0.0088,105.8207,0.0113,0.0006,1.0582,0.1188,-0.0403,74.0966,0.008,-0.0027,0.741,e93a2b3,,18992fa,2026-09-04T19:21:08+00:00
28326,36.3795,0.183,0.0121,0.183,0.1998,0.0168,110.2626,0.0132,0.0011,1.1026,0.2133,0.0303,117.3937,0.014,0.002,1.1739,0.2267,0.0437,128.5615,0.015,0.0029,1.2856,0.1354,-0.0476,75.7871,0.0089,-0.0031,0.7579,0.1894,0.0064,103.5459,0.0125,0.0004,1.0355,0.1861,0.0031,98.6556,0.0122,0.0002,0.9866,0.1533,-0.0297,84.7519,0.0101,-0.002,0.8475,0.1994,0.0164,109.9299,0.0131,0.0011,1.0993,0.0941,-0.0889,47.2716,0.0062,-0.0059,0.4727,0.1749,-0.0081,97.4418,0.0115,-0.0005,0.9744,0.1699,-0.0131,89.8624,0.0112,-0.0009,0.8986,e93a2b3,,18992fa,2026-09-04T19:21:08+00:00
28327,37.161,0.2159,0.0137,0.2159,0.2277,0.0117,104.2354,0.0144,0.0007,1.0424,0.2599,0.0439,123.181,0.0165,0.0028,1.2318,0.2274,0.0114,107.7944,0.0144,0.0007,1.0779,0.1639,-0.052,76.9129,0.0104,-0.0033,0.7691,0.2183,0.0023,101.7948,0.0139,0.0002,1.0179,0.2306,0.0146,100.4937,0.0146,0.0009,1.0049,0.1887,-0.0272,87.8756,0.012,-0.0017,0.8788,0.237,0.0211,109.8043,0.0151,0.0013,1.098,0.1325,-0.0834,57.2544,0.0084,-0.0053,0.5725,0.2112,-0.0047,99.4314,0.0134,-0.0003,0.9943,0.1833,-0.0327,79.8111,0.0116,-0.0021,0.7981,e93a2b3,,18992fa,2026-09-04T19:21:08+00:00
28328,41.2631,0.2909,0.0176,0.2909,0.3239,0.033,110.5352,0.0196,0.002,1.1054,0.3103,0.0194,107.3655,0.0188,0.0012,1.0737,0.2651,-0.0259,91.7291,0.016,-0.0016,0.9173,0.2494,-0.0415,86.5502,0.0151,-0.0025,0.8655,0.2877,-0.0032,99.1775,0.0174,-0.0002,0.9918,0.3947,0.1038,135.2533,0.0239,0.0063,1.3525,0.2491,-0.0418,85.6662,0.0151,-0.0025,0.8567,0.3285,0.0376,112.7293,0.0199,0.0023,1.1273,0.2615,-0.0294,89.1521,0.0158,-0.0018,0.8915,0.271,-0.02,92.6575,0.0164,-0.0012,0.9266,0.2939,0.003,99.9702,0.0178,0.0002,0.9997,e93a2b3,,18992fa,2026-09-04T19:21:08+00:00
28329,36.5903,0.1873,0.0116,0.1873,0.1866,-0.0007,99.6976,0.0115,-0.0,0.997,0.245,0.0577,131.2314,0.0152,0.0036,1.3123,0.1995,0.0122,106.8595,0.0123,0.0008,1.0686,0.1846,-0.0027,98.5873,0.0114,-0.0002,0.9859,0.2044,0.017,109.2616,0.0126,0.001,1.0926,0.2287,0.0414,121.7319,0.0141,0.0025,1.2173,0.1673,-0.0201,89.4512,0.0103,-0.0012,0.8945,0.1897,0.0023,101.1444,0.0117,0.0001,1.0114,0.1078,-0.0796,57.1756,0.0067,-0.0049,0.5718,0.1651,-0.0222,88.6563,0.0102,-0.0013,0.8866,0.1217,-0.0656,64.3211,0.0075,-0.0041,0.6432,e93a2b3,,18992fa,2026-09-04T19:21:08+00:00
28330,33.0597,0.1328,0.0089,0.1328,0.1198,-0.0131,87.2349,0.008,-0.0009,0.8723,0.1448,0.012,107.2406,0.0097,0.0008,1.0724,0.1457,0.0129,106.2513,0.0097,0.0008,1.0625,0.1688,0.036,130.3867,0.0113,0.0024,1.3039,0.1554,0.0226,121.2731,0.0105,0.0016,1.2127,0.0201,-0.1128,12.3738,0.0013,-0.0076,0.1237,0.1615,0.0287,125.5939,0.0109,0.002,1.2559,0.1448,0.012,111.7123,0.0098,0.0008,1.1171,0.0322,-0.1046,21.2312,0.0021,-0.0071,0.2123,0.1205,-0.0123,97.4492,0.0082,-0.0007,0.9745,0.0087,-0.1253,5.2028,0.0006,-0.0084,0.052,e93a2b3,,18992fa,2026-09-04T19:21:08+00:00
28340,31.9136,0.0722,0.0052,0.0722,0.0694,-0.0028,96.1769,0.005,-0.0002,0.9618,0.0411,-0.0311,54.948,0.0029,-0.0023,0.5495,0.056,-0.0162,75.6565,0.004,-0.0012,0.7566,0.1187,0.0465,174.2908,0.0086,0.0034,1.7429,0.1009,0.0287,146.6164,0.0073,0.0021,1.4662,0.0005,-0.0717,0.6444,0.0,-0.0052,0.0064,0.1378,0.0656,199.7364,0.0099,0.0047,1.9974,0.1159,0.0437,169.1769,0.0084,0.0032,1.6918,0.0004,-0.072,0.5812,0.0,-0.0052,0.0058,0.0936,0.0214,132.7094,0.0068,0.0016,1.3271,0.0,-0.0727,0.0223,0.0,-0.0052,0.0002,e93a2b3,,18992fa,2026-09-04T19:21:08+00:00
28350,30.9896,0.0953,0.0065,0.0953,0.0998,0.0046,105.5882,0.0068,0.0003,1.0559,0.1088,0.0135,114.1397,0.0074,0.0009,1.1414,0.1059,0.0107,108.7603,0.0072,0.0007,1.0876,0.1286,0.0334,136.6957,0.0088,0.0023,1.367,0.092,-0.0033,96.7134,0.0063,-0.0002,0.9671,0.0066,-0.0887,6.7908,0.0004,-0.0061,0.0679,0.1601,0.0649,175.9567,0.011,0.0045,1.7596,0.1095,0.0143,118.0915,0.0075,0.001,1.1809,0.0203,-0.075,19.3098,0.0014,-0.0051,0.1931,0.0619,-0.0333,66.3712,0.0042,-0.0023,0.6637,0.0001,-0.0952,0.0742,0.0,-0.0065,0.0007,e93a2b3,,18992fa,2026-09-04T19:21:08+00:00
28361,31.2653,0.0941,0.0064,0.0941,0.0703,-0.0237,72.887,0.0048,-0.0016,0.7289,0.0954,0.0013,101.3884,0.0065,0.0001,1.0139,0.1058,0.0117,111.0236,0.0072,0.0008,1.1102,0.1307,0.0366,140.0372,0.0088,0.0025,1.4004,0.1038,0.0097,112.1308,0.007,0.0007,1.1213,0.0086,-0.0855,9.4147,0.0006,-0.0058,0.0941,0.1452,0.0511,159.0795,0.0098,0.0035,1.5908,0.1201,0.026,130.6536,0.0081,0.0018,1.3065,0.0266,-0.0675,27.736,0.0018,-0.0046,0.2774,0.0524,-0.0417,56.009,0.0035,-0.0028,0.5601,0.0,-0.0955,0.0389,0.0,-0.0065,0.0004,e93a2b3,,18992fa,2026-09-04T19:21:08+00:00
28362,33.4577,0.1566,0.0101,0.1566,0.1371,-0.0196,87.0632,0.0088,-0.0013,0.8706,0.1726,0.0159,110.1983,0.0111,0.001,1.102,0.1852,0.0286,118.154,0.0119,0.0018,1.1815,0.2325,0.0759,148.1699,0.0149,0.0049,1.4817,0.1727,0.0161,109.9558,0.0111,0.001,1.0996,0.0475,-0.1091,29.3312,0.003,-0.0071,0.2933,0.1642,0.0076,105.3511,0.0106,0.0005,1.0535,0.1677,0.0111,106.9024,0.0108,0.0007,1.069,0.0848,-0.0719,53.3548,0.0054,-0.0046,0.5335,0.0936,-0.0631,59.1874,0.006,-0.0041,0.5919,0.0239,-0.1327,14.6688,0.0015,-0.0085,0.1467,e93a2b3,,18992fa,2026-09-04T19:21:08+00:00
28363,32.1558,0.1312,0.0087,0.1312,0.0824,-0.0487,60.6559,0.0054,-0.0032,0.6066,0.1418,0.0106,108.5514,0.0094,0.0007,1.0855,0.1329,0.0017,101.1495,0.0088,0.0001,1.0115,0.1958,0.0646,150.4226,0.0129,0.0043,1.5042,0.1486,0.0174,115.3558,0.0098,0.0012,1.1536,0.0099,-0.1212,7.6294,0.0007,-0.008,0.0763,0.1596,0.0285,124.7659,0.0105,0.0019,1.2477,0.1447,0.0135,112.2641,0.0096,0.0009,1.1226,0.0671,-0.064,50.6329,0.0044,-0.0042,0.5063,0.066,-0.0652,50.2377,0.0044,-0.0043,0.5024,0.0006,-0.1305,0.4342,0.0,-0.0086,0.0043,e93a2b3,,18992fa,2026-09-04T19:21:08+00:00
28364,32.7525,0.1373,0.0089,0.1373,0.1126,-0.0247,81.6541,0.0073,-0.0016,0.8165,0.1395,0.0022,101.6323,0.009,0.0001,1.0163,0.1594,0.0221,116.315,0.0103,0.0014,1.1631,0.208,0.0706,152.4088,0.0134,0.0046,1.5241,0.1696,0.0323,125.1713,0.011,0.0021,1.2517,0.0142,-0.1231,9.8646,0.0009,-0.008,0.0986,0.1585,0.0212,117.2483,0.0102,0.0014,1.1725,0.1632,0.0259,119.9296,0.0105,0.0017,1.1993,0.0929,-0.0445,68.0662,0.006,-0.0029,0.6807,0.0984,-0.039,72.5757,0.0064,-0.0025,0.7258,0.004,-0.1334,2.5476,0.0003,-0.0086,0.0255,e93a2b3,,18992fa,2026-09-04T19:21:08+00:00
28365,29.8594,0.0797,0.0053,0.0797,0.0276,-0.0522,32.1024,0.0018,-0.0035,0.321,0.0943,0.0145,122.5396,0.0063,0.001,1.2254,0.0845,0.0048,105.5564,0.0056,0.0003,1.0556,0.126,0.0463,164.7445,0.0084,0.0031,1.6474,0.1339,0.0542,175.5827,0.0089,0.0036,1.7558,0.0061,-0.0737,8.1582,0.0004,-0.0049,0.0816,0.1271,0.0473,164.7021,0.0084,0.0031,1.647,0.1289,0.0492,168.5897,0.0086,0.0033,1.6859,0.0436,-0.0361,54.6452,0.0029,-0.0024,0.5465,0.0596,-0.0201,74.6503,0.004,-0.0013,0.7465,0.0,-0.0797,0.0095,0.0,-0.0053,0.0001,e93a2b3,,18992fa,2026-09-04T19:21:08+00:00
28366,30.6397,0.0955,0.006,0.0955,0.0891,-0.0064,89.7479,0.0056,-0.0004,0.8975,0.068,-0.0275,73.3439,0.0043,-0.0017,0.7334,0.161,0.0655,196.7021,0.0102,0.0042,1.967,0.1615,0.066,196.5792,0.0102,0.0042,1.9658,0.1365,0.041,153.5972,0.0086,0.0026,1.536,0.0153,-0.0802,11.6859,0.0009,-0.0051,0.1169,0.1029,0.0073,113.6245,0.0065,0.0005,1.1362,0.1731,0.0776,221.3857,0.0109,0.0049,2.2139,0.0951,-0.0004,101.9967,0.006,-0.0,1.02,0.0705,-0.025,68.8398,0.0044,-0.0016,0.6884,0.0103,-0.0861,6.5549,0.0006,-0.0054,0.0655,e93a2b3,,18992fa,2026-09-04T19:21:08+00:00
28367,28.0514,0.0455,0.0031,0.0455,0.022,-0.0235,52.916,0.0015,-0.0016,0.5292,0.0485,0.003,115.2546,0.0033,0.0002,1.1525,0.0919,0.0464,232.4043,0.0062,0.0031,2.324,0.1012,0.0557,270.8558,0.0068,0.0038,2.7086,0.0678,0.0223,143.7868,0.0046,0.0015,1.4379,0.004,-0.0415,10.5131,0.0003,-0.0028,0.1051,0.0605,0.015,123.9098,0.0041,0.001,1.2391,0.1213,0.0758,311.6752,0.0082,0.0051,3.1168,0.029,-0.0165,62.8408,0.0019,-0.0011,0.6284,0.0264,-0.0191,49.4567,0.0018,-0.0013,0.4946,0.0,-0.0473,0.0061,0.0,-0.0032,0.0001,e93a2b3,,18992fa,2026-09-04T19:21:08+00:00
28368,27.3143,0.0274,0.0019,0.0274,0.0247,-0.0027,95.2135,0.0017,-0.0002,0.9521,0.0334,0.006,128.4276,0.0023,0.0004,1.2843,0.0531,0.0257,199.79,0.0037,0.0018,1.9979,0.1036,0.0762,427.8989,0.0072,0.0053,4.279,0.0326,0.0052,118.5216,0.0023,0.0004,1.1852,0.003,-0.0243,12.3935,0.0002,-0.0017,0.1239,0.0335,0.0061,110.7373,0.0023,0.0004,1.1074,0.1009,0.0735,409.4082,0.007,0.0051,4.0941,0.0068,-0.0205,23.0397,0.0005,-0.0014,0.2304,0.01,-0.0173,30.278,0.0007,-0.0012,0.3028,0.0,-0.0282,0.0061,0.0,-0.002,0.0001,e93a2b3,,18992fa,2026-09-04T19:21:08+00:00
28369,27.8533,0.0412,0.0028,0.0412,0.0389,-0.0022,95.2626,0.0026,-0.0002,0.9526,0.0445,0.0033,113.299,0.003,0.0002,1.133,0.1269,0.0857,323.1406,0.0086,0.0058,3.2314,0.133,0.0919,351.3796,0.009,0.0062,3.5138,0.0452,0.004,112.1766,0.0031,0.0003,1.1218,0.0038,-0.0373,10.2667,0.0003,-0.0025,0.1027,0.0257,-0.0154,61.0614,0.0017,-0.001,0.6106,0.151,0.1099,391.7705,0.0102,0.0074,3.9177,0.0635,0.0223,149.2624,0.0043,0.0015,1.4926,0.0117,-0.0295,25.5981,0.0008,-0.002,0.256,0.0,-0.0414,0.0421,0.0,-0.0028,0.0004,e93a2b3,,18992fa,2026-09-04T19:21:08+00:00
28370,29.8265,0.0586,0.004,0.0586,0.0344,-0.0243,55.8649,0.0024,-0.0017,0.5586,0.0736,0.015,133.907,0.0051,0.001,1.3391,0.0448,-0.0139,73.8569,0.0031,-0.001,0.7386,0.1089,0.0502,201.3458,0.0075,0.0035,2.0135,0.0947,0.036,174.882,0.0065,0.0025,1.7488,0.0063,-0.0523,12.4045,0.0004,-0.0036,0.124,0.1272,0.0686,232.5907,0.0088,0.0047,2.3259,0.1217,0.0631,227.5729,0.0084,0.0043,2.2757,0.0192,-0.0395,33.345,0.0013,-0.0027,0.3335,0.0521,-0.0065,91.1517,0.0036,-0.0004,0.9115,0.0,-0.0586,0.0089,0.0,-0.004,0.0001,e93a2b3,,18992fa,2026-09-04T19:21:08+00:00
28380,30.717,0.0436,0.0032,0.0436,0.0543,0.0107,118.0864,0.0039,0.0008,1.1809,0.009,-0.0346,15.934,0.0006,-0.0025,0.1593,0.0233,-0.0203,65.6032,0.0017,-0.0015,0.656,0.1016,0.058,651.6857,0.0074,0.0043,6.5169,0.0603,0.0167,257.6653,0.0044,0.0012,2.5767,0.0003,-0.0433,0.8806,0.0,-0.0031,0.0088,0.103,0.0594,418.1538,0.0075,0.0043,4.1815,0.1,0.0564,621.331,0.0073,0.0041,6.2133,0.0007,-0.0429,4.2097,0.0001,-0.0031,0.0421,0.047,0.0035,120.2797,0.0034,0.0002,1.2028,0.0,-0.0502,0.0064,0.0,-0.0036,0.0001,e93a2b3,,18992fa,2026-09-04T19:21:08+00:00
28391,29.5972,0.0489,0.0035,0.0489,0.0256,-0.0232,50.2958,0.0018,-0.0016,0.503,0.0666,0.0177,133.6624,0.0047,0.0013,1.3366,0.0146,-0.0343,31.7573,0.001,-0.0024,0.3176,0.0803,0.0315,184.1582,0.0057,0.0022,1.8416,0.0934,0.0446,215.1656,0.0066,0.0032,2.1517,0.0031,-0.0457,6.059,0.0002,-0.0032,0.0606,0.1291,0.0803,303.1269,0.0092,0.0057,3.0313,0.0943,0.0454,211.1045,0.0067,0.0032,2.111,0.0028,-0.0461,5.2155,0.0002,-0.0033,0.0522,0.0506,0.0017,110.9228,0.0036,0.0001,1.1092,0.0,-0.0489,0.0231,0.0,-0.0035,0.0002,e93a2b3,,18992fa,2026-09-04T19:21:08+00:00
28392,28.9033,0.0505,0.0036,0.0505,0.0224,-0.0281,42.9201,0.0016,-0.002,0.4292,0.0696,0.0191,138.2948,0.0049,0.0013,1.3829,0.0127,-0.0379,24.9704,0.0009,-0.0027,0.2497,0.0854,0.0349,169.6738,0.006,0.0025,1.6967,0.0896,0.0391,180.6247,0.0063,0.0028,1.8062,0.0052,-0.0453,10.2111,0.0004,-0.0032,0.1021,0.1175,0.0669,238.4646,0.0083,0.0047,2.3846,0.1088,0.0583,215.3115,0.0077,0.0041,2.1531,0.0059,-0.0446,10.6555,0.0004,-0.0031,0.1066,0.0505,0.0,100.0,0.0036,0.0,1.0,0.0,-0.0505,0.0317,0.0,-0.0036,0.0003,e93a2b3,,18992fa,2026-09-04T19:21:08+00:00
28393,29.0529,0.0138,0.001,0.0138,0.0053,-0.0085,49.9132,0.0004,-0.0006,0.4991,0.0133,-0.0005,72.4757,0.001,-0.0,0.7248,0.0069,-0.0069,72.3607,0.0005,-0.0005,0.7236,0.0619,0.0481,751.8853,0.0045,0.0035,7.5188,0.0672,0.0533,758.2742,0.0049,0.0039,7.5827,0.0006,-0.0133,3.568,0.0,-0.001,0.0357,0.0934,0.0796,978.5717,0.0068,0.0058,9.7857,0.0684,0.0546,838.8679,0.005,0.004,8.3887,0.0004,-0.0134,4.9648,0.0,-0.001,0.0496,0.0227,0.0089,215.4982,0.0016,0.0006,2.155,0.0,-0.0138,0.0182,0.0,-0.001,0.0002,e93a2b3,,18992fa,2026-09-04T19:21:08+00:00
28394,28.1025,0.0077,0.0006,0.0077,0.0044,-0.0033,61.7446,0.0003,-0.0002,0.6174,0.0114,0.0036,134.1161,0.0008,0.0003,1.3412,0.0064,-0.0014,90.0104,0.0005,-0.0001,0.9001,0.059,0.0512,856.7194,0.0043,0.0037,8.5672,0.0343,0.0265,479.827,0.0025,0.0019,4.7983,0.0008,-0.007,9.5624,0.0001,-0.0005,0.0956,0.0727,0.065,1001.6074,0.0053,0.0047,10.0161,0.0679,0.0601,982.1607,0.0049,0.0044,9.8216,0.0007,-0.007,9.3297,0.0001,-0.0005,0.0933,0.0083,0.0006,108.7026,0.0006,0.0,1.087,0.0,-0.0077,0.03,0.0,-0.0006,0.0003,e93a2b3,,18992fa,2026-09-04T19:21:08+00:00
28395,28.2577,0.0229,0.0016,0.0229,0.0078,-0.0152,38.1387,0.0006,-0.0011,0.3814,0.0371,0.0142,178.2841,0.0026,0.001,1.7828,0.0077,-0.0153,40.6841,0.0005,-0.0011,0.4068,0.0691,0.0461,378.9701,0.0049,0.0033,3.7897,0.0578,0.0348,289.736,0.0041,0.0025,2.8974,0.0039,-0.0191,19.014,0.0003,-0.0014,0.1901,0.0923,0.0693,506.7493,0.0066,0.0049,5.0675,0.0678,0.0449,331.3962,0.0048,0.0032,3.314,0.002,-0.0209,7.4724,0.0001,-0.0015,0.0747,0.0229,-0.0,99.7706,0.0016,-0.0,0.9977,0.0,-0.0229,0.0446,0.0,-0.0016,0.0004,e93a2b3,,18992fa,2026-09-04T19:21:08+00:00
28396,28.1378,0.0341,0.0024,0.0341,0.0182,-0.0158,53.2946,0.0013,-0.0011,0.5329,0.0397,0.0056,123.997,0.0028,0.0004,1.24,0.0324,-0.0016,84.2643,0.0023,-0.0001,0.8426,0.1061,0.072,372.1161,0.0074,0.005,3.7212,0.0568,0.0227,183.4134,0.004,0.0016,1.8341,0.0057,-0.0283,21.709,0.0004,-0.002,0.2171,0.0804,0.0463,280.744,0.0056,0.0032,2.8074,0.1128,0.0788,387.6282,0.0079,0.0055,3.8763,0.0108,-0.0233,28.857,0.0007,-0.0016,0.2886,0.0286,-0.0055,88.654,0.002,-0.0004,0.8865,0.0,-0.0339,0.0089,0.0,-0.0024,0.0001,e93a2b3,,18992fa,2026-09-04T19:21:08+00:00
28397,28.3378,0.0207,0.0015,0.0207,0.0137,-0.0071,68.8166,0.001,-0.0005,0.6882,0.029,0.0082,161.6304,0.0021,0.0006,1.6163,0.0126,-0.0082,66.1164,0.0009,-0.0006,0.6612,0.0967,0.076,581.386,0.0069,0.0054,5.8139,0.05,0.0293,278.0509,0.0036,0.0021,2.7805,0.0051,-0.0156,30.755,0.0004,-0.0011,0.3076,0.0846,0.0639,509.0535,0.006,0.0046,5.0905,0.0938,0.0731,543.1474,0.0067,0.0052,5.4315,0.0035,-0.0173,15.2644,0.0002,-0.0012,0.1526,0.0234,0.0027,109.6316,0.0017,0.0002,1.0963,0.0,-0.021,0.0244,0.0,-0.0015,0.0002,e93a2b3,,18992fa,2026-09-04T19:21:08+00:00
28398,26.4984,0.0092,0.0007,0.0092,0.0136,0.0044,198.8565,0.001,0.0003,1.9886,0.0043,-0.005,33.9976,0.0003,-0.0004,0.34,0.0081,-0.0011,103.8657,0.0006,-0.0001,1.0387,0.0809,0.0717,1082.6238,0.0059,0.0053,10.8262,0.0207,0.0115,206.744,0.0015,0.0008,2.0674,0.0031,-0.0061,42.2194,0.0002,-0.0004,0.4222,0.0348,0.0256,338.4542,0.0025,0.0019,3.3845,0.055,0.0457,605.5638,0.004,0.0033,6.0556,0.001,-0.0082,11.0482,0.0001,-0.0006,0.1105,0.0052,-0.0041,42.1704,0.0004,-0.0003,0.4217,0.0,-0.0113,0.0073,0.0,-0.0008,0.0001,e93a2b3,,18992fa,2026-09-04T19:21:08+00:00
28399,26.7706,0.0115,0.0008,0.0115,0.0195,0.008,251.7519,0.0014,0.0006,2.5175,0.0054,-0.0061,24.8463,0.0004,-0.0004,0.2485,0.01,-0.0016,104.4895,0.0007,-0.0001,1.0449,0.1046,0.093,1455.7291,0.0075,0.0066,14.5573,0.0161,0.0046,112.9281,0.0011,0.0003,1.1293,0.0046,-0.0069,64.6904,0.0003,-0.0005,0.6469,0.0333,0.0218,288.5926,0.0024,0.0015,2.8859,0.0651,0.0536,821.4522,0.0046,0.0038,8.2145,0.0013,-0.0102,7.9209,0.0001,-0.0007,0.0792,0.0099,-0.0016,55.4139,0.0007,-0.0001,0.5541,0.0,-0.0143,0.0044,0.0,-0.001,0.0,e93a2b3,,18992fa,2026-09-04T19:21:08+00:00
28400,34.0335,0.0147,0.0014,0.0147,0.0163,-0.0017,40.3054,0.0016,-0.0002,0.4031,0.02,0.0049,981.4756,0.002,0.0005,9.8148,0.0429,0.0239,507.7256,0.0042,0.0024,5.0773,0.0008,-0.0263,21.7563,0.0001,-0.0026,0.2176,0.0722,0.056,2428.939,0.0071,0.0055,24.2894,0.0162,0.0003,258.0146,0.0016,0.0,2.5801,0.0117,-0.0046,27.7181,0.0011,-0.0004,0.2772,0.0391,0.0226,377.6421,0.0038,0.0022,3.7764,0.0041,-0.0106,2945.541,0.0004,-0.001,29.4554,0.0297,0.0109,62.6078,0.0029,0.0011,0.6261,0.0002,-0.0699,1.1508,0.0,-0.0069,0.0115,e93a2b3,,18992fa,2026-09-04T19:21:08+00:00
28420,20.4396,0.0001,0.0,0.0001,0.0019,0.0019,25138.8164,0.0002,0.0002,251.3882,0.0,-0.0,3.8973,0.0,-0.0,0.039,0.0001,-0.0,127.6463,0.0,-0.0,1.2765,0.0006,0.0006,1503.9958,0.0001,0.0,15.04,0.0001,-0.0,103.3657,0.0,-0.0,1.0337,0.0,-0.0,33.9967,0.0,-0.0,0.34,0.0002,0.0002,294.0022,0.0,0.0,2.94,0.0,-0.0001,11.7727,0.0,-0.0,0.1177,0.0001,0.0,159.3812,0.0,0.0,1.5938,0.0,-0.0,1.8505,0.0,-0.0,0.0185,,,,,,,e93a2b3,,18992fa,2026-09-04T19:21:08+00:00
28430,15.5673,0.0018,0.0002,0.0018,0.0035,0.0017,31051.9941,0.0003,0.0001,310.5197,0.0131,-0.0009,68.9432,0.0012,-0.0001,0.6894,0.0026,0.0003,311.1518,0.0002,0.0,3.1115,0.0051,0.0011,107.0845,0.0005,0.0001,1.0708,0.0058,0.0018,63.034,0.0005,0.0002,0.6303,0.0006,-0.0038,139.6388,0.0001,-0.0003,1.3964,0.0289,0.012,120.8826,0.0026,0.0011,1.2088,0.0022,0.0005,47.3751,0.0002,0.0,0.4738,0.0019,-0.0028,819.4769,0.0002,-0.0003,8.1948,0.038,0.0034,35.8868,0.0034,0.0003,0.3589,0.006,-0.0298,3.4342,0.0005,-0.0027,0.0343,e93a2b3,,18992fa,2026-09-04T19:21:08+00:00
28440,20.0163,0.0667,0.006,0.0667,0.0573,-0.0105,3168.825,0.0052,-0.001,31.6883,0.1368,0.04,136.2982,0.0124,0.0036,1.363,0.0675,0.0008,479.0387,0.0061,0.0001,4.7904,0.0988,0.026,120.4936,0.0089,0.0023,1.2049,0.0836,0.0104,188.4755,0.0076,0.0009,1.8848,0.0606,-0.0456,40.8528,0.0055,-0.0041,0.4085,0.1337,0.0336,354.6035,0.0121,0.003,3.546,0.0849,0.0169,364.9408,0.0077,0.0015,3.6494,0.0524,-0.024,132.0433,0.0047,-0.0022,1.3204,0.1535,0.0412,81.4789,0.0139,0.0037,0.8148,0.0867,-0.038,35.3115,0.0078,-0.0034,0.3531,e93a2b3,,18992fa,2026-09-04T19:21:08+00:00
28450,21.8095,0.0438,0.004,0.0438,0.0496,0.0054,456.4148,0.0046,0.0005,4.5641,0.1108,0.0539,195.0958,0.0102,0.005,1.951,0.0632,0.0151,119.5913,0.0058,0.0014,1.1959,0.0626,0.0144,202.1757,0.0058,0.0013,2.0218,0.0488,-0.0008,146.4925,0.0045,-0.0001,1.4649,0.0252,-0.0471,22.2612,0.0023,-0.0043,0.2226,0.0604,0.0046,89.8106,0.0056,0.0004,0.8981,0.0558,0.0065,259.3008,0.0051,0.0006,2.593,0.0214,-0.0289,198.8403,0.002,-0.0027,1.9884,0.0859,0.0213,76.5143,0.0079,0.002,0.7651,0.0291,-0.0455,15.5311,0.0027,-0.0042,0.1553,e93a2b3,,18992fa,2026-09-04T19:21:08+00:00
28464,27.9027,0.0404,0.0038,0.0404,0.0631,0.0199,201.7423,0.006,0.0019,2.0174,0.0457,0.0039,276.9517,0.0043,0.0004,2.7695,0.0449,0.0019,164.5272,0.0043,0.0002,1.6453,0.0124,-0.0332,26.5838,0.0012,-0.0031,0.2658,0.0954,0.0549,1598.4353,0.0091,0.0052,15.9843,0.0248,-0.0238,63.7382,0.0023,-0.0023,0.6374,0.0425,0.0017,71.9063,0.004,0.0002,0.7191,0.0717,0.03,671.7745,0.0068,0.0028,6.7177,0.0113,-0.0292,2555.4697,0.0011,-0.0028,25.5547,0.0679,0.0209,84.6148,0.0064,0.002,0.8461,0.0078,-0.0662,4.7369,0.0007,-0.0063,0.0474,e93a2b3,,18992fa,2026-09-04T19:21:08+00:00
28466,19.0814,0.0177,0.0016,0.0177,0.0244,0.0068,210.3635,0.0022,0.0006,2.1036,0.0317,0.0085,162.3455,0.0029,0.0008,1.6235,0.0244,0.0014,59.0162,0.0022,0.0001,0.5902,0.0247,-0.0035,103.4346,0.0023,-0.0003,1.0343,0.0185,-0.0,312.5849,0.0017,-0.0,3.1258,0.0054,-0.0242,41.6671,0.0005,-0.0022,0.4167,0.0305,0.0063,90.5994,0.0028,0.0006,0.906,0.033,0.0131,1041.4208,0.003,0.0012,10.4142,0.0087,-0.0124,414.099,0.0008,-0.0011,4.141,0.0436,0.0155,72.6058,0.004,0.0014,0.7261,0.0135,-0.0294,8.8538,0.0012,-0.0027,0.0885,e93a2b3,,18992fa,2026-09-04T19:21:08+00:00
28467,13.9829,0.0136,0.0013,0.0136,0.0185,0.0049,679.1106,0.0017,0.0005,6.7911,0.016,0.0003,50.9084,0.0015,0.0,0.5091,0.0166,0.0002,160.316,0.0016,0.0,1.6032,0.0063,-0.0214,22.4276,0.0006,-0.002,0.2243,0.03,0.0153,714.278,0.0028,0.0014,7.1428,0.0033,-0.0262,7.7346,0.0003,-0.0024,0.0773,0.0291,0.0089,141.8817,0.0027,0.0008,1.4188,0.0304,0.0152,809.8201,0.0028,0.0014,8.0982,0.0087,-0.0085,458.679,0.0008,-0.0008,4.5868,0.0398,0.0144,70.7923,0.0037,0.0013,0.7079,0.0029,-0.0371,1.8771,0.0003,-0.0035,0.0188,e93a2b3,,18992fa,2026-09-04T19:21:08+00:00
28469,29.713,0.1133,0.0105,0.1133,0.1001,-0.0131,131.1036,0.0093,-0.0012,1.311,0.1284,0.0152,149.1006,0.0119,0.0014,1.491,0.1213,0.008,113.8105,0.0112,0.0007,1.1381,0.1222,-0.0005,73.939,0.0113,-0.0,0.7394,0.157,0.0438,179.0959,0.0145,0.004,1.791,0.024,-0.0992,13.7912,0.0022,-0.0092,0.1379,0.116,0.0027,105.5814,0.0107,0.0002,1.0558,0.1771,0.0639,1306.0974,0.0164,0.0059,13.061,0.0345,-0.0787,98.0724,0.0032,-0.0073,0.9807,0.2412,0.1158,185.2565,0.0223,0.0107,1.8526,0.0964,-0.029,238.7418,0.0089,-0.0027,2.3874,e93a2b3,,18992fa,2026-09-04T19:21:08+00:00
28470,15.3435,0.0017,0.0002,0.0017,0.0052,0.0028,66.4241,0.0005,0.0003,0.6642,0.0035,0.0013,299.5909,0.0003,0.0001,2.9959,0.0105,0.0087,1784.2402,0.001,0.0009,17.8424,0.0007,-0.0016,50.3097,0.0001,-0.0002,0.5031,0.006,0.0042,405.0468,0.0006,0.0004,4.0505,0.0055,-0.0018,36.3471,0.0005,-0.0002,0.3635,0.0004,-0.0017,14.6088,0.0,-0.0002,0.1461,0.0171,0.0149,864.0047,0.0017,0.0014,8.64,0.0044,0.0021,380.8652,0.0004,0.0002,3.8087,0.0001,-0.0029,0.6898,0.0,-0.0003,0.0069,0.0,-0.0102,0.0836,0.0,-0.001,0.0008,e93a2b3,,18992fa,2026-09-04T19:21:08+00:00
28480,34.2998,0.0033,0.0003,0.0033,0.0046,0.0012,28.6762,0.0005,0.0001,0.2868,0.0066,0.0033,4033.0315,0.0007,0.0003,40.3303,0.0133,0.0099,3255.6458,0.0013,0.001,32.5565,0.0009,-0.0043,41.6032,0.0001,-0.0004,0.416,0.0252,0.0219,6345.3809,0.0025,0.0022,63.4538,0.0053,0.0017,103.0065,0.0005,0.0002,1.0301,0.0025,-0.0022,21.7395,0.0002,-0.0002,0.2174,0.0111,0.0064,157.5149,0.0011,0.0006,1.5751,0.0023,-0.001,2422.2476,0.0002,-0.0001,24.2225,0.0085,0.0002,22.6534,0.0008,0.0,0.2265,0.002,-0.037,0.8553,0.0002,-0.0037,0.0086,e93a2b3,,18992fa,2026-09-04T19:21:08+00:00
28490,18.2512,0.0326,0.0033,0.0326,0.0552,0.0159,84.946,0.0055,0.0016,0.8495,0.0407,0.0079,13197.9229,0.0041,0.0008,131.9793,0.0736,0.0379,853.4059,0.0073,0.0038,8.5341,0.0055,-0.028,576.3989,0.0005,-0.0028,5.764,0.081,0.0449,1001.491,0.0081,0.0045,10.0149,0.0653,0.0262,373.1972,0.0065,0.0026,3.732,0.0331,0.0002,573.2297,0.0033,0.0,5.7323,0.0478,0.008,57.8354,0.0048,0.0008,0.5784,0.0081,-0.0251,2932.3313,0.0008,-0.0025,29.3233,0.021,-0.0192,34.5535,0.0021,-0.0019,0.3455,0.0116,-0.0298,9.61,0.0012,-0.003,0.0961,e93a2b3,,18992fa,2026-09-04T19:21:08+00:00
29114,2.348,,,,,,,,,,,,,,,,,,,,,,,,,,,,,,,,,,,,,,,,,,,,,,,,,,,,,,,,,,,,,,,,,,,,,,e93a2b3,,18992fa,2026-09-04T19:21:08+00:00
29120,4.1072,0.0,0.0,0.0,,,,,,,,,,,,,,,,,,,,,,,,,,,,,,,,,,,,,,,,,,,,,,,,,0.0,0.0,100.0,0.0,0.0,1.0,,,,,,,,,,,,,e93a2b3,,18992fa,2026-09-04T19:21:08+00:00
29140,59.963,0.0571,0.0059,0.0571,0.0154,-0.0417,23.7681,0.0016,-0.0043,0.2377,0.035,-0.0221,51.765,0.0036,-0.0023,0.5176,0.0926,0.0355,170.5464,0.0095,0.0037,1.7055,0.0012,-0.0559,1.1867,0.0001,-0.0058,0.0119,0.2384,0.1814,460.4724,0.0246,0.0187,4.6047,0.2753,0.2182,527.6844,0.0284,0.0225,5.2768,0.0001,-0.057,0.1252,0.0,-0.0059,0.0013,0.0,-0.0653,0.0475,0.0,-0.0067,0.0005,0.0566,-0.0005,105.5054,0.0058,-0.0001,1.0551,0.0606,0.0035,108.3226,0.0062,0.0004,1.0832,0.089,0.0319,153.9061,0.0092,0.0033,1.5391,e93a2b3,,18992fa,2026-09-04T19:21:08+00:00
29142,2.2953,0.0,0.0,0.0,0.0,-0.0,1.8713,0.0,-0.0,0.0187,,,,,,,,,,,,,,,,,,,0.001,0.001,2991.1619,0.0001,0.0001,29.9116,0.0002,0.0002,564.8527,0.0,0.0,5.6485,,,,,,,,,,,,,0.0,-0.0,1.7544,0.0,-0.0,0.0175,0.0,0.0,184.5799,0.0,0.0,1.8458,0.0,-0.0,76.4505,0.0,-0.0,0.7645,e93a2b3,,18992fa,2026-09-04T19:21:08+00:00
29144,4.8303,0.0001,0.0,0.0001,0.0001,-0.0001,86.257,0.0,-0.0,0.8626,0.0,-0.0006,0.7254,0.0,-0.0001,0.0073,0.0019,0.0016,3069.7969,0.0002,0.0002,30.698,,,,,,,0.1037,0.1034,152012.8125,0.0107,0.0107,1520.1282,0.0147,0.0146,16934.5332,0.0015,0.0015,169.3453,,,,,,,,,,,,,0.0,-0.0002,6.1757,0.0,-0.0,0.0618,0.0003,0.0001,216.7936,0.0,0.0,2.1679,0.0,-0.0001,32.8521,0.0,-0.0,0.3285,e93a2b3,,18992fa,2026-09-04T19:21:08+00:00
29146,46.4745,0.0524,0.0054,0.0524,0.0618,-0.0001,86.1121,0.0063,-0.0,0.8611,0.0851,0.0082,73.6756,0.0087,0.0008,0.7368,0.0863,0.0142,201.0317,0.0088,0.0015,2.0103,0.0375,-0.0905,21.5992,0.0038,-0.0093,0.216,0.186,0.1288,102150.5938,0.0191,0.0133,1021.5058,0.1321,0.0778,3086.2949,0.0136,0.008,30.863,0.0267,-0.0753,14.8756,0.0027,-0.0077,0.1488,0.0032,-0.1107,2.5305,0.0003,-0.0113,0.0253,0.01,-0.0524,28.3978,0.001,-0.0054,0.284,0.0677,0.0086,264.9142,0.0069,0.0009,2.6491,0.0702,0.0147,99.2388,0.0072,0.0015,0.9924,e93a2b3,,18992fa,2026-09-04T19:21:08+00:00
29148,38.3679,0.0141,0.0015,0.0141,0.0044,-0.0153,141.0681,0.0005,-0.0016,1.4107,0.0174,-0.0151,32.084,0.0018,-0.0016,0.3208,0.0687,0.046,392.7581,0.0071,0.0048,3.9276,0.0001,-0.0421,0.0849,0.0,-0.0044,0.0008,0.2134,0.1965,178389.3906,0.0221,0.0204,1783.8937,0.1589,0.14,2302.7776,0.0165,0.0145,23.0278,0.0,-0.0377,0.0337,0.0,-0.0039,0.0003,0.0022,-0.0411,3.0084,0.0002,-0.0043,0.0301,0.0139,-0.0049,168.3769,0.0014,-0.0005,1.6838,0.0376,0.0192,202.6129,0.0039,0.002,2.0261,0.0394,0.025,210.3405,0.0041,0.0026,2.1034,e93a2b3,,18992fa,2026-09-04T19:21:08+00:00
29149,25.5573,0.002,0.0002,0.002,0.0002,-0.0032,31.0011,0.0,-0.0003,0.31,0.0003,-0.012,2.3648,0.0,-0.0012,0.0236,0.0129,0.0025,71.399,0.0013,0.0003,0.714,0.0,-0.0297,0.0115,0.0,-0.0031,0.0001,0.0678,0.0657,116774.1172,0.007,0.0068,1167.7411,0.0235,0.0211,1880.1654,0.0024,0.0022,18.8017,0.0,-0.0176,0.0414,0.0,-0.0018,0.0004,0.0,-0.042,0.0005,0.0,-0.0043,0.0,0.0033,0.001,149.8304,0.0003,0.0001,1.4983,0.0087,0.0045,83.4087,0.0009,0.0005,0.8341,0.0038,0.0015,88.3745,0.0004,0.0002,0.8837,e93a2b3,,18992fa,2026-09-04T19:21:08+00:00
29170,18.0383,0.0009,0.0001,0.0009,0.0014,0.0001,79.8172,0.0001,0.0,0.7982,0.0002,-0.0019,15.7065,0.0,-0.0002,0.1571,0.0049,0.0028,380.0817,0.0005,0.0003,3.8008,,,,,,,0.0557,0.0543,62800.3906,0.0057,0.0056,628.0039,0.0146,0.0135,4410.0464,0.0015,0.0014,44.1005,0.0,-0.0059,0.0427,0.0,-0.0006,0.0004,,,,,,,0.0001,-0.002,4.8728,0.0,-0.0002,0.0487,0.0023,0.0013,680.802,0.0002,0.0001,6.808,0.0003,-0.0007,41.9173,0.0,-0.0001,0.4192,e93a2b3,,18992fa,2026-09-04T19:21:08+00:00
29190,10.9064,0.0,0.0,0.0,,,,,,,0.0,0.0,2254.0325,0.0,0.0,22.5403,,,,,,,,,,,,,0.0,-0.0,12.6352,0.0,-0.0,0.1264,0.0,-0.0,26.6724,0.0,-0.0,0.2667,0.0,-0.0,79.5152,0.0,-0.0,0.7952,,,,,,,0.0,-0.0,8.9286,0.0,-0.0,0.0893,0.0,0.0,973.4685,0.0,0.0,9.7347,0.0,-0.0,79.4835,0.0,-0.0,0.7948,e93a2b3,,18992fa,2026-09-04T19:21:08+00:00
29210,2.8915,0.0002,0.0,0.0002,0.0,-0.0,33.9942,0.0,-0.0,0.3399,,,,,,,,,,,,,,,,,,,,,,,,,0.0015,0.0013,85172.3125,0.0002,0.0001,851.7231,,,,,,,,,,,,,0.0,-0.0,48.5827,0.0,-0.0,0.4858,0.0,-0.0003,1469.222,0.0,-0.0,14.6922,0.0,-0.0,46.6447,0.0,-0.0,0.4664,e93a2b3,,18992fa,2026-09-04T19:21:08+00:00
29221,4.0466,0.0,0.0,0.0,0.0,-0.0,33.5185,0.0,-0.0,0.3352,,,,,,,,,,,,,,,,,,,,,,,,,0.0003,0.0003,5963.7871,0.0,0.0,59.6379,,,,,,,,,,,,,0.0,-0.0,9.2067,0.0,-0.0,0.0921,0.0,0.0,171.2253,0.0,0.0,1.7123,0.0,-0.0,54.848,0.0,-0.0,0.5485,e93a2b3,,18992fa,2026-09-04T19:21:08+00:00
29222,4.3257,0.0,0.0,0.0,0.0,-0.0,79.6075,0.0,-0.0,0.7961,,,,,,,,,,,,,,,,,,,,,,,,,0.0,0.0,226.5228,0.0,0.0,2.2652,,,,,,,,,,,,,,,,,,,0.0,0.0,100.0,0.0,0.0,1.0,0.0,-0.0,39.78,0.0,-0.0,0.3978,e93a2b3,,18992fa,2026-09-04T19:21:08+00:00
29223,3.3257,0.0,0.0,0.0,,,,,,,,,,,,,,,,,,,,,,,,,,,,,,,0.0,-0.0,78.2211,0.0,-0.0,0.7822,,,,,,,,,,,,,,,,,,,0.0,0.0,100.0,0.0,0.0,1.0,0.0,0.0,137.3353,0.0,0.0,1.3734,e93a2b3,,18992fa,2026-09-04T19:21:08+00:00
29230,9.8391,0.0,0.0,0.0,0.0,0.0,238.2428,0.0,0.0,2.3824,0.0012,0.0012,13100.8135,0.0001,0.0001,131.0081,,,,,,,,,,,,,0.0,-0.0,2.2912,0.0,-0.0,0.0229,0.0001,0.0001,300.9638,0.0,0.0,3.0096,0.0,-0.0,36.6911,0.0,-0.0,0.3669,,,,,,,,,,,,,0.0,-0.0,5.2267,0.0,-0.0,0.0523,0.0,-0.0,94.5607,0.0,-0.0,0.9456,e93a2b3,,18992fa,2026-09-04T19:21:08+00:00
29240,13.8982,0.0,0.0,0.0,0.0,-0.0,46.1756,0.0,-0.0,0.4618,0.0016,0.0015,11990.0244,0.0002,0.0002,119.9002,0.0,-0.0,11.8764,0.0,-0.0,0.1188,0.0,-0.0,64.9184,0.0,-0.0,0.6492,0.0,-0.0,4.6711,0.0,-0.0,0.0467,0.0001,0.0,208.8708,0.0,0.0,2.0887,0.0001,0.0001,444.957,0.0,0.0,4.4496,0.0,-0.0,4.9657,0.0,-0.0,0.0497,0.0001,0.0001,509.9812,0.0,0.0,5.0998,0.0001,0.0,234.0237,0.0,0.0,2.3402,0.0,-0.0,85.6812,0.0,-0.0,0.8568,e93a2b3,,18992fa,2026-09-04T19:21:08+00:00
29256,14.3786,0.0004,0.0,0.0004,0.0022,0.0015,81.3455,0.0002,0.0001,0.8135,0.0022,0.0018,18325.2559,0.0002,0.0002,183.2525,0.0076,0.0068,475.9565,0.0008,0.0007,4.7596,0.0007,-0.0001,444.8734,0.0001,-0.0,4.4487,0.0154,0.0147,1221.5354,0.0015,0.0015,12.2154,0.0082,0.0077,508.6856,0.0008,0.0008,5.0869,0.0015,0.001,104.965,0.0001,0.0001,1.0496,0.0001,-0.0007,5.2665,0.0,-0.0001,0.0527,0.0001,-0.0005,50.5103,0.0,-0.0,0.5051,0.0001,-0.0006,104.233,0.0,-0.0001,1.0423,0.0,-0.0005,73.7799,0.0,-0.0001,0.7378,e93a2b3,,18992fa,2026-09-04T19:21:08+00:00
29257,21.3762,0.0001,0.0,0.0001,0.0,-0.0001,11.5136,0.0,-0.0,0.1151,0.0021,0.002,7958.0933,0.0002,0.0002,79.5809,0.0,-0.0001,31.8638,0.0,-0.0,0.3186,0.0002,0.0001,303.9484,0.0,0.0,3.0395,0.0002,0.0001,63.2174,0.0,0.0,0.6322,0.0003,0.0002,347.206,0.0,0.0,3.4721,0.0001,0.0,326.5544,0.0,0.0,3.2655,0.0,-0.0001,2.768,0.0,-0.0,0.0277,0.0003,0.0003,407.0864,0.0,0.0,4.0709,0.0001,-0.0,91.9116,0.0,-0.0,0.9191,0.0,-0.0001,5.9261,0.0,-0.0,0.0593,e93a2b3,,18992fa,2026-09-04T19:21:08+00:00
29260,27.1162,0.0035,0.0003,0.0035,0.0071,0.001,44.6846,0.0007,0.0001,0.4468,0.0066,0.0031,30118.9805,0.0007,0.0003,301.1898,0.013,0.0058,341.8039,0.0013,0.0006,3.418,0.009,-0.0159,44.1973,0.0009,-0.0016,0.442,0.0147,0.0101,4106.6001,0.0015,0.001,41.066,0.0049,0.0005,274.9705,0.0005,0.0,2.7497,0.0142,-0.0011,20.4006,0.0014,-0.0001,0.204,0.0155,0.0012,19.2749,0.0016,0.0001,0.1927,0.0021,-0.0037,488.8424,0.0002,-0.0004,4.8884,0.0153,-0.0006,38.9803,0.0015,-0.0001,0.3898,0.0065,-0.0251,4.5843,0.0006,-0.0025,0.0458,e93a2b3,,18992fa,2026-09-04T19:21:08+00:00
29270,14.2263,0.0003,0.0,0.0003,0.0,-0.0,125.0695,0.0,-0.0,1.2507,0.0006,0.0003,37765.8828,0.0001,0.0,377.6589,0.0,-0.0006,54.7912,0.0,-0.0001,0.5479,,,,,,,0.0,0.0,113.3004,0.0,0.0,1.133,0.0007,0.0006,6899.106,0.0001,0.0001,68.991,,,,,,,,,,,,,0.0,-0.0,29.4214,0.0,-0.0,0.2942,0.0,-0.0001,244.0785,0.0,-0.0,2.4408,0.0,-0.0,32.7798,0.0,-0.0,0.3278,e93a2b3,,18992fa,2026-09-04T19:21:08+00:00
29280,18.0547,0.007,0.0007,0.007,0.0172,-0.0065,104.3673,0.0018,-0.0007,1.0437,0.0065,-0.0012,5502.498,0.0007,-0.0001,55.025,0.0795,0.0385,236.0673,0.0083,0.004,2.3607,0.0,-0.4173,0.0003,0.0,-0.0435,0.0,0.1325,0.1038,9682.1826,0.0138,0.0108,96.8218,0.0222,0.006,255.286,0.0023,0.0006,2.5529,0.1173,-0.0481,53.1026,0.0122,-0.005,0.531,0.1669,0.0211,179.0714,0.0174,0.0022,1.7907,0.069,0.0145,153.9868,0.0072,0.0015,1.5399,0.0382,-0.0147,38.0263,0.004,-0.0015,0.3803,0.0066,-0.1004,8.7171,0.0007,-0.0105,0.0872,e93a2b3,,18992fa,2026-09-04T19:21:08+00:00
29290,21.234,0.0,0.0,0.0,0.0,-0.0,148.1477,0.0,-0.0,1.4815,0.0,-0.0,258.5109,0.0,-0.0,2.5851,0.0006,0.0006,255.1098,0.0001,0.0001,2.5511,,,,,,,0.0121,0.012,10832.2148,0.0013,0.0013,108.3221,0.0,0.0,252.1845,0.0,0.0,2.5218,,,,,,,0.0001,-0.0,36.9451,0.0,-0.0,0.3695,0.001,0.0009,795.6683,0.0001,0.0001,7.9567,0.0,-0.0,58.5517,0.0,-0.0,0.5855,,,,,,,e93a2b3,,18992fa,2026-09-04T19:21:08+00:00
29360,1.273,,,,,,,,,,,,,,,,,,,,,,,,,,,,,,,,,,,,,,,,,,,,,,,,,,,,,,,,,,,,,,,,,,,,,,e93a2b3,,18992fa,2026-09-04T19:21:08+00:00
29390,3.6054,0.0,0.0,0.0,0.0,0.0,536.0434,0.0,0.0,5.3604,0.0,-0.0,110.0521,0.0,-0.0,1.1005,0.0,-0.0,67.1628,0.0,-0.0,0.6716,,,,,,,0.0,-0.0,192.7183,0.0,-0.0,1.9272,0.0,0.0,76.1231,0.0,0.0,0.7612,,,,,,,,,,,,,0.0004,0.0004,1140.928,0.0,0.0,11.4093,,,,,,,,,,,,,e93a2b3,,18992fa,2026-09-04T19:21:08+00:00
29400,42.3976,0.0848,0.0082,0.0848,0.1274,0.0427,282.0851,0.0123,0.0041,2.8208,0.0788,-0.006,84.3767,0.0076,-0.0006,0.8438,0.1103,0.0256,225.9304,0.0107,0.0025,2.2593,0.0107,-0.0746,6.692,0.001,-0.0072,0.0669,0.2357,0.151,1007.4059,0.0228,0.0146,10.0741,0.0576,-0.0272,51.1848,0.0056,-0.0026,0.5118,0.0842,-0.0006,102.0658,0.0081,-0.0001,1.0207,0.1496,0.0648,562.5146,0.0144,0.0063,5.6251,0.0186,-0.0662,319.2884,0.0018,-0.0064,3.1929,0.1673,0.0825,347.4281,0.0161,0.008,3.4743,0.0006,-0.0885,0.2825,0.0001,-0.0085,0.0028,e93a2b3,,18992fa,2026-09-04T19:21:08+00:00
29420,29.0947,0.0275,0.0029,0.0275,0.0227,-0.0222,67.9231,0.0024,-0.0023,0.6792,0.0323,0.0032,238.3181,0.0034,0.0003,2.3832,0.0867,0.0465,400.5861,0.009,0.0048,4.0059,0.0,-0.3611,0.0024,0.0,-0.0376,0.0,0.1885,0.159,49262.5352,0.0196,0.0166,492.6255,0.0547,0.0247,183.3816,0.0057,0.0026,1.8338,0.0699,-0.076,28.6473,0.0073,-0.0079,0.2865,0.0575,0.0004,214.2946,0.006,0.0,2.1429,0.0398,0.0093,453.3178,0.0041,0.001,4.5332,0.0347,-0.0381,17.0107,0.0036,-0.004,0.1701,0.0149,-0.167,5.0391,0.0015,-0.0174,0.0504,e93a2b3,,18992fa,2026-09-04T19:21:08+00:00
29440,19.3874,0.0001,0.0,0.0001,0.0,-0.0001,6.1866,0.0,-0.0,0.0619,0.0006,0.0005,1292.1665,0.0001,0.0,12.9217,0.0,-0.0001,2.46,0.0,-0.0,0.0246,,,,,,,0.0064,0.0063,27749.8281,0.0007,0.0006,277.4983,0.0001,-0.0,100.8709,0.0,-0.0,1.0087,,,,,,,0.0,-0.0001,16.0185,0.0,-0.0,0.1602,0.0002,0.0001,583.7995,0.0,0.0,5.838,0.0,-0.0001,1.2484,0.0,-0.0,0.0125,,,,,,,e93a2b3,,18992fa,2026-09-04T19:21:08+00:00
29461,0.5533,0.0,0.0,0.0,,,,,,,,,,,,,,,,,,,,,,,,,0.0,0.0,100.0,0.0,0.0,1.0,,,,,,,,,,,,,,,,,,,,,,,,,,,,,,,,,,,,,e93a2b3,,18992fa,2026-09-04T19:21:08+00:00
29462,1.2804,0.0,0.0,0.0,,,,,,,,,,,,,,,,,,,,,,,,,0.0,0.0,327.959,0.0,0.0,3.2796,,,,,,,,,,,,,0.0,-0.0,3.8347,0.0,-0.0,0.0383,0.0,-0.0,64.704,0.0,-0.0,0.647,,,,,,,,,,,,,e93a2b3,,18992fa,2026-09-04T19:21:08+00:00
29464,16.0649,0.0003,0.0,0.0003,0.0,-0.0003,11.1719,0.0,-0.0,0.1117,0.0009,0.0006,331.6542,0.0001,0.0001,3.3165,0.0036,0.0032,382.9922,0.0004,0.0003,3.8299,0.0,-0.0008,0.1181,0.0,-0.0001,0.0012,0.0298,0.0295,7117.9385,0.003,0.003,71.1794,0.0004,0.0,158.6611,0.0,0.0,1.5866,0.0,-0.0005,2.035,0.0,-0.0,0.0203,0.0,-0.0003,4.8235,0.0,-0.0,0.0482,0.0015,0.0012,4579.7563,0.0001,0.0001,45.7976,0.0,-0.0005,0.8611,0.0,-0.0,0.0086,,,,,,,e93a2b3,,18992fa,2026-09-04T19:21:08+00:00
29466,17.8602,0.0091,0.0009,0.0091,0.0129,-0.0049,14.4724,0.0013,-0.0005,0.1447,0.0214,0.0107,2818.4543,0.0021,0.0011,28.1845,0.0776,0.0504,746.154,0.0077,0.005,7.4615,0.0072,-0.0585,5.4552,0.0007,-0.0058,0.0546,0.0552,0.0416,2099.6704,0.0055,0.0041,20.9967,0.0144,0.0004,1029.4996,0.0014,0.0,10.295,0.0106,-0.0075,26.2366,0.001,-0.0007,0.2624,0.0273,0.0149,112.4209,0.0027,0.0015,1.1242,0.0038,-0.0053,19109.5234,0.0004,-0.0005,191.0953,0.0375,0.0108,29.052,0.0037,0.0011,0.2905,0.0002,-0.1066,0.1468,0.0,-0.0106,0.0015,e93a2b3,,18992fa,2026-09-04T19:21:08+00:00
29468,32.642,0.1341,0.0132,0.1341,0.1902,-0.0104,77.8953,0.0187,-0.001,0.779,0.2222,0.0684,301.4122,0.0218,0.0067,3.0141,0.2607,0.0504,299.1708,0.0256,0.005,2.9917,0.0584,-0.1743,17.1154,0.0057,-0.0171,0.1712,0.3945,0.211,791.9471,0.0387,0.0207,7.9195,0.1761,-0.0064,490.7363,0.0173,-0.0006,4.9074,0.143,-0.0291,49.4582,0.014,-0.0029,0.4946,0.2659,0.079,208.1975,0.0261,0.0078,2.082,0.0269,-0.1072,2939.6587,0.0026,-0.0105,29.3966,0.3376,0.1081,124.9594,0.0331,0.0106,1.2496,0.0292,-0.2262,7.9009,0.0029,-0.0222,0.079,e93a2b3,,18992fa,2026-09-04T19:21:08+00:00
29469,22.9544,0.0677,0.0066,0.0677,0.1785,0.034,269.7114,0.0174,0.0033,2.6971,0.1405,0.0166,108.4103,0.0137,0.0016,1.0841,0.1981,0.0237,207.4171,0.0193,0.0023,2.0742,0.0414,-0.1958,11.0769,0.004,-0.0191,0.1108,0.2669,0.1482,1764.9668,0.026,0.0144,17.6497,0.1086,-0.0158,193.7947,0.0106,-0.0015,1.9379,0.0682,-0.007,71.2912,0.0066,-0.0007,0.7129,0.1625,0.0723,1387.8207,0.0158,0.007,13.8782,0.0128,-0.0549,5868.9141,0.0012,-0.0054,58.6892,0.2212,0.0729,81.7939,0.0216,0.0071,0.8179,0.0186,-0.2541,4.4856,0.0018,-0.0248,0.0449,e93a2b3,,18992fa,2026-09-04T19:21:08+00:00
29497,12.7192,0.0004,0.0,0.0004,0.011,0.0101,434.9641,0.0011,0.001,4.3496,0.0002,-0.0006,54.002,0.0,-0.0001,0.54,0.0008,-0.0007,28.8238,0.0001,-0.0001,0.2882,0.0001,-0.0014,28.5472,0.0,-0.0001,0.2855,0.0154,0.0146,1356.5593,0.0015,0.0014,13.5656,0.0081,0.0073,2900.9854,0.0008,0.0007,29.0099,0.0026,0.0021,210.6606,0.0003,0.0002,2.1066,0.0218,0.0212,1779.9729,0.0021,0.002,17.7997,0.0009,0.0004,2661.6045,0.0001,0.0,26.616,0.0,-0.0015,0.7689,0.0,-0.0001,0.0077,0.0008,-0.0013,6.3526,0.0001,-0.0001,0.0635,e93a2b3,,18992fa,2026-09-04T19:21:08+00:00
29498,43.2608,0.1296,0.0123,0.1296,0.1884,0.0588,784.319,0.0179,0.0056,7.8432,0.1552,0.0256,120.7288,0.0148,0.0024,1.2073,0.1239,-0.0113,89.5937,0.0118,-0.0011,0.8959,0.0723,-0.0664,29.5501,0.0069,-0.0063,0.2955,0.2385,0.1089,408.0546,0.0227,0.0104,4.0805,0.1002,-0.0294,101.6913,0.0095,-0.0028,1.0169,0.1264,-0.0031,209.9493,0.012,-0.0003,2.0995,0.2484,0.1188,2585.6533,0.0237,0.0113,25.8565,0.0249,-0.1046,83.3798,0.0024,-0.01,0.8338,0.1711,0.0388,95.4894,0.0163,0.0037,0.9549,0.0787,-0.0601,77.8938,0.0075,-0.0057,0.7789,e93a2b3,,18992fa,2026-09-04T19:21:08+00:00
29499,43.0688,0.1149,0.011,0.1149,0.1868,0.0719,313.8252,0.0179,0.0069,3.1383,0.106,-0.0089,73.4796,0.0101,-0.0009,0.7348,0.1452,0.0148,191.0921,0.0139,0.0014,1.9109,0.0388,-0.1169,12.7471,0.0037,-0.0112,0.1275,0.321,0.206,1647.0179,0.0308,0.0198,16.4702,0.1022,-0.0127,372.1027,0.0098,-0.0012,3.721,0.1224,0.0075,134.9577,0.0117,0.0007,1.3496,0.2785,0.1636,1733.9579,0.0267,0.0157,17.3396,0.0176,-0.0974,418.8054,0.0017,-0.0093,4.1881,0.1371,0.0095,67.0026,0.0131,0.0009,0.67,0.0203,-0.1263,6.0814,0.0019,-0.0121,0.0608,e93a2b3,,18992fa,2026-09-04T19:21:08+00:00
29905,3.2746,0.0,0.0,0.0,,,,,,,0.0,-0.0,28.0098,0.0,-0.0,0.2801,,,,,,,,,,,,,0.0,0.0,144.8461,0.0,0.0,1.4485,,,,,,,0.0,-0.0,4.3598,0.0,-0.0,0.0436,0.0,-0.0,1.3818,0.0,-0.0,0.0138,0.0,0.0,228.8535,0.0,0.0,2.2885,,,,,,,,,,,,,e93a2b3,,18992fa,2026-09-04T19:21:08+00:00
29906,1.7798,0.0,0.0,0.0,,,,,,,0.0,-0.0,52.2764,0.0,-0.0,0.5228,,,,,,,,,,,,,0.0,0.0,272.8704,0.0,0.0,2.7287,,,,,,,0.0,-0.0,30.0355,0.0,-0.0,0.3004,0.0,-0.0,12.7424,0.0,-0.0,0.1274,0.0,0.0,1401.8107,0.0,0.0,14.0181,,,,,,,,,,,,,e93a2b3,,18992fa,2026-09-04T19:21:08+00:00
31101,52.3378,0.1808,0.0083,0.1808,0.2019,0.0211,110.1354,0.0093,0.001,1.1014,0.1738,-0.007,96.874,0.008,-0.0003,0.9687,0.1486,-0.0321,81.5903,0.0068,-0.0015,0.8159,0.211,0.0302,117.2389,0.0097,0.0014,1.1724,0.242,0.0613,133.2393,0.0111,0.0028,1.3324,0.2092,0.0284,115.1581,0.0096,0.0013,1.1516,0.1659,-0.0149,91.2487,0.0076,-0.0007,0.9125,0.1881,0.0073,104.937,0.0087,0.0003,1.0494,0.1757,-0.005,97.6371,0.0081,-0.0002,0.9764,0.1486,-0.0322,82.3894,0.0068,-0.0015,0.8239,0.1843,0.0035,100.8803,0.0085,0.0002,1.0088,e93a2b3,,18992fa,2026-09-04T19:21:08+00:00
31102,50.1841,0.1791,0.0082,0.1791,0.1823,0.0032,101.757,0.0084,0.0001,1.0176,0.1593,-0.0197,89.0638,0.0073,-0.0009,0.8906,0.1454,-0.0337,81.2546,0.0067,-0.0015,0.8125,0.1964,0.0174,109.8247,0.009,0.0008,1.0982,0.2071,0.028,115.8492,0.0095,0.0013,1.1585,0.2299,0.0508,128.4548,0.0106,0.0023,1.2845,0.1349,-0.0442,75.4782,0.0062,-0.002,0.7548,0.1928,0.0138,107.8612,0.0089,0.0006,1.0786,0.1769,-0.0021,98.8665,0.0081,-0.0001,0.9887,0.1256,-0.0534,70.1759,0.0058,-0.0025,0.7018,0.1766,-0.0025,98.6315,0.0081,-0.0001,0.9863,e93a2b3,,18992fa,2026-09-04T19:21:08+00:00
31103,51.7276,0.1907,0.0086,0.1907,0.2087,0.018,109.4509,0.0094,0.0008,1.0945,0.1733,-0.0174,90.8956,0.0078,-0.0008,0.909,0.1515,-0.0392,79.4587,0.0068,-0.0018,0.7946,0.2078,0.0171,108.9877,0.0094,0.0008,1.0899,0.2129,0.0222,111.6365,0.0096,0.001,1.1164,0.2417,0.051,126.7303,0.0109,0.0023,1.2673,0.143,-0.0477,74.9948,0.0064,-0.0021,0.7499,0.199,0.0083,104.3873,0.009,0.0004,1.0439,0.1865,-0.0042,97.7998,0.0084,-0.0002,0.978,0.1407,-0.05,73.7544,0.0063,-0.0023,0.7375,0.1886,-0.0021,98.8921,0.0085,-0.0001,0.9889,e93a2b3,,18992fa,2026-09-04T19:21:08+00:00
31104,51.6785,0.1757,0.008,0.1757,0.1806,0.0049,102.6205,0.0082,0.0002,1.0262,0.1615,-0.0142,92.0647,0.0073,-0.0006,0.9206,0.1405,-0.0352,80.1695,0.0064,-0.0016,0.8017,0.1916,0.0159,109.1733,0.0087,0.0007,1.0917,0.1904,0.0147,108.7439,0.0086,0.0007,1.0874,0.2307,0.055,131.5367,0.0105,0.0025,1.3154,0.1285,-0.0472,73.3235,0.0058,-0.0021,0.7332,0.1796,0.0039,102.5038,0.0081,0.0002,1.025,0.1675,-0.0082,95.5034,0.0076,-0.0004,0.955,0.1228,-0.0529,69.9946,0.0056,-0.0024,0.6999,0.1797,0.004,102.4619,0.0082,0.0002,1.0246,e93a2b3,,18992fa,2026-09-04T19:21:08+00:00
31105,55.2457,0.1907,0.0082,0.1907,0.2122,0.0215,111.1912,0.0092,0.0009,1.1119,0.1864,-0.0043,97.805,0.0081,-0.0002,0.9781,0.1456,-0.0451,76.3612,0.0063,-0.002,0.7636,0.2097,0.0189,110.1006,0.0091,0.0008,1.101,0.2188,0.0281,114.7596,0.0095,0.0012,1.1476,0.2499,0.0592,131.1059,0.0108,0.0026,1.3111,0.1502,-0.0405,78.8304,0.0065,-0.0018,0.7883,0.1891,-0.0016,99.0759,0.0082,-0.0001,0.9908,0.1835,-0.0072,96.2638,0.0079,-0.0003,0.9626,0.1376,-0.0531,72.1576,0.0059,-0.0023,0.7216,0.1998,0.0091,104.7483,0.0086,0.0004,1.0475,e93a2b3,,18992fa,2026-09-04T19:21:08+00:00
31106,56.4868,0.1864,0.0078,0.1864,0.208,0.0216,111.6656,0.0087,0.0009,1.1167,0.1868,0.0004,100.2242,0.0078,0.0,1.0022,0.1472,-0.0392,79.0501,0.0062,-0.0016,0.7905,0.2083,0.022,111.7949,0.0087,0.0009,1.1179,0.2165,0.0301,116.2433,0.0091,0.0013,1.1624,0.235,0.0487,126.2129,0.0099,0.002,1.2621,0.148,-0.0383,79.4861,0.0062,-0.0016,0.7949,0.1735,-0.0129,93.0858,0.0073,-0.0005,0.9309,0.1776,-0.0087,95.3456,0.0074,-0.0004,0.9535,0.1374,-0.0489,73.7777,0.0058,-0.0021,0.7378,0.1949,0.0085,104.6345,0.0082,0.0004,1.0463,e93a2b3,,18992fa,2026-09-04T19:21:08+00:00
31107,59.0102,0.1839,0.0073,0.1839,0.2001,0.0162,108.7469,0.0079,0.0007,1.0875,0.1839,-0.0001,99.9899,0.0073,-0.0,0.9999,0.1486,-0.0354,80.7439,0.0059,-0.0014,0.8074,0.201,0.0171,109.2016,0.0079,0.0007,1.092,0.1942,0.0103,105.5262,0.0077,0.0004,1.0553,0.2228,0.0389,121.2625,0.0088,0.0015,1.2126,0.1341,-0.0498,72.8043,0.0053,-0.002,0.728,0.1707,-0.0132,92.9104,0.0067,-0.0005,0.9291,0.1847,0.0008,100.5676,0.0073,0.0,1.0057,0.1521,-0.0318,82.8925,0.006,-0.0013,0.8289,0.2026,0.0187,110.3166,0.008,0.0007,1.1032,e93a2b3,,18992fa,2026-09-04T19:21:08+00:00
31108,53.9643,0.1843,0.0081,0.1843,0.2001,0.0157,108.5318,0.0087,0.0007,1.0853,0.1818,-0.0025,98.6169,0.0079,-0.0001,0.9862,0.1445,-0.0399,78.3446,0.0063,-0.0017,0.7834,0.2077,0.0234,112.7068,0.0091,0.001,1.1271,0.2049,0.0206,111.1894,0.009,0.0009,1.1119,0.236,0.0516,127.9961,0.0103,0.0023,1.28,0.1487,-0.0356,80.6349,0.0065,-0.0016,0.8063,0.1812,-0.0031,98.3277,0.0079,-0.0001,0.9833,0.1765,-0.0078,95.7593,0.0077,-0.0003,0.9576,0.1298,-0.0545,70.4015,0.0057,-0.0024,0.704,0.1871,0.0027,101.4874,0.0082,0.0001,1.0149,e93a2b3,,18992fa,2026-09-04T19:21:08+00:00
31109,49.3893,0.1758,0.0082,0.1758,0.1803,0.0045,102.4557,0.0084,0.0002,1.0246,0.1722,-0.0036,97.8731,0.0081,-0.0002,0.9787,0.1418,-0.034,80.4436,0.0066,-0.0016,0.8044,0.193,0.0172,109.7834,0.009,0.0008,1.0978,0.1977,0.0219,112.6334,0.0093,0.001,1.1263,0.2312,0.0554,131.5952,0.0108,0.0026,1.316,0.1441,-0.0317,81.8389,0.0067,-0.0015,0.8184,0.1822,0.0064,103.7515,0.0085,0.0003,1.0375,0.1702,-0.0056,96.8487,0.008,-0.0003,0.9685,0.1312,-0.0446,74.7621,0.0061,-0.0021,0.7476,0.1784,0.0026,101.6637,0.0084,0.0001,1.0166,e93a2b3,,18992fa,2026-09-04T19:21:08+00:00
31201,32.9272,0.0597,0.0043,0.0597,0.1241,0.0645,266.3816,0.0089,0.0046,2.6638,0.0197,-0.0399,25.2326,0.0014,-0.0029,0.2523,0.1128,0.0532,216.8569,0.0081,0.0038,2.1686,0.057,-0.0026,104.5591,0.0041,-0.0002,1.0456,0.0331,-0.0266,46.9449,0.0024,-0.0019,0.4694,0.0747,0.0151,115.4931,0.0053,0.0011,1.1549,0.1181,0.0584,287.2305,0.0085,0.0042,2.8723,0.0683,0.0086,134.8642,0.0049,0.0006,1.3486,0.0343,-0.0253,49.7236,0.0024,-0.0018,0.4972,0.0599,0.0003,95.6474,0.0043,0.0,0.9565,0.0043,-0.0554,7.5569,0.0003,-0.0039,0.0756,e93a2b3,,18992fa,2026-09-04T19:21:08+00:00
31202,32.731,0.0459,0.0033,0.0459,0.1194,0.0736,588.6012,0.0087,0.0054,5.886,0.0133,-0.0326,17.9038,0.001,-0.0024,0.179,0.0976,0.0517,434.3754,0.0071,0.0038,4.3438,0.0444,-0.0015,111.2234,0.0032,-0.0001,1.1122,0.0137,-0.0322,21.6081,0.001,-0.0024,0.2161,0.0805,0.0346,154.0182,0.0059,0.0025,1.5402,0.1097,0.0638,655.0331,0.008,0.0047,6.5503,0.0609,0.015,230.9657,0.0044,0.0011,2.3097,0.0148,-0.0311,24.3664,0.0011,-0.0023,0.2437,0.0341,-0.0118,57.9006,0.0025,-0.0009,0.579,0.0019,-0.0439,5.2926,0.0001,-0.0032,0.0529,e93a2b3,,18992fa,2026-09-04T19:21:08+00:00
31203,28.5412,0.0016,0.0001,0.0016,0.0656,0.064,8229.0215,0.005,0.0049,82.2902,0.0,-0.0016,0.1845,0.0,-0.0001,0.0018,0.0491,0.0475,5320.8252,0.0037,0.0036,53.2082,0.0119,0.0102,1997.3492,0.0009,0.0008,19.9735,0.0,-0.0016,3.1717,0.0,-0.0001,0.0317,0.0016,-0.0,150.1994,0.0001,0.0,1.502,0.0321,0.0305,2669.103,0.0024,0.0023,26.691,0.0057,0.004,293.5692,0.0004,0.0003,2.9357,0.0001,-0.0015,6.8034,0.0,-0.0001,0.068,0.0001,-0.0015,4.0105,0.0,-0.0001,0.0401,0.0002,-0.0014,15.758,0.0,-0.0001,0.1576,e93a2b3,,18992fa,2026-09-04T19:21:08+00:00
31204,32.6266,0.0224,0.0017,0.0224,0.1136,0.0912,2022.7163,0.0085,0.0068,20.2272,0.0042,-0.019,10.523,0.0003,-0.0014,0.1052,0.0905,0.0681,1357.3143,0.0068,0.0051,13.5732,0.0252,0.0028,277.0464,0.0019,0.0002,2.7705,0.0065,-0.0159,17.5769,0.0005,-0.0012,0.1758,0.0537,0.0313,257.1856,0.004,0.0023,2.5719,0.073,0.0506,887.17,0.0054,0.0038,8.8717,0.0382,0.0158,183.2018,0.0028,0.0012,1.832,0.0041,-0.0183,13.9276,0.0003,-0.0014,0.1393,0.007,-0.0154,16.5277,0.0005,-0.0011,0.1653,0.0034,-0.019,16.7642,0.0003,-0.0014,0.1676,e93a2b3,,18992fa,2026-09-04T19:21:08+00:00
31205,32.7488,0.0097,0.0007,0.0097,0.1236,0.1138,5990.0337,0.0095,0.0087,59.9003,0.005,-0.0048,21.6782,0.0004,-0.0004,0.2168,0.083,0.0733,3443.3491,0.0064,0.0056,34.4335,0.0213,0.0115,1163.2479,0.0016,0.0009,11.6325,0.0049,-0.0048,26.1281,0.0004,-0.0004,0.2613,0.0411,0.0313,672.908,0.0031,0.0024,6.7291,0.0708,0.061,2429.8105,0.0054,0.0047,24.2981,0.0127,0.003,108.1971,0.001,0.0002,1.082,0.0067,-0.0031,39.2032,0.0005,-0.0002,0.392,0.003,-0.0067,11.9868,0.0002,-0.0005,0.1199,0.004,-0.0058,26.2682,0.0003,-0.0004,0.2627,e93a2b3,,18992fa,2026-09-04T19:21:08+00:00
31210,45.4884,0.1811,0.0089,0.1811,0.2026,0.0215,111.1114,0.01,0.0011,1.1111,0.1813,0.0002,101.0216,0.009,0.0,1.0102,0.131,-0.0502,71.1419,0.0064,-0.0025,0.7114,0.1937,0.0126,106.1829,0.0095,0.0006,1.0618,0.2022,0.0211,110.4765,0.0099,0.001,1.1048,0.2288,0.0477,124.6477,0.0113,0.0023,1.2465,0.1608,-0.0203,88.3473,0.0079,-0.001,0.8835,0.1819,0.0007,101.1978,0.009,0.0,1.012,0.1718,-0.0093,95.9943,0.0085,-0.0004,0.9599,0.165,-0.0161,91.2772,0.0082,-0.0008,0.9128,0.1996,0.0185,107.6312,0.0098,0.0009,1.0763,e93a2b3,,18992fa,2026-09-04T19:21:08+00:00
31221,46.8593,0.218,0.011,0.218,0.2733,0.0553,123.005,0.0137,0.0028,1.2301,0.2197,0.0017,102.6,0.0111,0.0001,1.026,0.1575,-0.0605,70.6583,0.0079,-0.0031,0.7066,0.2395,0.0215,110.5093,0.0121,0.0011,1.1051,0.2358,0.0178,104.9112,0.0118,0.0009,1.0491,0.2849,0.0669,127.4729,0.0143,0.0033,1.2747,0.1914,-0.0266,87.5055,0.0096,-0.0013,0.8751,0.2145,-0.0035,98.3893,0.0108,-0.0002,0.9839,0.2002,-0.0179,92.111,0.0101,-0.0009,0.9211,0.2182,0.0002,100.6091,0.011,0.0,1.0061,0.2535,0.0355,112.4804,0.0127,0.0018,1.1248,e93a2b3,,18992fa,2026-09-04T19:21:08+00:00
31222,42.8684,0.1816,0.0094,0.1816,0.2093,0.0277,112.7987,0.0109,0.0014,1.128,0.196,0.0144,111.1384,0.0102,0.0008,1.1114,0.1222,-0.0594,65.8009,0.0063,-0.0031,0.658,0.1946,0.013,109.77,0.0101,0.0007,1.0977,0.1714,-0.0102,91.7328,0.0089,-0.0005,0.9173,0.2077,0.0261,112.0303,0.0108,0.0013,1.1203,0.1522,-0.0294,83.4897,0.0079,-0.0015,0.8349,0.1815,-0.0001,99.8587,0.0094,-0.0,0.9986,0.1649,-0.0166,91.5693,0.0086,-0.0009,0.9157,0.1952,0.0136,108.5178,0.0101,0.0007,1.0852,0.1863,0.0047,100.3486,0.0097,0.0002,1.0035,e93a2b3,,18992fa,2026-09-04T19:21:08+00:00
31223,38.1469,0.1387,0.0075,0.1387,0.1382,-0.0005,99.2387,0.0075,-0.0,0.9924,0.1819,0.0433,133.1058,0.0099,0.0024,1.3311,0.0849,-0.0538,61.6334,0.0046,-0.0029,0.6163,0.1705,0.0318,124.075,0.0092,0.0017,1.2408,0.1281,-0.0105,92.6981,0.0069,-0.0006,0.927,0.1386,-0.0001,99.7169,0.0075,-0.0,0.9972,0.1124,-0.0262,81.4345,0.0061,-0.0014,0.8143,0.1549,0.0162,113.2599,0.0084,0.0009,1.1326,0.1483,0.0097,107.4833,0.008,0.0005,1.0748,0.1633,0.0247,119.5151,0.0089,0.0013,1.1952,0.1342,-0.0045,96.7422,0.0073,-0.0002,0.9674,e93a2b3,,18992fa,2026-09-04T19:21:08+00:00
31224,34.8171,0.1219,0.007,0.1219,0.1191,-0.0028,97.7094,0.0069,-0.0002,0.9771,0.1682,0.0463,138.0743,0.0097,0.0027,1.3807,0.0905,-0.0314,74.2705,0.0052,-0.0018,0.7427,0.1182,-0.0038,97.0301,0.0068,-0.0002,0.9703,0.1261,0.0042,103.4372,0.0073,0.0002,1.0344,0.1169,-0.005,95.8557,0.0067,-0.0003,0.9586,0.1236,0.0017,101.4222,0.0071,0.0001,1.0142,0.16,0.0381,131.3023,0.0092,0.0022,1.313,0.1218,-0.0001,99.9639,0.007,-0.0,0.9996,0.1547,0.0328,126.9411,0.0089,0.0019,1.2694,0.1049,-0.017,86.0555,0.006,-0.001,0.8606,e93a2b3,,18992fa,2026-09-04T19:21:08+00:00
31225,36.0771,0.1166,0.0065,0.1166,0.1093,-0.0072,93.8009,0.0061,-0.0004,0.938,0.1843,0.0678,158.2196,0.0103,0.0038,1.5822,0.0803,-0.0362,68.9399,0.0045,-0.002,0.6894,0.1493,0.0327,128.0551,0.0083,0.0018,1.2806,0.1158,-0.0008,99.3502,0.0065,-0.0,0.9935,0.1132,-0.0034,96.9799,0.0063,-0.0002,0.9698,0.1131,-0.0035,97.1695,0.0063,-0.0002,0.9717,0.1538,0.0372,132.0872,0.0086,0.0021,1.3209,0.1157,-0.0008,99.2693,0.0065,-0.0,0.9927,0.1562,0.0396,134.0916,0.0087,0.0022,1.3409,0.1145,-0.002,98.2312,0.0064,-0.0001,0.9823,e93a2b3,,18992fa,2026-09-04T19:21:08+00:00
31226,43.5025,0.1969,0.0105,0.1969,0.1892,-0.0077,93.1301,0.01,-0.0004,0.9313,0.2301,0.0332,124.1526,0.0123,0.0018,1.2415,0.1287,-0.0683,64.6977,0.0068,-0.0036,0.647,0.2253,0.0284,118.4687,0.012,0.0015,1.1847,0.19,-0.0069,95.347,0.0101,-0.0004,0.9535,0.2409,0.044,118.8128,0.0128,0.0023,1.1881,0.148,-0.0489,75.6552,0.0079,-0.0026,0.7566,0.2073,0.0103,107.6773,0.011,0.0006,1.0768,0.163,-0.0339,83.9805,0.0087,-0.0018,0.8398,0.2289,0.032,120.3454,0.0122,0.0017,1.2035,0.2227,0.0258,108.5711,0.0118,0.0014,1.0857,e93a2b3,,18992fa,2026-09-04T19:21:08+00:00
31227,37.9237,0.136,0.0076,0.136,0.1253,-0.0108,92.0532,0.007,-0.0006,0.9205,0.2136,0.0775,161.0666,0.012,0.0043,1.6107,0.1027,-0.0333,76.8804,0.0058,-0.0019,0.7688,0.1628,0.0268,121.5121,0.0091,0.0015,1.2151,0.1348,-0.0012,99.702,0.0076,-0.0001,0.997,0.1316,-0.0044,95.0549,0.0074,-0.0003,0.9505,0.1301,-0.0059,98.6218,0.0073,-0.0003,0.9862,0.1758,0.0398,133.0488,0.0099,0.0022,1.3305,0.1241,-0.012,91.5287,0.007,-0.0007,0.9153,0.1833,0.0473,137.384,0.0103,0.0026,1.3738,0.1349,-0.0011,98.3555,0.0076,-0.0001,0.9836,e93a2b3,,18992fa,2026-09-04T19:21:08+00:00
31228,37.8092,0.1403,0.008,0.1403,0.1262,-0.0141,88.6534,0.0072,-0.0008,0.8865,0.2195,0.0792,161.0134,0.0126,0.0045,1.6101,0.1228,-0.0175,89.471,0.007,-0.001,0.8947,0.1505,0.0102,108.4887,0.0086,0.0006,1.0849,0.134,-0.0063,96.4374,0.0077,-0.0004,0.9644,0.142,0.0017,99.0749,0.0081,0.0001,0.9907,0.1447,0.0044,105.8062,0.0083,0.0003,1.0581,0.1914,0.0511,141.0921,0.011,0.0029,1.4109,0.1365,-0.0038,96.9784,0.0078,-0.0002,0.9698,0.206,0.0657,150.626,0.0118,0.0038,1.5063,0.1259,-0.0145,88.0911,0.0072,-0.0008,0.8809,e93a2b3,,18992fa,2026-09-04T19:21:08+00:00
31229,33.569,0.115,0.0067,0.115,0.1105,-0.0045,95.8974,0.0065,-0.0003,0.959,0.1786,0.0636,155.6644,0.0104,0.0037,1.5566,0.1048,-0.0103,91.5442,0.0061,-0.0006,0.9154,0.1106,-0.0044,96.2354,0.0065,-0.0003,0.9624,0.1185,0.0035,103.0203,0.0069,0.0002,1.0302,0.1092,-0.0059,94.7871,0.0064,-0.0003,0.9479,0.1309,0.0158,114.0438,0.0076,0.0009,1.1404,0.1694,0.0544,147.8014,0.0099,0.0032,1.478,0.1058,-0.0092,92.0501,0.0062,-0.0005,0.9205,0.1569,0.0418,136.9339,0.0092,0.0024,1.3693,0.0982,-0.0169,85.0739,0.0057,-0.001,0.8507,e93a2b3,,18992fa,2026-09-04T19:21:08+00:00
31231,40.9872,0.1644,0.0084,0.1644,0.1965,0.032,119.5073,0.0101,0.0016,1.1951,0.1797,0.0152,109.3432,0.0092,0.0008,1.0934,0.1106,-0.0539,67.2225,0.0057,-0.0028,0.6722,0.1802,0.0157,109.6237,0.0092,0.0008,1.0962,0.1647,0.0002,100.1267,0.0084,0.0,1.0013,0.2025,0.0381,123.1175,0.0104,0.0019,1.2312,0.1432,-0.0213,87.1211,0.0073,-0.0011,0.8712,0.1583,-0.0062,96.2369,0.0081,-0.0003,0.9624,0.1598,-0.0046,97.2948,0.0082,-0.0002,0.9729,0.1566,-0.0078,95.2897,0.008,-0.0004,0.9529,0.1651,0.0007,100.3305,0.0085,0.0,1.0033,e93a2b3,,18992fa,2026-09-04T19:21:08+00:00
31232,39.9452,0.1622,0.0086,0.1622,0.1973,0.0351,121.7751,0.0104,0.0019,1.2178,0.1727,0.0105,106.5508,0.0091,0.0006,1.0655,0.1048,-0.0574,64.6282,0.0055,-0.003,0.6463,0.1567,-0.0055,96.7002,0.0083,-0.0003,0.967,0.1579,-0.0043,97.4094,0.0083,-0.0002,0.9741,0.1958,0.0336,120.7305,0.0103,0.0018,1.2073,0.1365,-0.0257,84.1965,0.0072,-0.0014,0.842,0.1651,0.0029,101.9025,0.0087,0.0002,1.019,0.1825,0.0203,112.6473,0.0096,0.0011,1.1265,0.1534,-0.0088,94.6887,0.0081,-0.0005,0.9469,0.1612,-0.001,99.243,0.0085,-0.0001,0.9924,e93a2b3,,18992fa,2026-09-04T19:21:08+00:00
31233,38.9587,0.1613,0.0086,0.1613,0.1843,0.023,114.481,0.0098,0.0012,1.1448,0.1708,0.0094,105.93,0.0091,0.0005,1.0593,0.0979,-0.0635,60.6934,0.0052,-0.0034,0.6069,0.1694,0.0081,105.0167,0.009,0.0004,1.0502,0.1501,-0.0112,93.1023,0.008,-0.0006,0.931,0.1792,0.0178,111.1605,0.0096,0.0009,1.1116,0.1345,-0.0268,83.5078,0.0072,-0.0014,0.8351,0.1626,0.0013,100.8802,0.0087,0.0001,1.0088,0.1774,0.016,110.0712,0.0095,0.0009,1.1007,0.1537,-0.0076,95.3371,0.0082,-0.0004,0.9534,0.1535,-0.0079,94.9982,0.0082,-0.0004,0.95,e93a2b3,,18992fa,2026-09-04T19:21:08+00:00
31234,38.7521,0.1594,0.0088,0.1594,0.1874,0.028,117.5555,0.0103,0.0015,1.1756,0.1623,0.0029,101.9,0.0089,0.0002,1.019,0.1119,-0.0475,70.1058,0.0062,-0.0026,0.7011,0.1402,-0.0192,88.2107,0.0077,-0.0011,0.8821,0.1493,-0.0101,93.7869,0.0082,-0.0006,0.9379,0.1727,0.0133,108.2291,0.0095,0.0007,1.0823,0.129,-0.0304,81.1289,0.0071,-0.0017,0.8113,0.1954,0.036,122.973,0.0108,0.002,1.2297,0.1963,0.0369,123.439,0.0108,0.002,1.2344,0.1573,-0.0021,98.9029,0.0087,-0.0001,0.989,0.152,-0.0073,95.0723,0.0084,-0.0004,0.9507,e93a2b3,,18992fa,2026-09-04T19:21:08+00:00
31235,36.6484,0.1499,0.0084,0.1499,0.1492,-0.0007,99.5857,0.0083,-0.0,0.9959,0.1694,0.0195,113.7826,0.0095,0.0011,1.1378,0.0955,-0.0544,63.8828,0.0053,-0.003,0.6388,0.1508,0.0009,101.1055,0.0084,0.0,1.0111,0.14,-0.0099,93.6284,0.0078,-0.0005,0.9363,0.1449,-0.005,96.505,0.0081,-0.0003,0.965,0.1232,-0.0267,82.7705,0.0069,-0.0015,0.8277,0.1814,0.0316,121.7182,0.0102,0.0018,1.2172,0.172,0.0221,114.9407,0.0096,0.0012,1.1494,0.163,0.0131,109.451,0.0091,0.0007,1.0945,0.1412,-0.0087,93.942,0.0079,-0.0005,0.9394,e93a2b3,,18992fa,2026-09-04T19:21:08+00:00
31236,35.2366,0.1298,0.0075,0.1298,0.1311,0.0013,101.137,0.0076,0.0001,1.0114,0.1586,0.0289,122.632,0.0092,0.0017,1.2263,0.1013,-0.0284,78.3217,0.0059,-0.0016,0.7832,0.1187,-0.0111,91.6006,0.0069,-0.0006,0.916,0.1425,0.0127,110.1208,0.0082,0.0007,1.1012,0.1263,-0.0035,97.2323,0.0073,-0.0002,0.9723,0.1227,-0.0071,94.8933,0.0071,-0.0004,0.9489,0.1686,0.0388,130.263,0.0098,0.0022,1.3026,0.1327,0.0029,102.1668,0.0077,0.0002,1.0217,0.1653,0.0355,127.8665,0.0096,0.0021,1.2787,0.1055,-0.0243,80.867,0.0061,-0.0014,0.8087,e93a2b3,,18992fa,2026-09-04T19:21:08+00:00
31237,36.4193,0.1574,0.009,0.1574,0.1568,-0.0006,99.9573,0.009,-0.0,0.9996,0.1695,0.0121,108.2342,0.0097,0.0007,1.0823,0.1161,-0.0413,74.642,0.0067,-0.0024,0.7464,0.1354,-0.022,86.3005,0.0078,-0.0013,0.863,0.165,0.0076,105.8408,0.0095,0.0004,1.0584,0.1597,0.0023,100.9316,0.0092,0.0001,1.0093,0.1298,-0.0276,83.2891,0.0075,-0.0016,0.8329,0.1986,0.0412,127.0541,0.0114,0.0024,1.2705,0.165,0.0075,104.4856,0.0095,0.0004,1.0449,0.1821,0.0246,117.2764,0.0105,0.0014,1.1728,0.1399,-0.0176,87.6595,0.008,-0.001,0.8766,e93a2b3,,18992fa,2026-09-04T19:21:08+00:00
31238,35.0887,0.1254,0.0075,0.1254,0.1451,0.0196,116.8536,0.0086,0.0012,1.1685,0.1303,0.0049,103.9013,0.0077,0.0003,1.039,0.1243,-0.0011,99.9185,0.0074,-0.0001,0.9992,0.1128,-0.0126,90.3281,0.0067,-0.0007,0.9033,0.1654,0.0399,133.1948,0.0098,0.0024,1.3319,0.1114,-0.014,87.9166,0.0066,-0.0008,0.8792,0.1108,-0.0147,88.859,0.0066,-0.0009,0.8886,0.1975,0.0721,159.2101,0.0118,0.0043,1.5921,0.1185,-0.007,93.8655,0.007,-0.0004,0.9387,0.1822,0.0568,146.7096,0.0108,0.0034,1.4671,0.0915,-0.0339,72.313,0.0054,-0.002,0.7231,e93a2b3,,18992fa,2026-09-04T19:21:08+00:00
31239,36.3552,0.1569,0.0092,0.1569,0.1702,0.0133,109.0366,0.01,0.0008,1.0904,0.157,0.0,100.0408,0.0092,0.0,1.0004,0.1438,-0.0131,92.2029,0.0085,-0.0008,0.922,0.1325,-0.0244,84.6132,0.0078,-0.0014,0.8461,0.1872,0.0303,119.9469,0.011,0.0018,1.1995,0.1585,0.0016,100.7668,0.0093,0.0001,1.0077,0.1236,-0.0334,78.8771,0.0073,-0.002,0.7888,0.227,0.0701,145.4833,0.0133,0.0041,1.4548,0.1564,-0.0006,99.5347,0.0092,-0.0,0.9953,0.199,0.0421,127.4473,0.0117,0.0025,1.2745,0.133,-0.024,84.3842,0.0078,-0.0014,0.8438,e93a2b3,,18992fa,2026-09-04T19:21:08+00:00
31241,38.2274,0.1778,0.0105,0.1778,0.2123,0.0345,120.422,0.0126,0.0021,1.2042,0.1701,-0.0077,96.0961,0.01,-0.0004,0.961,0.1746,-0.0032,98.6755,0.0103,-0.0002,0.9868,0.1357,-0.0421,77.4276,0.008,-0.0025,0.7743,0.1749,-0.0029,98.5728,0.0103,-0.0002,0.9857,0.1932,0.0154,107.9705,0.0114,0.0009,1.0797,0.1472,-0.0306,83.4241,0.0087,-0.0018,0.8342,0.2029,0.0251,114.6443,0.012,0.0015,1.1464,0.165,-0.0127,91.8351,0.0097,-0.0008,0.9184,0.1976,0.0198,112.2364,0.0117,0.0012,1.1224,0.1681,-0.0097,93.0738,0.0099,-0.0006,0.9307,e93a2b3,,18992fa,2026-09-04T19:21:08+00:00
31242,41.5864,0.2021,0.0118,0.2021,0.2561,0.054,126.8059,0.015,0.0032,1.2681,0.1707,-0.0314,84.6727,0.01,-0.0018,0.8467,0.2162,0.0141,107.179,0.0127,0.0008,1.0718,0.1793,-0.0228,88.8462,0.0105,-0.0013,0.8885,0.1799,-0.0222,88.9758,0.0105,-0.0013,0.8898,0.2526,0.0505,124.8495,0.0148,0.003,1.2485,0.1939,-0.0081,95.9707,0.0114,-0.0005,0.9597,0.2311,0.029,114.592,0.0135,0.0017,1.1459,0.2001,-0.002,99.0249,0.0117,-0.0001,0.9902,0.1993,-0.0028,98.8092,0.0117,-0.0002,0.9881,0.2181,0.016,107.2206,0.0128,0.0009,1.0722,e93a2b3,,18992fa,2026-09-04T19:21:08+00:00
31243,38.5718,0.174,0.0107,0.174,0.2233,0.0494,128.7038,0.0137,0.003,1.287,0.1665,-0.0075,95.6002,0.0102,-0.0005,0.956,0.1865,0.0125,107.3628,0.0115,0.0008,1.0736,0.1747,0.0008,100.6064,0.0108,0.0001,1.0061,0.1536,-0.0203,88.276,0.0094,-0.0013,0.8828,0.2035,0.0296,116.702,0.0125,0.0018,1.167,0.1656,-0.0083,95.1814,0.0102,-0.0005,0.9518,0.1959,0.022,112.5156,0.012,0.0013,1.1252,0.1538,-0.0201,88.3368,0.0095,-0.0012,0.8834,0.1813,0.0073,104.2486,0.0111,0.0004,1.0425,0.1383,-0.0356,79.2225,0.0085,-0.0022,0.7922,e93a2b3,,18992fa,2026-09-04T19:21:08+00:00
31244,35.247,0.1364,0.0088,0.1364,0.2003,0.0639,147.374,0.013,0.0041,1.4737,0.1287,-0.0077,94.3674,0.0083,-0.0005,0.9437,0.1589,0.0225,116.9971,0.0103,0.0015,1.17,0.1455,0.0091,106.2862,0.0094,0.0006,1.0629,0.1291,-0.0072,95.0682,0.0084,-0.0005,0.9507,0.1321,-0.0042,96.82,0.0085,-0.0003,0.9682,0.1363,-0.0,100.2699,0.0088,0.0,1.0027,0.1382,0.0018,101.2632,0.0089,0.0001,1.0126,0.0943,-0.042,69.1217,0.0061,-0.0027,0.6912,0.1626,0.0262,119.5984,0.0105,0.0017,1.196,0.0715,-0.0649,51.4162,0.0046,-0.0042,0.5142,e93a2b3,,18992fa,2026-09-04T19:21:08+00:00
31245,35.5352,0.136,0.0089,0.136,0.1847,0.0487,136.4133,0.0121,0.0032,1.3641,0.1292,-0.0068,94.6413,0.0085,-0.0005,0.9464,0.1597,0.0237,118.2967,0.0105,0.0016,1.183,0.1325,-0.0036,97.211,0.0087,-0.0002,0.9721,0.1385,0.0025,102.2071,0.0091,0.0002,1.0221,0.1379,0.0018,101.139,0.009,0.0001,1.0114,0.1361,0.0001,100.4158,0.0089,0.0,1.0042,0.1273,-0.0087,92.8928,0.0083,-0.0006,0.9289,0.0957,-0.0403,69.9596,0.0063,-0.0026,0.6996,0.1579,0.0218,117.0497,0.0104,0.0014,1.1705,0.0609,-0.0751,43.5644,0.004,-0.0049,0.4356,e93a2b3,,18992fa,2026-09-04T19:21:08+00:00
31246,39.3531,0.1646,0.0106,0.1646,0.2116,0.0469,129.0408,0.0136,0.003,1.2904,0.1417,-0.0229,85.4923,0.0091,-0.0015,0.8549,0.1707,0.006,104.2862,0.011,0.0004,1.0429,0.164,-0.0006,99.4203,0.0105,-0.0,0.9942,0.1588,-0.0059,96.6345,0.0102,-0.0004,0.9663,0.1997,0.0351,122.2169,0.0128,0.0023,1.2222,0.1691,0.0045,103.3254,0.0108,0.0003,1.0333,0.1758,0.0112,107.0907,0.0113,0.0007,1.0709,0.1417,-0.0229,86.378,0.0091,-0.0015,0.8638,0.17,0.0053,102.6835,0.0109,0.0003,1.0268,0.0928,-0.0718,55.7524,0.0059,-0.0046,0.5575,e93a2b3,,18992fa,2026-09-04T19:21:08+00:00
31247,35.6762,0.1265,0.0084,0.1265,0.1854,0.0589,147.2328,0.0123,0.0039,1.4723,0.0927,-0.0337,72.9782,0.0062,-0.0023,0.7298,0.1516,0.0251,120.6339,0.0101,0.0017,1.2063,0.1283,0.0019,101.4338,0.0085,0.0001,1.0143,0.1236,-0.0029,97.6355,0.0082,-0.0002,0.9764,0.1339,0.0074,105.8582,0.0089,0.0005,1.0586,0.1343,0.0079,106.7502,0.0089,0.0005,1.0675,0.1063,-0.0202,83.7762,0.0071,-0.0013,0.8378,0.0895,-0.037,70.7776,0.006,-0.0025,0.7078,0.1392,0.0128,110.1411,0.0093,0.0008,1.1014,0.0392,-0.0872,30.2796,0.0026,-0.0058,0.3028,e93a2b3,,18992fa,2026-09-04T19:21:08+00:00
31248,38.775,0.1788,0.0134,0.1788,0.2376,0.0588,196.9266,0.0177,0.0043,1.9693,0.1694,-0.0094,84.4764,0.0127,-0.0007,0.8448,0.2252,0.0464,167.9185,0.0168,0.0034,1.6792,0.1516,-0.0272,90.0276,0.0114,-0.002,0.9003,0.1227,-0.0561,63.3602,0.0091,-0.0043,0.6336,0.241,0.0622,169.3503,0.018,0.0046,1.6935,0.228,0.0492,181.3804,0.017,0.0036,1.8138,0.1788,-0.0,105.9814,0.0134,-0.0,1.0598,0.1728,-0.006,93.7486,0.013,-0.0004,0.9375,0.1747,-0.0041,85.9439,0.0131,-0.0003,0.8594,0.1255,-0.0533,59.6194,0.0095,-0.0039,0.5962,e93a2b3,,18992fa,2026-09-04T19:21:08+00:00
31249,38.5644,0.1442,0.0099,0.1442,0.1965,0.0523,136.7783,0.0135,0.0036,1.3678,0.1326,-0.0116,93.4417,0.0091,-0.0008,0.9344,0.1737,0.0295,124.3177,0.0119,0.002,1.2432,0.1153,-0.0289,83.5141,0.0079,-0.002,0.8351,0.1265,-0.0177,83.6007,0.0086,-0.0012,0.836,0.176,0.0318,122.2336,0.012,0.0022,1.2223,0.1803,0.0361,134.2319,0.0124,0.0025,1.3423,0.1492,0.005,104.968,0.0102,0.0003,1.0497,0.1271,-0.0171,87.8127,0.0087,-0.0012,0.8781,0.1388,-0.0054,97.034,0.0095,-0.0004,0.9703,0.0663,-0.0779,38.185,0.0046,-0.0053,0.3818,e93a2b3,,18992fa,2026-09-04T19:21:08+00:00
31251,36.0279,0.1399,0.0084,0.1399,0.1816,0.0417,130.0695,0.0109,0.0025,1.3007,0.1402,0.0003,100.2198,0.0084,0.0,1.0022,0.142,0.0021,101.5584,0.0086,0.0001,1.0156,0.1225,-0.0174,87.729,0.0074,-0.001,0.8773,0.1771,0.0372,127.1886,0.0107,0.0022,1.2719,0.1232,-0.0166,87.465,0.0074,-0.001,0.8746,0.1175,-0.0224,84.2334,0.0071,-0.0013,0.8423,0.2107,0.0709,151.6313,0.0127,0.0043,1.5163,0.1309,-0.009,93.2725,0.0079,-0.0005,0.9327,0.1908,0.051,136.9321,0.0115,0.0031,1.3693,0.1147,-0.0251,81.5327,0.0069,-0.0015,0.8153,e93a2b3,,18992fa,2026-09-04T19:21:08+00:00
31252,33.4135,0.1082,0.0066,0.1082,0.1254,0.0172,115.211,0.0077,0.0011,1.1521,0.1223,0.0141,112.9038,0.0075,0.0008,1.129,0.1094,0.0012,101.5894,0.0067,0.0001,1.0159,0.0934,-0.0148,86.4829,0.0057,-0.0009,0.8648,0.1392,0.031,129.0648,0.0085,0.0019,1.2906,0.0813,-0.0269,73.3851,0.005,-0.0017,0.7339,0.103,-0.0052,95.1764,0.0063,-0.0003,0.9518,0.1714,0.0632,159.1398,0.0105,0.0039,1.5914,0.0667,-0.0415,59.3776,0.0041,-0.0026,0.5938,0.1514,0.0432,139.4106,0.0093,0.0026,1.3941,0.0732,-0.035,65.9421,0.0045,-0.0022,0.6594,e93a2b3,,18992fa,2026-09-04T19:21:08+00:00
31253,35.912,0.1492,0.0092,0.1492,0.2092,0.06,140.3377,0.0129,0.0037,1.4034,0.1498,0.0006,100.39,0.0092,0.0,1.0039,0.1513,0.0021,101.3925,0.0093,0.0001,1.0139,0.1171,-0.0321,78.5177,0.0072,-0.002,0.7852,0.1737,0.0245,116.3825,0.0107,0.0015,1.1638,0.1436,-0.0056,96.143,0.0089,-0.0003,0.9614,0.1275,-0.0217,85.5549,0.0079,-0.0013,0.8555,0.193,0.0438,129.5176,0.0119,0.0027,1.2952,0.1076,-0.0416,71.8687,0.0066,-0.0026,0.7187,0.1876,0.0384,125.7571,0.0116,0.0024,1.2576,0.1297,-0.0195,86.7221,0.008,-0.0012,0.8672,e93a2b3,,18992fa,2026-09-04T19:21:08+00:00
31254,34.9709,0.1368,0.0088,0.1368,0.2044,0.0676,149.691,0.0131,0.0043,1.4969,0.147,0.0103,107.7809,0.0094,0.0007,1.0778,0.1547,0.0179,113.2769,0.0099,0.0012,1.1328,0.1283,-0.0085,93.9163,0.0082,-0.0005,0.9392,0.1291,-0.0077,94.4984,0.0083,-0.0005,0.945,0.1266,-0.0102,92.3978,0.0081,-0.0007,0.924,0.1321,-0.0047,96.6216,0.0085,-0.0003,0.9662,0.1548,0.0181,113.38,0.0099,0.0011,1.1338,0.0859,-0.0509,62.858,0.0055,-0.0033,0.6286,0.168,0.0312,122.9734,0.0108,0.002,1.2297,0.1115,-0.0253,81.5649,0.0071,-0.0016,0.8156,e93a2b3,,18992fa,2026-09-04T19:21:08+00:00
31255,34.1121,0.1234,0.0078,0.1234,0.1777,0.0543,143.8884,0.0112,0.0034,1.4389,0.1234,-0.0,99.986,0.0078,-0.0,0.9999,0.1275,0.0042,103.5898,0.0081,0.0003,1.0359,0.1076,-0.0158,87.359,0.0068,-0.001,0.8736,0.1411,0.0177,114.5883,0.0089,0.0011,1.1459,0.1138,-0.0096,91.9159,0.0072,-0.0006,0.9192,0.1065,-0.0169,86.3463,0.0067,-0.0011,0.8635,0.1791,0.0557,145.676,0.0113,0.0035,1.4568,0.072,-0.0514,58.3129,0.0045,-0.0032,0.5831,0.1512,0.0278,122.5405,0.0095,0.0018,1.2254,0.0929,-0.0305,75.0307,0.0059,-0.0019,0.7503,e93a2b3,,18992fa,2026-09-04T19:21:08+00:00
31256,34.4988,0.1268,0.0082,0.1268,0.1877,0.0609,148.0589,0.0121,0.0039,1.4806,0.145,0.0182,114.3908,0.0094,0.0012,1.1439,0.1466,0.0198,115.7797,0.0095,0.0013,1.1578,0.1239,-0.0029,97.7797,0.008,-0.0002,0.9778,0.1229,-0.0039,96.9939,0.0079,-0.0003,0.9699,0.1069,-0.0199,84.2902,0.0069,-0.0013,0.8429,0.116,-0.0107,91.5513,0.0075,-0.0007,0.9155,0.1555,0.0287,122.7492,0.01,0.0018,1.2275,0.0801,-0.0467,63.2011,0.0052,-0.003,0.632,0.1559,0.0292,123.0859,0.0101,0.0019,1.2309,0.1086,-0.0182,85.6163,0.007,-0.0012,0.8562,e93a2b3,,18992fa,2026-09-04T19:21:08+00:00
31257,33.3337,0.1092,0.007,0.1092,0.1479,0.0387,135.0403,0.0095,0.0025,1.3504,0.1062,-0.003,97.0339,0.0068,-0.0002,0.9703,0.129,0.0198,118.6725,0.0083,0.0013,1.1867,0.1075,-0.0018,98.5216,0.0069,-0.0001,0.9852,0.1317,0.0224,121.643,0.0084,0.0014,1.2164,0.085,-0.0242,76.9086,0.0054,-0.0016,0.7691,0.0909,-0.0183,83.0576,0.0058,-0.0012,0.8306,0.1703,0.0611,157.3559,0.0109,0.0039,1.5736,0.0667,-0.0425,60.797,0.0043,-0.0027,0.608,0.123,0.0138,112.217,0.0079,0.0009,1.1222,0.0762,-0.0331,69.0669,0.0049,-0.0021,0.6907,e93a2b3,,18992fa,2026-09-04T19:21:08+00:00
31258,32.8862,0.0874,0.0057,0.0874,0.1248,0.0374,145.2086,0.0081,0.0024,1.4521,0.0821,-0.0053,94.5023,0.0053,-0.0003,0.945,0.1236,0.0362,144.7972,0.008,0.0024,1.448,0.1052,0.0178,124.1328,0.0068,0.0012,1.2413,0.1086,0.0212,127.3611,0.0071,0.0014,1.2736,0.0473,-0.04,51.4883,0.0031,-0.0026,0.5149,0.0709,-0.0164,82.0031,0.0046,-0.0011,0.82,0.1531,0.0658,180.2585,0.0099,0.0043,1.8026,0.0434,-0.0439,48.5295,0.0028,-0.0029,0.4853,0.0883,0.0009,100.1449,0.0057,0.0001,1.0014,0.0436,-0.0438,47.7488,0.0028,-0.0028,0.4775,e93a2b3,,18992fa,2026-09-04T19:21:08+00:00
31259,33.9712,0.1193,0.0077,0.1193,0.1626,0.0434,136.4699,0.0105,0.0028,1.3647,0.1143,-0.005,95.8054,0.0074,-0.0003,0.9581,0.1472,0.028,123.9057,0.0095,0.0018,1.2391,0.1245,0.0052,104.7778,0.0081,0.0003,1.0478,0.1207,0.0015,101.2015,0.0078,0.0001,1.012,0.089,-0.0303,74.1646,0.0058,-0.002,0.7416,0.0992,-0.02,83.2026,0.0064,-0.0013,0.832,0.1645,0.0452,138.4016,0.0107,0.0029,1.384,0.0679,-0.0513,56.6489,0.0044,-0.0033,0.5665,0.1332,0.0139,111.651,0.0086,0.0009,1.1165,0.0838,-0.0355,69.6797,0.0054,-0.0023,0.6968,e93a2b3,,18992fa,2026-09-04T19:21:08+00:00
31260,32.9172,0.038,0.0029,0.038,0.0532,0.0152,139.472,0.004,0.0012,1.3947,0.0922,0.0542,250.9887,0.007,0.0041,2.5099,0.0767,0.0387,205.4937,0.0058,0.0029,2.0549,0.0393,0.0013,106.1686,0.003,0.0001,1.0617,0.0004,-0.0376,1.1362,0.0,-0.0029,0.0114,0.0055,-0.0325,13.5754,0.0004,-0.0025,0.1358,0.1013,0.0633,274.7977,0.0077,0.0048,2.748,0.0597,0.0218,154.9306,0.0045,0.0017,1.5493,0.0083,-0.0297,20.6461,0.0006,-0.0023,0.2065,0.0135,-0.0245,34.9539,0.001,-0.0019,0.3495,0.0,-0.0393,0.0455,0.0,-0.003,0.0005,e93a2b3,,18992fa,2026-09-04T19:21:08+00:00
31261,32.9703,0.0901,0.0059,0.0901,0.1376,0.0475,153.9652,0.0091,0.0031,1.5397,0.0898,-0.0003,99.5861,0.0059,-0.0,0.9959,0.1343,0.0442,150.9682,0.0088,0.0029,1.5097,0.1173,0.0273,131.6046,0.0077,0.0018,1.316,0.0799,-0.0102,89.1191,0.0053,-0.0007,0.8912,0.0402,-0.0499,42.9589,0.0026,-0.0033,0.4296,0.081,-0.0091,90.2614,0.0053,-0.0006,0.9026,0.139,0.0489,156.4259,0.0092,0.0032,1.5643,0.0392,-0.0508,42.0452,0.0026,-0.0033,0.4205,0.104,0.0139,115.9373,0.0069,0.0009,1.1594,0.0335,-0.0566,35.5099,0.0022,-0.0037,0.3551,e93a2b3,,18992fa,2026-09-04T19:21:08+00:00
31262,32.0679,0.0979,0.0061,0.0979,0.0995,0.0016,104.7947,0.0062,0.0001,1.0479,0.157,0.0591,157.6166,0.0097,0.0036,1.5762,0.1073,0.0094,114.919,0.0067,0.0006,1.1492,0.0814,-0.0165,85.7491,0.005,-0.001,0.8575,0.103,0.0051,110.0299,0.0064,0.0003,1.1003,0.0766,-0.0213,69.4702,0.0047,-0.0014,0.6947,0.102,0.0041,104.6957,0.0063,0.0002,1.047,0.1446,0.0467,153.0449,0.009,0.0029,1.5304,0.0531,-0.0448,45.2622,0.0032,-0.0028,0.4526,0.1434,0.0455,144.0077,0.0088,0.0028,1.4401,0.0498,-0.0482,44.2604,0.003,-0.003,0.4426,e93a2b3,,18992fa,2026-09-04T19:21:08+00:00
31263,31.8753,0.0673,0.0045,0.0673,0.1194,0.0521,179.4155,0.0079,0.0035,1.7942,0.0653,-0.002,96.3973,0.0043,-0.0001,0.964,0.1136,0.0462,170.4632,0.0075,0.0031,1.7046,0.1014,0.0341,152.7867,0.0067,0.0023,1.5279,0.0729,0.0055,112.4322,0.0048,0.0004,1.1243,0.0141,-0.0532,19.8346,0.0009,-0.0035,0.1983,0.0643,-0.003,95.7642,0.0043,-0.0002,0.9576,0.1288,0.0615,195.7598,0.0086,0.0041,1.9576,0.0199,-0.0474,27.7292,0.0013,-0.0032,0.2773,0.0695,0.0022,101.1041,0.0046,0.0001,1.011,0.0098,-0.0576,13.6804,0.0006,-0.0038,0.1368,e93a2b3,,18992fa,2026-09-04T19:21:08+00:00
31264,30.4009,0.0679,0.0045,0.0679,0.0662,-0.0017,99.402,0.0044,-0.0001,0.994,0.0821,0.0142,112.8719,0.0054,0.0009,1.1287,0.1054,0.0375,158.6319,0.007,0.0025,1.5863,0.0671,-0.0007,104.2981,0.0044,-0.0,1.043,0.0834,0.0155,126.3678,0.0055,0.001,1.2637,0.018,-0.0499,22.8245,0.0012,-0.0033,0.2282,0.0699,0.002,104.6827,0.0046,0.0001,1.0468,0.0995,0.0317,153.5848,0.0066,0.0021,1.5358,0.0066,-0.0612,7.6324,0.0004,-0.004,0.0763,0.0701,0.0022,96.9098,0.0046,0.0001,0.9691,0.0114,-0.0565,13.0106,0.0007,-0.0037,0.1301,e93a2b3,,18992fa,2026-09-04T19:21:08+00:00
31265,31.6092,0.0764,0.0052,0.0764,0.1055,0.0291,137.9221,0.0071,0.002,1.3792,0.0754,-0.0011,97.8896,0.0051,-0.0001,0.9789,0.1188,0.0423,157.6803,0.008,0.0029,1.5768,0.0951,0.0186,125.1805,0.0064,0.0013,1.2518,0.0567,-0.0198,74.9433,0.0038,-0.0013,0.7494,0.0116,-0.0648,14.3023,0.0008,-0.0044,0.143,0.0746,-0.0018,98.205,0.005,-0.0001,0.9821,0.1061,0.0297,143.3226,0.0072,0.002,1.4332,0.0189,-0.0575,22.9749,0.0013,-0.0039,0.2297,0.0843,0.0079,110.3511,0.0057,0.0005,1.1035,0.0032,-0.0732,3.9074,0.0002,-0.0049,0.0391,e93a2b3,,18992fa,2026-09-04T19:21:08+00:00
31266,30.2689,0.0538,0.0037,0.0538,0.0386,-0.0152,70.203,0.0027,-0.0011,0.702,0.0611,0.0073,111.0953,0.0042,0.0005,1.111,0.0895,0.0357,170.7637,0.0062,0.0025,1.7076,0.0554,0.0015,104.6838,0.0038,0.0001,1.0468,0.055,0.0011,98.5496,0.0038,0.0001,0.9855,0.0139,-0.0399,21.9792,0.001,-0.0028,0.2198,0.0701,0.0162,138.427,0.0049,0.0011,1.3843,0.0876,0.0338,170.7865,0.0061,0.0023,1.7079,0.0024,-0.0515,4.0185,0.0002,-0.0036,0.0402,0.0557,0.0018,103.3326,0.0039,0.0001,1.0333,0.0018,-0.0521,2.373,0.0001,-0.0036,0.0237,e93a2b3,,18992fa,2026-09-04T19:21:08+00:00
31267,30.8143,0.0481,0.0034,0.0481,0.0484,0.0003,97.4405,0.0034,0.0,0.9744,0.0777,0.0295,178.7053,0.0055,0.0021,1.7871,0.0957,0.0476,214.9991,0.0067,0.0034,2.15,0.055,0.0068,117.772,0.0038,0.0005,1.1777,0.0228,-0.0253,43.8711,0.0016,-0.0018,0.4387,0.0055,-0.0427,11.2255,0.0004,-0.003,0.1123,0.0819,0.0338,192.6201,0.0058,0.0024,1.9262,0.0654,0.0172,144.5317,0.0046,0.0012,1.4453,0.0061,-0.0421,11.6543,0.0004,-0.0029,0.1165,0.0452,-0.0029,93.8171,0.0032,-0.0002,0.9382,0.0001,-0.0481,0.1542,0.0,-0.0034,0.0015,e93a2b3,,18992fa,2026-09-04T19:21:08+00:00
31268,33.0794,0.0468,0.0035,0.0468,0.0731,0.0263,165.8473,0.0055,0.002,1.6585,0.0949,0.048,234.371,0.0071,0.0036,2.3437,0.0981,0.0513,230.0387,0.0073,0.0038,2.3004,0.0426,-0.0043,103.8155,0.0032,-0.0003,1.0382,0.0012,-0.0457,2.8122,0.0001,-0.0034,0.0281,0.0283,-0.0185,53.1174,0.0021,-0.0014,0.5312,0.1168,0.07,283.5353,0.0087,0.0052,2.8354,0.0736,0.0268,161.5029,0.0055,0.002,1.615,0.0307,-0.0161,58.7836,0.0023,-0.0012,0.5878,0.0402,-0.0067,80.3951,0.003,-0.0005,0.804,0.0004,-0.0464,0.5543,0.0,-0.0035,0.0055,e93a2b3,,18992fa,2026-09-04T19:21:08+00:00
31269,30.8334,0.0253,0.0019,0.0253,0.0157,-0.0096,62.0171,0.0012,-0.0007,0.6202,0.0852,0.0598,412.5375,0.0063,0.0044,4.1254,0.0666,0.0412,303.4501,0.0049,0.003,3.0345,0.0359,0.0105,165.8278,0.0026,0.0008,1.6583,0.0082,-0.0171,22.9001,0.0006,-0.0013,0.229,0.0053,-0.02,17.0843,0.0004,-0.0015,0.1708,0.083,0.0577,399.8488,0.0061,0.0043,3.9985,0.0287,0.0033,114.2278,0.0021,0.0002,1.1423,0.0023,-0.023,9.3045,0.0002,-0.0017,0.093,0.0272,0.0018,111.4621,0.002,0.0001,1.1146,0.0,-0.0269,0.0259,0.0,-0.002,0.0003,e93a2b3,,18992fa,2026-09-04T19:21:08+00:00
31270,32.0449,0.072,0.005,0.072,0.1057,0.0337,163.3053,0.0073,0.0023,1.6331,0.1179,0.046,199.5609,0.0082,0.0033,1.9956,0.1193,0.0473,191.4105,0.0083,0.0033,1.9141,0.0694,-0.0026,93.6167,0.0048,-0.0002,0.9362,0.038,-0.034,44.1676,0.0026,-0.0024,0.4417,0.0354,-0.0366,47.4892,0.0025,-0.0025,0.4749,0.108,0.0361,191.8034,0.0076,0.0026,1.918,0.0725,0.0005,96.0228,0.005,0.0,0.9602,0.0356,-0.0364,46.8982,0.0025,-0.0025,0.469,0.0831,0.0111,122.477,0.0058,0.0008,1.2248,0.015,-0.0569,12.9494,0.001,-0.004,0.1295,e93a2b3,,18992fa,2026-09-04T19:21:08+00:00
31280,33.3098,0.0127,0.001,0.0127,0.0836,0.0709,2568.6096,0.0067,0.0057,25.6861,0.0048,-0.0102,23.5943,0.0004,-0.0008,0.2359,0.0546,0.0419,944.1039,0.0044,0.0033,9.441,0.0209,0.0082,960.7728,0.0017,0.0006,9.6077,0.0012,-0.0116,12.3078,0.0001,-0.0009,0.1231,0.0106,-0.0022,62.6619,0.0008,-0.0002,0.6266,0.0689,0.0561,1611.6864,0.0055,0.0045,16.1169,0.0391,0.0264,1097.7574,0.0031,0.0021,10.9776,0.0067,-0.006,46.2978,0.0005,-0.0005,0.463,0.0061,-0.0067,43.8703,0.0005,-0.0005,0.4387,0.0063,-0.0065,50.93,0.0005,-0.0005,0.5093,e93a2b3,,18992fa,2026-09-04T19:21:08+00:00
31281,31.8564,0.077,0.0053,0.077,0.1281,0.051,187.9915,0.0089,0.0035,1.8799,0.111,0.0339,171.3383,0.0077,0.0024,1.7134,0.1248,0.0477,182.8837,0.0087,0.0033,1.8288,0.0706,-0.0065,87.1903,0.0049,-0.0005,0.8719,0.0422,-0.0349,46.9423,0.0029,-0.0025,0.4694,0.0499,-0.0272,63.8298,0.0035,-0.0019,0.6383,0.1106,0.0335,185.9482,0.0078,0.0024,1.8595,0.0736,-0.0034,93.9736,0.0051,-0.0002,0.9397,0.044,-0.0331,53.4209,0.003,-0.0023,0.5342,0.0909,0.0138,127.4173,0.0063,0.001,1.2742,0.0063,-0.0708,6.0818,0.0004,-0.0049,0.0608,e93a2b3,,18992fa,2026-09-04T19:21:08+00:00
31282,35.1136,0.0976,0.0073,0.0976,0.1057,0.0081,108.82,0.0079,0.0006,1.0882,0.1162,0.0186,119.2052,0.0087,0.0014,1.1921,0.1347,0.0371,138.5011,0.0101,0.0028,1.385,0.0505,-0.0471,51.6731,0.0038,-0.0035,0.5167,0.0094,-0.0882,9.2021,0.0007,-0.0066,0.092,0.1087,0.0111,111.1394,0.0082,0.0008,1.1114,0.1235,0.0259,127.8382,0.0093,0.0019,1.2784,0.099,0.0014,101.9534,0.0074,0.0001,1.0195,0.0631,-0.0345,63.6429,0.0047,-0.0026,0.6364,0.0949,-0.0027,97.0247,0.0071,-0.0002,0.9702,0.0072,-0.0904,6.9995,0.0005,-0.0068,0.07,e93a2b3,,18992fa,2026-09-04T19:21:08+00:00
31283,36.251,0.0648,0.005,0.0648,0.0877,0.0229,150.7239,0.0067,0.0018,1.5072,0.054,-0.0108,77.5147,0.0041,-0.0008,0.7751,0.089,0.0241,138.6108,0.0068,0.0018,1.3861,0.0515,-0.0133,92.3636,0.004,-0.001,0.9236,0.0024,-0.0624,3.767,0.0002,-0.0048,0.0377,0.0527,-0.0121,75.6482,0.004,-0.0009,0.7565,0.1068,0.042,182.5337,0.0082,0.0032,1.8253,0.1155,0.0507,203.3697,0.0089,0.0039,2.0337,0.0105,-0.0543,14.4269,0.0008,-0.0042,0.1443,0.079,0.0141,124.8146,0.0061,0.0011,1.2481,0.0026,-0.0622,3.3813,0.0002,-0.0048,0.0338,e93a2b3,,18992fa,2026-09-04T19:21:08+00:00
31284,34.831,0.0153,0.0012,0.0153,0.0781,0.0627,1256.7257,0.0061,0.0049,12.5673,0.0009,-0.0145,2.7199,0.0001,-0.0011,0.0272,0.0223,0.007,202.2218,0.0018,0.0006,2.0222,0.0409,0.0256,598.3033,0.0032,0.002,5.983,0.0007,-0.0146,10.101,0.0001,-0.0011,0.101,0.0047,-0.0106,19.2963,0.0004,-0.0008,0.193,0.0693,0.054,1121.9523,0.0054,0.0042,11.2195,0.0935,0.0781,1441.153,0.0073,0.0061,14.4115,0.0002,-0.0151,0.9306,0.0,-0.0012,0.0093,0.0171,0.0018,109.6744,0.0013,0.0001,1.0967,0.0016,-0.0137,7.0949,0.0001,-0.0011,0.0709,e93a2b3,,18992fa,2026-09-04T19:21:08+00:00
31285,35.512,0.0641,0.0049,0.0641,0.0886,0.0245,162.0159,0.0068,0.0019,1.6202,0.0415,-0.0226,53.5351,0.0032,-0.0017,0.5354,0.0639,-0.0002,96.3352,0.0049,-0.0,0.9634,0.0486,-0.0156,92.5538,0.0037,-0.0012,0.9255,0.0033,-0.0608,4.7279,0.0003,-0.0047,0.0473,0.0737,0.0096,111.84,0.0056,0.0007,1.1184,0.1069,0.0428,195.1791,0.0082,0.0033,1.9518,0.1152,0.051,213.9137,0.0088,0.0039,2.1391,0.0122,-0.052,14.0788,0.0009,-0.004,0.1408,0.0737,0.0096,119.218,0.0056,0.0007,1.1922,0.0097,-0.0544,14.7984,0.0007,-0.0042,0.148,e93a2b3,,18992fa,2026-09-04T19:21:08+00:00
31286,34.9019,0.0969,0.0073,0.0969,0.1036,0.0066,108.6416,0.0078,0.0005,1.0864,0.0838,-0.0131,83.8489,0.0063,-0.001,0.8385,0.1129,0.0159,115.2082,0.0085,0.0012,1.1521,0.0461,-0.0509,47.7408,0.0035,-0.0038,0.4774,0.0106,-0.0863,10.3714,0.0008,-0.0065,0.1037,0.1074,0.0105,110.8537,0.0081,0.0008,1.1085,0.1076,0.0107,113.7285,0.0081,0.0008,1.1373,0.1099,0.013,116.0706,0.0083,0.001,1.1607,0.055,-0.0419,53.7087,0.0042,-0.0032,0.5371,0.1025,0.0056,106.0129,0.0078,0.0004,1.0601,0.0194,-0.0775,19.8191,0.0015,-0.0059,0.1982,e93a2b3,,18992fa,2026-09-04T19:21:08+00:00
31287,34.5451,0.0437,0.0034,0.0437,0.0987,0.055,231.1933,0.0076,0.0042,2.3119,0.0052,-0.0385,10.98,0.0004,-0.003,0.1098,0.0438,0.0002,100.4553,0.0034,0.0,1.0046,0.036,-0.0077,84.4147,0.0028,-0.0006,0.8441,0.0009,-0.0427,2.1346,0.0001,-0.0033,0.0213,0.0456,0.0019,103.7681,0.0035,0.0001,1.0377,0.0966,0.0529,225.5815,0.0074,0.0041,2.2558,0.0986,0.0549,230.3371,0.0076,0.0042,2.3034,0.0021,-0.0415,4.5716,0.0002,-0.0032,0.0457,0.0509,0.0073,116.423,0.0039,0.0006,1.1642,0.0088,-0.0349,19.6431,0.0007,-0.0027,0.1964,e93a2b3,,18992fa,2026-09-04T19:21:08+00:00
31288,32.7946,0.0544,0.0041,0.0544,0.0957,0.0413,208.5191,0.0073,0.0031,2.0852,0.0306,-0.0239,45.7765,0.0023,-0.0018,0.4578,0.0784,0.0239,156.9904,0.0059,0.0018,1.5699,0.033,-0.0214,67.3485,0.0025,-0.0016,0.6735,0.0046,-0.0498,7.7742,0.0003,-0.0038,0.0777,0.063,0.0085,121.7725,0.0048,0.0007,1.2177,0.0953,0.0409,214.5091,0.0072,0.0031,2.1451,0.0889,0.0345,189.371,0.0068,0.0026,1.8937,0.0202,-0.0342,31.5394,0.0015,-0.0026,0.3154,0.0584,0.004,106.0777,0.0044,0.0003,1.0608,0.0136,-0.0409,24.7683,0.001,-0.0031,0.2477,e93a2b3,,18992fa,2026-09-04T19:21:08+00:00
31289,33.6547,0.0351,0.0027,0.0351,0.1081,0.073,320.0026,0.0084,0.0057,3.2,0.0041,-0.0309,10.7493,0.0003,-0.0024,0.1075,0.0683,0.0332,201.6523,0.0053,0.0026,2.0165,0.0347,-0.0003,99.5149,0.0027,-0.0,0.9951,0.0014,-0.0337,3.9037,0.0001,-0.0026,0.039,0.0494,0.0143,140.5198,0.0038,0.0011,1.4052,0.1114,0.0764,331.984,0.0087,0.0059,3.3198,0.086,0.051,251.7085,0.0067,0.004,2.5171,0.0043,-0.0307,11.8201,0.0003,-0.0024,0.1182,0.0193,-0.0157,52.3018,0.0015,-0.0012,0.523,0.01,-0.0251,27.2914,0.0008,-0.0019,0.2729,e93a2b3,,18992fa,2026-09-04T19:21:08+00:00
31290,28.0797,0.0103,0.0008,0.0103,0.0525,0.0422,12464.4102,0.004,0.0032,124.6442,0.01,-0.0008,39.0609,0.0007,-0.0001,0.3906,0.0314,0.0211,6950.0215,0.0024,0.0016,69.5002,0.0217,0.0114,8203.3232,0.0016,0.0009,82.0331,0.0018,-0.0092,18.7919,0.0001,-0.0007,0.1879,0.0055,-0.0048,59.3602,0.0004,-0.0003,0.5936,0.0659,0.0556,17137.1582,0.0049,0.0042,171.3719,0.0199,0.0096,1258.0898,0.0015,0.0007,12.5809,0.0042,-0.0061,46.2027,0.0003,-0.0005,0.462,0.0088,-0.0015,53.0899,0.0006,-0.0001,0.5309,0.0005,-0.0098,8.798,0.0,-0.0007,0.088,e93a2b3,,18992fa,2026-09-04T19:21:08+00:00
31291,34.5094,0.1304,0.0086,0.1304,0.2065,0.0761,158.9753,0.0137,0.005,1.5898,0.1333,0.0029,102.1131,0.0088,0.0002,1.0211,0.1726,0.0421,132.5594,0.0114,0.0028,1.3256,0.1198,-0.0106,92.1075,0.0079,-0.0007,0.9211,0.1259,-0.0045,96.3548,0.0083,-0.0003,0.9635,0.1156,-0.0148,88.4134,0.0077,-0.001,0.8841,0.1389,0.0084,106.8931,0.0092,0.0006,1.0689,0.1383,0.0079,106.3642,0.0092,0.0005,1.0636,0.0963,-0.0342,73.6912,0.0064,-0.0023,0.7369,0.1631,0.0327,125.3279,0.0108,0.0022,1.2533,0.0625,-0.068,46.8667,0.0041,-0.0045,0.4687,e93a2b3,,18992fa,2026-09-04T19:21:08+00:00
31292,32.0018,0.0874,0.006,0.0874,0.1527,0.0653,175.2551,0.0105,0.0045,1.7526,0.0914,0.0039,106.9076,0.0063,0.0003,1.0691,0.1249,0.0375,144.6344,0.0086,0.0026,1.4463,0.0906,0.0031,103.8458,0.0062,0.0002,1.0385,0.0551,-0.0323,60.248,0.0038,-0.0022,0.6025,0.0734,-0.014,81.428,0.005,-0.001,0.8143,0.1198,0.0323,139.898,0.0082,0.0022,1.399,0.0732,-0.0143,81.5138,0.005,-0.001,0.8151,0.0599,-0.0275,66.2711,0.0041,-0.0019,0.6627,0.1074,0.0199,122.4005,0.0074,0.0014,1.224,0.0032,-0.0843,3.1571,0.0002,-0.0058,0.0316,e93a2b3,,18992fa,2026-09-04T19:21:08+00:00
31293,32.7603,0.0864,0.0059,0.0864,0.1555,0.069,200.1942,0.0107,0.0048,2.0019,0.0932,0.0068,131.2581,0.0064,0.0005,1.3126,0.1278,0.0414,167.3993,0.0088,0.0029,1.674,0.0877,0.0013,102.3954,0.006,0.0001,1.024,0.0644,-0.022,61.6799,0.0044,-0.0016,0.6168,0.0791,-0.0073,84.5831,0.0054,-0.0005,0.8458,0.1232,0.0368,178.9096,0.0085,0.0026,1.7891,0.0768,-0.0097,88.5591,0.0053,-0.0007,0.8856,0.0559,-0.0305,58.3742,0.0038,-0.0021,0.5837,0.1132,0.0268,135.3628,0.0078,0.0018,1.3536,0.0126,-0.0738,10.6223,0.0009,-0.0051,0.1062,e93a2b3,,18992fa,2026-09-04T19:21:08+00:00
31294,33.7937,0.0913,0.0063,0.0913,0.1573,0.066,176.2918,0.0109,0.0046,1.7629,0.0561,-0.0352,59.1186,0.0039,-0.0025,0.5912,0.1374,0.0462,153.3578,0.0095,0.0032,1.5336,0.0969,0.0056,108.9352,0.0067,0.0004,1.0894,0.0717,-0.0196,74.5285,0.005,-0.0014,0.7453,0.097,0.0058,103.7657,0.0067,0.0004,1.0377,0.1239,0.0326,140.4375,0.0086,0.0023,1.4044,0.0838,-0.0074,93.0029,0.0058,-0.0005,0.93,0.0633,-0.0279,67.6548,0.0044,-0.0019,0.6765,0.1163,0.025,127.0237,0.0081,0.0017,1.2702,0.0145,-0.0767,13.7317,0.001,-0.0053,0.1373,e93a2b3,,18992fa,2026-09-04T19:21:08+00:00
31295,28.2105,0.0118,0.0009,0.0118,0.0524,0.0405,14252.9951,0.0039,0.003,142.53,0.0061,-0.0119,15.1095,0.0004,-0.0009,0.1511,0.0323,0.0205,9804.1914,0.0024,0.0015,98.0419,0.0275,0.0156,12168.3994,0.002,0.0012,121.684,0.0021,-0.011,8.2122,0.0002,-0.0008,0.0821,0.0029,-0.0089,48.0141,0.0002,-0.0006,0.4801,0.0528,0.0409,3195.416,0.0039,0.003,31.9541,0.0177,0.0059,389.7883,0.0013,0.0004,3.8979,0.0041,-0.0077,22.9314,0.0003,-0.0006,0.2293,0.0116,-0.0003,50.3236,0.0008,-0.0,0.5032,0.0001,-0.0118,6.8592,0.0,-0.0008,0.0686,e93a2b3,,18992fa,2026-09-04T19:21:08+00:00
31296,30.9622,0.002,0.0002,0.002,0.0271,0.0251,12325.1348,0.0022,0.002,123.2513,0.001,-0.0012,12.7677,0.0001,-0.0001,0.1277,0.0043,0.0023,1773.151,0.0003,0.0002,17.7315,0.0053,0.0033,4448.6924,0.0004,0.0003,44.4869,0.0001,-0.002,3.6437,0.0,-0.0002,0.0364,0.002,-0.0,138.7373,0.0002,-0.0,1.3874,0.0042,0.0022,479.7928,0.0003,0.0002,4.7979,0.0074,0.0053,265.8719,0.0006,0.0004,2.6587,0.0058,0.0038,152.8512,0.0005,0.0003,1.5285,0.0001,-0.0019,18.1713,0.0,-0.0002,0.1817,0.004,0.0019,52.4631,0.0003,0.0002,0.5246,e93a2b3,,18992fa,2026-09-04T19:21:08+00:00
31297,39.0017,0.1836,0.0147,0.1836,0.2055,0.0219,1932.9468,0.0164,0.0017,19.3295,0.2017,0.0024,72.2076,0.0161,0.0002,0.7221,0.1854,0.0018,1072.3986,0.0148,0.0001,10.724,0.1046,-0.079,369.009,0.0083,-0.0063,3.6901,0.12,-0.0807,35.7952,0.0096,-0.0064,0.358,0.2246,0.041,277.2599,0.0179,0.0033,2.7726,0.1791,-0.0045,514.0944,0.0143,-0.0004,5.1409,0.2001,0.0165,158.4529,0.016,0.0013,1.5845,0.1915,0.0075,82.5836,0.0153,0.0006,0.8258,0.2037,0.0189,71.7536,0.0163,0.0015,0.7175,0.1915,0.0079,99.3365,0.0153,0.0006,0.9934,e93a2b3,,18992fa,2026-09-04T19:21:08+00:00
31298,34.311,0.038,0.0032,0.038,0.0598,0.0218,3245.9722,0.0049,0.0018,32.4597,0.0227,-0.0176,26.0905,0.0019,-0.0015,0.2609,0.0439,0.0059,810.5696,0.0036,0.0005,8.1057,0.0025,-0.0355,115.6586,0.0002,-0.0029,1.1566,0.0173,-0.0303,13.3263,0.0014,-0.0025,0.1333,0.0452,0.0072,216.1159,0.0037,0.0006,2.1612,0.0356,-0.0024,585.1751,0.003,-0.0002,5.8518,0.0565,0.0186,147.5818,0.0047,0.0015,1.4758,0.0503,0.0123,166.036,0.0042,0.001,1.6604,0.0327,-0.006,41.2329,0.0027,-0.0005,0.4123,0.0433,0.0053,99.9205,0.0036,0.0004,0.9992,e93a2b3,,18992fa,2026-09-04T19:21:08+00:00
31299,39.2586,0.082,0.0068,0.082,0.08,-0.002,4031.073,0.0066,-0.0002,40.3107,0.1397,0.0115,65.3201,0.0115,0.0009,0.6532,0.1214,0.018,258.9183,0.01,0.0015,2.5892,0.0688,-0.0132,861.0948,0.0057,-0.0011,8.6109,0.1,-0.0534,47.8321,0.0082,-0.0044,0.4783,0.0755,-0.0065,105.3835,0.0062,-0.0005,1.0538,0.0666,-0.0156,263.4922,0.0055,-0.0013,2.6349,0.0971,0.0151,462.3126,0.008,0.0013,4.6231,0.0879,0.0057,127.7856,0.0073,0.0005,1.2779,0.1436,0.0483,128.0821,0.0119,0.004,1.2808,0.0892,0.006,128.6339,0.0074,0.0005,1.2863,e93a2b3,,18992fa,2026-09-04T19:21:08+00:00
31310,43.0141,0.1692,0.0086,0.1692,0.204,0.0347,120.5125,0.0103,0.0018,1.2051,0.1759,0.0067,103.948,0.0089,0.0003,1.0395,0.1145,-0.0547,67.6531,0.0058,-0.0028,0.6765,0.1592,-0.0101,94.0765,0.008,-0.0005,0.9408,0.1811,0.0119,107.0329,0.0091,0.0006,1.0703,0.2021,0.0329,119.4723,0.0102,0.0017,1.1947,0.1507,-0.0186,89.0458,0.0076,-0.0009,0.8905,0.1649,-0.0043,97.4408,0.0083,-0.0002,0.9744,0.1702,0.0009,100.5415,0.0086,0.0,1.0054,0.1521,-0.0171,89.8889,0.0077,-0.0009,0.8989,0.1723,0.0031,101.8219,0.0087,0.0002,1.0182,e93a2b3,,18992fa,2026-09-04T19:21:08+00:00
31320,42.091,0.1862,0.0098,0.1862,0.2296,0.0434,123.3974,0.0121,0.0023,1.234,0.1908,0.0046,102.553,0.0101,0.0002,1.0255,0.1433,-0.0429,76.7851,0.0076,-0.0023,0.7679,0.1588,-0.0274,85.4172,0.0084,-0.0015,0.8542,0.1823,-0.0039,98.0185,0.0096,-0.0002,0.9802,0.2057,0.0195,110.5301,0.0108,0.001,1.1053,0.152,-0.0342,81.7273,0.008,-0.0018,0.8173,0.1879,0.0017,100.9265,0.0099,0.0001,1.0093,0.2026,0.0164,108.8271,0.0107,0.0009,1.0883,0.1738,-0.0124,93.2859,0.0092,-0.0007,0.9329,0.2027,0.0165,108.7477,0.0107,0.0009,1.0875,e93a2b3,,18992fa,2026-09-04T19:21:08+00:00
31330,49.4033,0.1796,0.0085,0.1796,0.2014,0.0218,112.1993,0.0095,0.001,1.122,0.1794,-0.0002,99.8905,0.0085,-0.0,0.9989,0.1539,-0.0256,85.6785,0.0073,-0.0012,0.8568,0.1953,0.0157,108.7685,0.0092,0.0007,1.0877,0.2045,0.0249,113.8756,0.0097,0.0012,1.1388,0.2279,0.0483,126.891,0.0107,0.0022,1.2689,0.1567,-0.0229,87.2372,0.0074,-0.0011,0.8724,0.1776,-0.002,98.905,0.0084,-0.0001,0.9891,0.1631,-0.0165,90.8061,0.0077,-0.0008,0.9081,0.1401,-0.0395,78.0353,0.0066,-0.0019,0.7804,0.1986,0.019,110.6843,0.0094,0.0009,1.1068,e93a2b3,,18992fa,2026-09-04T19:21:08+00:00
31341,48.9359,0.1861,0.0089,0.1861,0.2046,0.0186,109.9923,0.0098,0.0009,1.0999,0.1847,-0.0014,99.2561,0.0088,-0.0001,0.9926,0.1436,-0.0425,77.1902,0.0069,-0.002,0.7719,0.2113,0.0252,113.5984,0.0101,0.0012,1.136,0.2054,0.0194,110.4172,0.0098,0.0009,1.1042,0.2164,0.0304,116.3493,0.0104,0.0015,1.1635,0.1614,-0.0247,86.7634,0.0077,-0.0012,0.8676,0.182,-0.0041,97.8333,0.0087,-0.0002,0.9783,0.1858,-0.0002,99.8714,0.0089,-0.0,0.9987,0.1417,-0.0444,76.1447,0.0068,-0.0021,0.7614,0.2327,0.0467,125.0891,0.0111,0.0022,1.2509,e93a2b3,,18992fa,2026-09-04T19:21:08+00:00
31342,48.117,0.1801,0.0087,0.1801,0.1967,0.0166,109.2307,0.0095,0.0008,1.0923,0.1796,-0.0005,99.6984,0.0087,-0.0,0.997,0.1463,-0.0338,81.2711,0.0071,-0.0016,0.8127,0.19,0.0098,105.4817,0.0092,0.0005,1.0548,0.1935,0.0134,107.4953,0.0094,0.0006,1.075,0.1993,0.0192,110.7144,0.0096,0.0009,1.1071,0.1553,-0.0248,86.2574,0.0075,-0.0012,0.8626,0.1767,-0.0034,98.1343,0.0085,-0.0002,0.9813,0.169,-0.0111,93.8254,0.0082,-0.0005,0.9383,0.1358,-0.0443,75.4007,0.0066,-0.0021,0.754,0.2101,0.0299,116.6156,0.0102,0.0014,1.1662,e93a2b3,,18992fa,2026-09-04T19:21:08+00:00
31343,46.6786,0.198,0.01,0.198,0.2425,0.0444,122.489,0.0122,0.0023,1.2249,0.1897,-0.0083,95.9329,0.0095,-0.0004,0.9593,0.1668,-0.0312,84.3174,0.0084,-0.0016,0.8432,0.2021,0.004,101.9731,0.0102,0.0002,1.0197,0.2001,0.0021,101.1165,0.0101,0.0001,1.0112,0.2246,0.0266,113.4028,0.0113,0.0013,1.134,0.1622,-0.0358,82.0021,0.0082,-0.0018,0.82,0.1914,-0.0067,96.7332,0.0096,-0.0003,0.9673,0.2025,0.0044,102.1592,0.0102,0.0002,1.0216,0.1635,-0.0346,82.7053,0.0082,-0.0017,0.8271,0.2371,0.0391,119.7797,0.0119,0.002,1.1978,e93a2b3,,18992fa,2026-09-04T19:21:08+00:00
31344,43.9816,0.1901,0.0099,0.1901,0.2527,0.0626,132.8559,0.0131,0.0033,1.3286,0.1818,-0.0083,95.6507,0.0094,-0.0004,0.9565,0.1683,-0.0217,88.5286,0.0087,-0.0011,0.8853,0.1801,-0.01,94.7236,0.0094,-0.0005,0.9472,0.1882,-0.0019,98.9571,0.0098,-0.0001,0.9896,0.2198,0.0297,115.6182,0.0114,0.0015,1.1562,0.1605,-0.0295,84.4603,0.0083,-0.0015,0.8446,0.1928,0.0028,101.4831,0.01,0.0001,1.0148,0.2042,0.0142,107.4601,0.0106,0.0007,1.0746,0.1865,-0.0035,98.1931,0.0097,-0.0002,0.9819,0.2285,0.0384,120.1726,0.0119,0.002,1.2017,e93a2b3,,18992fa,2026-09-04T19:21:08+00:00
31345,45.74,0.2017,0.0105,0.2017,0.2841,0.0824,140.8805,0.0148,0.0043,1.4088,0.1906,-0.011,94.5022,0.0099,-0.0006,0.945,0.1899,-0.0117,94.1661,0.0099,-0.0006,0.9417,0.1959,-0.0058,97.1025,0.0102,-0.0003,0.971,0.206,0.0043,102.1197,0.0107,0.0002,1.0212,0.2409,0.0392,119.4082,0.0126,0.002,1.1941,0.1758,-0.0259,87.1838,0.0092,-0.0013,0.8718,0.2015,-0.0002,99.9209,0.0105,-0.0,0.9992,0.2209,0.0192,109.5389,0.0115,0.001,1.0954,0.1893,-0.0124,93.8967,0.0099,-0.0006,0.939,0.2483,0.0466,123.0533,0.0129,0.0024,1.2305,e93a2b3,,18992fa,2026-09-04T19:21:08+00:00
31346,43.3765,0.2039,0.0112,0.2039,0.2865,0.0826,140.655,0.0158,0.0045,1.4065,0.1832,-0.0206,90.1412,0.0101,-0.0011,0.9014,0.211,0.0071,103.2477,0.0116,0.0004,1.0325,0.1748,-0.0291,85.7913,0.0096,-0.0016,0.8579,0.198,-0.0059,97.1036,0.0109,-0.0003,0.971,0.2534,0.0496,124.0454,0.014,0.0027,1.2405,0.1888,-0.0151,92.5324,0.0104,-0.0008,0.9253,0.2182,0.0144,106.9388,0.012,0.0008,1.0694,0.2046,0.0007,100.4376,0.0113,0.0,1.0044,0.1998,-0.004,98.159,0.011,-0.0002,0.9816,0.2584,0.0546,126.5277,0.0142,0.003,1.2653,e93a2b3,,18992fa,2026-09-04T19:21:08+00:00
31347,42.6594,0.1907,0.0102,0.1907,0.2576,0.067,135.1491,0.0137,0.0036,1.3515,0.1851,-0.0056,97.0721,0.0099,-0.0003,0.9707,0.172,-0.0187,90.1973,0.0092,-0.001,0.902,0.1707,-0.02,89.5467,0.0091,-0.0011,0.8955,0.1845,-0.0062,96.7717,0.0098,-0.0003,0.9677,0.2226,0.0319,116.7692,0.0119,0.0017,1.1677,0.1642,-0.0265,86.1179,0.0087,-0.0014,0.8612,0.1929,0.0022,101.1815,0.0103,0.0001,1.0118,0.2103,0.0196,110.273,0.0112,0.001,1.1027,0.19,-0.0006,99.6688,0.0101,-0.0,0.9967,0.2209,0.0302,115.8575,0.0118,0.0016,1.1586,e93a2b3,,18992fa,2026-09-04T19:21:08+00:00
31348,41.8726,0.1961,0.0108,0.1961,0.261,0.0649,133.2194,0.0143,0.0036,1.3322,0.1758,-0.0203,89.6696,0.0097,-0.0011,0.8967,0.1883,-0.0078,96.0049,0.0103,-0.0004,0.96,0.1585,-0.0376,80.8815,0.0087,-0.0021,0.8088,0.1902,-0.0058,97.0187,0.0104,-0.0003,0.9702,0.2316,0.0355,118.0803,0.0127,0.0019,1.1808,0.1711,-0.0249,87.3062,0.0094,-0.0014,0.8731,0.2014,0.0054,102.7357,0.0111,0.0003,1.0274,0.2013,0.0053,102.7251,0.0111,0.0003,1.0273,0.1975,0.0015,100.7604,0.0108,0.0001,1.0076,0.2314,0.0354,117.9523,0.0127,0.0019,1.1795,e93a2b3,,18992fa,2026-09-04T19:21:08+00:00
31349,41.3198,0.1946,0.0107,0.1946,0.2414,0.0468,124.1038,0.0132,0.0026,1.241,0.1876,-0.007,96.4256,0.0103,-0.0004,0.9643,0.1775,-0.0171,91.2087,0.0097,-0.0009,0.9121,0.1529,-0.0417,78.6378,0.0084,-0.0023,0.7864,0.1875,-0.0071,96.3506,0.0103,-0.0004,0.9635,0.2203,0.0257,113.1848,0.0121,0.0014,1.1318,0.1634,-0.0312,84.0157,0.009,-0.0017,0.8402,0.1947,0.0001,100.0438,0.0107,0.0,1.0004,0.2079,0.0133,106.8813,0.0114,0.0007,1.0688,0.1967,0.0021,101.1089,0.0108,0.0001,1.0111,0.2189,0.0243,112.4273,0.012,0.0013,1.1243,e93a2b3,,18992fa,2026-09-04T19:21:08+00:00
31350,48.4611,0.1909,0.0092,0.1909,0.2085,0.0177,109.2858,0.01,0.0008,1.0929,0.1841,-0.0067,96.5191,0.0088,-0.0003,0.9652,0.1449,-0.046,75.9528,0.0069,-0.0022,0.7595,0.2127,0.0219,111.5454,0.0102,0.001,1.1155,0.2093,0.0184,109.7003,0.01,0.0009,1.097,0.2175,0.0266,114.0324,0.0104,0.0013,1.1403,0.1593,-0.0316,83.5063,0.0076,-0.0015,0.8351,0.1798,-0.0111,94.2193,0.0086,-0.0005,0.9422,0.1898,-0.0011,99.413,0.0091,-0.0001,0.9941,0.1432,-0.0477,75.0447,0.0069,-0.0023,0.7504,0.2334,0.0425,122.312,0.0112,0.002,1.2231,e93a2b3,,18992fa,2026-09-04T19:21:08+00:00
31361,49.0943,0.2011,0.0098,0.2011,0.2452,0.0441,121.9204,0.012,0.0022,1.2192,0.1936,-0.0075,96.2691,0.0095,-0.0004,0.9627,0.1614,-0.0397,80.2744,0.0079,-0.0019,0.8027,0.2272,0.0261,112.8923,0.0111,0.0013,1.1289,0.2282,0.0271,113.1295,0.0111,0.0013,1.1313,0.2381,0.037,118.2,0.0116,0.0018,1.182,0.174,-0.0271,86.429,0.0085,-0.0013,0.8643,0.1976,-0.0035,98.2898,0.0097,-0.0002,0.9829,0.1983,-0.0028,98.653,0.0097,-0.0001,0.9865,0.1547,-0.0464,76.9634,0.0076,-0.0023,0.7696,0.2365,0.0354,117.596,0.0116,0.0017,1.176,e93a2b3,,18992fa,2026-09-04T19:21:08+00:00
31362,50.6952,0.2234,0.011,0.2234,0.2902,0.0669,130.0061,0.0143,0.0033,1.3001,0.2134,-0.01,95.5456,0.0105,-0.0005,0.9555,0.1819,-0.0414,81.5157,0.009,-0.002,0.8152,0.2516,0.0282,112.6681,0.0124,0.0014,1.1267,0.2483,0.0249,110.9474,0.0122,0.0012,1.1095,0.2849,0.0615,127.3409,0.0141,0.003,1.2734,0.2063,-0.017,92.423,0.0102,-0.0008,0.9242,0.2245,0.0011,100.5456,0.0111,0.0001,1.0055,0.2139,-0.0095,95.7955,0.0106,-0.0005,0.958,0.1685,-0.0549,75.4345,0.0083,-0.0027,0.7543,0.2532,0.0299,113.3611,0.0125,0.0015,1.1336,e93a2b3,,18992fa,2026-09-04T19:21:08+00:00
31363,47.018,0.194,0.0099,0.194,0.262,0.0679,135.0155,0.0133,0.0035,1.3502,0.1902,-0.0039,98.0049,0.0097,-0.0002,0.98,0.1644,-0.0297,84.6944,0.0084,-0.0015,0.8469,0.2199,0.0259,113.3648,0.0112,0.0013,1.1336,0.1913,-0.0028,98.5842,0.0097,-0.0001,0.9858,0.2308,0.0367,118.8965,0.0117,0.0019,1.189,0.1719,-0.0222,88.5634,0.0087,-0.0011,0.8856,0.2056,0.0116,105.9717,0.0105,0.0006,1.0597,0.1933,-0.0007,99.6467,0.0098,-0.0,0.9965,0.1562,-0.0379,80.4886,0.0079,-0.0019,0.8049,0.2218,0.0278,114.3251,0.0113,0.0014,1.1433,e93a2b3,,18992fa,2026-09-04T19:21:08+00:00
31364,47.8742,0.221,0.0115,0.221,0.3045,0.0835,137.8098,0.0158,0.0043,1.3781,0.2013,-0.0197,91.1269,0.0104,-0.001,0.9113,0.2069,-0.0141,93.5661,0.0107,-0.0007,0.9357,0.2404,0.0194,108.7736,0.0125,0.001,1.0877,0.2025,-0.0185,91.6243,0.0105,-0.001,0.9162,0.2776,0.0566,125.5228,0.0144,0.0029,1.2552,0.209,-0.012,94.5641,0.0109,-0.0006,0.9456,0.2324,0.0114,105.1936,0.0121,0.0006,1.0519,0.2206,-0.0004,99.8298,0.0115,-0.0,0.9983,0.1796,-0.0414,81.3246,0.0093,-0.0021,0.8132,0.2629,0.0419,118.941,0.0137,0.0022,1.1894,e93a2b3,,18992fa,2026-09-04T19:21:08+00:00
31365,45.8409,0.2029,0.0106,0.2029,0.2823,0.0794,139.1443,0.0148,0.0042,1.3914,0.1931,-0.0098,95.276,0.0101,-0.0005,0.9528,0.1921,-0.0108,94.6411,0.0101,-0.0006,0.9464,0.207,0.0041,101.9764,0.0109,0.0002,1.0198,0.1847,-0.0182,91.0649,0.0097,-0.001,0.9106,0.2418,0.0388,119.0738,0.0127,0.002,1.1907,0.1838,-0.0191,90.4953,0.0097,-0.001,0.905,0.2116,0.0087,104.2504,0.0111,0.0005,1.0425,0.2061,0.0032,101.6113,0.0108,0.0002,1.0161,0.1793,-0.0236,88.4665,0.0094,-0.0012,0.8847,0.2419,0.039,119.1453,0.0127,0.0021,1.1915,e93a2b3,,18992fa,2026-09-04T19:21:08+00:00
31366,44.6544,0.2027,0.011,0.2027,0.2973,0.0946,146.8227,0.0162,0.0052,1.4682,0.1847,-0.018,91.2472,0.0101,-0.001,0.9125,0.2052,0.0025,101.1221,0.0112,0.0001,1.0112,0.1911,-0.0116,94.3882,0.0104,-0.0006,0.9439,0.1813,-0.0214,89.3001,0.0099,-0.0012,0.893,0.2555,0.0529,125.9676,0.0139,0.0029,1.2597,0.1994,-0.0032,98.5428,0.0109,-0.0002,0.9854,0.2187,0.016,107.8726,0.0119,0.0009,1.0787,0.2035,0.0008,100.4195,0.0111,0.0,1.0042,0.1894,-0.0133,93.5616,0.0103,-0.0007,0.9356,0.2608,0.0581,128.5365,0.0142,0.0032,1.2854,e93a2b3,,18992fa,2026-09-04T19:21:08+00:00
31367,43.4797,0.1931,0.0107,0.1931,0.2717,0.0786,140.8138,0.015,0.0043,1.4081,0.1728,-0.0203,89.5434,0.0095,-0.0011,0.8954,0.1916,-0.0015,99.1583,0.0106,-0.0001,0.9916,0.1903,-0.0028,98.6091,0.0105,-0.0002,0.9861,0.1642,-0.0289,84.906,0.0091,-0.0016,0.8491,0.2442,0.0511,126.4374,0.0135,0.0028,1.2644,0.2018,0.0087,104.7021,0.0111,0.0005,1.047,0.2117,0.0187,109.5858,0.0117,0.001,1.0959,0.1879,-0.0052,97.2736,0.0104,-0.0003,0.9727,0.1828,-0.0103,94.8366,0.0101,-0.0006,0.9484,0.2438,0.0507,126.1421,0.0135,0.0028,1.2614,e93a2b3,,18992fa,2026-09-04T19:21:08+00:00
31368,46.0226,0.2095,0.0112,0.2095,0.2942,0.0847,140.5328,0.0158,0.0045,1.4053,0.1816,-0.0278,86.7242,0.0097,-0.0015,0.8672,0.2045,-0.0049,97.6295,0.011,-0.0003,0.9763,0.2135,0.004,101.8655,0.0115,0.0002,1.0187,0.1772,-0.0323,84.5385,0.0095,-0.0017,0.8454,0.2598,0.0503,123.9887,0.0139,0.0027,1.2399,0.2116,0.0022,101.1255,0.0114,0.0001,1.0113,0.235,0.0255,112.2072,0.0126,0.0014,1.1221,0.1981,-0.0114,94.6068,0.0106,-0.0006,0.9461,0.1855,-0.024,88.6203,0.01,-0.0013,0.8862,0.259,0.0496,123.678,0.0139,0.0027,1.2368,e93a2b3,,18992fa,2026-09-04T19:21:08+00:00
31369,43.6176,0.1931,0.0108,0.1931,0.2667,0.0736,138.2825,0.0149,0.0041,1.3828,0.1573,-0.0357,81.4759,0.0088,-0.002,0.8148,0.1871,-0.006,96.8214,0.0104,-0.0003,0.9682,0.1908,-0.0022,98.9116,0.0106,-0.0001,0.9891,0.1644,-0.0287,85.1175,0.0092,-0.0016,0.8512,0.2419,0.0488,125.2431,0.0135,0.0027,1.2524,0.2095,0.0165,108.6252,0.0117,0.0009,1.0863,0.2071,0.014,107.2122,0.0115,0.0008,1.0721,0.1808,-0.0123,93.6145,0.0101,-0.0007,0.9361,0.1823,-0.0107,94.4737,0.0102,-0.0006,0.9447,0.2381,0.045,123.2718,0.0133,0.0025,1.2327,e93a2b3,,18992fa,2026-09-04T19:21:08+00:00
31370,50.3989,0.1949,0.0092,0.1949,0.2158,0.0209,110.7066,0.0102,0.001,1.1071,0.1947,-0.0002,99.883,0.0092,-0.0,0.9988,0.1551,-0.0398,79.5742,0.0073,-0.0019,0.7957,0.2275,0.0326,116.7316,0.0107,0.0015,1.1673,0.232,0.0371,118.9414,0.0109,0.0017,1.1894,0.2441,0.0492,125.2018,0.0115,0.0023,1.252,0.1654,-0.0295,84.8643,0.0078,-0.0014,0.8486,0.1842,-0.0107,94.5246,0.0087,-0.0005,0.9452,0.1847,-0.0102,94.7854,0.0087,-0.0005,0.9479,0.1506,-0.0443,77.2459,0.0071,-0.0021,0.7725,0.242,0.0471,124.146,0.0114,0.0022,1.2415,e93a2b3,,18992fa,2026-09-04T19:21:08+00:00
31380,52.275,0.1945,0.0088,0.1945,0.2103,0.0158,108.1053,0.0096,0.0007,1.0811,0.1945,-0.0,99.9936,0.0088,-0.0,0.9999,0.1589,-0.0356,81.7204,0.0072,-0.0016,0.8172,0.2356,0.0411,121.1227,0.0107,0.0019,1.2112,0.246,0.0515,126.4475,0.0112,0.0023,1.2645,0.2667,0.0722,137.1202,0.0121,0.0033,1.3712,0.1772,-0.0172,91.0521,0.0081,-0.0008,0.9105,0.1822,-0.0123,93.7138,0.0083,-0.0006,0.9371,0.1738,-0.0206,89.3425,0.0079,-0.0009,0.8934,0.1546,-0.0399,79.4752,0.007,-0.0018,0.7948,0.2405,0.046,123.6142,0.0109,0.0021,1.2361,e93a2b3,,18992fa,2026-09-04T19:21:08+00:00
31390,56.364,0.189,0.0079,0.189,0.1994,0.0104,105.5128,0.0084,0.0004,1.0551,0.1882,-0.0008,99.5774,0.0079,-0.0,0.9958,0.1618,-0.0273,85.6009,0.0068,-0.0011,0.856,0.2152,0.0261,113.9416,0.009,0.0011,1.1394,0.2085,0.0195,110.3832,0.0087,0.0008,1.1038,0.2409,0.0519,127.5055,0.0101,0.0022,1.2751,0.1459,-0.0431,77.1235,0.0061,-0.0018,0.7712,0.178,-0.0111,94.1997,0.0075,-0.0004,0.942,0.1762,-0.0128,93.217,0.0073,-0.0006,0.9322,0.1518,-0.0373,80.3933,0.0063,-0.0016,0.8039,0.2129,0.0238,112.7546,0.0089,0.001,1.1275,e93a2b3,,18992fa,2026-09-04T19:21:08+00:00
32100,56.103,0.1985,0.0084,0.1985,0.2107,0.0121,105.8488,0.0089,0.0005,1.0585,0.1939,-0.0047,97.8634,0.0082,-0.0002,0.9786,0.1684,-0.0302,85.0794,0.0071,-0.0013,0.8508,0.2272,0.0287,114.3698,0.0096,0.0012,1.1437,0.2336,0.035,117.2228,0.0099,0.0015,1.1722,0.2616,0.0631,131.7028,0.0111,0.0027,1.317,0.1675,-0.031,83.4399,0.0071,-0.0013,0.8344,0.1884,-0.0101,95.1303,0.008,-0.0004,0.9513,0.1973,-0.0013,99.488,0.0083,-0.0001,0.9949,0.1706,-0.0279,86.3139,0.0072,-0.0012,0.8631,0.2405,0.0419,121.3446,0.0102,0.0018,1.2134,e93a2b3,,18992fa,2026-09-04T19:21:08+00:00
32211,58.5229,0.2683,0.0115,0.2683,0.265,-0.0033,98.771,0.0114,-0.0001,0.9877,0.2345,-0.0338,87.413,0.01,-0.0014,0.8741,0.216,-0.0524,80.4878,0.0093,-0.0022,0.8049,0.2884,0.02,107.4575,0.0124,0.0009,1.0746,0.3163,0.048,117.873,0.0136,0.0021,1.1787,0.3498,0.0814,130.3521,0.015,0.0035,1.3035,0.2683,-0.0001,99.9804,0.0115,-0.0,0.9998,0.2351,-0.0332,87.6235,0.0101,-0.0014,0.8762,0.2714,0.0031,101.1525,0.0116,0.0001,1.0115,0.2154,-0.053,80.2715,0.0092,-0.0023,0.8027,0.3018,0.0335,112.4834,0.0129,0.0014,1.1248,e93a2b3,,18992fa,2026-09-04T19:21:08+00:00
32212,59.7844,0.2486,0.0102,0.2486,0.2343,-0.0143,94.3718,0.0096,-0.0006,0.9437,0.2333,-0.0153,94.9592,0.0096,-0.0006,0.9496,0.1947,-0.0539,78.9415,0.008,-0.0022,0.7894,0.275,0.0264,111.1558,0.0113,0.0011,1.1116,0.2922,0.0436,118.1943,0.012,0.0018,1.1819,0.3041,0.0555,122.2865,0.0125,0.0023,1.2229,0.2427,-0.0059,97.1893,0.01,-0.0002,0.9719,0.2184,-0.0302,88.5237,0.009,-0.0013,0.8852,0.2672,0.0186,107.975,0.011,0.0008,1.0797,0.2165,-0.0321,88.3884,0.0089,-0.0013,0.8839,0.2899,0.0413,117.5224,0.0119,0.0017,1.1752,e93a2b3,,18992fa,2026-09-04T19:21:08+00:00
32213,58.9056,0.3307,0.0147,0.3307,0.3335,0.0028,100.8829,0.0148,0.0001,1.0088,0.2778,-0.0529,84.1713,0.0124,-0.0023,0.8417,0.2609,-0.0698,78.8161,0.0116,-0.0031,0.7882,0.3401,0.0094,103.2537,0.0151,0.0004,1.0325,0.4001,0.0694,120.8254,0.0178,0.0031,1.2083,0.4076,0.0769,123.4279,0.0181,0.0034,1.2343,0.328,-0.0028,99.3986,0.0146,-0.0001,0.994,0.2917,-0.039,88.0561,0.013,-0.0017,0.8806,0.3537,0.023,106.3252,0.0157,0.001,1.0633,0.2488,-0.0819,75.3993,0.0111,-0.0036,0.754,0.3758,0.045,113.4833,0.0167,0.002,1.1348,e93a2b3,,18992fa,2026-09-04T19:21:08+00:00
32214,57.6228,0.3338,0.0154,0.3338,0.3448,0.011,103.7728,0.0159,0.0005,1.0377,0.2709,-0.0629,81.4902,0.0125,-0.0029,0.8149,0.2611,-0.0727,78.4558,0.012,-0.0033,0.7846,0.3099,-0.0238,93.4242,0.0143,-0.0011,0.9342,0.3888,0.055,116.8487,0.0179,0.0025,1.1685,0.3948,0.061,118.3427,0.0182,0.0028,1.1834,0.3076,-0.0261,92.5516,0.0142,-0.0012,0.9255,0.327,-0.0067,97.7471,0.015,-0.0003,0.9775,0.3588,0.025,107.023,0.0165,0.0011,1.0702,0.2875,-0.0462,86.3787,0.0132,-0.0022,0.8638,0.3678,0.034,110.6684,0.0169,0.0016,1.1067,e93a2b3,,18992fa,2026-09-04T19:21:08+00:00
32215,54.7156,0.2703,0.0129,0.2703,0.3374,0.0671,124.8001,0.0161,0.0032,1.248,0.263,-0.0073,97.3754,0.0126,-0.0003,0.9738,0.2197,-0.0506,81.1408,0.0105,-0.0024,0.8114,0.3101,0.0398,114.7828,0.0148,0.0019,1.1478,0.3341,0.0638,123.6741,0.0159,0.003,1.2367,0.3692,0.0989,136.5637,0.0176,0.0047,1.3656,0.2588,-0.0115,95.6361,0.0124,-0.0006,0.9564,0.2683,-0.002,99.2477,0.0128,-0.0001,0.9925,0.2636,-0.0067,97.5253,0.0126,-0.0003,0.9753,0.2163,-0.054,80.043,0.0103,-0.0026,0.8004,0.324,0.0538,119.8057,0.0155,0.0026,1.1981,e93a2b3,,18992fa,2026-09-04T19:21:08+00:00
32216,53.7234,0.2711,0.0129,0.2711,0.2835,0.0125,102.7399,0.0135,0.0006,1.0274,0.2348,-0.0363,87.8568,0.0112,-0.0017,0.8786,0.2164,-0.0546,79.9735,0.0103,-0.0026,0.7997,0.2494,-0.0217,91.1027,0.0119,-0.001,0.911,0.3047,0.0336,111.425,0.0145,0.0016,1.1142,0.3371,0.066,125.7723,0.016,0.0031,1.2577,0.2385,-0.0325,89.3093,0.0114,-0.0015,0.8931,0.2824,0.0113,106.4888,0.0134,0.0005,1.0649,0.2729,0.0018,99.511,0.013,0.0001,0.9951,0.2439,-0.0272,94.8819,0.0116,-0.0013,0.9488,0.2999,0.0288,110.1568,0.0143,0.0014,1.1016,e93a2b3,,18992fa,2026-09-04T19:21:08+00:00
32217,54.3987,0.3178,0.0158,0.3178,0.4297,0.112,135.233,0.0214,0.0056,1.3523,0.3001,-0.0177,94.4507,0.0149,-0.0009,0.9445,0.2853,-0.0325,89.6599,0.0142,-0.0016,0.8966,0.3646,0.0468,114.6757,0.0181,0.0023,1.1468,0.3486,0.0308,109.5465,0.0173,0.0015,1.0955,0.4284,0.1106,134.7493,0.0213,0.0055,1.3475,0.3037,-0.0141,95.5264,0.0151,-0.0007,0.9553,0.3178,0.0,100.0,0.0158,0.0,1.0,0.3121,-0.0057,98.1446,0.0155,-0.0003,0.9814,0.2346,-0.0832,73.85,0.0117,-0.0041,0.7385,0.3845,0.0667,120.8699,0.0191,0.0033,1.2087,e93a2b3,,18992fa,2026-09-04T19:21:08+00:00
32218,49.2106,0.2327,0.0119,0.2327,0.317,0.0842,136.2688,0.0161,0.0043,1.3627,0.2154,-0.0173,92.5397,0.011,-0.0009,0.9254,0.2102,-0.0225,90.4596,0.0107,-0.0011,0.9046,0.268,0.0352,115.1833,0.0136,0.0018,1.1518,0.2258,-0.0069,96.8266,0.0115,-0.0004,0.9683,0.3061,0.0734,131.4698,0.0156,0.0037,1.3147,0.2266,-0.0062,97.3558,0.0115,-0.0003,0.9736,0.2432,0.0105,104.6072,0.0124,0.0005,1.0461,0.2298,-0.003,98.7899,0.0117,-0.0002,0.9879,0.1812,-0.0516,77.9822,0.0092,-0.0026,0.7798,0.2714,0.0387,116.6438,0.0138,0.002,1.1664,e93a2b3,,18992fa,2026-09-04T19:21:08+00:00
32219,54.5424,0.3373,0.0169,0.3373,0.4468,0.1095,132.638,0.0224,0.0055,1.3264,0.3096,-0.0278,91.73,0.0155,-0.0014,0.9173,0.3057,-0.0316,90.5312,0.0153,-0.0016,0.9053,0.3851,0.0478,114.2004,0.0193,0.0024,1.142,0.3649,0.0276,107.7158,0.0183,0.0014,1.0772,0.4428,0.1054,131.2551,0.0222,0.0053,1.3126,0.3284,-0.009,97.3771,0.0164,-0.0004,0.9738,0.3364,-0.001,99.8354,0.0168,-0.0,0.9984,0.3328,-0.0045,98.5355,0.0167,-0.0002,0.9854,0.2432,-0.0942,72.2397,0.0122,-0.0047,0.7224,0.4117,0.0744,121.8171,0.0206,0.0037,1.2182,e93a2b3,,18992fa,2026-09-04T19:21:08+00:00
32221,51.6544,0.2783,0.0144,0.2783,0.3197,0.0414,115.1957,0.0166,0.0022,1.152,0.253,-0.0253,91.4311,0.0131,-0.0013,0.9143,0.2416,-0.0367,87.0859,0.0125,-0.0019,0.8709,0.2886,0.0103,104.3596,0.015,0.0005,1.0436,0.2926,0.0143,104.431,0.0151,0.0007,1.0443,0.328,0.0497,117.5864,0.017,0.0026,1.1759,0.2826,0.0043,102.8313,0.0147,0.0003,1.0283,0.2814,0.0031,100.8326,0.0146,0.0002,1.0083,0.2501,-0.0282,89.1182,0.013,-0.0015,0.8912,0.2105,-0.0678,76.7266,0.0109,-0.0035,0.7673,0.3415,0.0632,123.2006,0.0177,0.0033,1.232,e93a2b3,,18992fa,2026-09-04T19:21:08+00:00
32222,45.7373,0.2037,0.0114,0.2037,0.2532,0.0494,124.4333,0.0142,0.0028,1.2443,0.1818,-0.0219,89.2959,0.0102,-0.0012,0.893,0.1661,-0.0376,81.4323,0.0093,-0.0021,0.8143,0.225,0.0213,110.7315,0.0126,0.0012,1.1073,0.1753,-0.0284,86.0679,0.0098,-0.0016,0.8607,0.2353,0.0316,115.5254,0.0132,0.0018,1.1553,0.2269,0.0232,111.371,0.0127,0.0013,1.1137,0.1955,-0.0082,95.7938,0.011,-0.0005,0.9579,0.188,-0.0157,92.3481,0.0105,-0.0009,0.9235,0.1989,-0.0048,97.7389,0.0111,-0.0003,0.9774,0.2443,0.0406,119.9173,0.0137,0.0023,1.1992,e93a2b3,,18992fa,2026-09-04T19:21:08+00:00
32223,44.6362,0.1896,0.0105,0.1896,0.2373,0.0477,125.2832,0.0131,0.0026,1.2528,0.186,-0.0036,98.2572,0.0103,-0.0002,0.9826,0.1485,-0.0411,77.7005,0.0082,-0.0023,0.777,0.1931,0.0035,101.9721,0.0106,0.0002,1.0197,0.1646,-0.025,86.0445,0.0091,-0.0014,0.8604,0.2171,0.0276,114.3399,0.012,0.0015,1.1434,0.2119,0.0223,111.2045,0.0117,0.0012,1.112,0.1911,0.0015,100.2244,0.0105,0.0001,1.0022,0.1702,-0.0193,89.1619,0.0094,-0.0011,0.8916,0.1827,-0.0069,96.8461,0.0101,-0.0004,0.9685,0.2203,0.0307,115.5195,0.0121,0.0017,1.1552,e93a2b3,,18992fa,2026-09-04T19:21:08+00:00
32224,41.731,0.1457,0.0082,0.1457,0.1873,0.0415,128.9298,0.0106,0.0024,1.2893,0.1494,0.0036,102.6339,0.0084,0.0002,1.0263,0.1022,-0.0435,70.0472,0.0058,-0.0025,0.7005,0.1384,-0.0073,94.9447,0.0078,-0.0004,0.9494,0.1227,-0.0231,84.1932,0.0069,-0.0013,0.8419,0.166,0.0202,114.0428,0.0094,0.0011,1.1404,0.1488,0.0031,101.9786,0.0084,0.0002,1.0198,0.1454,-0.0003,99.9915,0.0082,-0.0,0.9999,0.126,-0.0197,86.353,0.0071,-0.0011,0.8635,0.144,-0.0018,98.8812,0.0081,-0.0001,0.9888,0.1617,0.016,111.0192,0.0091,0.0009,1.1102,e93a2b3,,18992fa,2026-09-04T19:21:08+00:00
32225,42.6577,0.166,0.0091,0.166,0.201,0.035,121.0493,0.011,0.0019,1.2105,0.1708,0.0048,102.8824,0.0093,0.0003,1.0288,0.1218,-0.0442,73.3648,0.0066,-0.0024,0.7336,0.166,0.0,100.0,0.0091,0.0,1.0,0.1343,-0.0317,80.8831,0.0073,-0.0017,0.8088,0.1834,0.0174,110.4556,0.01,0.0009,1.1046,0.1815,0.0155,109.31,0.0099,0.0008,1.0931,0.1622,-0.0038,97.691,0.0089,-0.0002,0.9769,0.1369,-0.0291,82.4684,0.0075,-0.0016,0.8247,0.1633,-0.0027,98.3706,0.0089,-0.0001,0.9837,0.1793,0.0132,107.9627,0.0098,0.0007,1.0796,e93a2b3,,18992fa,2026-09-04T19:21:08+00:00
32226,51.174,0.2571,0.0132,0.2571,0.2837,0.0266,110.8022,0.0146,0.0014,1.108,0.2283,-0.0288,89.5456,0.0117,-0.0015,0.8955,0.2104,-0.0467,81.8226,0.0108,-0.0024,0.8182,0.235,-0.0221,91.917,0.0121,-0.0011,0.9192,0.2721,0.015,105.2148,0.0139,0.0007,1.0521,0.2946,0.0375,114.3435,0.0151,0.0019,1.1434,0.2602,0.0031,102.0895,0.0134,0.0002,1.0209,0.2752,0.0181,106.7466,0.0141,0.0009,1.0675,0.2408,-0.0163,93.4661,0.0123,-0.0009,0.9347,0.1921,-0.065,75.1224,0.0098,-0.0033,0.7512,0.2927,0.0356,113.8772,0.015,0.0018,1.1388,e93a2b3,,18992fa,2026-09-04T19:21:08+00:00
32227,43.1339,0.1558,0.0084,0.1558,0.1863,0.0305,120.6032,0.0101,0.0017,1.206,0.1674,0.0117,109.7617,0.0091,0.0007,1.0976,0.1108,-0.0449,70.4036,0.006,-0.0024,0.704,0.1484,-0.0074,96.1687,0.0081,-0.0004,0.9617,0.1404,-0.0154,89.3626,0.0076,-0.0008,0.8936,0.171,0.0153,110.0819,0.0093,0.0008,1.1008,0.1637,0.008,104.5328,0.0089,0.0004,1.0453,0.1549,-0.0009,98.2237,0.0084,-0.0001,0.9822,0.1477,-0.008,94.729,0.008,-0.0004,0.9473,0.1379,-0.0179,90.2811,0.0075,-0.001,0.9028,0.1753,0.0195,113.1521,0.0095,0.0011,1.1315,e93a2b3,,18992fa,2026-09-04T19:21:08+00:00
32228,44.4485,0.1455,0.0074,0.1455,0.1664,0.0209,115.3518,0.0085,0.0011,1.1535,0.1458,0.0003,101.2146,0.0074,0.0,1.0121,0.1106,-0.0349,75.5484,0.0056,-0.0018,0.7555,0.1374,-0.0081,95.0066,0.007,-0.0004,0.9501,0.1434,-0.0021,97.6751,0.0073,-0.0001,0.9768,0.1663,0.0209,113.659,0.0084,0.001,1.1366,0.1462,0.0007,100.8168,0.0074,0.0,1.0082,0.1513,0.0058,102.8356,0.0077,0.0003,1.0284,0.1394,-0.006,95.8981,0.0071,-0.0003,0.959,0.1199,-0.0255,82.6752,0.0061,-0.0013,0.8268,0.1692,0.0237,116.7679,0.0086,0.0012,1.1677,e93a2b3,,18992fa,2026-09-04T19:21:08+00:00
32229,39.7343,0.1207,0.0071,0.1207,0.1579,0.0372,131.5599,0.0093,0.0022,1.3156,0.1238,0.0031,102.862,0.0073,0.0002,1.0286,0.0798,-0.0409,65.7936,0.0047,-0.0024,0.6579,0.12,-0.0007,99.6998,0.0071,-0.0,0.997,0.1158,-0.0049,95.8621,0.0068,-0.0003,0.9586,0.1314,0.0106,108.9454,0.0077,0.0006,1.0895,0.1167,-0.0041,96.6971,0.0069,-0.0002,0.967,0.1176,-0.0031,97.0603,0.0069,-0.0002,0.9706,0.1276,0.0068,105.2729,0.0075,0.0004,1.0527,0.1101,-0.0106,91.4858,0.0065,-0.0006,0.9149,0.1425,0.0217,118.2266,0.0084,0.0013,1.1823,e93a2b3,,18992fa,2026-09-04T19:21:08+00:00
32231,51.6162,0.304,0.0156,0.304,0.4068,0.1029,134.178,0.0209,0.0053,1.3418,0.2651,-0.0389,87.2993,0.0136,-0.002,0.873,0.288,-0.016,94.9152,0.0148,-0.0008,0.9492,0.3447,0.0408,113.4827,0.0177,0.0021,1.1348,0.3027,-0.0013,99.4653,0.0156,-0.0001,0.9947,0.4013,0.0973,132.4126,0.0206,0.005,1.3241,0.3025,-0.0015,99.5188,0.0155,-0.0001,0.9952,0.3195,0.0155,105.4345,0.0164,0.0008,1.0543,0.2921,-0.0118,96.2354,0.015,-0.0006,0.9624,0.2288,-0.0752,75.5108,0.0118,-0.0039,0.7551,0.3682,0.0643,121.1098,0.0189,0.0033,1.2111,e93a2b3,,18992fa,2026-09-04T19:21:08+00:00
32232,55.6797,0.3737,0.0196,0.3737,0.4604,0.0867,123.2434,0.0242,0.0046,1.2324,0.2958,-0.0779,79.2548,0.0155,-0.0041,0.7925,0.3423,-0.0313,91.6544,0.018,-0.0016,0.9165,0.3905,0.0168,104.5737,0.0205,0.0009,1.0457,0.3725,-0.0012,99.6871,0.0196,-0.0001,0.9969,0.4531,0.0794,121.3248,0.0238,0.0042,1.2132,0.371,-0.0026,99.2858,0.0195,-0.0001,0.9929,0.3789,0.0052,101.464,0.0199,0.0003,1.0146,0.3458,-0.0279,92.5786,0.0182,-0.0015,0.9258,0.2597,-0.114,69.5332,0.0136,-0.006,0.6953,0.4652,0.0915,124.4903,0.0244,0.0048,1.2449,e93a2b3,,18992fa,2026-09-04T19:21:08+00:00
32233,48.3712,0.2527,0.0134,0.2527,0.3504,0.0977,138.9906,0.0186,0.0052,1.3899,0.2137,-0.039,84.8656,0.0113,-0.0021,0.8487,0.2458,-0.0069,97.1718,0.013,-0.0004,0.9717,0.2701,0.0174,106.6432,0.0143,0.0009,1.0664,0.2343,-0.0184,92.1784,0.0124,-0.001,0.9218,0.3347,0.082,132.0333,0.0177,0.0043,1.3203,0.2527,0.0,100.116,0.0134,0.0,1.0012,0.2797,0.027,110.8721,0.0148,0.0014,1.1087,0.2331,-0.0196,92.0835,0.0124,-0.001,0.9208,0.2096,-0.043,83.6575,0.0111,-0.0023,0.8366,0.3096,0.0569,121.9493,0.0164,0.003,1.2195,e93a2b3,,18992fa,2026-09-04T19:21:08+00:00
32234,53.2621,0.3627,0.0197,0.3627,0.4492,0.0865,124.1718,0.0243,0.0047,1.2417,0.2608,-0.1019,71.9481,0.0141,-0.0055,0.7195,0.3243,-0.0383,89.5451,0.0176,-0.0021,0.8955,0.371,0.0083,102.3487,0.0201,0.0004,1.0235,0.326,-0.0367,89.8488,0.0177,-0.002,0.8985,0.4333,0.0706,119.6853,0.0235,0.0038,1.1969,0.3672,0.0045,101.1896,0.0199,0.0002,1.0119,0.3671,0.0044,101.3644,0.0199,0.0002,1.0136,0.3139,-0.0487,86.5759,0.017,-0.0026,0.8658,0.2727,-0.09,75.2976,0.0148,-0.0049,0.753,0.4549,0.0922,125.5345,0.0247,0.005,1.2553,e93a2b3,,18992fa,2026-09-04T19:21:08+00:00
32235,46.4042,0.2553,0.0141,0.2553,0.3453,0.09,136.5717,0.019,0.005,1.3657,0.1916,-0.0637,75.4865,0.0106,-0.0035,0.7549,0.2342,-0.0211,91.9408,0.0129,-0.0012,0.9194,0.2571,0.0018,100.584,0.0142,0.0001,1.0058,0.2226,-0.0327,87.2954,0.0123,-0.0018,0.873,0.313,0.0576,122.8666,0.0172,0.0032,1.2287,0.2608,0.0055,102.6976,0.0144,0.0003,1.027,0.2662,0.0108,104.3724,0.0147,0.0006,1.0437,0.2166,-0.0388,84.9942,0.0119,-0.0021,0.8499,0.2181,-0.0373,86.6769,0.012,-0.002,0.8668,0.317,0.0617,123.5228,0.0175,0.0034,1.2352,e93a2b3,,18992fa,2026-09-04T19:21:08+00:00
32236,42.7048,0.2057,0.0118,0.2057,0.2705,0.0647,131.5659,0.0155,0.0037,1.3157,0.1656,-0.0401,80.5254,0.0095,-0.0023,0.8053,0.1878,-0.018,91.4236,0.0108,-0.001,0.9142,0.2068,0.001,100.5153,0.0119,0.0001,1.0052,0.1731,-0.0326,84.1931,0.01,-0.0019,0.8419,0.2584,0.0527,125.6756,0.0149,0.003,1.2568,0.2113,0.0055,102.675,0.0121,0.0003,1.0267,0.2147,0.0089,104.387,0.0123,0.0005,1.0439,0.1863,-0.0194,90.6669,0.0107,-0.0011,0.9067,0.1955,-0.0103,95.1572,0.0112,-0.0006,0.9516,0.2407,0.035,116.9606,0.0138,0.002,1.1696,e93a2b3,,18992fa,2026-09-04T19:21:08+00:00
32237,44.2688,0.2371,0.0135,0.2371,0.3135,0.0764,132.398,0.0178,0.0043,1.324,0.182,-0.055,77.2779,0.0103,-0.0031,0.7728,0.199,-0.0381,83.7789,0.0113,-0.0022,0.8378,0.2379,0.0008,100.3813,0.0135,0.0,1.0038,0.1853,-0.0518,77.9736,0.0105,-0.0029,0.7797,0.2899,0.0528,122.5377,0.0165,0.003,1.2254,0.2477,0.0106,104.9144,0.0141,0.0006,1.0491,0.2417,0.0046,101.9421,0.0137,0.0003,1.0194,0.1963,-0.0408,83.0208,0.0111,-0.0023,0.8302,0.2129,-0.0241,90.4753,0.0121,-0.0014,0.9048,0.2782,0.0411,116.9293,0.0158,0.0023,1.1693,e93a2b3,,18992fa,2026-09-04T19:21:08+00:00
32238,50.8427,0.3035,0.0168,0.3035,0.3733,0.0698,123.0929,0.0207,0.0039,1.2309,0.2411,-0.0624,79.8044,0.0133,-0.0035,0.798,0.2714,-0.0321,89.4513,0.015,-0.0018,0.8945,0.3185,0.015,105.2479,0.0176,0.0008,1.0525,0.2585,-0.045,85.1534,0.0143,-0.0025,0.8515,0.3503,0.0468,115.3651,0.0194,0.0026,1.1537,0.323,0.0195,106.7591,0.0179,0.0011,1.0676,0.3058,0.0023,100.7677,0.0169,0.0001,1.0077,0.259,-0.0445,85.5579,0.0143,-0.0025,0.8556,0.2604,-0.0431,86.1682,0.0144,-0.0024,0.8617,0.3672,0.0637,120.9573,0.0203,0.0035,1.2096,e93a2b3,,18992fa,2026-09-04T19:21:08+00:00
32239,45.5675,0.2517,0.0146,0.2517,0.3413,0.0896,135.5893,0.0198,0.0052,1.3559,0.2077,-0.0441,82.6215,0.012,-0.0025,0.8262,0.2275,-0.0242,90.2285,0.0132,-0.0014,0.9023,0.2524,0.0007,100.2483,0.0146,0.0,1.0025,0.2079,-0.0438,82.5366,0.012,-0.0025,0.8254,0.3145,0.0627,124.9613,0.0182,0.0036,1.2496,0.2531,0.0013,100.5632,0.0147,0.0001,1.0056,0.2722,0.0205,108.1321,0.0158,0.0012,1.0813,0.2246,-0.0272,89.1135,0.013,-0.0016,0.8911,0.2419,-0.0098,96.246,0.014,-0.0006,0.9625,0.2849,0.0332,112.9046,0.0165,0.0019,1.129,e93a2b3,,18992fa,2026-09-04T19:21:08+00:00
32241,48.4643,0.3004,0.0174,0.3004,0.375,0.0746,125.2468,0.0217,0.0043,1.2525,0.2489,-0.0515,82.9244,0.0144,-0.003,0.8292,0.2685,-0.0319,89.1785,0.0155,-0.0018,0.8918,0.3007,0.0003,100.1208,0.0174,0.0,1.0012,0.2583,-0.0421,85.9536,0.0149,-0.0024,0.8595,0.367,0.0666,122.4384,0.0212,0.0039,1.2244,0.3076,0.0072,101.7788,0.0178,0.0004,1.0178,0.3226,0.0222,107.34,0.0186,0.0013,1.0734,0.2942,-0.0062,98.3966,0.017,-0.0003,0.984,0.2842,-0.0162,95.1628,0.0164,-0.0009,0.9516,0.3525,0.0521,116.5363,0.0204,0.003,1.1654,e93a2b3,,18992fa,2026-09-04T19:21:08+00:00
32242,43.4281,0.2175,0.0131,0.2175,0.2549,0.0374,116.769,0.0154,0.0022,1.1677,0.1791,-0.0385,82.3416,0.0108,-0.0023,0.8234,0.1893,-0.0283,86.4858,0.0114,-0.0017,0.8649,0.2109,-0.0067,97.3466,0.0127,-0.0004,0.9735,0.18,-0.0376,81.9231,0.0108,-0.0023,0.8192,0.2596,0.042,117.9279,0.0156,0.0025,1.1793,0.214,-0.0036,97.9202,0.0129,-0.0002,0.9792,0.2275,0.01,104.273,0.0137,0.0006,1.0427,0.2245,0.007,103.5285,0.0135,0.0004,1.0353,0.2132,-0.0044,98.2529,0.0128,-0.0003,0.9825,0.2407,0.0232,110.3091,0.0145,0.0014,1.1031,e93a2b3,,18992fa,2026-09-04T19:21:08+00:00
32243,45.8661,0.2305,0.0134,0.2305,0.2731,0.0426,118.5278,0.0159,0.0025,1.1853,0.1962,-0.0343,85.1618,0.0114,-0.002,0.8516,0.1839,-0.0466,79.32,0.0107,-0.0027,0.7932,0.2318,0.0013,100.7634,0.0135,0.0001,1.0076,0.1828,-0.0477,78.8587,0.0106,-0.0028,0.7886,0.2648,0.0343,114.5503,0.0154,0.002,1.1455,0.2317,0.0012,100.2743,0.0135,0.0001,1.0027,0.2344,0.004,101.4878,0.0136,0.0002,1.0149,0.2294,-0.0011,99.5567,0.0134,-0.0001,0.9956,0.2256,-0.0049,98.0326,0.0131,-0.0003,0.9803,0.2542,0.0237,109.7998,0.0148,0.0014,1.098,e93a2b3,,18992fa,2026-09-04T19:21:08+00:00
32244,41.1299,0.1426,0.0083,0.1426,0.1841,0.0415,129.6896,0.0108,0.0024,1.2969,0.1291,-0.0136,90.7123,0.0076,-0.0008,0.9071,0.1072,-0.0354,75.1815,0.0063,-0.0021,0.7518,0.1399,-0.0027,97.8045,0.0082,-0.0002,0.978,0.1153,-0.0274,81.021,0.0067,-0.0016,0.8102,0.1667,0.024,117.4015,0.0098,0.0014,1.174,0.1429,0.0002,100.1271,0.0084,0.0,1.0013,0.1527,0.0101,107.7025,0.0089,0.0006,1.077,0.1325,-0.0101,93.1169,0.0078,-0.0006,0.9312,0.1457,0.003,102.2091,0.0085,0.0002,1.0221,0.1578,0.0151,110.9106,0.0092,0.0009,1.1091,e93a2b3,,18992fa,2026-09-04T19:21:08+00:00
32245,41.1487,0.1718,0.0103,0.1718,0.2054,0.0336,119.5522,0.0123,0.002,1.1955,0.1467,-0.0252,85.467,0.0088,-0.0015,0.8547,0.1407,-0.0311,81.7955,0.0084,-0.0019,0.818,0.1699,-0.0019,98.9169,0.0102,-0.0001,0.9892,0.1278,-0.044,74.1358,0.0076,-0.0026,0.7414,0.2,0.0282,116.2314,0.012,0.0017,1.1623,0.1669,-0.0049,96.9961,0.01,-0.0003,0.97,0.1878,0.0159,109.4126,0.0112,0.001,1.0941,0.1744,0.0025,101.387,0.0104,0.0002,1.0139,0.1702,-0.0016,99.0555,0.0102,-0.0001,0.9906,0.1885,0.0166,109.4257,0.0113,0.001,1.0943,e93a2b3,,18992fa,2026-09-04T19:21:08+00:00
32246,39.6019,0.1504,0.0092,0.1504,0.1755,0.0251,116.8011,0.0108,0.0015,1.168,0.1293,-0.0211,86.0309,0.0079,-0.0013,0.8603,0.1238,-0.0266,82.2145,0.0076,-0.0016,0.8221,0.1282,-0.0222,84.9418,0.0079,-0.0014,0.8494,0.1155,-0.0349,76.6601,0.0071,-0.0021,0.7666,0.1758,0.0254,116.6717,0.0108,0.0016,1.1667,0.1437,-0.0067,95.5537,0.0088,-0.0004,0.9555,0.1662,0.0158,110.683,0.0102,0.001,1.1068,0.1542,0.0038,102.4337,0.0095,0.0002,1.0243,0.1504,0.0,100.0288,0.0092,0.0,1.0003,0.1714,0.021,113.9399,0.0105,0.0013,1.1394,e93a2b3,,18992fa,2026-09-04T19:21:08+00:00
32247,39.5715,0.1315,0.008,0.1315,0.172,0.0405,130.6977,0.0105,0.0025,1.307,0.1173,-0.0142,89.2503,0.0072,-0.0009,0.8925,0.105,-0.0264,80.0178,0.0064,-0.0016,0.8002,0.113,-0.0184,85.9545,0.0069,-0.0011,0.8595,0.1029,-0.0286,77.8839,0.0063,-0.0017,0.7788,0.1524,0.021,115.6659,0.0093,0.0013,1.1567,0.1258,-0.0056,95.7938,0.0077,-0.0003,0.9579,0.153,0.0215,116.4646,0.0093,0.0013,1.1646,0.1353,0.0039,102.9666,0.0083,0.0002,1.0297,0.1342,0.0027,102.1063,0.0082,0.0002,1.0211,0.15,0.0185,113.9408,0.0091,0.0011,1.1394,e93a2b3,,18992fa,2026-09-04T19:21:08+00:00
32248,41.8321,0.1502,0.0093,0.1502,0.2092,0.059,139.2691,0.0129,0.0036,1.3927,0.1416,-0.0087,94.2101,0.0087,-0.0005,0.9421,0.1183,-0.0319,78.7456,0.0073,-0.002,0.7875,0.1279,-0.0224,85.0849,0.0079,-0.0014,0.8508,0.1452,-0.005,96.6349,0.009,-0.0003,0.9663,0.1728,0.0225,114.9599,0.0107,0.0014,1.1496,0.1463,-0.0039,97.3872,0.009,-0.0002,0.9739,0.1695,0.0193,112.8183,0.0105,0.0012,1.1282,0.1754,0.0252,116.6758,0.0108,0.0016,1.1668,0.1463,-0.004,97.391,0.009,-0.0002,0.9739,0.1831,0.0329,121.8368,0.0113,0.002,1.2184,e93a2b3,,18992fa,2026-09-04T19:21:08+00:00
32249,41.5329,0.1558,0.0099,0.1558,0.2078,0.052,133.2979,0.0132,0.0033,1.333,0.1482,-0.0075,94.9863,0.0094,-0.0005,0.9499,0.1267,-0.0291,81.1636,0.008,-0.0018,0.8116,0.1388,-0.0169,88.65,0.0088,-0.0011,0.8865,0.1426,-0.0132,91.2935,0.0091,-0.0008,0.9129,0.1872,0.0314,119.3012,0.0119,0.002,1.193,0.1555,-0.0003,99.7743,0.0099,-0.0,0.9977,0.1788,0.023,114.6266,0.0113,0.0015,1.1463,0.1876,0.0318,120.1464,0.0119,0.002,1.2015,0.1401,-0.0157,90.1882,0.0089,-0.001,0.9019,0.1975,0.0417,126.2775,0.0125,0.0027,1.2628,e93a2b3,,18992fa,2026-09-04T19:21:08+00:00
32251,44.987,0.2501,0.0148,0.2501,0.3387,0.0886,135.5007,0.0201,0.0053,1.355,0.2164,-0.0337,86.549,0.0129,-0.002,0.8655,0.2394,-0.0107,95.7007,0.0142,-0.0006,0.957,0.2501,0.0,99.9998,0.0149,0.0,1.0,0.2266,-0.0235,90.5559,0.0135,-0.0014,0.9056,0.323,0.0729,129.1075,0.0192,0.0043,1.2911,0.2483,-0.0018,99.3258,0.0147,-0.0001,0.9933,0.2887,0.0386,115.4424,0.0171,0.0023,1.1544,0.2477,-0.0024,98.9214,0.0147,-0.0001,0.9892,0.248,-0.0021,99.1935,0.0147,-0.0001,0.9919,0.2719,0.0218,108.5455,0.0161,0.0013,1.0855,e93a2b3,,18992fa,2026-09-04T19:21:08+00:00
32252,43.2365,0.21,0.0124,0.21,0.2806,0.0706,133.7527,0.0166,0.0042,1.3375,0.1816,-0.0284,86.5232,0.0107,-0.0017,0.8652,0.1969,-0.0131,93.9245,0.0116,-0.0008,0.9392,0.2105,0.0006,100.288,0.0124,0.0,1.0029,0.182,-0.028,86.7632,0.0107,-0.0016,0.8676,0.2732,0.0632,130.1572,0.0161,0.0037,1.3016,0.2133,0.0033,101.5015,0.0126,0.0002,1.015,0.2366,0.0267,112.7593,0.014,0.0016,1.1276,0.1978,-0.0121,94.2893,0.0117,-0.0007,0.9429,0.2098,-0.0002,100.0171,0.0124,-0.0,1.0002,0.2259,0.016,107.1903,0.0133,0.0009,1.0719,e93a2b3,,18992fa,2026-09-04T19:21:08+00:00
32253,46.8595,0.2815,0.017,0.2815,0.3675,0.0859,131.0683,0.0222,0.0052,1.3107,0.2339,-0.0476,82.9775,0.0141,-0.0029,0.8298,0.2721,-0.0094,96.6241,0.0164,-0.0006,0.9662,0.2784,-0.0032,99.1822,0.0168,-0.0002,0.9918,0.2606,-0.021,92.3759,0.0157,-0.0013,0.9238,0.3653,0.0837,129.3373,0.0221,0.0051,1.2934,0.2782,-0.0033,98.7309,0.0168,-0.0002,0.9873,0.3151,0.0336,111.7538,0.019,0.002,1.1175,0.2953,0.0138,104.6828,0.0178,0.0008,1.0468,0.271,-0.0105,96.5183,0.0164,-0.0006,0.9652,0.3091,0.0275,108.6443,0.0187,0.0017,1.0864,e93a2b3,,18992fa,2026-09-04T19:21:08+00:00
32254,41.3674,0.1878,0.0115,0.1878,0.2469,0.0591,131.3848,0.0151,0.0036,1.3138,0.1674,-0.0204,89.1379,0.0102,-0.0013,0.8914,0.1847,-0.0031,98.2385,0.0113,-0.0002,0.9824,0.1925,0.0047,102.5579,0.0117,0.0003,1.0256,0.1642,-0.0236,87.4178,0.01,-0.0014,0.8742,0.2349,0.0471,124.8542,0.0143,0.0029,1.2485,0.1881,0.0003,100.2063,0.0115,0.0,1.0021,0.2084,0.0206,110.8294,0.0127,0.0013,1.1083,0.1773,-0.0105,94.3109,0.0108,-0.0006,0.9431,0.1917,0.0039,102.1893,0.0117,0.0002,1.0219,0.1624,-0.0254,85.9692,0.0099,-0.0016,0.8597,e93a2b3,,18992fa,2026-09-04T19:21:08+00:00
32255,50.0299,0.3598,0.0221,0.3598,0.4549,0.0951,126.7393,0.0279,0.0058,1.2674,0.3002,-0.0596,83.3932,0.0184,-0.0037,0.8339,0.3608,0.001,100.3688,0.0221,0.0001,1.0037,0.3396,-0.0202,94.5943,0.0208,-0.0012,0.9459,0.3453,-0.0145,95.869,0.0212,-0.0009,0.9587,0.4839,0.1241,134.2248,0.0297,0.0076,1.3422,0.3574,-0.0023,99.278,0.0219,-0.0001,0.9928,0.4009,0.0411,111.5245,0.0246,0.0025,1.1152,0.3636,0.0039,101.0819,0.0223,0.0002,1.0108,0.3429,-0.0169,95.2941,0.021,-0.001,0.9529,0.4058,0.0461,112.3974,0.0249,0.0028,1.124,e93a2b3,,18992fa,2026-09-04T19:21:08+00:00
32256,41.0489,0.1832,0.0116,0.1832,0.2343,0.0512,127.629,0.0148,0.0032,1.2763,0.1516,-0.0316,82.7557,0.0096,-0.002,0.8276,0.1851,0.0019,101.0057,0.0117,0.0001,1.0101,0.1858,0.0027,101.5387,0.0117,0.0002,1.0154,0.1674,-0.0158,91.3541,0.0106,-0.001,0.9135,0.2301,0.047,125.6608,0.0145,0.003,1.2566,0.1846,0.0014,100.844,0.0116,0.0001,1.0084,0.2178,0.0346,118.9222,0.0137,0.0022,1.1892,0.1752,-0.008,95.5042,0.0111,-0.0005,0.955,0.1841,0.0009,100.5622,0.0116,0.0001,1.0056,0.1307,-0.0525,70.4581,0.0082,-0.0033,0.7046,e93a2b3,,18992fa,2026-09-04T19:21:08+00:00
32257,47.0808,0.2971,0.0186,0.2971,0.3758,0.0787,127.2592,0.0235,0.0049,1.2726,0.2463,-0.0508,82.5515,0.0154,-0.0032,0.8255,0.3094,0.0123,105.0924,0.0194,0.0008,1.0509,0.2681,-0.029,91.1914,0.0168,-0.0018,0.9119,0.2838,-0.0132,95.3568,0.0178,-0.0008,0.9536,0.4007,0.1036,134.4248,0.0251,0.0065,1.3442,0.2988,0.0017,100.7036,0.0187,0.0001,1.007,0.3488,0.0517,119.4713,0.0218,0.0032,1.1947,0.2963,-0.0008,99.7632,0.0185,-0.0,0.9976,0.29,-0.0071,97.6901,0.0181,-0.0004,0.9769,0.3064,0.0094,99.4194,0.0192,0.0006,0.9942,e93a2b3,,18992fa,2026-09-04T19:21:08+00:00
32258,44.6704,0.2268,0.0143,0.2268,0.2765,0.0497,121.2611,0.0174,0.0031,1.2126,0.1894,-0.0375,82.7908,0.0119,-0.0024,0.8279,0.2205,-0.0063,95.726,0.0139,-0.0004,0.9573,0.1937,-0.0331,86.064,0.0122,-0.0021,0.8606,0.1962,-0.0306,85.3361,0.0124,-0.0019,0.8534,0.2872,0.0604,124.2272,0.0181,0.0038,1.2423,0.2288,0.002,100.8337,0.0144,0.0001,1.0083,0.2544,0.0276,111.4236,0.016,0.0017,1.1142,0.2258,-0.001,99.6342,0.0142,-0.0001,0.9963,0.2217,-0.0051,98.0507,0.014,-0.0003,0.9805,0.2454,0.0186,109.4811,0.0155,0.0012,1.0948,e93a2b3,,18992fa,2026-09-04T19:21:08+00:00
32259,40.3447,0.1549,0.0101,0.1549,0.2116,0.0566,137.9686,0.0138,0.0037,1.3797,0.125,-0.0299,80.6883,0.0081,-0.0019,0.8069,0.1821,0.0272,118.4062,0.0118,0.0018,1.1841,0.1463,-0.0086,95.7791,0.0095,-0.0006,0.9578,0.148,-0.007,95.5194,0.0096,-0.0005,0.9552,0.2264,0.0714,147.4703,0.0147,0.0047,1.4747,0.1712,0.0162,112.7299,0.0111,0.0011,1.1273,0.2026,0.0476,130.9207,0.0132,0.0031,1.3092,0.1536,-0.0014,98.3928,0.01,-0.0001,0.9839,0.1412,-0.0137,90.3068,0.0092,-0.0009,0.9031,0.0936,-0.0613,56.019,0.0061,-0.004,0.5602,e93a2b3,,18992fa,2026-09-04T19:21:08+00:00
32261,38.3249,0.1224,0.0082,0.1224,0.1587,0.0363,127.6561,0.0106,0.0024,1.2766,0.1161,-0.0063,96.355,0.0078,-0.0004,0.9635,0.1325,0.0101,109.3681,0.0089,0.0007,1.0937,0.121,-0.0014,99.9383,0.0081,-0.0001,0.9994,0.1079,-0.0145,86.6626,0.0072,-0.001,0.8666,0.169,0.0466,137.0245,0.0113,0.0031,1.3702,0.1511,0.0287,126.1784,0.0102,0.0019,1.2618,0.1435,0.0211,116.2239,0.0096,0.0014,1.1622,0.1158,-0.0066,93.0674,0.0078,-0.0004,0.9307,0.1009,-0.0215,81.9471,0.0068,-0.0014,0.8195,0.0554,-0.067,40.803,0.0037,-0.0045,0.408,e93a2b3,,18992fa,2026-09-04T19:21:08+00:00
32262,36.0045,0.1257,0.0089,0.1257,0.1297,0.004,96.4996,0.0092,0.0003,0.965,0.1356,0.0099,115.2671,0.0096,0.0007,1.1527,0.1227,-0.003,102.587,0.0087,-0.0002,1.0259,0.1838,0.058,154.1353,0.013,0.0041,1.5414,0.0928,-0.033,65.7471,0.0066,-0.0023,0.6575,0.143,0.0172,111.9635,0.0101,0.0012,1.1196,0.1881,0.0624,158.7702,0.0133,0.0044,1.5877,0.1159,-0.0098,94.5896,0.0082,-0.0007,0.9459,0.1165,-0.0092,86.6193,0.0082,-0.0006,0.8662,0.1187,-0.0071,94.5615,0.0084,-0.0005,0.9456,0.0684,-0.0574,37.8133,0.0049,-0.004,0.3781,e93a2b3,,18992fa,2026-09-04T19:21:08+00:00
32263,33.4862,0.1037,0.0073,0.1037,0.1025,-0.0012,92.1488,0.0073,-0.0001,0.9215,0.1204,0.0167,120.2663,0.0085,0.0012,1.2027,0.1003,-0.0034,91.8282,0.0071,-0.0002,0.9183,0.1197,0.0161,167.9269,0.0085,0.0011,1.6793,0.0731,-0.0305,52.2547,0.0052,-0.0022,0.5225,0.1174,0.0138,130.5428,0.0083,0.001,1.3054,0.1642,0.0606,236.8461,0.0116,0.0043,2.3685,0.0917,-0.012,80.8324,0.0065,-0.0009,0.8083,0.0945,-0.0091,97.2106,0.0067,-0.0006,0.9721,0.111,0.0074,123.6837,0.0079,0.0005,1.2368,0.0595,-0.0442,40.9323,0.0042,-0.0031,0.4093,e93a2b3,,18992fa,2026-09-04T19:21:08+00:00
32264,41.8973,0.2736,0.02,0.2736,0.3008,0.0272,113.1202,0.022,0.002,1.1312,0.2772,0.0036,102.6852,0.0203,0.0003,1.0269,0.2466,-0.0269,89.7101,0.018,-0.002,0.8971,0.3091,0.0356,146.6567,0.0226,0.0026,1.4666,0.203,-0.0705,62.6289,0.0148,-0.0052,0.6263,0.3055,0.0319,134.0191,0.0223,0.0023,1.3402,0.394,0.1205,186.6736,0.0288,0.0088,1.8667,0.2232,-0.0504,75.7809,0.0163,-0.0037,0.7578,0.2576,-0.0159,87.8953,0.0188,-0.0012,0.879,0.2836,0.01,111.9476,0.0207,0.0007,1.1195,0.2477,-0.0259,78.1482,0.0181,-0.0019,0.7815,e93a2b3,,18992fa,2026-09-04T19:21:08+00:00
32265,23.5906,0.0025,0.0002,0.0025,0.0026,0.0001,102.2997,0.0002,0.0,1.023,0.0018,-0.0007,79.5461,0.0001,-0.0001,0.7955,0.0007,-0.0018,16.0305,0.0001,-0.0001,0.1603,0.048,0.0454,3471.489,0.0035,0.0033,34.7149,0.0,-0.0025,1.0661,0.0,-0.0002,0.0107,0.0113,0.0087,496.593,0.0008,0.0006,4.9659,0.0479,0.0454,3037.0012,0.0035,0.0033,30.37,0.0005,-0.002,16.8616,0.0,-0.0001,0.1686,0.0036,0.001,169.1346,0.0003,0.0001,1.6913,0.0065,0.0039,234.6282,0.0005,0.0003,2.3463,0.0003,-0.0023,9.648,0.0,-0.0002,0.0965,e93a2b3,,18992fa,2026-09-04T19:21:08+00:00
32266,35.8496,0.1978,0.015,0.1978,0.2241,0.0263,122.036,0.017,0.002,1.2204,0.1977,-0.0,93.1807,0.015,-0.0,0.9318,0.195,-0.0028,88.3889,0.0148,-0.0002,0.8839,0.2078,0.01,414.0611,0.0157,0.0007,4.1406,0.1034,-0.0943,36.225,0.0078,-0.0071,0.3623,0.2465,0.0487,192.5867,0.0187,0.0037,1.9259,0.2488,0.0511,410.9936,0.0188,0.0038,4.1099,0.1583,-0.0395,69.9775,0.012,-0.003,0.6998,0.1883,-0.0094,100.4634,0.0143,-0.0007,1.0046,0.2338,0.0361,150.4511,0.0177,0.0027,1.5045,0.1413,-0.0565,55.4371,0.0107,-0.0043,0.5544,e93a2b3,,18992fa,2026-09-04T19:21:08+00:00
32267,29.193,0.0907,0.0069,0.0907,0.0915,0.0009,178.551,0.0069,0.0001,1.7855,0.0982,0.0076,104.5166,0.0074,0.0006,1.0452,0.0895,-0.0015,88.3066,0.0068,-0.0001,0.8831,0.1089,0.0183,299.5123,0.0083,0.0014,2.9951,0.0454,-0.0453,27.6254,0.0034,-0.0034,0.2763,0.1176,0.027,413.6379,0.0089,0.0021,4.1364,0.1246,0.034,205.3768,0.0094,0.0025,2.0538,0.0749,-0.0158,93.5696,0.0057,-0.0012,0.9357,0.0843,-0.0063,89.5385,0.0064,-0.0005,0.8954,0.1143,0.0237,205.5782,0.0087,0.0018,2.0558,0.0683,-0.0224,58.0933,0.0052,-0.0017,0.5809,e93a2b3,,18992fa,2026-09-04T19:21:08+00:00
32268,38.8978,0.1403,0.0105,0.1403,0.1567,0.0165,116.8612,0.0117,0.0012,1.1686,0.1538,0.0135,109.2337,0.0115,0.001,1.0923,0.1202,-0.0201,83.2484,0.009,-0.0015,0.8325,0.1716,0.0313,118.9982,0.0129,0.0024,1.19,0.084,-0.0562,50.4858,0.0063,-0.0042,0.5049,0.1474,0.0072,129.885,0.0111,0.0005,1.2988,0.2076,0.0673,170.2882,0.0156,0.005,1.7029,0.1183,-0.022,87.3312,0.0089,-0.0016,0.8733,0.133,-0.0073,88.5585,0.01,-0.0006,0.8856,0.1542,0.014,118.8844,0.0116,0.0011,1.1888,0.1347,-0.0056,91.1192,0.0101,-0.0004,0.9112,e93a2b3,,18992fa,2026-09-04T19:21:08+00:00
32269,34.7365,0.0852,0.0066,0.0852,0.0777,-0.0075,94.6727,0.006,-0.0006,0.9467,0.1032,0.018,142.485,0.008,0.0014,1.4248,0.0881,0.0028,117.0047,0.0068,0.0002,1.17,0.1185,0.0332,129.7401,0.0092,0.0026,1.2974,0.0361,-0.0491,29.8311,0.0028,-0.0038,0.2983,0.1047,0.0195,326.0489,0.0081,0.0015,3.2605,0.1288,0.0436,205.7785,0.01,0.0034,2.0578,0.083,-0.0022,143.6253,0.0064,-0.0002,1.4363,0.0773,-0.0079,93.2829,0.006,-0.0006,0.9328,0.0953,0.0101,113.581,0.0074,0.0008,1.1358,0.0713,-0.0139,68.6264,0.0055,-0.0011,0.6863,e93a2b3,,18992fa,2026-09-04T19:21:08+00:00
32271,44.6231,0.2165,0.014,0.2165,0.2884,0.0718,133.8308,0.0187,0.0047,1.3383,0.1852,-0.0314,85.1553,0.012,-0.002,0.8516,0.236,0.0195,109.9152,0.0153,0.0013,1.0992,0.1769,-0.0396,82.293,0.0115,-0.0026,0.8229,0.1948,-0.0217,90.3024,0.0126,-0.0014,0.903,0.3057,0.0892,141.7943,0.0198,0.0058,1.4179,0.2292,0.0126,106.9327,0.0149,0.0008,1.0693,0.2714,0.0549,126.4173,0.0176,0.0036,1.2642,0.2168,0.0002,100.0726,0.0141,0.0,1.0007,0.2044,-0.0121,94.2405,0.0132,-0.0008,0.9424,0.1799,-0.0367,80.5222,0.0116,-0.0024,0.8052,e93a2b3,,18992fa,2026-09-04T19:21:08+00:00
32272,35.6149,0.1037,0.0072,0.1037,0.1249,0.0212,118.0431,0.0086,0.0014,1.1804,0.0994,-0.0043,95.7436,0.0069,-0.0003,0.9574,0.1038,0.0001,100.7505,0.0072,-0.0,1.0075,0.1396,0.0359,142.7403,0.0097,0.0026,1.4274,0.0901,-0.0136,85.9633,0.0062,-0.0009,0.8596,0.1303,0.0266,124.6439,0.009,0.0018,1.2464,0.1472,0.0435,146.854,0.0102,0.003,1.4685,0.1199,0.0162,116.0021,0.0082,0.0011,1.16,0.092,-0.0118,84.9533,0.0063,-0.0008,0.8495,0.0899,-0.0139,86.4067,0.0062,-0.0009,0.8641,0.0642,-0.0396,56.8144,0.0044,-0.0027,0.5681,e93a2b3,,18992fa,2026-09-04T19:21:08+00:00
32273,38.229,0.1261,0.0082,0.1261,0.1551,0.029,123.4323,0.0101,0.0019,1.2343,0.1074,-0.0187,85.3975,0.007,-0.0012,0.854,0.1044,-0.0217,82.7381,0.0068,-0.0014,0.8274,0.1189,-0.0072,95.8451,0.0078,-0.0004,0.9585,0.1053,-0.0207,83.6635,0.0069,-0.0013,0.8366,0.1445,0.0184,114.4738,0.0094,0.0012,1.1447,0.1373,0.0113,110.7687,0.009,0.0007,1.1077,0.1499,0.0238,120.3472,0.0098,0.0016,1.2035,0.134,0.0079,105.9786,0.0087,0.0005,1.0598,0.1018,-0.0242,80.4321,0.0066,-0.0016,0.8043,0.1343,0.0083,105.1495,0.0088,0.0005,1.0515,e93a2b3,,18992fa,2026-09-04T19:21:08+00:00
32274,31.7999,0.0723,0.0053,0.0723,0.0832,0.0109,127.8233,0.0061,0.0008,1.2782,0.0722,-0.0001,90.7902,0.0053,0.0,0.9079,0.065,-0.0073,86.0034,0.0048,-0.0005,0.86,0.1392,0.0669,236.4729,0.0102,0.0049,2.3647,0.059,-0.0133,81.1144,0.0043,-0.001,0.8111,0.0738,0.0016,103.6835,0.0054,0.0001,1.0368,0.1171,0.0448,191.144,0.0086,0.0033,1.9114,0.0742,0.002,117.8309,0.0054,0.0001,1.1783,0.0628,-0.0095,81.2754,0.0046,-0.0007,0.8128,0.0701,-0.0022,98.2101,0.0051,-0.0001,0.9821,0.0527,-0.0195,57.7433,0.0039,-0.0014,0.5774,e93a2b3,,18992fa,2026-09-04T19:21:08+00:00
32275,28.0537,0.0547,0.0041,0.0547,0.0634,0.0087,154.5655,0.0047,0.0006,1.5457,0.0635,0.0088,120.3279,0.0048,0.0007,1.2033,0.0446,-0.0101,61.6787,0.0033,-0.0007,0.6168,0.0884,0.0337,238.8727,0.0066,0.0025,2.3887,0.037,-0.0177,60.5919,0.0027,-0.0013,0.6059,0.0506,-0.0041,88.6456,0.0037,-0.0003,0.8865,0.0776,0.0229,176.9718,0.0058,0.0017,1.7697,0.0627,0.008,142.7573,0.0047,0.0006,1.4276,0.0534,-0.0012,107.3586,0.004,-0.0001,1.0736,0.0444,-0.0103,81.8562,0.0033,-0.0008,0.8186,0.0522,-0.0025,93.8951,0.0039,-0.0002,0.939,e93a2b3,,18992fa,2026-09-04T19:21:08+00:00
32276,36.8063,0.1447,0.0102,0.1447,0.1392,-0.0055,92.6871,0.0098,-0.0004,0.9269,0.1272,-0.0175,102.698,0.009,-0.0012,1.027,0.1101,-0.0345,77.9671,0.0078,-0.0024,0.7797,0.1506,0.0059,110.9339,0.0107,0.0004,1.1093,0.1347,-0.01,91.9332,0.0095,-0.0007,0.9193,0.1733,0.0286,117.7799,0.0123,0.002,1.1778,0.1631,0.0184,122.0029,0.0116,0.0013,1.22,0.1483,0.0036,100.4356,0.0105,0.0003,1.0044,0.1501,0.0054,98.546,0.0106,0.0004,0.9855,0.109,-0.0357,79.3235,0.0077,-0.0025,0.7932,0.1637,0.019,109.5635,0.0116,0.0013,1.0956,e93a2b3,,18992fa,2026-09-04T19:21:08+00:00
32277,24.1909,0.0114,0.0009,0.0114,0.0093,-0.0021,56.9966,0.0007,-0.0002,0.57,0.0246,0.0133,346.0558,0.0019,0.001,3.4606,0.0058,-0.0056,23.672,0.0004,-0.0004,0.2367,0.0188,0.0074,198.7929,0.0014,0.0006,1.9879,0.0082,-0.0032,107.1379,0.0006,-0.0002,1.0714,0.0119,0.0005,110.0889,0.0009,0.0,1.1009,0.0201,0.0087,201.8523,0.0015,0.0007,2.0185,0.0104,-0.0009,101.3038,0.0008,-0.0001,1.013,0.0111,-0.0003,77.2004,0.0008,-0.0,0.772,0.007,-0.0044,56.7098,0.0005,-0.0003,0.5671,0.0159,0.0046,216.9888,0.0012,0.0004,2.1699,e93a2b3,,18992fa,2026-09-04T19:21:08+00:00
32278,27.5641,0.0343,0.0027,0.0343,0.0206,-0.0136,55.5258,0.0016,-0.0011,0.5553,0.0507,0.0164,151.1424,0.004,0.0013,1.5114,0.0296,-0.005,74.6195,0.0024,-0.0004,0.7462,0.0505,0.0162,193.6677,0.004,0.0013,1.9367,0.0217,-0.0125,64.3509,0.0017,-0.001,0.6435,0.035,0.0008,98.6499,0.0028,0.0001,0.9865,0.0455,0.0112,138.5137,0.0036,0.0009,1.3851,0.0231,-0.0112,68.5578,0.0018,-0.0009,0.6856,0.0354,0.0011,95.5823,0.0028,0.0001,0.9558,0.033,-0.0012,111.3979,0.0026,-0.0001,1.114,0.0433,0.009,166.6081,0.0035,0.0007,1.6661,e93a2b3,,18992fa,2026-09-04T19:21:08+00:00
32279,23.351,0.0134,0.001,0.0134,0.0168,0.0035,182.6652,0.0013,0.0003,1.8267,0.0189,0.0055,186.3532,0.0015,0.0004,1.8635,0.0161,0.0019,127.2053,0.0013,0.0002,1.2721,0.0194,0.0061,332.064,0.0015,0.0005,3.3206,0.0048,-0.0085,53.0345,0.0004,-0.0007,0.5303,0.0111,-0.0022,82.7637,0.0009,-0.0002,0.8276,0.0155,0.0022,132.0,0.0012,0.0002,1.32,0.0157,0.0024,104.3049,0.0012,0.0002,1.043,0.0139,0.0005,105.8118,0.0011,0.0,1.0581,0.0116,-0.0018,101.5771,0.0009,-0.0001,1.0158,0.015,0.0016,121.1503,0.0012,0.0001,1.2115,e93a2b3,,18992fa,2026-09-04T19:21:08+00:00
32280,22.5122,0.0004,0.0,0.0004,0.0002,-0.0002,45.5894,0.0,-0.0,0.4559,0.0034,0.003,969.269,0.0003,0.0003,9.6927,0.0001,-0.0002,34.2446,0.0,-0.0,0.3424,0.0003,-0.0,98.2361,0.0,-0.0,0.9824,0.0001,-0.0002,37.7837,0.0,-0.0,0.3778,0.0003,-0.0,89.8886,0.0,-0.0,0.8989,0.0027,0.0024,752.8416,0.0002,0.0002,7.5284,0.0007,0.0003,193.2942,0.0001,0.0,1.9329,0.0016,0.0012,452.854,0.0001,0.0001,4.5285,0.0001,-0.0002,35.2975,0.0,-0.0,0.353,0.0004,0.0,109.344,0.0,0.0,1.0934,e93a2b3,,18992fa,2026-09-04T19:21:08+00:00
32281,18.8289,0.0006,0.0,0.0006,0.0003,-0.0003,50.4941,0.0,-0.0,0.5049,0.0006,0.0,106.651,0.0,0.0,1.0665,0.0,-0.0006,3.5226,0.0,-0.0,0.0352,0.0023,0.0018,474.0195,0.0002,0.0001,4.7402,0.0004,-0.0002,64.6595,0.0,-0.0,0.6466,0.0002,-0.0004,26.2609,0.0,-0.0,0.2626,0.0007,0.0002,121.4423,0.0001,0.0,1.2144,0.0004,-0.0002,54.4905,0.0,-0.0,0.5449,0.0006,0.0,104.8289,0.0,0.0,1.0483,0.0009,0.0003,145.8737,0.0001,0.0,1.4587,0.001,0.0004,158.0604,0.0001,0.0,1.5806,e93a2b3,,18992fa,2026-09-04T19:21:08+00:00
32282,26.0904,0.0162,0.0013,0.0162,0.0063,-0.0099,46.9823,0.0005,-0.0008,0.4698,0.0259,0.0098,179.6942,0.0021,0.0008,1.7969,0.0211,0.0047,104.7578,0.0017,0.0004,1.0476,0.0139,-0.0022,90.3762,0.0011,-0.0002,0.9038,0.0135,-0.0027,68.3767,0.0011,-0.0002,0.6838,0.0144,-0.0018,79.6112,0.0012,-0.0001,0.7961,0.0227,0.0065,189.9772,0.0018,0.0005,1.8998,0.0042,-0.012,40.554,0.0003,-0.001,0.4055,0.0084,-0.0078,81.8352,0.0007,-0.0006,0.8184,0.036,0.0198,264.7572,0.0029,0.0016,2.6476,0.0393,0.0231,282.2943,0.0032,0.0019,2.8229,e93a2b3,,18992fa,2026-09-04T19:21:08+00:00
32283,21.4091,0.0011,0.0001,0.0011,0.0008,-0.0004,60.809,0.0001,-0.0,0.6081,0.0029,0.0018,263.2209,0.0002,0.0001,2.6322,0.0002,-0.001,9.3944,0.0,-0.0001,0.0939,0.001,-0.0001,130.4604,0.0001,-0.0,1.3046,0.0008,-0.0003,56.4785,0.0001,-0.0,0.5648,0.0006,-0.0005,41.0057,0.0001,-0.0,0.4101,0.0045,0.0034,361.0974,0.0004,0.0003,3.611,0.0008,-0.0003,52.7392,0.0001,-0.0,0.5274,0.0021,0.001,197.718,0.0002,0.0001,1.9772,0.0032,0.0021,249.2111,0.0003,0.0002,2.4921,0.0028,0.0016,206.8645,0.0002,0.0001,2.0686,e93a2b3,,18992fa,2026-09-04T19:21:08+00:00
32284,22.8643,0.0018,0.0001,0.0018,0.001,-0.0008,65.5779,0.0001,-0.0001,0.6558,0.0069,0.0051,606.1895,0.0006,0.0004,6.0619,0.0015,-0.0005,21.9466,0.0001,-0.0,0.2195,0.0008,-0.001,67.0214,0.0001,-0.0001,0.6702,0.0017,-0.0001,64.8777,0.0001,-0.0,0.6488,0.0007,-0.0011,30.8609,0.0001,-0.0001,0.3086,0.0068,0.005,683.7081,0.0006,0.0004,6.8371,0.0009,-0.0009,54.5084,0.0001,-0.0001,0.5451,0.0028,0.001,335.2958,0.0002,0.0001,3.353,0.0114,0.0096,686.2429,0.0009,0.0008,6.8624,0.0077,0.0059,439.1279,0.0006,0.0005,4.3913,e93a2b3,,18992fa,2026-09-04T19:21:08+00:00
32285,20.1868,0.0006,0.0,0.0006,0.0005,-0.0,88.7225,0.0,-0.0,0.8872,0.0031,0.0025,797.0714,0.0002,0.0002,7.9707,0.0001,-0.0004,8.8877,0.0,-0.0,0.0889,0.0009,0.0004,218.5793,0.0001,0.0,2.1858,0.0002,-0.0003,35.7119,0.0,-0.0,0.3571,0.0003,-0.0002,50.2936,0.0,-0.0,0.5029,0.0029,0.0023,798.377,0.0002,0.0002,7.9838,0.0002,-0.0003,28.3457,0.0,-0.0,0.2835,0.0021,0.0016,618.2341,0.0002,0.0001,6.1823,0.0009,0.0003,150.3718,0.0001,0.0,1.5037,0.0007,0.0001,130.3055,0.0001,0.0,1.3031,e93a2b3,,18992fa,2026-09-04T19:21:08+00:00
32286,23.7101,0.0022,0.0002,0.0022,0.0018,-0.0004,90.5329,0.0001,-0.0,0.9053,0.0081,0.0059,679.5497,0.0007,0.0005,6.7955,0.0102,0.008,260.0099,0.0009,0.0007,2.6001,0.0015,-0.0007,143.3748,0.0001,-0.0001,1.4337,0.0019,-0.0003,77.8675,0.0002,-0.0,0.7787,0.0024,0.0001,104.8661,0.0002,0.0,1.0487,0.0044,0.0022,478.0801,0.0004,0.0002,4.7808,0.0018,-0.0004,53.057,0.0002,-0.0,0.5306,0.0049,0.0027,454.2604,0.0004,0.0002,4.5426,0.0014,-0.0008,24.9947,0.0001,-0.0001,0.2499,0.0039,0.0017,120.9624,0.0003,0.0001,1.2096,e93a2b3,,18992fa,2026-09-04T19:21:08+00:00
32287,20.5491,0.0002,0.0,0.0002,0.0003,0.0001,170.0312,0.0,0.0,1.7003,0.0041,0.0039,2433.2034,0.0003,0.0003,24.332,0.0,-0.0002,2.401,0.0,-0.0,0.024,0.0006,0.0004,360.5057,0.0001,0.0,3.6051,0.0001,-0.0001,46.4252,0.0,-0.0,0.4643,0.0001,-0.0001,56.0423,0.0,-0.0,0.5604,0.0036,0.0034,2019.3075,0.0003,0.0003,20.1931,0.0,-0.0002,24.7883,0.0,-0.0,0.2479,0.0025,0.0023,1449.2699,0.0002,0.0002,14.4927,0.0,-0.0002,15.6153,0.0,-0.0,0.1562,0.0002,0.0,105.467,0.0,0.0,1.0547,e93a2b3,,18992fa,2026-09-04T19:21:08+00:00
32288,21.804,0.0003,0.0,0.0003,0.0003,-0.0,108.9613,0.0,-0.0,1.0896,0.007,0.0067,3578.0894,0.0006,0.0006,35.7809,0.0002,-0.0001,46.3929,0.0,-0.0,0.4639,0.0006,0.0003,334.5231,0.0001,0.0,3.3452,0.0002,-0.0001,63.2284,0.0,-0.0,0.6323,0.0003,-0.0,98.3182,0.0,-0.0,0.9832,0.0038,0.0035,1859.1141,0.0003,0.0003,18.5911,0.0002,-0.0001,50.1117,0.0,-0.0,0.5011,0.002,0.0017,970.1983,0.0002,0.0001,9.702,0.0,-0.0003,4.08,0.0,-0.0,0.0408,0.0004,0.0001,123.6281,0.0,0.0,1.2363,e93a2b3,,18992fa,2026-09-04T19:21:08+00:00
32289,21.2056,0.0015,0.0001,0.0015,0.0009,-0.0006,138.2904,0.0001,-0.0,1.3829,0.0082,0.0068,2335.4338,0.0007,0.0006,23.3543,0.0017,0.0002,18.4925,0.0001,0.0,0.1849,0.0011,-0.0004,176.098,0.0001,-0.0,1.761,0.0015,-0.0,43.9362,0.0001,-0.0,0.4394,0.0008,-0.0007,38.2935,0.0001,-0.0001,0.3829,0.0052,0.0037,798.7978,0.0004,0.0003,7.988,0.0008,-0.0007,82.7167,0.0001,-0.0001,0.8272,0.0024,0.0009,671.6581,0.0002,0.0001,6.7166,0.0046,0.0031,179.9223,0.0004,0.0003,1.7992,0.0035,0.002,154.4267,0.0003,0.0002,1.5443,e93a2b3,,18992fa,2026-09-04T19:21:08+00:00
32290,24.0579,0.0059,0.0005,0.0059,0.0026,-0.0032,45.3655,0.0002,-0.0003,0.4537,0.0031,-0.0028,52.0673,0.0002,-0.0002,0.5207,0.0255,0.0196,428.028,0.0021,0.0016,4.2803,0.0047,-0.0012,81.8833,0.0004,-0.0001,0.8188,0.0022,-0.0036,37.9601,0.0002,-0.0003,0.3796,0.027,0.0212,458.2392,0.0022,0.0017,4.5824,0.006,0.0001,103.5567,0.0005,0.0,1.0356,0.0096,0.0037,164.5309,0.0008,0.0003,1.6453,0.0034,-0.0025,58.303,0.0003,-0.0002,0.583,0.0215,0.0156,362.483,0.0017,0.0013,3.6248,0.0065,0.0007,111.3518,0.0005,0.0001,1.1135,e93a2b3,,18992fa,2026-09-04T19:21:08+00:00
32291,20.4868,0.0014,0.0001,0.0014,0.0025,0.0011,165.5239,0.0002,0.0001,1.6552,0.0043,0.0029,283.4866,0.0003,0.0002,2.8349,0.0005,-0.001,23.3207,0.0,-0.0001,0.2332,0.0024,0.001,237.6774,0.0002,0.0001,2.3768,0.0008,-0.0006,59.5806,0.0001,-0.0,0.5958,0.0012,-0.0002,72.4738,0.0001,-0.0,0.7247,0.0025,0.0011,166.8354,0.0002,0.0001,1.6684,0.0009,-0.0004,58.2946,0.0001,-0.0,0.5829,0.0014,0.0,106.0629,0.0001,0.0,1.0606,0.0016,0.0002,118.8295,0.0001,0.0,1.1883,0.0011,-0.0002,86.8722,0.0001,-0.0,0.8687,e93a2b3,,18992fa,2026-09-04T19:21:08+00:00
32292,21.8263,0.011,0.0009,0.011,0.0128,0.0018,178.8465,0.001,0.0001,1.7885,0.0165,0.0056,200.6668,0.0013,0.0004,2.0067,0.0304,0.0195,387.3754,0.0024,0.0015,3.8738,0.0081,-0.0029,112.9769,0.0006,-0.0002,1.1298,0.003,-0.008,34.129,0.0002,-0.0006,0.3413,0.015,0.004,220.2421,0.0012,0.0003,2.2024,0.0129,0.002,117.8509,0.001,0.0002,1.1785,0.0276,0.0166,238.3144,0.0021,0.0013,2.3831,0.0115,0.0005,113.1905,0.0009,0.0,1.1319,0.0054,-0.0056,54.5061,0.0004,-0.0004,0.5451,0.0054,-0.0056,44.203,0.0004,-0.0004,0.442,e93a2b3,,18992fa,2026-09-04T19:21:08+00:00
32293,18.7748,0.0014,0.0001,0.0014,0.0019,0.0005,137.2548,0.0002,0.0,1.3725,0.0047,0.0033,342.0319,0.0004,0.0003,3.4203,0.0006,-0.0008,38.9985,0.0,-0.0001,0.39,0.0029,0.0016,221.5022,0.0002,0.0001,2.215,0.0006,-0.0008,43.593,0.0,-0.0001,0.4359,0.0017,0.0004,128.6777,0.0001,0.0,1.2868,0.0033,0.002,249.2079,0.0003,0.0002,2.4921,0.0005,-0.0009,36.2425,0.0,-0.0001,0.3624,0.0024,0.001,178.6031,0.0002,0.0001,1.786,0.0002,-0.0012,16.0315,0.0,-0.0001,0.1603,0.0004,-0.001,26.6233,0.0,-0.0001,0.2662,e93a2b3,,18992fa,2026-09-04T19:21:08+00:00
32294,21.2463,0.0018,0.0001,0.0018,0.0014,-0.0004,90.7497,0.0001,-0.0,0.9075,0.0026,0.0009,167.2304,0.0002,0.0001,1.6723,0.0026,0.0009,72.8821,0.0002,0.0001,0.7288,0.0032,0.0015,247.0171,0.0003,0.0001,2.4702,0.0015,-0.0003,68.9454,0.0001,-0.0,0.6895,0.0013,-0.0005,93.0196,0.0001,-0.0,0.9302,0.0049,0.0031,305.4936,0.0004,0.0003,3.0549,0.0012,-0.0006,50.3226,0.0001,-0.0,0.5032,0.0074,0.0057,489.2078,0.0006,0.0005,4.8921,0.0014,-0.0003,50.7367,0.0001,-0.0,0.5074,0.0017,-0.0001,90.4825,0.0001,-0.0,0.9048,e93a2b3,,18992fa,2026-09-04T19:21:08+00:00
32295,18.1308,0.001,0.0001,0.001,0.0013,0.0003,148.1236,0.0001,0.0,1.4812,0.0021,0.0011,236.7307,0.0002,0.0001,2.3673,0.0009,-0.0001,64.475,0.0001,-0.0,0.6447,0.0033,0.0023,414.6758,0.0003,0.0002,4.1468,0.0002,-0.0008,19.4724,0.0,-0.0001,0.1947,0.001,0.0,92.8804,0.0001,0.0,0.9288,0.0015,0.0005,176.278,0.0001,0.0,1.7628,0.0003,-0.0007,27.7845,0.0,-0.0001,0.2778,0.0025,0.0015,301.5491,0.0002,0.0001,3.0155,0.0004,-0.0006,41.8886,0.0,-0.0,0.4189,0.0008,-0.0002,79.7999,0.0001,-0.0,0.798,e93a2b3,,18992fa,2026-09-04T19:21:08+00:00
32296,24.4845,0.0124,0.001,0.0124,0.0076,-0.0049,102.3925,0.0006,-0.0004,1.0239,0.0122,-0.0002,66.9914,0.001,-0.0,0.6699,0.0222,0.0098,265.8247,0.0018,0.0008,2.6582,0.0154,0.003,191.962,0.0012,0.0002,1.9196,0.003,-0.0094,31.4691,0.0002,-0.0007,0.3147,0.0191,0.0067,214.4883,0.0015,0.0005,2.1449,0.0172,0.0048,139.0563,0.0014,0.0004,1.3906,0.0126,0.0002,117.944,0.001,0.0,1.1794,0.01,-0.0024,137.1399,0.0008,-0.0002,1.3714,0.0139,0.0015,103.0099,0.0011,0.0001,1.0301,0.0074,-0.005,104.6485,0.0006,-0.0004,1.0465,e93a2b3,,18992fa,2026-09-04T19:21:08+00:00
32297,18.8024,0.0007,0.0001,0.0007,0.0009,0.0002,126.7564,0.0001,0.0,1.2676,0.0007,0.0,100.0,0.0001,0.0,1.0,0.0003,-0.0004,42.221,0.0,-0.0,0.4222,0.0044,0.0037,617.7338,0.0004,0.0003,6.1773,0.0002,-0.0005,28.2213,0.0,-0.0,0.2822,0.0002,-0.0005,29.2974,0.0,-0.0,0.293,0.0017,0.001,233.5779,0.0001,0.0001,2.3358,0.0003,-0.0004,43.0205,0.0,-0.0,0.4302,0.0044,0.0037,612.7054,0.0004,0.0003,6.1271,0.0002,-0.0006,22.5187,0.0,-0.0,0.2252,0.0021,0.0014,293.1207,0.0002,0.0001,2.9312,e93a2b3,,18992fa,2026-09-04T19:21:08+00:00
32298,28.3429,0.0119,0.001,0.0119,0.0046,-0.0073,54.6357,0.0004,-0.0006,0.5464,0.017,0.0051,142.8149,0.0014,0.0004,1.4281,0.0251,0.0132,257.7274,0.0021,0.0011,2.5773,0.0059,-0.006,110.3538,0.0005,-0.0005,1.1035,0.0127,0.0008,91.0742,0.0011,0.0001,0.9107,0.0094,-0.0025,56.763,0.0008,-0.0002,0.5676,0.0124,0.0004,118.2086,0.001,0.0,1.1821,0.0067,-0.0052,80.6792,0.0006,-0.0004,0.8068,0.0123,0.0004,181.3821,0.001,0.0,1.8138,0.0302,0.0183,336.6313,0.0025,0.0015,3.3663,0.02,0.008,185.3641,0.0017,0.0007,1.8536,e93a2b3,,18992fa,2026-09-04T19:21:08+00:00
32299,28.2883,0.0204,0.0017,0.0204,0.0111,-0.0093,67.9052,0.0009,-0.0008,0.6791,0.025,0.0045,105.3681,0.0021,0.0004,1.0537,0.0398,0.0193,382.3983,0.0033,0.0016,3.824,0.0125,-0.008,129.5844,0.001,-0.0007,1.2958,0.0157,-0.0047,49.2243,0.0013,-0.0004,0.4922,0.0328,0.0124,277.4555,0.0027,0.001,2.7746,0.0192,-0.0012,74.941,0.0016,-0.0001,0.7494,0.0136,-0.0068,146.6418,0.0011,-0.0006,1.4664,0.0195,-0.001,119.5473,0.0016,-0.0001,1.1955,0.0417,0.0213,350.2617,0.0034,0.0017,3.5026,0.0253,0.0049,134.8373,0.0021,0.0004,1.3484,e93a2b3,,18992fa,2026-09-04T19:21:08+00:00
32300,62.698,0.2345,0.0091,0.2345,0.2184,-0.0161,92.9395,0.0085,-0.0006,0.9294,0.2264,-0.0082,96.5829,0.0088,-0.0003,0.9658,0.212,-0.0226,90.525,0.0082,-0.0009,0.9052,0.256,0.0215,109.5242,0.01,0.0008,1.0952,0.2579,0.0234,109.9872,0.0101,0.001,1.0999,0.299,0.0644,126.8918,0.0116,0.0025,1.2689,0.2074,-0.0271,88.8203,0.0081,-0.001,0.8882,0.2131,-0.0214,90.8891,0.0083,-0.0008,0.9089,0.2651,0.0306,113.3601,0.0103,0.0011,1.1336,0.2299,-0.0047,97.8706,0.0089,-0.0002,0.9787,0.2707,0.0362,115.2121,0.0106,0.0014,1.1521,e93a2b3,,18992fa,2026-09-04T19:21:08+00:00
33100,67.2319,0.1701,0.0053,0.1701,0.1637,-0.0065,96.1891,0.0051,-0.0002,0.9619,0.2003,0.0302,117.7462,0.0063,0.0009,1.1775,0.1656,-0.0046,97.3156,0.0052,-0.0001,0.9732,0.1764,0.0062,103.6491,0.0055,0.0002,1.0365,0.1871,0.017,109.9777,0.0059,0.0005,1.0998,0.201,0.0309,118.1603,0.0063,0.001,1.1816,0.1589,-0.0112,93.4116,0.005,-0.0004,0.9341,0.1545,-0.0156,90.8014,0.0048,-0.0005,0.908,0.1701,0.0,100.0,0.0053,0.0,1.0,0.1625,-0.0076,95.5233,0.0051,-0.0002,0.9552,0.1757,0.0056,103.2664,0.0055,0.0002,1.0327,e93a2b3,,18992fa,2026-09-04T19:21:08+00:00
33110,62.9054,0.1621,0.0057,0.1621,0.1464,-0.0157,90.3736,0.0051,-0.0006,0.9037,0.1662,0.004,102.5459,0.0058,0.0001,1.0255,0.1448,-0.0174,89.1331,0.0051,-0.0006,0.8913,0.1999,0.0378,123.592,0.007,0.0013,1.2359,0.1646,0.0025,101.5669,0.0058,0.0001,1.0157,0.1604,-0.0017,98.5097,0.0056,-0.0001,0.9851,0.159,-0.0031,98.0195,0.0056,-0.0001,0.9802,0.1534,-0.0087,94.8219,0.0054,-0.0003,0.9482,0.2077,0.0455,128.2279,0.0073,0.0016,1.2823,0.1593,-0.0029,98.207,0.0056,-0.0001,0.9821,0.1793,0.0171,110.5331,0.0063,0.0006,1.1053,e93a2b3,,18992fa,2026-09-04T19:21:08+00:00
33121,60.8055,0.176,0.0062,0.176,0.1441,-0.0319,82.3917,0.0051,-0.0011,0.8239,0.1844,0.0084,104.9936,0.0065,0.0003,1.0499,0.1476,-0.0283,83.5356,0.0052,-0.001,0.8354,0.2078,0.0318,118.8737,0.0073,0.0011,1.1887,0.1705,-0.0055,97.1787,0.006,-0.0002,0.9718,0.1745,-0.0014,99.0069,0.0061,-0.0001,0.9901,0.1674,-0.0086,94.5732,0.0059,-0.0003,0.9457,0.1671,-0.0089,95.2734,0.0059,-0.0003,0.9527,0.2123,0.0363,121.6023,0.0074,0.0013,1.216,0.1802,0.0042,102.4108,0.0063,0.0001,1.0241,0.1887,0.0127,108.069,0.0066,0.0005,1.0807,e93a2b3,,18992fa,2026-09-04T19:21:08+00:00
33122,60.9335,0.1967,0.0073,0.1967,0.1712,-0.0255,87.0138,0.0064,-0.0009,0.8701,0.1925,-0.0042,98.0091,0.0072,-0.0002,0.9801,0.1641,-0.0326,83.1243,0.0061,-0.0012,0.8312,0.2101,0.0134,107.2261,0.0078,0.0005,1.0723,0.205,0.0083,104.1167,0.0076,0.0003,1.0412,0.2218,0.0251,112.1829,0.0083,0.0009,1.1218,0.1565,-0.0402,79.7971,0.0058,-0.0015,0.798,0.1825,-0.0142,92.9015,0.0068,-0.0005,0.929,0.2219,0.0252,113.0159,0.0083,0.0009,1.1302,0.1995,0.0028,101.2651,0.0074,0.0001,1.0127,0.2281,0.0314,116.1314,0.0085,0.0012,1.1613,e93a2b3,,18992fa,2026-09-04T19:21:08+00:00
33123,61.5377,0.1971,0.0069,0.1971,0.1596,-0.0375,81.1029,0.0056,-0.0013,0.811,0.2006,0.0035,101.9097,0.007,0.0001,1.0191,0.1709,-0.0262,86.4599,0.006,-0.0009,0.8646,0.197,-0.0001,100.2719,0.0069,0.0,1.0027,0.1854,-0.0117,94.1109,0.0065,-0.0004,0.9411,0.2025,0.0054,102.5449,0.0071,0.0002,1.0254,0.2024,0.0053,102.6099,0.0071,0.0002,1.0261,0.19,-0.0071,96.5253,0.0067,-0.0002,0.9653,0.2192,0.0221,111.4126,0.0077,0.0008,1.1141,0.2095,0.0124,106.0558,0.0073,0.0004,1.0606,0.2095,0.0124,106.382,0.0073,0.0004,1.0638,e93a2b3,,18992fa,2026-09-04T19:21:08+00:00
33124,58.2893,0.1882,0.0071,0.1882,0.1661,-0.0221,88.4085,0.0062,-0.0008,0.8841,0.2065,0.0183,110.0131,0.0077,0.0007,1.1001,0.1593,-0.029,84.6204,0.006,-0.0011,0.8462,0.194,0.0058,103.2619,0.0073,0.0002,1.0326,0.1749,-0.0134,93.0323,0.0066,-0.0005,0.9303,0.1721,-0.0161,91.5515,0.0065,-0.0006,0.9155,0.2136,0.0254,113.5452,0.008,0.001,1.1355,0.1898,0.0015,100.7909,0.0071,0.0001,1.0079,0.2073,0.0191,110.1931,0.0078,0.0007,1.1019,0.1891,0.0009,100.256,0.0071,0.0,1.0026,0.1966,0.0084,104.6303,0.0074,0.0003,1.0463,e93a2b3,,18992fa,2026-09-04T19:21:08+00:00
33125,58.8394,0.2035,0.0077,0.2035,0.1798,-0.0237,88.408,0.0068,-0.0009,0.8841,0.21,0.0065,103.3206,0.008,0.0002,1.0332,0.1607,-0.0428,79.0511,0.0061,-0.0016,0.7905,0.2133,0.0098,104.7131,0.0081,0.0004,1.0471,0.2008,-0.0026,98.5408,0.0076,-0.0001,0.9854,0.202,-0.0014,99.239,0.0077,-0.0001,0.9924,0.2226,0.0191,109.3592,0.0085,0.0007,1.0936,0.1896,-0.0139,93.3827,0.0072,-0.0005,0.9338,0.2156,0.0121,106.0484,0.0082,0.0005,1.0605,0.1842,-0.0192,90.967,0.007,-0.0007,0.9097,0.2179,0.0144,107.1478,0.0083,0.0005,1.0715,e93a2b3,,18992fa,2026-09-04T19:21:08+00:00
33126,58.8138,0.2218,0.0087,0.2218,0.1956,-0.0261,88.4708,0.0077,-0.001,0.8847,0.2155,-0.0062,97.497,0.0085,-0.0003,0.975,0.1695,-0.0523,76.6151,0.0067,-0.0021,0.7662,0.2436,0.0218,109.7627,0.0096,0.0009,1.0976,0.2445,0.0227,110.3297,0.0096,0.0009,1.1033,0.2369,0.0152,106.9496,0.0093,0.0006,1.0695,0.2231,0.0014,100.2197,0.0088,0.0001,1.0022,0.1962,-0.0255,88.8217,0.0077,-0.001,0.8882,0.2368,0.015,106.4931,0.0093,0.0006,1.0649,0.1863,-0.0354,84.5545,0.0073,-0.0014,0.8455,0.2382,0.0164,107.957,0.0094,0.0006,1.0796,e93a2b3,,18992fa,2026-09-04T19:21:08+00:00
33127,57.0204,0.222,0.0088,0.222,0.1954,-0.0266,88.0216,0.0078,-0.0011,0.8802,0.2211,-0.0009,99.6015,0.0088,-0.0,0.996,0.1717,-0.0503,77.3595,0.0068,-0.002,0.7736,0.2512,0.0292,113.1566,0.01,0.0012,1.1316,0.2315,0.0095,104.2471,0.0092,0.0004,1.0425,0.2147,-0.0072,96.7062,0.0085,-0.0003,0.9671,0.2517,0.0297,113.4084,0.01,0.0012,1.1341,0.197,-0.025,88.7777,0.0078,-0.001,0.8878,0.2577,0.0357,116.1139,0.0103,0.0014,1.1611,0.167,-0.055,75.2264,0.0066,-0.0022,0.7523,0.2357,0.0137,106.2119,0.0094,0.0005,1.0621,e93a2b3,,18992fa,2026-09-04T19:21:08+00:00
33128,55.5706,0.181,0.0072,0.181,0.1682,-0.0128,92.9617,0.0067,-0.0005,0.9296,0.1904,0.0094,106.3179,0.0076,0.0004,1.0632,0.1561,-0.0249,86.2726,0.0062,-0.001,0.8627,0.2027,0.0217,112.1749,0.0081,0.0009,1.1217,0.1705,-0.0105,93.4845,0.0068,-0.0004,0.9348,0.1544,-0.0266,84.912,0.0062,-0.0011,0.8491,0.2091,0.0281,115.3099,0.0083,0.0011,1.1531,0.1821,0.0011,100.7094,0.0073,0.0,1.0071,0.2468,0.0658,134.3341,0.0099,0.0027,1.3433,0.1645,-0.0165,91.6314,0.0065,-0.0007,0.9163,0.2001,0.0191,109.8003,0.008,0.0008,1.098,e93a2b3,,18992fa,2026-09-04T19:21:08+00:00
33129,59.7005,0.3563,0.0154,0.3563,0.3364,-0.0198,94.4153,0.0145,-0.0009,0.9442,0.2912,-0.0651,82.5799,0.0126,-0.0028,0.8258,0.2904,-0.0658,81.3762,0.0125,-0.0028,0.8138,0.3368,-0.0195,96.3609,0.0145,-0.0009,0.9636,0.3954,0.0391,110.7699,0.0171,0.0017,1.1077,0.3785,0.0223,105.338,0.0164,0.001,1.0534,0.3634,0.0072,103.0693,0.0157,0.0003,1.0307,0.3434,-0.0128,95.428,0.0148,-0.0005,0.9543,0.452,0.0957,126.298,0.0195,0.0041,1.263,0.3074,-0.0489,84.7079,0.0133,-0.0021,0.8471,0.3891,0.0328,108.9196,0.0168,0.0014,1.0892,e93a2b3,,18992fa,2026-09-04T19:21:08+00:00
33130,65.9865,0.2574,0.0079,0.2574,0.2214,-0.036,80.1598,0.0067,-0.0012,0.8016,0.2881,0.0307,117.9199,0.0089,0.001,1.1792,0.2582,0.0008,100.5089,0.0079,0.0,1.0051,0.2722,0.0148,109.0135,0.0084,0.0005,1.0901,0.258,0.0006,100.4645,0.0079,0.0,1.0046,0.2609,0.0035,101.5391,0.008,0.0001,1.0154,0.2782,0.0207,113.1545,0.0085,0.0006,1.1315,0.239,-0.0184,90.039,0.0073,-0.0006,0.9004,0.2786,0.0212,113.2268,0.0085,0.0007,1.1323,0.2478,-0.0096,93.9182,0.0076,-0.0003,0.9392,0.236,-0.0214,88.2232,0.0072,-0.0007,0.8822,e93a2b3,,18992fa,2026-09-04T19:21:08+00:00
33141,61.5961,0.1375,0.0041,0.1375,0.1014,-0.0362,73.8287,0.0031,-0.0011,0.7383,0.1613,0.0238,117.151,0.0049,0.0007,1.1715,0.1493,0.0118,108.1263,0.0045,0.0004,1.0813,0.1459,0.0083,106.3518,0.0044,0.0003,1.0635,0.1377,0.0001,100.0781,0.0041,0.0,1.0008,0.125,-0.0125,91.0677,0.0038,-0.0004,0.9107,0.1676,0.0301,122.379,0.0051,0.0009,1.2238,0.1352,-0.0023,98.4483,0.0041,-0.0001,0.9845,0.1751,0.0375,127.2344,0.0053,0.0011,1.2723,0.1194,-0.0181,86.7446,0.0036,-0.0005,0.8674,0.1136,-0.024,82.7332,0.0034,-0.0007,0.8273,e93a2b3,,18992fa,2026-09-04T19:21:08+00:00
33142,61.9848,0.1384,0.0044,0.1384,0.1168,-0.0216,84.5474,0.0037,-0.0007,0.8455,0.1639,0.0256,118.5156,0.0052,0.0008,1.1852,0.134,-0.0044,96.3952,0.0043,-0.0001,0.964,0.1518,0.0135,110.4475,0.0048,0.0004,1.1045,0.1369,-0.0015,98.9186,0.0044,-0.0,0.9892,0.1404,0.002,100.9462,0.0045,0.0001,1.0095,0.1727,0.0343,125.3757,0.0055,0.0011,1.2538,0.1388,0.0004,100.76,0.0044,0.0,1.0076,0.1669,0.0285,121.35,0.0053,0.0009,1.2135,0.1259,-0.0125,90.8068,0.004,-0.0004,0.9081,0.1261,-0.0122,91.0478,0.004,-0.0004,0.9105,e93a2b3,,18992fa,2026-09-04T19:21:08+00:00
33143,59.8847,0.1334,0.0041,0.1334,0.1027,-0.0307,76.9704,0.0032,-0.001,0.7697,0.1548,0.0214,116.0543,0.0048,0.0007,1.1605,0.1321,-0.0013,99.0486,0.0041,-0.0,0.9905,0.1437,0.0103,107.7535,0.0045,0.0003,1.0775,0.1333,-0.0001,99.9184,0.0041,-0.0,0.9992,0.1183,-0.0151,88.6829,0.0037,-0.0005,0.8868,0.1697,0.0364,127.2629,0.0053,0.0011,1.2726,0.1374,0.004,102.9989,0.0043,0.0001,1.03,0.1725,0.0391,129.2923,0.0054,0.0012,1.2929,0.118,-0.0154,88.4602,0.0037,-0.0005,0.8846,0.1079,-0.0254,80.9312,0.0033,-0.0008,0.8093,e93a2b3,,18992fa,2026-09-04T19:21:08+00:00
33144,63.7739,0.1511,0.0047,0.1511,0.1166,-0.0345,77.1637,0.0036,-0.0011,0.7716,0.1955,0.0444,129.3359,0.0061,0.0014,1.2934,0.1762,0.025,116.1861,0.0055,0.0008,1.1619,0.1456,-0.0055,96.7481,0.0045,-0.0002,0.9675,0.1692,0.0181,111.4887,0.0052,0.0006,1.1149,0.134,-0.0171,88.5785,0.0042,-0.0005,0.8858,0.18,0.0289,119.567,0.0056,0.0009,1.1957,0.1388,-0.0123,92.184,0.0043,-0.0004,0.9218,0.1911,0.04,126.6237,0.0059,0.0012,1.2662,0.1463,-0.0048,96.6526,0.0045,-0.0001,0.9665,0.128,-0.0231,84.7446,0.004,-0.0007,0.8474,e93a2b3,,18992fa,2026-09-04T19:21:08+00:00
33145,61.2466,0.1358,0.0044,0.1358,0.1139,-0.0219,84.0884,0.0037,-0.0007,0.8409,0.1593,0.0236,117.0723,0.0051,0.0008,1.1707,0.135,-0.0008,99.0342,0.0044,-0.0,0.9903,0.1441,0.0084,106.3999,0.0047,0.0003,1.064,0.1392,0.0035,102.4138,0.0045,0.0001,1.0241,0.1203,-0.0154,88.7461,0.0039,-0.0005,0.8875,0.1721,0.0363,126.8119,0.0056,0.0012,1.2681,0.1367,0.0009,100.9505,0.0044,0.0,1.0095,0.1712,0.0355,126.1122,0.0055,0.0011,1.2611,0.1301,-0.0057,95.7616,0.0042,-0.0002,0.9576,0.1217,-0.014,89.8276,0.0039,-0.0004,0.8983,e93a2b3,,18992fa,2026-09-04T19:21:08+00:00
33146,59.5774,0.1212,0.0039,0.1212,0.1067,-0.0145,88.7552,0.0035,-0.0005,0.8876,0.1268,0.0056,103.6994,0.0041,0.0002,1.037,0.1242,0.0031,101.114,0.004,0.0001,1.0111,0.1204,-0.0008,100.8671,0.0039,-0.0,1.0087,0.1391,0.018,113.5144,0.0045,0.0006,1.1351,0.1124,-0.0087,91.926,0.0036,-0.0003,0.9193,0.1427,0.0216,119.5293,0.0046,0.0007,1.1953,0.1119,-0.0093,94.3788,0.0036,-0.0003,0.9438,0.1447,0.0235,119.9246,0.0047,0.0008,1.1992,0.1203,-0.0009,99.3251,0.0039,-0.0,0.9933,0.108,-0.0132,89.3164,0.0035,-0.0004,0.8932,e93a2b3,,18992fa,2026-09-04T19:21:08+00:00
33147,59.5167,0.1377,0.0047,0.1377,0.1327,-0.005,96.5043,0.0045,-0.0002,0.965,0.1357,-0.0019,98.3484,0.0046,-0.0001,0.9835,0.121,-0.0167,87.4557,0.0041,-0.0006,0.8746,0.1365,-0.0011,99.6867,0.0046,-0.0,0.9969,0.1354,-0.0022,98.8287,0.0046,-0.0001,0.9883,0.1299,-0.0078,93.5065,0.0044,-0.0003,0.9351,0.1578,0.0201,115.0732,0.0054,0.0007,1.1507,0.1407,0.003,102.6437,0.0048,0.0001,1.0264,0.158,0.0203,114.8652,0.0054,0.0007,1.1487,0.1385,0.0008,99.9838,0.0047,0.0,0.9998,0.1533,0.0156,110.5411,0.0052,0.0005,1.1054,e93a2b3,,18992fa,2026-09-04T19:21:08+00:00
33148,55.2931,0.1371,0.0049,0.1371,0.1297,-0.0074,94.724,0.0046,-0.0003,0.9472,0.136,-0.0011,99.1738,0.0049,-0.0,0.9917,0.1263,-0.0108,91.9947,0.0045,-0.0004,0.9199,0.138,0.0009,100.8376,0.0049,0.0,1.0084,0.1284,-0.0086,93.6541,0.0046,-0.0003,0.9365,0.1119,-0.0251,81.5348,0.004,-0.0009,0.8153,0.1569,0.0199,114.5808,0.0056,0.0007,1.1458,0.1516,0.0145,110.5807,0.0054,0.0005,1.1058,0.1571,0.02,114.5785,0.0056,0.0007,1.1458,0.1505,0.0135,109.2047,0.0054,0.0005,1.092,0.1537,0.0167,112.3064,0.0055,0.0006,1.1231,e93a2b3,,18992fa,2026-09-04T19:21:08+00:00
33149,59.6639,0.1809,0.0064,0.1809,0.155,-0.0259,86.133,0.0055,-0.0009,0.8613,0.1814,0.0005,100.6349,0.0064,0.0,1.0063,0.1648,-0.0161,90.9484,0.0058,-0.0006,0.9095,0.172,-0.0089,95.427,0.0061,-0.0003,0.9543,0.1689,-0.0121,93.1322,0.006,-0.0004,0.9313,0.175,-0.0059,95.7129,0.0062,-0.0002,0.9571,0.1963,0.0154,108.7208,0.007,0.0005,1.0872,0.1828,0.0019,101.4856,0.0065,0.0001,1.0149,0.2017,0.0208,111.6298,0.0072,0.0007,1.1163,0.2043,0.0234,112.9215,0.0073,0.0008,1.1292,0.1924,0.0115,106.0601,0.0068,0.0004,1.0606,e93a2b3,,18992fa,2026-09-04T19:21:08+00:00
33150,64.1466,0.131,0.004,0.131,0.1379,0.0069,106.0747,0.0043,0.0002,1.0607,0.1459,0.0149,109.0414,0.0045,0.0004,1.0904,0.131,-0.0,98.0786,0.004,-0.0,0.9808,0.1314,0.0004,101.5983,0.0041,0.0,1.016,0.1265,-0.0045,96.028,0.0039,-0.0001,0.9603,0.1199,-0.0112,91.2553,0.0037,-0.0004,0.9126,0.149,0.018,115.702,0.0046,0.0006,1.157,0.1186,-0.0125,91.5667,0.0037,-0.0004,0.9157,0.1658,0.0348,125.6819,0.0051,0.0011,1.2568,0.1297,-0.0013,99.5157,0.004,-0.0,0.9952,0.1282,-0.0028,97.8431,0.004,-0.0001,0.9784,e93a2b3,,18992fa,2026-09-04T19:21:08+00:00
33161,53.7529,0.1445,0.0054,0.1445,0.1517,0.0072,105.3398,0.0057,0.0003,1.0534,0.154,0.0095,105.4403,0.0058,0.0004,1.0544,0.1409,-0.0036,96.5489,0.0053,-0.0001,0.9655,0.1564,0.0119,108.2784,0.0059,0.0004,1.0828,0.1132,-0.0313,78.5997,0.0043,-0.0012,0.786,0.1068,-0.0376,74.188,0.004,-0.0014,0.7419,0.1885,0.0441,130.1958,0.0071,0.0017,1.302,0.1437,-0.0007,99.8148,0.0054,-0.0,0.9981,0.1761,0.0316,121.1957,0.0066,0.0012,1.212,0.1301,-0.0144,90.0072,0.0049,-0.0005,0.9001,0.1319,-0.0126,92.0889,0.005,-0.0005,0.9209,e93a2b3,,18992fa,2026-09-04T19:21:08+00:00
33162,52.8094,0.1235,0.0046,0.1235,0.1204,-0.0031,97.5109,0.0045,-0.0001,0.9751,0.1239,0.0004,100.1573,0.0046,0.0,1.0016,0.1163,-0.0072,94.0503,0.0043,-0.0003,0.9405,0.1335,0.0099,108.1392,0.0049,0.0004,1.0814,0.0983,-0.0252,79.6765,0.0036,-0.0009,0.7968,0.0948,-0.0287,76.8543,0.0035,-0.0011,0.7685,0.1474,0.0239,119.451,0.0055,0.0009,1.1945,0.1368,0.0132,110.7957,0.0051,0.0005,1.108,0.1389,0.0154,112.4474,0.0051,0.0006,1.1245,0.1253,0.0018,101.3064,0.0046,0.0001,1.0131,0.1178,-0.0057,95.5257,0.0044,-0.0002,0.9553,e93a2b3,,18992fa,2026-09-04T19:21:08+00:00
33163,53.672,0.1525,0.0058,0.1525,0.1499,-0.0026,98.5695,0.0057,-0.0001,0.9857,0.1714,0.0189,111.1676,0.0066,0.0007,1.1117,0.1559,0.0034,101.2696,0.006,0.0001,1.0127,0.1716,0.0191,112.5764,0.0066,0.0007,1.1258,0.1261,-0.0263,82.9004,0.0048,-0.001,0.829,0.112,-0.0405,73.7498,0.0043,-0.0016,0.7375,0.2076,0.0551,135.4913,0.008,0.0021,1.3549,0.1563,0.0038,102.9038,0.006,0.0001,1.029,0.1904,0.0379,124.0032,0.0073,0.0015,1.24,0.1435,-0.009,94.2057,0.0055,-0.0003,0.9421,0.123,-0.0295,80.7051,0.0047,-0.0011,0.8071,e93a2b3,,18992fa,2026-09-04T19:21:08+00:00
33164,53.6368,0.1533,0.0064,0.1533,0.1557,0.0024,101.415,0.0065,0.0001,1.0142,0.1748,0.0215,114.5325,0.0072,0.0009,1.1453,0.144,-0.0093,93.9983,0.006,-0.0004,0.94,0.1714,0.0182,112.7039,0.0071,0.0007,1.127,0.1352,-0.0181,88.0454,0.0056,-0.0007,0.8805,0.1317,-0.0216,86.9547,0.0055,-0.0009,0.8695,0.1725,0.0193,111.9632,0.0071,0.0008,1.1196,0.1487,-0.0045,97.306,0.0062,-0.0002,0.9731,0.2145,0.0612,138.0624,0.0089,0.0026,1.3806,0.1487,-0.0046,96.8679,0.0062,-0.0002,0.9687,0.1608,0.0075,104.6936,0.0067,0.0003,1.0469,e93a2b3,,18992fa,2026-09-04T19:21:08+00:00
33165,55.1826,0.1562,0.0062,0.1562,0.153,-0.0033,97.8234,0.0061,-0.0001,0.9782,0.2045,0.0483,129.9427,0.0082,0.0019,1.2994,0.1724,0.0162,110.1849,0.0069,0.0006,1.1018,0.1674,0.0112,106.741,0.0067,0.0004,1.0674,0.1185,-0.0377,75.8329,0.0047,-0.0015,0.7583,0.1138,-0.0424,73.4755,0.0045,-0.0017,0.7348,0.2114,0.0552,134.6543,0.0084,0.0022,1.3465,0.1532,-0.003,98.2619,0.0061,-0.0001,0.9826,0.205,0.0488,130.8858,0.0082,0.0019,1.3089,0.1479,-0.0084,94.8997,0.0059,-0.0003,0.949,0.1374,-0.0188,88.6852,0.0055,-0.0007,0.8869,e93a2b3,,18992fa,2026-09-04T19:21:08+00:00
33166,52.1887,0.13,0.0055,0.13,0.1481,0.0181,113.6881,0.0062,0.0008,1.1369,0.1481,0.0181,113.8702,0.0062,0.0008,1.1387,0.1314,0.0014,100.7272,0.0055,0.0001,1.0073,0.115,-0.0151,88.4004,0.0048,-0.0006,0.884,0.0966,-0.0334,74.3387,0.0041,-0.0014,0.7434,0.1087,-0.0213,84.2341,0.0046,-0.0009,0.8423,0.1415,0.0115,108.5054,0.0059,0.0005,1.0851,0.1254,-0.0047,96.5505,0.0053,-0.0002,0.9655,0.1555,0.0255,119.1843,0.0065,0.0011,1.1918,0.125,-0.005,96.564,0.0052,-0.0002,0.9656,0.1337,0.0037,103.6027,0.0056,0.0002,1.036,e93a2b3,,18992fa,2026-09-04T19:21:08+00:00
33167,45.6666,0.0963,0.0042,0.0963,0.0933,-0.003,96.7931,0.0041,-0.0001,0.9679,0.101,0.0047,104.3312,0.0044,0.0002,1.0433,0.0831,-0.0131,85.5459,0.0036,-0.0006,0.8555,0.1021,0.0058,106.4273,0.0044,0.0003,1.0643,0.0794,-0.0169,82.481,0.0035,-0.0007,0.8248,0.098,0.0017,102.549,0.0043,0.0001,1.0255,0.1044,0.0082,107.9823,0.0045,0.0003,1.0798,0.0936,-0.0026,97.0759,0.0041,-0.0001,0.9708,0.1114,0.0152,115.6847,0.0049,0.0007,1.1568,0.0839,-0.0123,87.2253,0.0037,-0.0005,0.8723,0.1113,0.015,115.8699,0.0049,0.0007,1.1587,e93a2b3,,18992fa,2026-09-04T19:21:08+00:00
33168,43.0206,0.0922,0.0044,0.0922,0.1025,0.0103,110.3094,0.0049,0.0005,1.1031,0.0918,-0.0004,99.5125,0.0044,-0.0,0.9951,0.0736,-0.0185,79.4393,0.0035,-0.0009,0.7944,0.0946,0.0025,103.0163,0.0045,0.0001,1.0302,0.078,-0.0141,84.1068,0.0038,-0.0007,0.8411,0.0927,0.0005,100.527,0.0044,0.0,1.0053,0.1072,0.015,116.148,0.0051,0.0007,1.1615,0.0801,-0.012,87.0765,0.0038,-0.0006,0.8708,0.1002,0.008,109.4354,0.0048,0.0004,1.0944,0.0735,-0.0186,79.67,0.0035,-0.0009,0.7967,0.1209,0.0288,131.6283,0.0058,0.0014,1.3163,e93a2b3,,18992fa,2026-09-04T19:21:08+00:00
33169,44.8071,0.0997,0.0047,0.0997,0.0965,-0.0031,96.5402,0.0045,-0.0001,0.9654,0.1024,0.0028,103.0758,0.0048,0.0001,1.0308,0.0849,-0.0148,84.5278,0.004,-0.0007,0.8453,0.1064,0.0068,108.2203,0.005,0.0003,1.0822,0.0929,-0.0068,92.6032,0.0043,-0.0003,0.926,0.1112,0.0115,111.2057,0.0052,0.0005,1.1121,0.0989,-0.0008,100.2452,0.0046,-0.0,1.0025,0.0936,-0.0061,92.8167,0.0044,-0.0003,0.9282,0.0994,-0.0003,99.8288,0.0046,-0.0,0.9983,0.1013,0.0016,100.8107,0.0047,0.0001,1.0081,0.1126,0.0129,114.0394,0.0053,0.0006,1.1404,e93a2b3,,18992fa,2026-09-04T19:21:08+00:00
33170,59.7198,0.1008,0.0034,0.1008,0.1143,0.0135,113.3693,0.0038,0.0005,1.1337,0.1067,0.0059,105.8488,0.0036,0.0002,1.0585,0.0881,-0.0127,87.3349,0.0029,-0.0004,0.8733,0.1057,0.0049,104.9627,0.0035,0.0002,1.0496,0.0939,-0.007,93.0857,0.0031,-0.0002,0.9309,0.0984,-0.0024,97.5966,0.0033,-0.0001,0.976,0.1221,0.0213,121.1941,0.0041,0.0007,1.2119,0.0861,-0.0148,85.3301,0.0029,-0.0005,0.8533,0.1252,0.0244,124.2594,0.0042,0.0008,1.2426,0.1008,-0.0,99.9683,0.0034,-0.0,0.9997,0.089,-0.0119,88.1442,0.003,-0.0004,0.8814,e93a2b3,,18992fa,2026-09-04T19:21:08+00:00
33171,54.4369,0.1314,0.0049,0.1314,0.1511,0.0197,115.1826,0.0056,0.0007,1.1518,0.1378,0.0064,104.3413,0.0051,0.0002,1.0434,0.1266,-0.0048,95.9983,0.0047,-0.0002,0.96,0.1397,0.0082,106.5286,0.0052,0.0003,1.0653,0.1066,-0.0248,81.5092,0.004,-0.0009,0.8151,0.1001,-0.0313,76.3836,0.0037,-0.0012,0.7638,0.1729,0.0415,131.9767,0.0064,0.0015,1.3198,0.1313,-0.0002,100.086,0.0049,-0.0,1.0009,0.1627,0.0312,123.7374,0.0061,0.0012,1.2374,0.1197,-0.0118,91.153,0.0045,-0.0004,0.9115,0.1281,-0.0033,97.6043,0.0048,-0.0001,0.976,e93a2b3,,18992fa,2026-09-04T19:21:08+00:00
33172,53.9543,0.1255,0.0049,0.1255,0.1438,0.0183,115.2035,0.0056,0.0007,1.152,0.1332,0.0077,105.7276,0.0052,0.0003,1.0573,0.1284,0.0029,101.9881,0.005,0.0001,1.0199,0.1194,-0.0061,95.3981,0.0047,-0.0002,0.954,0.0934,-0.0321,74.8094,0.0036,-0.0013,0.7481,0.1003,-0.0252,80.1348,0.0039,-0.001,0.8013,0.1429,0.0174,114.3727,0.0056,0.0007,1.1437,0.1218,-0.0037,97.0862,0.0048,-0.0001,0.9709,0.1586,0.0331,126.0859,0.0062,0.0013,1.2609,0.1252,-0.0003,99.8906,0.0049,-0.0,0.9989,0.1166,-0.0089,93.4135,0.0046,-0.0003,0.9341,e93a2b3,,18992fa,2026-09-04T19:21:08+00:00
33173,55.2464,0.0986,0.0035,0.0986,0.111,0.0124,112.2883,0.0039,0.0004,1.1229,0.0997,0.0011,101.1252,0.0035,0.0,1.0113,0.0885,-0.01,89.6935,0.0031,-0.0004,0.8969,0.1025,0.0039,103.8613,0.0036,0.0001,1.0386,0.0889,-0.0097,90.0055,0.0031,-0.0003,0.9001,0.0898,-0.0088,91.0999,0.0032,-0.0003,0.911,0.1316,0.033,133.4063,0.0046,0.0012,1.3341,0.0899,-0.0087,91.0978,0.0032,-0.0003,0.911,0.1261,0.0275,127.9593,0.0044,0.001,1.2796,0.0998,0.0012,101.2596,0.0035,0.0,1.0126,0.0827,-0.0158,83.7424,0.0029,-0.0006,0.8374,e93a2b3,,18992fa,2026-09-04T19:21:08+00:00
33174,52.9852,0.0971,0.0035,0.0971,0.1176,0.0205,120.8726,0.0043,0.0007,1.2087,0.1005,0.0034,103.5762,0.0036,0.0001,1.0358,0.0866,-0.0105,89.227,0.0031,-0.0004,0.8923,0.0992,0.0021,102.0978,0.0036,0.0001,1.021,0.0815,-0.0155,84.0164,0.003,-0.0006,0.8402,0.0814,-0.0156,84.1477,0.003,-0.0006,0.8415,0.1326,0.0355,136.7056,0.0048,0.0013,1.3671,0.0936,-0.0034,96.4876,0.0034,-0.0001,0.9649,0.1237,0.0267,127.6682,0.0045,0.001,1.2767,0.1021,0.005,105.2765,0.0037,0.0002,1.0528,0.0848,-0.0123,87.3982,0.0031,-0.0004,0.874,e93a2b3,,18992fa,2026-09-04T19:21:08+00:00
33175,53.3066,0.0878,0.0032,0.0878,0.0981,0.0103,111.7227,0.0035,0.0004,1.1172,0.0911,0.0034,103.8198,0.0033,0.0001,1.0382,0.0829,-0.0048,94.4938,0.003,-0.0002,0.9449,0.0875,-0.0003,99.6777,0.0032,-0.0,0.9968,0.0747,-0.0131,85.1386,0.0027,-0.0005,0.8514,0.083,-0.0048,94.522,0.003,-0.0002,0.9452,0.1264,0.0386,143.9549,0.0046,0.0014,1.4395,0.087,-0.0008,99.0848,0.0031,-0.0,0.9908,0.1196,0.0318,136.2108,0.0043,0.0011,1.3621,0.0949,0.0072,108.1454,0.0034,0.0003,1.0815,0.0811,-0.0066,92.4404,0.0029,-0.0002,0.9244,e93a2b3,,18992fa,2026-09-04T19:21:08+00:00
33176,50.1285,0.1044,0.0043,0.1044,0.1119,0.0076,107.1319,0.0046,0.0003,1.0713,0.1071,0.0027,102.5223,0.0044,0.0001,1.0252,0.1101,0.0058,105.5382,0.0045,0.0002,1.0554,0.0848,-0.0195,81.5129,0.0035,-0.0008,0.8151,0.0752,-0.0291,72.1843,0.0031,-0.0012,0.7218,0.0938,-0.0106,90.031,0.0039,-0.0004,0.9003,0.1097,0.0054,105.5169,0.0045,0.0002,1.0552,0.101,-0.0033,97.0168,0.0041,-0.0001,0.9702,0.1312,0.0268,125.7261,0.0054,0.0011,1.2573,0.1135,0.0091,108.7282,0.0047,0.0004,1.0873,0.1024,-0.002,98.4238,0.0042,-0.0001,0.9842,e93a2b3,,18992fa,2026-09-04T19:21:08+00:00
33177,54.1004,0.0866,0.0031,0.0866,0.0898,0.0031,103.6325,0.0032,0.0001,1.0363,0.0877,0.0011,101.2643,0.0031,0.0,1.0126,0.0841,-0.0025,97.1445,0.003,-0.0001,0.9714,0.0866,0.0,100.0,0.0031,0.0,1.0,0.0774,-0.0092,89.3497,0.0028,-0.0003,0.8935,0.084,-0.0026,96.9966,0.003,-0.0001,0.97,0.1193,0.0327,137.7427,0.0043,0.0012,1.3774,0.0828,-0.0039,95.5338,0.0029,-0.0001,0.9553,0.1198,0.0331,138.2615,0.0043,0.0012,1.3826,0.0935,0.0069,107.9296,0.0033,0.0002,1.0793,0.0798,-0.0068,92.1687,0.0028,-0.0002,0.9217,e93a2b3,,18992fa,2026-09-04T19:21:08+00:00
33178,52.6747,0.0944,0.0035,0.0944,0.0976,0.0032,103.3943,0.0036,0.0001,1.0339,0.0986,0.0042,104.4096,0.0037,0.0002,1.0441,0.1005,0.0061,106.4059,0.0037,0.0002,1.0641,0.0779,-0.0165,82.604,0.0029,-0.0006,0.826,0.0771,-0.0173,81.827,0.0029,-0.0006,0.8183,0.0869,-0.0075,92.2498,0.0032,-0.0003,0.9225,0.1161,0.0217,123.1758,0.0043,0.0008,1.2318,0.0867,-0.0077,91.7739,0.0032,-0.0003,0.9177,0.1305,0.0361,138.3225,0.0048,0.0013,1.3832,0.0961,0.0018,101.9328,0.0036,0.0001,1.0193,0.0831,-0.0113,88.1582,0.0031,-0.0004,0.8816,e93a2b3,,18992fa,2026-09-04T19:21:08+00:00
33179,56.2327,0.0907,0.0032,0.0907,0.089,-0.0017,98.1074,0.0032,-0.0001,0.9811,0.0949,0.0042,104.6777,0.0034,0.0002,1.0468,0.0998,0.0091,110.0994,0.0035,0.0003,1.101,0.0832,-0.0075,91.8019,0.003,-0.0003,0.918,0.0783,-0.0124,86.2887,0.0028,-0.0004,0.8629,0.0902,-0.0005,99.4553,0.0032,-0.0,0.9946,0.1122,0.0215,123.8469,0.004,0.0008,1.2385,0.0767,-0.014,84.6312,0.0027,-0.0005,0.8463,0.1269,0.0362,140.0645,0.0045,0.0013,1.4006,0.0937,0.003,103.297,0.0033,0.0001,1.033,0.0813,-0.0094,89.6412,0.0029,-0.0003,0.8964,e93a2b3,,18992fa,2026-09-04T19:21:08+00:00
33181,53.601,0.1082,0.0041,0.1082,0.1103,0.0021,102.0369,0.0042,0.0001,1.0204,0.1286,0.0204,118.5993,0.0049,0.0008,1.186,0.1153,0.0071,106.7186,0.0044,0.0003,1.0672,0.09,-0.0182,82.8634,0.0034,-0.0007,0.8286,0.0996,-0.0086,91.4921,0.0038,-0.0003,0.9149,0.1105,0.0022,102.0984,0.0042,0.0001,1.021,0.1351,0.0269,125.1073,0.0051,0.001,1.2511,0.0922,-0.016,85.2906,0.0035,-0.0006,0.8529,0.1563,0.0481,144.2778,0.0059,0.0018,1.4428,0.1064,-0.0018,98.3522,0.004,-0.0001,0.9835,0.0884,-0.0198,81.7805,0.0034,-0.0008,0.8178,e93a2b3,,18992fa,2026-09-04T19:21:08+00:00
33182,51.1301,0.1084,0.0042,0.1084,0.1096,0.0012,101.1006,0.0043,0.0,1.011,0.1369,0.0285,126.2208,0.0053,0.0011,1.2622,0.1212,0.0128,111.7183,0.0047,0.0005,1.1172,0.0846,-0.0238,78.0145,0.0033,-0.0009,0.7801,0.0997,-0.0087,91.7312,0.0039,-0.0003,0.9173,0.1096,0.0012,101.0435,0.0043,0.0,1.0104,0.1347,0.0263,124.1484,0.0053,0.001,1.2415,0.0973,-0.0111,89.8344,0.0038,-0.0004,0.8983,0.1603,0.0519,147.6262,0.0063,0.002,1.4763,0.1056,-0.0028,97.4329,0.0041,-0.0001,0.9743,0.0847,-0.0237,78.2306,0.0033,-0.0009,0.7823,e93a2b3,,18992fa,2026-09-04T19:21:08+00:00
33183,47.0909,0.1035,0.0044,0.1035,0.1008,-0.0027,96.922,0.0043,-0.0001,0.9692,0.1067,0.0033,102.4908,0.0046,0.0001,1.0249,0.1091,0.0056,105.4722,0.0047,0.0002,1.0547,0.0823,-0.0212,79.6637,0.0035,-0.0009,0.7966,0.0778,-0.0256,73.9303,0.0033,-0.0011,0.7393,0.1055,0.002,102.2897,0.0045,0.0001,1.0229,0.1157,0.0123,111.8971,0.005,0.0005,1.119,0.1027,-0.0008,99.56,0.0044,-0.0,0.9956,0.1442,0.0407,138.5352,0.0062,0.0017,1.3854,0.1029,-0.0005,99.6446,0.0044,-0.0,0.9964,0.0938,-0.0097,91.3977,0.004,-0.0004,0.914,e93a2b3,,18992fa,2026-09-04T19:21:08+00:00
33184,43.5924,0.0994,0.0047,0.0994,0.0828,-0.0166,83.2754,0.0039,-0.0008,0.8328,0.101,0.0015,101.6136,0.0048,0.0001,1.0161,0.1047,0.0053,105.2533,0.005,0.0002,1.0525,0.0909,-0.0085,91.47,0.0043,-0.0004,0.9147,0.0652,-0.0342,65.6198,0.0031,-0.0016,0.6562,0.1159,0.0165,116.7963,0.0055,0.0008,1.168,0.101,0.0016,101.6058,0.0048,0.0001,1.0161,0.0965,-0.0029,97.0677,0.0046,-0.0001,0.9707,0.114,0.0146,114.7194,0.0054,0.0007,1.1472,0.0646,-0.0348,64.9638,0.0031,-0.0017,0.6496,0.1175,0.0181,118.3147,0.0056,0.0009,1.1831,e93a2b3,,18992fa,2026-09-04T19:21:08+00:00
33185,44.6124,0.0986,0.0045,0.0986,0.0926,-0.006,93.9617,0.0042,-0.0003,0.9396,0.0935,-0.0051,94.831,0.0043,-0.0002,0.9483,0.1066,0.008,108.0684,0.0049,0.0004,1.0807,0.0886,-0.01,89.9476,0.004,-0.0005,0.8995,0.0684,-0.0302,69.3777,0.0031,-0.0014,0.6938,0.0991,0.0004,100.4449,0.0045,0.0,1.0044,0.0997,0.0011,101.1706,0.0046,0.0001,1.0117,0.1051,0.0065,106.632,0.0048,0.0003,1.0663,0.1121,0.0135,113.6621,0.0051,0.0006,1.1366,0.0764,-0.0222,77.5417,0.0035,-0.001,0.7754,0.1074,0.0088,109.0408,0.0049,0.0004,1.0904,e93a2b3,,18992fa,2026-09-04T19:21:08+00:00
33186,44.8723,0.0925,0.0042,0.0925,0.1018,0.0093,109.9248,0.0046,0.0004,1.0992,0.0968,0.0043,104.4806,0.0044,0.0002,1.0448,0.0784,-0.0142,84.069,0.0035,-0.0006,0.8407,0.087,-0.0055,94.2543,0.0039,-0.0002,0.9425,0.0723,-0.0202,78.0451,0.0033,-0.0009,0.7805,0.0914,-0.0011,98.9242,0.0041,-0.0,0.9892,0.0944,0.0019,102.428,0.0043,0.0001,1.0243,0.0977,0.0052,105.3713,0.0044,0.0002,1.0537,0.1004,0.0079,108.9083,0.0046,0.0004,1.0891,0.0699,-0.0226,75.2065,0.0032,-0.001,0.7521,0.1172,0.0246,126.8828,0.0053,0.0011,1.2688,e93a2b3,,18992fa,2026-09-04T19:21:08+00:00
33187,44.4079,0.0983,0.0046,0.0983,0.0872,-0.0111,88.7681,0.0041,-0.0005,0.8877,0.1084,0.0101,110.3204,0.0051,0.0005,1.1032,0.1016,0.0033,103.3822,0.0048,0.0001,1.0338,0.0915,-0.0068,93.1192,0.0043,-0.0003,0.9312,0.0705,-0.0278,71.692,0.0033,-0.0013,0.7169,0.0997,0.0014,101.3496,0.0047,0.0001,1.0135,0.1002,0.0019,101.9015,0.0047,0.0001,1.019,0.101,0.0027,102.8116,0.0047,0.0001,1.0281,0.1096,0.0113,111.5152,0.0051,0.0005,1.1152,0.0653,-0.033,66.4819,0.0031,-0.0016,0.6648,0.1262,0.0279,128.461,0.0059,0.0013,1.2846,e93a2b3,,18992fa,2026-09-04T19:21:08+00:00
33188,43.1425,0.1003,0.0049,0.1003,0.0894,-0.0109,89.4603,0.0044,-0.0005,0.8946,0.122,0.0218,122.0066,0.006,0.0011,1.2201,0.09,-0.0103,89.6054,0.0044,-0.0005,0.8961,0.1024,0.0021,101.9651,0.005,0.0001,1.0197,0.0775,-0.0228,77.4081,0.0038,-0.0011,0.7741,0.1273,0.0271,126.986,0.0063,0.0013,1.2699,0.1059,0.0056,105.8008,0.0052,0.0003,1.058,0.0861,-0.0142,85.9019,0.0042,-0.0007,0.859,0.1236,0.0233,123.3586,0.0061,0.0011,1.2336,0.0666,-0.0337,66.5111,0.0033,-0.0017,0.6651,0.1302,0.0299,130.326,0.0064,0.0015,1.3033,e93a2b3,,18992fa,2026-09-04T19:21:08+00:00
33189,43.6685,0.0959,0.0046,0.0959,0.0916,-0.0042,95.9278,0.0044,-0.0002,0.9593,0.1043,0.0084,108.2403,0.005,0.0004,1.0824,0.0733,-0.0225,76.0289,0.0035,-0.0011,0.7603,0.096,0.0001,100.317,0.0046,0.0,1.0032,0.0754,-0.0204,78.7735,0.0036,-0.001,0.7877,0.1004,0.0045,104.3441,0.0048,0.0002,1.0434,0.1064,0.0105,111.0469,0.0051,0.0005,1.1105,0.0858,-0.0101,89.302,0.0041,-0.0005,0.893,0.1137,0.0178,118.6857,0.0055,0.0009,1.1869,0.0681,-0.0278,71.1054,0.0033,-0.0013,0.7111,0.1291,0.0333,134.9176,0.0062,0.0016,1.3492,e93a2b3,,18992fa,2026-09-04T19:21:08+00:00
33190,55.19,0.0992,0.0036,0.0992,0.0975,-0.0017,98.1995,0.0035,-0.0001,0.982,0.1172,0.018,118.5938,0.0043,0.0007,1.1859,0.1147,0.0155,115.8737,0.0042,0.0006,1.1587,0.0943,-0.0049,95.2344,0.0034,-0.0002,0.9523,0.0882,-0.011,88.9848,0.0032,-0.0004,0.8898,0.1071,0.0079,108.2035,0.0039,0.0003,1.082,0.1317,0.0326,133.2989,0.0048,0.0012,1.333,0.0759,-0.0233,76.5855,0.0028,-0.0008,0.7659,0.1424,0.0432,143.9682,0.0052,0.0016,1.4397,0.0974,-0.0018,98.3527,0.0035,-0.0001,0.9835,0.082,-0.0172,82.6898,0.003,-0.0006,0.8269,e93a2b3,,18992fa,2026-09-04T19:21:08+00:00
33200,83.6043,9.2596,0.2067,9.2596,9.2776,0.018,101.1303,0.2071,0.0004,1.0113,9.2769,0.0173,101.8326,0.2071,0.0004,1.0183,9.2731,0.0135,101.5279,0.207,0.0003,1.0153,9.2663,0.0067,100.1801,0.2068,0.0001,1.0018,9.2651,0.0055,100.6551,0.2068,0.0001,1.0066,9.2612,0.0016,100.4146,0.2067,0.0,1.0041,9.2552,-0.0044,99.734,0.2066,-0.0001,0.9973,9.2553,-0.0043,99.8731,0.2066,-0.0001,0.9987,9.2564,-0.0032,100.0242,0.2066,-0.0001,1.0002,9.2548,-0.0048,99.8038,0.2066,-0.0001,0.998,9.2534,-0.0062,99.5466,0.2066,-0.0001,0.9955,e93a2b3,,18992fa,2026-09-04T19:21:08+00:00
34100,55.1565,0.0996,0.0036,0.0996,0.0925,-0.0072,92.5368,0.0034,-0.0003,0.9254,0.1238,0.0242,124.54,0.0045,0.0009,1.2454,0.1133,0.0136,113.8347,0.0041,0.0005,1.1383,0.1015,0.0019,102.261,0.0037,0.0001,1.0226,0.0874,-0.0123,87.5293,0.0032,-0.0004,0.8753,0.1003,0.0007,100.7894,0.0036,0.0,1.0079,0.1193,0.0196,119.496,0.0043,0.0007,1.195,0.0755,-0.0241,75.8026,0.0027,-0.0009,0.758,0.1366,0.0369,136.703,0.005,0.0013,1.367,0.0967,-0.0029,97.1764,0.0035,-0.0001,0.9718,0.0814,-0.0183,81.7291,0.003,-0.0007,0.8173,e93a2b3,,18992fa,2026-09-04T19:21:08+00:00
34211,51.2197,0.1355,0.0056,0.1355,0.1219,-0.0136,90.0907,0.005,-0.0006,0.9009,0.1509,0.0155,112.9326,0.0062,0.0006,1.1293,0.1455,0.01,108.8144,0.006,0.0004,1.0881,0.1149,-0.0206,87.6141,0.0047,-0.0009,0.8761,0.1345,-0.001,97.96,0.0056,-0.0,0.9796,0.1299,-0.0055,95.15,0.0054,-0.0002,0.9515,0.1548,0.0193,114.215,0.0064,0.0008,1.1422,0.131,-0.0045,95.2696,0.0054,-0.0002,0.9527,0.196,0.0605,144.3674,0.0081,0.0025,1.4437,0.1362,0.0007,100.2043,0.0056,0.0,1.002,0.1084,-0.0271,79.408,0.0045,-0.0011,0.7941,e93a2b3,,18992fa,2026-09-04T19:21:08+00:00
34212,46.8326,0.1058,0.0046,0.1058,0.1077,0.0019,102.0233,0.0047,0.0001,1.0202,0.105,-0.0008,99.0885,0.0045,-0.0,0.9909,0.0958,-0.01,90.3896,0.0041,-0.0004,0.9039,0.0839,-0.0219,79.4242,0.0036,-0.0009,0.7942,0.0905,-0.0153,85.2598,0.0039,-0.0007,0.8526,0.1098,0.004,103.9055,0.0048,0.0002,1.0391,0.115,0.0092,108.71,0.005,0.0004,1.0871,0.1126,0.0068,106.2699,0.0049,0.0003,1.0627,0.1519,0.0461,143.6764,0.0066,0.002,1.4368,0.1093,0.0035,103.2779,0.0047,0.0001,1.0328,0.0937,-0.0121,88.9916,0.0041,-0.0005,0.8899,e93a2b3,,18992fa,2026-09-04T19:21:08+00:00
34213,45.4276,0.1404,0.0063,0.1404,0.1333,-0.0071,95.8123,0.006,-0.0003,0.9581,0.1289,-0.0115,91.6009,0.0058,-0.0005,0.916,0.1243,-0.0162,88.9583,0.0056,-0.0007,0.8896,0.0994,-0.041,72.6449,0.0045,-0.0019,0.7264,0.1461,0.0056,102.9,0.0066,0.0003,1.029,0.1638,0.0233,117.3718,0.0074,0.0011,1.1737,0.176,0.0356,125.915,0.0079,0.0016,1.2591,0.1592,0.0188,114.9573,0.0072,0.0008,1.1496,0.2217,0.0812,157.9458,0.01,0.0037,1.5795,0.1732,0.0328,122.373,0.0078,0.0015,1.2237,0.1211,-0.0194,85.4239,0.0055,-0.0009,0.8542,e93a2b3,,18992fa,2026-09-04T19:21:08+00:00
34214,45.8016,0.1562,0.0073,0.1562,0.1511,-0.0052,96.7495,0.007,-0.0002,0.9675,0.1282,-0.028,83.0871,0.006,-0.0013,0.8309,0.1222,-0.034,78.9259,0.0057,-0.0016,0.7893,0.0993,-0.0569,65.033,0.0046,-0.0027,0.6503,0.1768,0.0206,114.4332,0.0082,0.001,1.1443,0.1799,0.0237,116.4216,0.0084,0.0011,1.1642,0.1806,0.0243,114.9494,0.0084,0.0011,1.1495,0.1618,0.0056,103.8634,0.0076,0.0003,1.0386,0.2507,0.0945,159.6468,0.0117,0.0044,1.5965,0.2194,0.0632,141.304,0.0102,0.0029,1.413,0.1408,-0.0154,89.1623,0.0066,-0.0007,0.8916,e93a2b3,,18992fa,2026-09-04T19:21:08+00:00
34215,44.746,0.0977,0.0044,0.0977,0.1039,0.0062,106.6724,0.0047,0.0003,1.0667,0.0904,-0.0073,92.9676,0.0041,-0.0003,0.9297,0.0853,-0.0124,87.6718,0.0039,-0.0006,0.8767,0.0837,-0.014,85.8993,0.0038,-0.0006,0.859,0.0757,-0.022,76.8034,0.0034,-0.001,0.768,0.1192,0.0214,121.9517,0.0054,0.001,1.2195,0.1171,0.0194,120.0039,0.0053,0.0009,1.2,0.1046,0.0069,106.9423,0.0047,0.0003,1.0694,0.1379,0.0402,140.9653,0.0062,0.0018,1.4097,0.0983,0.0006,100.5282,0.0044,0.0,1.0053,0.0943,-0.0034,96.7215,0.0043,-0.0002,0.9672,e93a2b3,,18992fa,2026-09-04T19:21:08+00:00
34216,43.6164,0.0955,0.0045,0.0955,0.0925,-0.003,96.9206,0.0043,-0.0001,0.9692,0.0919,-0.0036,96.3294,0.0043,-0.0002,0.9633,0.0912,-0.0043,95.6535,0.0043,-0.0002,0.9565,0.088,-0.0075,92.2408,0.0041,-0.0004,0.9224,0.0675,-0.028,70.5605,0.0032,-0.0013,0.7056,0.1292,0.0337,135.5149,0.0061,0.0016,1.3551,0.1184,0.0229,124.1455,0.0056,0.0011,1.2415,0.0964,0.0009,100.9264,0.0045,0.0,1.0093,0.1269,0.0315,132.9188,0.006,0.0015,1.3292,0.0838,-0.0117,87.6726,0.0039,-0.0006,0.8767,0.1001,0.0046,104.8941,0.0047,0.0002,1.0489,e93a2b3,,18992fa,2026-09-04T19:21:08+00:00
34217,44.0304,0.1403,0.0069,0.1403,0.1536,0.0133,110.0283,0.0076,0.0007,1.1003,0.1053,-0.035,78.9422,0.0052,-0.0017,0.7894,0.1001,-0.0402,72.5822,0.0049,-0.002,0.7258,0.0976,-0.0427,72.5648,0.0048,-0.0021,0.7256,0.1297,-0.0106,93.8042,0.0064,-0.0005,0.938,0.1748,0.0345,128.8212,0.0086,0.0017,1.2882,0.1494,0.0091,106.2886,0.0073,0.0004,1.0629,0.1543,0.014,110.0168,0.0076,0.0007,1.1002,0.2128,0.0726,151.0351,0.0105,0.0036,1.5104,0.1619,0.0216,112.7922,0.0079,0.001,1.1279,0.1311,-0.0091,94.8709,0.0064,-0.0004,0.9487,e93a2b3,,18992fa,2026-09-04T19:21:08+00:00
34218,42.4877,0.0978,0.0049,0.0978,0.1064,0.0085,108.6791,0.0054,0.0004,1.0868,0.0974,-0.0004,99.7657,0.0049,-0.0,0.9977,0.0748,-0.023,76.4544,0.0038,-0.0012,0.7645,0.0839,-0.0139,85.9623,0.0042,-0.0007,0.8596,0.0902,-0.0076,92.0617,0.0046,-0.0004,0.9206,0.1415,0.0437,144.7376,0.0071,0.0022,1.4474,0.1018,0.004,104.1518,0.0051,0.0002,1.0415,0.0945,-0.0033,96.6203,0.0048,-0.0002,0.9662,0.1375,0.0397,140.6269,0.0069,0.002,1.4063,0.0875,-0.0103,89.5202,0.0044,-0.0005,0.8952,0.1076,0.0097,109.9764,0.0054,0.0005,1.0998,e93a2b3,,18992fa,2026-09-04T19:21:08+00:00
34219,42.1249,0.1279,0.0067,0.1279,0.15,0.0221,117.2147,0.0078,0.0012,1.1721,0.0918,-0.036,74.5146,0.0048,-0.0019,0.7451,0.0869,-0.0409,69.4848,0.0045,-0.0021,0.6948,0.0895,-0.0384,72.4123,0.0047,-0.002,0.7241,0.1105,-0.0174,89.1562,0.0058,-0.0009,0.8916,0.1448,0.0169,115.3927,0.0076,0.0009,1.1539,0.1306,0.0027,102.0658,0.0068,0.0001,1.0207,0.1482,0.0204,115.2441,0.0077,0.0011,1.1524,0.1998,0.072,155.9216,0.0104,0.0038,1.5592,0.1526,0.0247,117.6554,0.0079,0.0013,1.1766,0.1248,-0.0031,98.667,0.0065,-0.0002,0.9867,e93a2b3,,18992fa,2026-09-04T19:21:08+00:00
34221,39.1077,0.0963,0.0053,0.0963,0.1116,0.0153,115.7475,0.0061,0.0008,1.1575,0.0901,-0.0062,93.7341,0.005,-0.0003,0.9373,0.0741,-0.0223,76.8753,0.0041,-0.0012,0.7688,0.0929,-0.0034,96.8579,0.0051,-0.0002,0.9686,0.0817,-0.0146,84.5119,0.0045,-0.0008,0.8451,0.1102,0.0139,114.1768,0.0061,0.0008,1.1418,0.0927,-0.0036,96.1661,0.0051,-0.0002,0.9617,0.084,-0.0123,86.8956,0.0046,-0.0007,0.869,0.1264,0.0301,130.9303,0.0069,0.0016,1.3093,0.0967,0.0004,100.5799,0.0053,0.0,1.0058,0.1029,0.0066,106.8185,0.0057,0.0004,1.0682,e93a2b3,,18992fa,2026-09-04T19:21:08+00:00
34222,41.3843,0.091,0.0046,0.091,0.0909,-0.0,99.9174,0.0046,0.0,0.9992,0.0953,0.0043,104.7537,0.0048,0.0002,1.0475,0.0753,-0.0156,82.9318,0.0038,-0.0008,0.8293,0.0903,-0.0007,99.4186,0.0046,-0.0,0.9942,0.0678,-0.0232,74.437,0.0035,-0.0012,0.7444,0.1294,0.0384,142.4174,0.0065,0.0019,1.4242,0.0944,0.0034,103.8824,0.0048,0.0002,1.0388,0.0827,-0.0083,90.9546,0.0042,-0.0004,0.9095,0.1167,0.0257,128.2756,0.0059,0.0013,1.2828,0.0768,-0.0141,84.4315,0.0039,-0.0007,0.8443,0.1093,0.0183,120.21,0.0056,0.0009,1.2021,e93a2b3,,18992fa,2026-09-04T19:21:08+00:00
34223,39.0938,0.0946,0.0052,0.0946,0.1013,0.0067,106.8125,0.0055,0.0004,1.0681,0.1001,0.0055,105.9873,0.0055,0.0003,1.0599,0.0694,-0.0252,73.3087,0.0038,-0.0014,0.7331,0.1034,0.0088,109.1704,0.0056,0.0005,1.0917,0.0655,-0.0291,69.2834,0.0036,-0.0016,0.6928,0.1012,0.0066,107.5103,0.0055,0.0003,1.0751,0.0771,-0.0175,81.5401,0.0042,-0.001,0.8154,0.0721,-0.0225,76.2731,0.0039,-0.0012,0.7627,0.1047,0.0101,110.7414,0.0057,0.0005,1.1074,0.0924,-0.0022,97.4141,0.0051,-0.0001,0.9741,0.1109,0.0163,117.6287,0.006,0.0009,1.1763,e93a2b3,,18992fa,2026-09-04T19:21:08+00:00
34224,40.9012,0.0923,0.0048,0.0923,0.0954,0.003,103.4465,0.0049,0.0002,1.0345,0.0981,0.0057,106.5017,0.0051,0.0003,1.065,0.0744,-0.0179,80.6866,0.0038,-0.0009,0.8069,0.1035,0.0112,112.5716,0.0054,0.0006,1.1257,0.0721,-0.0202,77.9214,0.0037,-0.001,0.7792,0.1173,0.025,126.9467,0.006,0.0013,1.2695,0.0841,-0.0082,90.7195,0.0043,-0.0004,0.9072,0.0785,-0.0139,84.8012,0.0041,-0.0007,0.848,0.1012,0.0088,109.4337,0.0052,0.0004,1.0943,0.0783,-0.014,85.2541,0.0041,-0.0007,0.8525,0.1222,0.0298,132.5577,0.0063,0.0015,1.3256,e93a2b3,,18992fa,2026-09-04T19:21:08+00:00
34225,38.9512,0.0976,0.0056,0.0976,0.1044,0.0068,107.7226,0.0059,0.0004,1.0772,0.1081,0.0105,111.3295,0.0062,0.0006,1.1133,0.0847,-0.0129,86.3857,0.0048,-0.0007,0.8639,0.1165,0.0188,119.2387,0.0066,0.0011,1.1924,0.0808,-0.0168,82.5233,0.0046,-0.001,0.8252,0.0965,-0.0012,98.872,0.0055,-0.0001,0.9887,0.0818,-0.0158,83.2419,0.0047,-0.0009,0.8324,0.0813,-0.0163,83.4075,0.0046,-0.0009,0.8341,0.1059,0.0083,107.6518,0.0061,0.0005,1.0765,0.1001,0.0025,102.6744,0.0057,0.0001,1.0267,0.115,0.0174,118.3131,0.0066,0.001,1.1831,e93a2b3,,18992fa,2026-09-04T19:21:08+00:00
34226,40.8055,0.1198,0.007,0.1198,0.1401,0.0203,116.9159,0.0082,0.0012,1.1692,0.1205,0.0007,100.6596,0.007,0.0,1.0066,0.0912,-0.0286,76.1823,0.0053,-0.0017,0.7618,0.1494,0.0296,124.6964,0.0087,0.0017,1.247,0.1156,-0.0042,96.4291,0.0068,-0.0002,0.9643,0.1185,-0.0013,98.9441,0.0069,-0.0001,0.9894,0.1119,-0.0079,93.3382,0.0066,-0.0005,0.9334,0.1176,-0.0022,97.9606,0.0069,-0.0001,0.9796,0.1367,0.0169,114.1059,0.008,0.001,1.1411,0.1098,-0.01,91.6192,0.0064,-0.0006,0.9162,0.1407,0.0209,117.5478,0.0082,0.0012,1.1755,e93a2b3,,18992fa,2026-09-04T19:21:08+00:00
34227,41.2041,0.1079,0.0059,0.1079,0.1328,0.0249,123.0374,0.0073,0.0014,1.2304,0.1177,0.0098,109.0431,0.0065,0.0005,1.0904,0.083,-0.0249,76.7689,0.0046,-0.0014,0.7677,0.1182,0.0103,109.753,0.0065,0.0006,1.0975,0.0932,-0.0146,86.3952,0.0051,-0.0008,0.864,0.1214,0.0135,112.6777,0.0067,0.0007,1.1268,0.0904,-0.0175,83.7499,0.005,-0.001,0.8375,0.0916,-0.0163,84.787,0.005,-0.0009,0.8479,0.109,0.0012,101.0274,0.006,0.0001,1.0103,0.1025,-0.0054,94.9044,0.0056,-0.0003,0.949,0.1301,0.0222,120.5654,0.0071,0.0012,1.2057,e93a2b3,,18992fa,2026-09-04T19:21:08+00:00
34228,40.807,0.124,0.0073,0.124,0.1553,0.0313,125.2158,0.0092,0.0019,1.2522,0.1215,-0.0025,98.1622,0.0072,-0.0002,0.9816,0.0864,-0.0376,70.0102,0.0051,-0.0022,0.7001,0.136,0.0121,110.1692,0.008,0.0007,1.1017,0.123,-0.001,99.0759,0.0073,-0.0001,0.9908,0.1241,0.0001,100.2932,0.0073,0.0,1.0029,0.1169,-0.0071,94.0777,0.0069,-0.0004,0.9408,0.12,-0.0039,96.2328,0.0071,-0.0002,0.9623,0.1373,0.0133,110.749,0.0081,0.0008,1.1075,0.1097,-0.0142,88.566,0.0065,-0.0008,0.8857,0.1466,0.0226,118.4649,0.0087,0.0013,1.1846,e93a2b3,,18992fa,2026-09-04T19:21:08+00:00
34229,41.9115,0.1126,0.0059,0.1126,0.1363,0.0237,121.2664,0.0072,0.0012,1.2127,0.1095,-0.0031,97.4487,0.0058,-0.0002,0.9745,0.0764,-0.0362,67.9358,0.004,-0.0019,0.6794,0.1095,-0.0031,97.4802,0.0058,-0.0002,0.9748,0.1085,-0.0041,96.4262,0.0057,-0.0002,0.9643,0.1268,0.0142,112.8125,0.0067,0.0007,1.1281,0.1118,-0.0008,99.4316,0.0059,-0.0001,0.9943,0.1021,-0.0105,90.5559,0.0053,-0.0006,0.9056,0.121,0.0084,107.5965,0.0063,0.0004,1.076,0.0973,-0.0153,86.622,0.0051,-0.0008,0.8662,0.1377,0.0251,122.4887,0.0072,0.0013,1.2249,e93a2b3,,18992fa,2026-09-04T19:21:08+00:00
34230,36.6262,0.0878,0.0049,0.0878,0.1075,0.0197,121.3594,0.006,0.0011,1.2136,0.071,-0.0168,81.9691,0.0039,-0.0009,0.8197,0.0647,-0.0231,74.9782,0.0036,-0.0013,0.7498,0.0648,-0.023,74.5887,0.0036,-0.0013,0.7459,0.0786,-0.0091,92.2161,0.0044,-0.0005,0.9222,0.1088,0.021,126.0379,0.006,0.0012,1.2604,0.0883,0.0005,101.0976,0.0049,0.0,1.011,0.0955,0.0077,107.2899,0.0053,0.0004,1.0729,0.1336,0.0459,153.2229,0.0074,0.0025,1.5322,0.0885,0.0007,99.7896,0.0049,0.0,0.9979,0.0897,0.0019,101.6486,0.005,0.0001,1.0165,e93a2b3,,18992fa,2026-09-04T19:21:08+00:00
34241,33.6866,0.0866,0.0047,0.0866,0.104,0.0174,119.3274,0.0057,0.001,1.1933,0.0618,-0.0248,72.1892,0.0034,-0.0014,0.7219,0.0567,-0.0298,67.868,0.0031,-0.0016,0.6787,0.0535,-0.0331,63.1096,0.0029,-0.0018,0.6311,0.0654,-0.0212,77.9117,0.0036,-0.0012,0.7791,0.0966,0.0101,113.42,0.0053,0.0006,1.1342,0.0811,-0.0054,94.2289,0.0044,-0.0003,0.9423,0.093,0.0064,108.436,0.0051,0.0004,1.0844,0.1305,0.0439,150.8913,0.0071,0.0024,1.5089,0.1198,0.0332,139.0609,0.0065,0.0018,1.3906,0.0893,0.0027,100.897,0.0049,0.0001,1.009,e93a2b3,,18992fa,2026-09-04T19:21:08+00:00
34242,32.6029,0.0798,0.0049,0.0798,0.0731,-0.0067,93.1935,0.0045,-0.0004,0.9319,0.0803,0.0006,97.8744,0.005,0.0001,0.9787,0.0667,-0.013,82.7982,0.0041,-0.0008,0.828,0.0884,0.0086,105.5295,0.0055,0.0006,1.0553,0.0794,-0.0003,101.6061,0.0049,-0.0,1.0161,0.118,0.0382,148.5093,0.0073,0.0024,1.4851,0.0958,0.016,122.469,0.0059,0.001,1.2247,0.0774,-0.0024,98.107,0.0048,-0.0002,0.9811,0.1175,0.0378,150.3857,0.0072,0.0023,1.5039,0.0783,-0.0014,100.1565,0.0048,-0.0001,1.0016,0.0655,-0.0143,80.65,0.0041,-0.0009,0.8065,e93a2b3,,18992fa,2026-09-04T19:21:08+00:00
34243,34.2701,0.0928,0.0055,0.0928,0.1023,0.0095,109.746,0.006,0.0006,1.0975,0.0662,-0.0266,71.2102,0.0039,-0.0016,0.7121,0.0697,-0.0231,74.9319,0.0041,-0.0014,0.7493,0.0787,-0.0141,84.5439,0.0046,-0.0008,0.8454,0.074,-0.0188,81.1537,0.0044,-0.0011,0.8115,0.1258,0.033,134.9256,0.0074,0.002,1.3493,0.0931,0.0003,102.2021,0.0055,0.0,1.022,0.1178,0.025,126.4999,0.0069,0.0015,1.265,0.1414,0.0486,153.3438,0.0083,0.0028,1.5334,0.1477,0.0549,158.0061,0.0087,0.0032,1.5801,0.0732,-0.0197,76.7305,0.0043,-0.0012,0.7673,e93a2b3,,18992fa,2026-09-04T19:21:08+00:00
34244,40.5926,0.1238,0.008,0.1238,0.1445,0.0208,117.2261,0.0093,0.0013,1.1723,0.1066,-0.0172,86.0526,0.0069,-0.0011,0.8605,0.1206,-0.0032,96.4288,0.0078,-0.0002,0.9643,0.0893,-0.0345,72.7573,0.0057,-0.0022,0.7276,0.1146,-0.0092,92.5013,0.0074,-0.0005,0.925,0.1599,0.0362,130.4256,0.0103,0.0023,1.3043,0.1243,0.0006,101.1518,0.008,0.0,1.0115,0.0969,-0.0269,78.7089,0.0062,-0.0018,0.7871,0.1409,0.0172,115.569,0.0091,0.0011,1.1557,0.1514,0.0276,123.3352,0.0097,0.0018,1.2334,0.103,-0.0207,82.237,0.0067,-0.0013,0.8224,e93a2b3,,18992fa,2026-09-04T19:21:08+00:00
34245,34.3153,0.0943,0.0059,0.0943,0.0862,-0.0081,91.3782,0.0054,-0.0005,0.9138,0.0955,0.0012,101.0483,0.006,0.0001,1.0105,0.0869,-0.0073,91.2928,0.0055,-0.0005,0.9129,0.0822,-0.0121,85.968,0.0052,-0.0008,0.8597,0.103,0.0087,109.4414,0.0065,0.0005,1.0944,0.1208,0.0266,131.2902,0.0076,0.0017,1.3129,0.1216,0.0273,133.0281,0.0077,0.0017,1.3303,0.0731,-0.0211,78.1037,0.0046,-0.0013,0.781,0.1243,0.03,135.2414,0.0078,0.0019,1.3524,0.0964,0.0021,104.1712,0.0061,0.0001,1.0417,0.0815,-0.0127,85.0952,0.0051,-0.0008,0.851,e93a2b3,,18992fa,2026-09-04T19:21:08+00:00
34246,35.0054,0.119,0.0081,0.119,0.1334,0.0144,113.3511,0.009,0.001,1.1335,0.1135,-0.0055,95.2386,0.0077,-0.0004,0.9524,0.081,-0.038,65.158,0.0055,-0.0026,0.6516,0.1031,-0.0159,85.6235,0.007,-0.0011,0.8562,0.1127,-0.0063,94.1877,0.0076,-0.0004,0.9419,0.1273,0.0083,106.977,0.0086,0.0006,1.0698,0.1192,0.0002,100.4173,0.0081,0.0,1.0042,0.0768,-0.0422,63.2265,0.0052,-0.0029,0.6323,0.1408,0.0218,118.6879,0.0096,0.0015,1.1869,0.1244,0.0054,104.4189,0.0084,0.0004,1.0442,0.1444,0.0254,121.5268,0.0098,0.0017,1.2153,e93a2b3,,18992fa,2026-09-04T19:21:08+00:00
34247,38.7643,0.1753,0.0113,0.1753,0.1706,-0.0046,96.6134,0.011,-0.0003,0.9661,0.1741,-0.0012,100.9938,0.0113,-0.0001,1.0099,0.1672,-0.008,95.1284,0.0108,-0.0005,0.9513,0.1976,0.0224,112.8144,0.0128,0.0014,1.1281,0.1772,0.002,100.7633,0.0115,0.0001,1.0076,0.2105,0.0352,120.859,0.0136,0.0023,1.2086,0.1934,0.0182,112.509,0.0125,0.0012,1.1251,0.1393,-0.036,78.6458,0.009,-0.0023,0.7865,0.2212,0.0459,127.2075,0.0143,0.003,1.2721,0.1593,-0.0159,90.1468,0.0103,-0.001,0.9015,0.1554,-0.0198,87.5478,0.0101,-0.0013,0.8755,e93a2b3,,18992fa,2026-09-04T19:21:08+00:00
34248,35.7969,0.1345,0.009,0.1345,0.1487,0.0142,112.6962,0.0099,0.001,1.127,0.1225,-0.012,90.8105,0.0082,-0.0008,0.9081,0.0902,-0.0443,64.7496,0.006,-0.003,0.6475,0.1354,0.0009,97.8814,0.009,0.0,0.9788,0.1273,-0.0072,93.6159,0.0085,-0.0005,0.9362,0.1686,0.0342,125.7947,0.0112,0.0023,1.2579,0.1442,0.0097,107.9957,0.0096,0.0007,1.08,0.0951,-0.0393,69.2355,0.0063,-0.0026,0.6924,0.1721,0.0376,128.9384,0.0115,0.0025,1.2894,0.1289,-0.0056,96.9582,0.0086,-0.0004,0.9696,0.1299,-0.0046,98.2039,0.0087,-0.0003,0.982,e93a2b3,,18992fa,2026-09-04T19:21:08+00:00
34249,37.0488,0.1469,0.0096,0.1469,0.1469,-0.0,99.8438,0.0096,0.0,0.9984,0.1621,0.0152,111.0288,0.0106,0.001,1.1103,0.121,-0.0259,81.9236,0.0079,-0.0017,0.8192,0.1725,0.0256,117.5155,0.0113,0.0017,1.1752,0.1348,-0.0121,91.5298,0.0088,-0.0008,0.9153,0.1929,0.0459,131.8715,0.0126,0.003,1.3187,0.1616,0.0146,109.8748,0.0106,0.001,1.0987,0.1218,-0.0251,82.0687,0.008,-0.0017,0.8207,0.1693,0.0223,114.6705,0.0111,0.0015,1.1467,0.1447,-0.0023,98.8575,0.0095,-0.0001,0.9886,0.1287,-0.0182,87.2283,0.0084,-0.0012,0.8723,e93a2b3,,18992fa,2026-09-04T19:21:08+00:00
34251,31.705,0.0604,0.0035,0.0604,0.0629,0.0025,104.1408,0.0037,0.0001,1.0414,0.0472,-0.0132,77.9144,0.0028,-0.0008,0.7791,0.0447,-0.0157,73.8444,0.0026,-0.0009,0.7384,0.0454,-0.015,74.9084,0.0027,-0.0009,0.7491,0.0598,-0.0006,98.8921,0.0035,-0.0,0.9889,0.0873,0.0268,144.4455,0.0051,0.0016,1.4445,0.0704,0.01,116.5825,0.0041,0.0006,1.1658,0.0628,0.0024,103.998,0.0037,0.0001,1.04,0.0991,0.0386,163.993,0.0058,0.0023,1.6399,0.0651,0.0046,107.5943,0.0038,0.0003,1.0759,0.0491,-0.0113,81.329,0.0029,-0.0007,0.8133,e93a2b3,,18992fa,2026-09-04T19:21:08+00:00
34252,34.7804,0.0955,0.0058,0.0955,0.0863,-0.0091,90.3691,0.0052,-0.0006,0.9037,0.095,-0.0005,99.2717,0.0058,-0.0,0.9927,0.0843,-0.0111,88.2429,0.0051,-0.0007,0.8824,0.1149,0.0194,118.776,0.007,0.0012,1.1878,0.0953,-0.0002,100.5427,0.0058,-0.0,1.0054,0.1424,0.047,149.4033,0.0087,0.0029,1.494,0.102,0.0066,107.4045,0.0062,0.0004,1.074,0.0946,-0.0009,98.7001,0.0057,-0.0001,0.987,0.139,0.0436,145.6315,0.0084,0.0026,1.4563,0.093,-0.0024,97.7165,0.0057,-0.0002,0.9772,0.0803,-0.0152,83.5726,0.0049,-0.0009,0.8357,e93a2b3,,18992fa,2026-09-04T19:21:08+00:00
34253,33.4776,0.0733,0.0043,0.0733,0.0686,-0.0047,94.0602,0.0041,-0.0003,0.9406,0.0712,-0.0021,97.1124,0.0042,-0.0001,0.9711,0.0614,-0.0118,83.5288,0.0036,-0.0007,0.8353,0.0678,-0.0055,91.9887,0.004,-0.0003,0.9199,0.082,0.0087,112.4012,0.0049,0.0005,1.124,0.1035,0.0302,141.5899,0.0061,0.0018,1.4159,0.0802,0.0069,109.7771,0.0048,0.0004,1.0978,0.0618,-0.0115,84.6449,0.0037,-0.0007,0.8464,0.1051,0.0318,144.5581,0.0062,0.0019,1.4456,0.0784,0.0052,107.4697,0.0047,0.0003,1.0747,0.0587,-0.0145,80.162,0.0035,-0.0009,0.8016,e93a2b3,,18992fa,2026-09-04T19:21:08+00:00
34254,35.7279,0.081,0.0047,0.081,0.0845,0.0035,104.3552,0.0049,0.0002,1.0436,0.0765,-0.0045,94.5156,0.0044,-0.0003,0.9452,0.068,-0.0131,84.1058,0.0039,-0.0008,0.8411,0.0945,0.0135,116.1257,0.0055,0.0008,1.1613,0.0704,-0.0106,87.795,0.0041,-0.0006,0.8779,0.0934,0.0124,115.9028,0.0054,0.0007,1.159,0.0773,-0.0037,95.5656,0.0045,-0.0002,0.9557,0.071,-0.01,88.0135,0.0041,-0.0006,0.8801,0.1027,0.0217,127.1407,0.006,0.0013,1.2714,0.0936,0.0126,115.4375,0.0054,0.0007,1.1544,0.0801,-0.001,98.5368,0.0046,-0.0001,0.9854,e93a2b3,,18992fa,2026-09-04T19:21:08+00:00
34255,34.9191,0.0876,0.0053,0.0876,0.0817,-0.0059,93.7079,0.0049,-0.0004,0.9371,0.0909,0.0033,103.4209,0.0055,0.0002,1.0342,0.0783,-0.0093,89.2175,0.0047,-0.0006,0.8922,0.1188,0.0312,135.0846,0.0071,0.0019,1.3508,0.0838,-0.0038,96.089,0.005,-0.0002,0.9609,0.1211,0.0335,138.1586,0.0073,0.002,1.3816,0.088,0.0004,100.3303,0.0053,0.0,1.0033,0.0751,-0.0125,85.559,0.0045,-0.0007,0.8556,0.1191,0.0315,135.8108,0.0071,0.0019,1.3581,0.0917,0.0041,105.0214,0.0055,0.0002,1.0502,0.0801,-0.0076,91.4719,0.0048,-0.0005,0.9147,e93a2b3,,18992fa,2026-09-04T19:21:08+00:00
34256,35.5189,0.1118,0.007,0.1118,0.0973,-0.0145,87.4109,0.006,-0.0009,0.8741,0.1237,0.0118,110.575,0.0077,0.0007,1.1057,0.0996,-0.0122,89.4168,0.0062,-0.0008,0.8942,0.1597,0.0479,143.632,0.0099,0.003,1.4363,0.0925,-0.0193,83.0405,0.0057,-0.0012,0.8304,0.155,0.0431,139.3654,0.0096,0.0027,1.3937,0.1137,0.0019,101.7854,0.0071,0.0001,1.0179,0.1028,-0.009,92.3483,0.0064,-0.0006,0.9235,0.165,0.0532,148.9057,0.0103,0.0033,1.4891,0.1118,-0.0,99.8438,0.007,0.0,0.9984,0.1082,-0.0036,97.1513,0.0067,-0.0002,0.9715,e93a2b3,,18992fa,2026-09-04T19:21:08+00:00
34257,37.2235,0.1063,0.0064,0.1063,0.096,-0.0103,90.9173,0.0058,-0.0006,0.9092,0.1087,0.0023,102.1177,0.0065,0.0001,1.0212,0.0983,-0.008,92.0346,0.0059,-0.0005,0.9203,0.1387,0.0324,131.1481,0.0083,0.0019,1.3115,0.085,-0.0213,79.9984,0.0051,-0.0013,0.8,0.1261,0.0197,118.82,0.0076,0.0012,1.1882,0.1044,-0.0019,98.1998,0.0063,-0.0001,0.982,0.0942,-0.0121,88.5205,0.0057,-0.0007,0.8852,0.1513,0.0449,142.2816,0.0091,0.0027,1.4228,0.1167,0.0104,110.5252,0.007,0.0006,1.1053,0.1092,0.0028,102.7266,0.0066,0.0002,1.0273,e93a2b3,,18992fa,2026-09-04T19:21:08+00:00
34258,38.8083,0.1075,0.0063,0.1075,0.1003,-0.0072,93.5449,0.0059,-0.0004,0.9354,0.1098,0.0023,102.2197,0.0065,0.0001,1.0222,0.0961,-0.0113,89.4152,0.0057,-0.0007,0.8942,0.1313,0.0239,122.4336,0.0077,0.0014,1.2243,0.0839,-0.0235,78.1101,0.0049,-0.0014,0.7811,0.1097,0.0023,101.9652,0.0064,0.0001,1.0197,0.1017,-0.0058,94.6052,0.006,-0.0003,0.9461,0.085,-0.0224,79.1569,0.005,-0.0013,0.7916,0.1321,0.0246,122.841,0.0078,0.0014,1.2284,0.1162,0.0087,108.2499,0.0068,0.0005,1.0825,0.117,0.0095,109.0755,0.0069,0.0006,1.0908,e93a2b3,,18992fa,2026-09-04T19:21:08+00:00
34259,36.3272,0.111,0.0067,0.111,0.0895,-0.0215,80.5307,0.0054,-0.0013,0.8053,0.1201,0.0091,107.9868,0.0073,0.0006,1.0799,0.1032,-0.0078,92.7498,0.0063,-0.0005,0.9275,0.1445,0.0335,130.1616,0.0088,0.002,1.3016,0.0878,-0.0232,78.8665,0.0053,-0.0014,0.7887,0.1183,0.0072,106.1438,0.0072,0.0004,1.0614,0.1068,-0.0043,95.9507,0.0065,-0.0003,0.9595,0.0867,-0.0243,78.0295,0.0053,-0.0015,0.7803,0.1419,0.0309,127.6683,0.0086,0.0019,1.2767,0.1195,0.0084,107.5907,0.0073,0.0005,1.0759,0.1114,0.0004,100.3977,0.0068,0.0,1.004,e93a2b3,,18992fa,2026-09-04T19:21:08+00:00
34261,37.1642,0.1292,0.0079,0.1292,0.108,-0.0213,83.5317,0.0066,-0.0013,0.8353,0.149,0.0198,115.2909,0.0092,0.0012,1.1529,0.1196,-0.0096,92.5642,0.0074,-0.0006,0.9256,0.1708,0.0416,132.1621,0.0105,0.0026,1.3216,0.1073,-0.022,83.0054,0.0066,-0.0013,0.8301,0.1448,0.0156,112.0371,0.0089,0.001,1.1204,0.1292,0.0,100.0,0.0079,0.0,1.0,0.0996,-0.0297,77.0332,0.0061,-0.0018,0.7703,0.1653,0.0361,127.9209,0.0102,0.0022,1.2792,0.1377,0.0084,106.532,0.0085,0.0005,1.0653,0.1245,-0.0048,96.2971,0.0076,-0.0003,0.963,e93a2b3,,18992fa,2026-09-04T19:21:08+00:00
34262,36.6568,0.1387,0.009,0.1387,0.1302,-0.0085,92.4235,0.0085,-0.0005,0.9242,0.1477,0.009,108.089,0.0096,0.0006,1.0809,0.1195,-0.0191,86.774,0.0078,-0.0013,0.8677,0.1606,0.0219,117.6762,0.0104,0.0014,1.1768,0.1318,-0.0069,93.5891,0.0086,-0.0004,0.9359,0.1519,0.0133,109.1284,0.0099,0.0009,1.0913,0.1394,0.0007,101.3359,0.0091,0.0,1.0134,0.1254,-0.0133,90.5427,0.0082,-0.0009,0.9054,0.1517,0.0131,109.8358,0.0098,0.0008,1.0984,0.1393,0.0006,101.2527,0.0091,0.0,1.0125,0.1319,-0.0068,94.57,0.0086,-0.0004,0.9457,e93a2b3,,18992fa,2026-09-04T19:21:08+00:00
34263,36.1808,0.1384,0.0089,0.1384,0.1252,-0.0132,90.3701,0.0081,-0.0008,0.9037,0.1589,0.0205,115.3201,0.0103,0.0013,1.1532,0.1305,-0.0079,93.9933,0.0084,-0.0005,0.9399,0.1659,0.0275,119.6189,0.0107,0.0018,1.1962,0.1228,-0.0156,88.0251,0.0079,-0.001,0.8803,0.1649,0.0265,119.7793,0.0107,0.0017,1.1978,0.1369,-0.0015,99.3407,0.0089,-0.0001,0.9934,0.1022,-0.0362,73.0269,0.0066,-0.0024,0.7303,0.1586,0.0202,114.6744,0.0102,0.0013,1.1467,0.1427,0.0043,103.3517,0.0092,0.0003,1.0335,0.1253,-0.0131,89.8786,0.0081,-0.0009,0.8988,e93a2b3,,18992fa,2026-09-04T19:21:08+00:00
34264,36.7027,0.1128,0.0076,0.1128,0.1102,-0.0025,98.3917,0.0074,-0.0002,0.9839,0.135,0.0223,120.0658,0.0091,0.0015,1.2007,0.1087,-0.0041,98.432,0.0073,-0.0003,0.9843,0.1236,0.0108,108.0124,0.0083,0.0007,1.0801,0.117,0.0042,101.5659,0.0079,0.0003,1.0157,0.1346,0.0218,119.9889,0.0091,0.0015,1.1999,0.1156,0.0028,103.5785,0.0078,0.0002,1.0358,0.0735,-0.0393,60.6906,0.005,-0.0026,0.6069,0.1028,-0.01,88.2812,0.0069,-0.0007,0.8828,0.1139,0.0011,100.779,0.0077,0.0001,1.0078,0.0926,-0.0202,81.0211,0.0062,-0.0014,0.8102,e93a2b3,,18992fa,2026-09-04T19:21:08+00:00
34265,29.9015,0.0894,0.0061,0.0894,0.0912,0.0018,102.0065,0.0062,0.0001,1.0201,0.1156,0.0262,128.3136,0.0079,0.0018,1.2831,0.0937,0.0043,106.225,0.0064,0.0003,1.0623,0.1002,0.0108,110.7077,0.0068,0.0007,1.1071,0.0772,-0.0122,85.7644,0.0053,-0.0008,0.8576,0.1085,0.0191,121.7491,0.0074,0.0013,1.2175,0.0927,0.0033,103.3564,0.0063,0.0002,1.0336,0.0366,-0.0528,40.8015,0.0025,-0.0036,0.408,0.0785,-0.0109,86.2361,0.0053,-0.0007,0.8624,0.0901,0.0007,100.881,0.0061,0.0,1.0088,0.0582,-0.0312,65.5543,0.004,-0.0021,0.6555,e93a2b3,,18992fa,2026-09-04T19:21:08+00:00
34266,25.0649,0.0631,0.0044,0.0631,0.0931,0.03,150.0581,0.0065,0.0021,1.5006,0.0702,0.0071,112.4652,0.0049,0.0005,1.1247,0.0221,-0.041,30.2443,0.0015,-0.0029,0.3024,0.0401,-0.023,61.7072,0.0028,-0.0016,0.6171,0.0543,-0.0088,87.0288,0.0038,-0.0006,0.8703,0.0884,0.0253,141.0112,0.0062,0.0018,1.4101,0.0819,0.0188,132.1738,0.0057,0.0013,1.3217,0.0204,-0.0427,31.2554,0.0014,-0.003,0.3126,0.0793,0.0162,126.6405,0.0055,0.0011,1.2664,0.0634,0.0003,100.3222,0.0044,0.0,1.0032,0.0568,-0.0063,90.903,0.004,-0.0004,0.909,e93a2b3,,18992fa,2026-09-04T19:21:08+00:00
34267,25.8328,0.06,0.0042,0.06,0.0801,0.02,138.6712,0.0055,0.0014,1.3867,0.081,0.021,135.2599,0.0056,0.0015,1.3526,0.041,-0.019,60.1558,0.0028,-0.0013,0.6016,0.0517,-0.0084,85.4096,0.0036,-0.0006,0.8541,0.0441,-0.016,73.319,0.003,-0.0011,0.7332,0.0919,0.0319,163.5869,0.0064,0.0022,1.6359,0.0672,0.0071,115.9229,0.0047,0.0005,1.1592,0.019,-0.041,32.8738,0.0013,-0.0028,0.3287,0.0601,0.0001,100.1011,0.0042,0.0,1.001,0.0695,0.0095,120.5231,0.0048,0.0007,1.2052,0.0379,-0.0221,65.2304,0.0026,-0.0015,0.6523,e93a2b3,,18992fa,2026-09-04T19:21:08+00:00
34268,24.5255,0.0365,0.0026,0.0365,0.0497,0.0133,135.0905,0.0036,0.0009,1.3509,0.0602,0.0237,169.293,0.0043,0.0017,1.6929,0.0054,-0.0311,15.0457,0.0004,-0.0022,0.1505,0.0147,-0.0218,39.7433,0.001,-0.0016,0.3974,0.0286,-0.0078,77.0208,0.002,-0.0006,0.7702,0.0655,0.0291,182.1315,0.0047,0.0021,1.8213,0.0552,0.0188,153.527,0.004,0.0013,1.5353,0.0214,-0.0151,62.0986,0.0015,-0.0011,0.621,0.0517,0.0152,145.558,0.0037,0.0011,1.4556,0.0369,0.0005,101.4197,0.0026,0.0,1.0142,0.0238,-0.0127,62.3574,0.0017,-0.0009,0.6236,e93a2b3,,18992fa,2026-09-04T19:21:08+00:00
34269,24.4895,0.0328,0.0023,0.0328,0.043,0.0102,132.4676,0.003,0.0007,1.3247,0.0591,0.0264,183.0827,0.0042,0.0019,1.8308,0.0146,-0.0182,43.1255,0.001,-0.0013,0.4313,0.0199,-0.0129,59.5673,0.0014,-0.0009,0.5957,0.0192,-0.0136,58.6785,0.0014,-0.001,0.5868,0.0759,0.0432,236.2642,0.0054,0.0031,2.3626,0.0434,0.0106,134.8704,0.0031,0.0008,1.3487,0.0279,-0.0048,87.526,0.002,-0.0003,0.8753,0.0343,0.0015,104.7853,0.0024,0.0001,1.0479,0.0357,0.003,110.466,0.0025,0.0002,1.1047,0.0144,-0.0184,44.1551,0.001,-0.0013,0.4416,e93a2b3,,18992fa,2026-09-04T19:21:08+00:00
34271,35.537,0.105,0.0064,0.105,0.0849,-0.0201,80.8674,0.0052,-0.0012,0.8087,0.1158,0.0109,110.2337,0.0071,0.0007,1.1023,0.0948,-0.0101,90.3949,0.0058,-0.0006,0.9039,0.1408,0.0358,134.2395,0.0086,0.0022,1.3424,0.0843,-0.0207,80.1638,0.0051,-0.0013,0.8016,0.109,0.0041,103.6709,0.0066,0.0003,1.0367,0.1018,-0.0032,96.825,0.0062,-0.0002,0.9683,0.0828,-0.0222,78.9894,0.005,-0.0014,0.7899,0.1341,0.0292,127.9091,0.0082,0.0018,1.2791,0.1144,0.0095,109.0763,0.007,0.0006,1.0908,0.1067,0.0017,101.8413,0.0065,0.0001,1.0184,e93a2b3,,18992fa,2026-09-04T19:21:08+00:00
34272,37.6079,0.1077,0.0065,0.1077,0.0858,-0.022,79.6449,0.0052,-0.0013,0.7964,0.1199,0.0122,111.2841,0.0072,0.0007,1.1128,0.1039,-0.0038,96.4597,0.0062,-0.0002,0.9646,0.1448,0.0371,134.5123,0.0087,0.0022,1.3451,0.0914,-0.0163,84.7845,0.0055,-0.001,0.8478,0.1035,-0.0042,96.1038,0.0062,-0.0003,0.961,0.1062,-0.0015,98.5832,0.0064,-0.0001,0.9858,0.0895,-0.0182,83.0846,0.0054,-0.0011,0.8308,0.1405,0.0328,130.4403,0.0085,0.002,1.3044,0.1187,0.0109,110.1497,0.0071,0.0007,1.1015,0.1138,0.006,105.6356,0.0068,0.0004,1.0564,e93a2b3,,18992fa,2026-09-04T19:21:08+00:00
34273,34.6069,0.1068,0.0066,0.1068,0.085,-0.0218,79.4796,0.0053,-0.0013,0.7948,0.1211,0.0143,113.4279,0.0075,0.0009,1.1343,0.0957,-0.0111,89.6596,0.0059,-0.0007,0.8966,0.1399,0.033,131.1063,0.0087,0.002,1.3111,0.0972,-0.0097,90.9462,0.006,-0.0006,0.9095,0.108,0.0012,101.0157,0.0067,0.0001,1.0102,0.1038,-0.0031,97.1969,0.0064,-0.0002,0.972,0.1069,0.0001,100.2411,0.0066,0.0,1.0024,0.1401,0.0332,131.0419,0.0087,0.0021,1.3104,0.114,0.0072,106.8192,0.0071,0.0004,1.0682,0.1064,-0.0004,99.5497,0.0066,-0.0,0.9955,e93a2b3,,18992fa,2026-09-04T19:21:08+00:00
34274,44.7092,0.2335,0.0147,0.2335,0.2284,-0.0051,96.0938,0.0144,-0.0003,0.9609,0.2163,-0.0172,94.2869,0.0136,-0.0011,0.9429,0.1911,-0.0424,82.0931,0.012,-0.0027,0.8209,0.2449,0.0114,106.3577,0.0154,0.0007,1.0636,0.2089,-0.0246,89.7495,0.0131,-0.0016,0.8975,0.266,0.0325,111.7651,0.0168,0.0021,1.1177,0.2169,-0.0166,93.2949,0.0137,-0.0011,0.9329,0.2543,0.0208,109.7744,0.016,0.0013,1.0977,0.2922,0.0587,125.7413,0.0184,0.0037,1.2574,0.2188,-0.0148,94.2713,0.0138,-0.0009,0.9427,0.251,0.0174,105.6262,0.0158,0.0011,1.0563,e93a2b3,,18992fa,2026-09-04T19:21:08+00:00
34275,36.9612,0.1146,0.007,0.1146,0.0942,-0.0205,82.0739,0.0057,-0.0012,0.8207,0.1338,0.0191,116.6525,0.0081,0.0012,1.1665,0.098,-0.0167,85.4981,0.006,-0.001,0.855,0.1519,0.0373,132.5562,0.0092,0.0023,1.3256,0.1131,-0.0015,98.6537,0.0069,-0.0001,0.9865,0.1137,-0.001,99.1555,0.0069,-0.0001,0.9916,0.1133,-0.0013,98.7905,0.0069,-0.0001,0.9879,0.1035,-0.0111,90.2926,0.0063,-0.0007,0.9029,0.1449,0.0303,126.4572,0.0088,0.0018,1.2646,0.1218,0.0072,106.2394,0.0074,0.0004,1.0624,0.1164,0.0017,101.5502,0.0071,0.0001,1.0155,e93a2b3,,18992fa,2026-09-04T19:21:08+00:00
34276,40.8804,0.1409,0.0085,0.1409,0.1497,0.0088,105.8163,0.009,0.0005,1.0582,0.1385,-0.0024,98.9154,0.0084,-0.0002,0.9892,0.1026,-0.0383,73.2405,0.0062,-0.0023,0.7324,0.1649,0.024,117.7195,0.01,0.0014,1.1772,0.1369,-0.004,97.0037,0.0083,-0.0002,0.97,0.1423,0.0014,100.9023,0.0086,0.0001,1.009,0.1379,-0.0031,97.6705,0.0083,-0.0002,0.9767,0.138,-0.0029,97.5555,0.0083,-0.0002,0.9756,0.1595,0.0186,114.1432,0.0096,0.0011,1.1414,0.1296,-0.0113,92.4147,0.0078,-0.0007,0.9241,0.1515,0.0106,107.6164,0.0092,0.0006,1.0762,e93a2b3,,18992fa,2026-09-04T19:21:08+00:00
34277,42.681,0.202,0.0124,0.202,0.1922,-0.0098,95.1714,0.0118,-0.0006,0.9517,0.2087,0.0067,104.0494,0.0128,0.0004,1.0405,0.1576,-0.0444,77.5435,0.0097,-0.0027,0.7754,0.2276,0.0257,113.8057,0.014,0.0016,1.1381,0.1946,-0.0074,96.3193,0.012,-0.0005,0.9632,0.2122,0.0102,104.3206,0.0131,0.0006,1.0432,0.1997,-0.0023,99.2643,0.0123,-0.0001,0.9926,0.202,-0.0,99.4044,0.0124,0.0,0.994,0.2357,0.0337,117.2608,0.0145,0.0021,1.1726,0.1832,-0.0188,90.7027,0.0113,-0.0012,0.907,0.2077,0.0057,102.0564,0.0128,0.0004,1.0206,e93a2b3,,18992fa,2026-09-04T19:21:08+00:00
34278,41.3151,0.168,0.0105,0.168,0.1758,0.0079,105.1436,0.011,0.0005,1.0514,0.1656,-0.0024,98.6736,0.0104,-0.0001,0.9867,0.1205,-0.0475,71.2427,0.0075,-0.003,0.7124,0.1869,0.019,111.4787,0.0117,0.0012,1.1148,0.1624,-0.0055,96.5631,0.0102,-0.0003,0.9656,0.1768,0.0088,104.7223,0.0111,0.0006,1.0472,0.1666,-0.0014,99.1847,0.0104,-0.0001,0.9918,0.1602,-0.0077,95.6752,0.01,-0.0005,0.9568,0.185,0.017,110.3359,0.0116,0.0011,1.1034,0.1532,-0.0148,91.1869,0.0096,-0.0009,0.9119,0.1835,0.0155,109.6784,0.0115,0.001,1.0968,e93a2b3,,18992fa,2026-09-04T19:21:08+00:00
34279,44.4358,0.2496,0.0156,0.2496,0.2514,0.0019,100.7661,0.0158,0.0001,1.0077,0.2493,-0.0003,99.8792,0.0156,-0.0,0.9988,0.2018,-0.0478,80.8008,0.0126,-0.003,0.808,0.2709,0.0213,108.5486,0.017,0.0013,1.0855,0.2492,-0.0003,99.8572,0.0156,-0.0,0.9986,0.2778,0.0282,111.3528,0.0174,0.0018,1.1135,0.2449,-0.0047,98.1779,0.0154,-0.0003,0.9818,0.2301,-0.0195,92.2066,0.0144,-0.0012,0.9221,0.276,0.0265,110.6702,0.0173,0.0017,1.1067,0.2272,-0.0224,91.062,0.0142,-0.0014,0.9106,0.2643,0.0148,105.9844,0.0166,0.0009,1.0598,e93a2b3,,18992fa,2026-09-04T19:21:08+00:00
34281,45.1789,0.2707,0.0171,0.2707,0.2708,0.0001,100.0636,0.0171,0.0,1.0006,0.2727,0.0021,100.7259,0.0172,0.0001,1.0073,0.2219,-0.0487,81.9097,0.014,-0.0031,0.8191,0.292,0.0213,107.8673,0.0184,0.0013,1.0787,0.2682,-0.0025,99.0776,0.0169,-0.0002,0.9908,0.3105,0.0399,114.6486,0.0196,0.0025,1.1465,0.2675,-0.0032,98.7739,0.0169,-0.0002,0.9877,0.2549,-0.0158,94.0786,0.0161,-0.001,0.9408,0.3046,0.0339,112.4828,0.0192,0.0021,1.1248,0.2501,-0.0206,92.3523,0.0158,-0.0013,0.9235,0.2961,0.0254,109.2956,0.0187,0.0016,1.093,e93a2b3,,18992fa,2026-09-04T19:21:08+00:00
34282,45.721,0.2794,0.0183,0.2794,0.2741,-0.0052,98.1455,0.0179,-0.0003,0.9815,0.2848,0.0054,102.1601,0.0186,0.0004,1.0216,0.2272,-0.0522,80.6289,0.0149,-0.0034,0.8063,0.2996,0.0202,107.2782,0.0196,0.0013,1.0728,0.2561,-0.0233,91.6352,0.0168,-0.0015,0.9164,0.3592,0.0799,127.9505,0.0235,0.0052,1.2795,0.2762,-0.0032,99.1021,0.0181,-0.0002,0.991,0.2789,-0.0005,99.366,0.0183,-0.0,0.9937,0.3123,0.033,111.3118,0.0204,0.0022,1.1131,0.2668,-0.0126,94.9226,0.0175,-0.0008,0.9492,0.3175,0.0381,113.2616,0.0208,0.0025,1.1326,e93a2b3,,18992fa,2026-09-04T19:21:08+00:00
34283,41.6074,0.1935,0.0124,0.1935,0.1979,0.0044,102.6986,0.0127,0.0003,1.027,0.1969,0.0035,101.5364,0.0126,0.0002,1.0154,0.1435,-0.0499,73.836,0.0092,-0.0032,0.7384,0.2043,0.0109,105.6005,0.0131,0.0007,1.056,0.1728,-0.0207,89.351,0.0111,-0.0013,0.8935,0.2185,0.025,112.5655,0.014,0.0016,1.1257,0.1904,-0.0031,98.3992,0.0122,-0.0002,0.984,0.1802,-0.0133,93.4328,0.0115,-0.0009,0.9343,0.2114,0.0179,109.3663,0.0136,0.0011,1.0937,0.1665,-0.0269,85.8814,0.0107,-0.0017,0.8588,0.209,0.0155,108.216,0.0134,0.001,1.0822,e93a2b3,,18992fa,2026-09-04T19:21:08+00:00
34284,46.3487,0.2525,0.0169,0.2525,0.2519,-0.0005,99.6108,0.0169,-0.0,0.9961,0.2426,-0.0098,96.2928,0.0162,-0.0007,0.9629,0.1923,-0.0601,76.037,0.0129,-0.004,0.7604,0.2574,0.0049,102.0301,0.0172,0.0003,1.0203,0.226,-0.0265,89.5173,0.0151,-0.0018,0.8952,0.3158,0.0633,124.8917,0.0211,0.0042,1.2489,0.2524,-0.0001,100.0065,0.0169,-0.0,1.0001,0.252,-0.0005,99.6348,0.0169,-0.0,0.9963,0.2846,0.0321,112.5543,0.019,0.0022,1.1255,0.2217,-0.0308,87.6381,0.0148,-0.0021,0.8764,0.285,0.0325,112.6902,0.0191,0.0022,1.1269,e93a2b3,,18992fa,2026-09-04T19:21:08+00:00
34285,44.3731,0.2506,0.0165,0.2506,0.2544,0.0038,101.5125,0.0168,0.0003,1.0151,0.2443,-0.0063,97.8371,0.0161,-0.0004,0.9784,0.1952,-0.0554,76.6162,0.0129,-0.0036,0.7662,0.2505,-0.0001,100.4629,0.0165,-0.0,1.0046,0.2248,-0.0258,89.8511,0.0148,-0.0017,0.8985,0.2939,0.0433,115.3534,0.0194,0.0029,1.1535,0.2519,0.0013,100.6702,0.0166,0.0001,1.0067,0.2457,-0.0049,96.5525,0.0162,-0.0003,0.9655,0.2796,0.029,110.6967,0.0185,0.0019,1.107,0.2034,-0.0472,79.9685,0.0134,-0.0031,0.7997,0.2831,0.0324,111.6059,0.0187,0.0022,1.1161,e93a2b3,,18992fa,2026-09-04T19:21:08+00:00
34286,40.9169,0.2092,0.0144,0.2092,0.2146,0.0053,103.2251,0.0148,0.0004,1.0323,0.1875,-0.0218,91.5816,0.0129,-0.0015,0.9158,0.162,-0.0472,75.7873,0.0111,-0.0033,0.7579,0.2228,0.0136,116.3795,0.0154,0.001,1.1638,0.1925,-0.0167,93.419,0.0132,-0.0012,0.9342,0.2426,0.0334,108.8502,0.0167,0.0023,1.0885,0.2141,0.0049,106.6785,0.0147,0.0003,1.0668,0.2209,0.0117,104.6452,0.0152,0.0008,1.0465,0.232,0.0228,104.9827,0.016,0.0016,1.0498,0.1625,-0.0467,75.7386,0.0112,-0.0032,0.7574,0.247,0.0377,115.8547,0.017,0.0026,1.1585,e93a2b3,,18992fa,2026-09-04T19:21:08+00:00
34287,38.7138,0.1482,0.0099,0.1482,0.1489,0.0007,100.5119,0.01,0.0,1.0051,0.1314,-0.0168,88.682,0.0088,-0.0011,0.8868,0.109,-0.0392,73.5504,0.0073,-0.0026,0.7355,0.1668,0.0186,112.7281,0.0112,0.0013,1.1273,0.1398,-0.0084,94.3547,0.0094,-0.0006,0.9435,0.155,0.0068,104.5728,0.0104,0.0005,1.0457,0.1574,0.0092,106.2996,0.0106,0.0006,1.063,0.1462,-0.0019,98.7907,0.0098,-0.0001,0.9879,0.1476,-0.0006,99.5513,0.0099,-0.0,0.9955,0.1034,-0.0448,69.8346,0.0069,-0.003,0.6983,0.1728,0.0246,116.6637,0.0116,0.0017,1.1666,e93a2b3,,18992fa,2026-09-04T19:21:08+00:00
34288,39.6271,0.1558,0.0105,0.1558,0.1615,0.0057,103.8297,0.0108,0.0004,1.0383,0.1244,-0.0314,79.8461,0.0083,-0.0021,0.7985,0.1122,-0.0436,71.963,0.0075,-0.0029,0.7196,0.1662,0.0104,106.4294,0.0112,0.0007,1.0643,0.1362,-0.0195,87.3425,0.0091,-0.0013,0.8734,0.167,0.0112,107.3968,0.0112,0.0007,1.074,0.1636,0.0078,104.9996,0.011,0.0005,1.05,0.1579,0.0021,101.2628,0.0106,0.0001,1.0126,0.1529,-0.0029,98.3195,0.0103,-0.0002,0.9832,0.1029,-0.0529,66.299,0.0069,-0.0036,0.663,0.1801,0.0243,115.8026,0.0121,0.0016,1.158,e93a2b3,,18992fa,2026-09-04T19:21:08+00:00
34289,31.9861,0.0775,0.0055,0.0775,0.0828,0.0053,109.1674,0.0058,0.0004,1.0917,0.0683,-0.0092,95.5797,0.0048,-0.0006,0.9558,0.0568,-0.0207,63.5687,0.004,-0.0015,0.6357,0.1068,0.0292,163.7391,0.0076,0.0021,1.6374,0.067,-0.0105,74.5563,0.0047,-0.0008,0.7456,0.078,0.0005,101.4172,0.0055,0.0,1.0142,0.0969,0.0194,148.9938,0.0068,0.0014,1.4899,0.0843,0.0067,113.7687,0.0059,0.0005,1.1377,0.0708,-0.0067,80.0904,0.005,-0.0005,0.8009,0.0551,-0.0225,78.0181,0.0039,-0.0016,0.7802,0.0905,0.013,115.8731,0.0064,0.0009,1.1587,e93a2b3,,18992fa,2026-09-04T19:21:08+00:00
34291,51.827,0.3956,0.0253,0.3956,0.3992,0.0036,100.8237,0.0255,0.0002,1.0082,0.37,-0.0257,93.7712,0.0236,-0.0016,0.9377,0.3264,-0.0692,82.5204,0.0209,-0.0044,0.8252,0.4149,0.0192,105.0198,0.0265,0.0012,1.0502,0.3648,-0.0309,92.3638,0.0233,-0.002,0.9236,0.5047,0.1091,127.4119,0.0323,0.007,1.2741,0.3777,-0.0179,95.6157,0.0241,-0.0011,0.9562,0.4195,0.0239,105.8264,0.0268,0.0015,1.0583,0.4643,0.0687,117.1503,0.0297,0.0044,1.1715,0.3768,-0.0188,95.2524,0.0241,-0.0012,0.9525,0.4633,0.0676,116.8218,0.0296,0.0043,1.1682,e93a2b3,,18992fa,2026-09-04T19:21:08+00:00
34292,44.9458,0.2472,0.0166,0.2472,0.2412,-0.006,97.5658,0.0162,-0.0004,0.9757,0.2397,-0.0075,97.1524,0.0161,-0.0005,0.9715,0.1781,-0.0691,71.8463,0.012,-0.0047,0.7185,0.269,0.0217,108.808,0.0181,0.0015,1.0881,0.2288,-0.0185,92.5483,0.0154,-0.0012,0.9255,0.3082,0.061,124.5487,0.0207,0.0041,1.2455,0.253,0.0058,102.4162,0.017,0.0004,1.0242,0.2394,-0.0078,96.5593,0.0161,-0.0005,0.9656,0.2666,0.0194,107.5461,0.0179,0.0013,1.0755,0.2212,-0.026,89.4025,0.0148,-0.0018,0.894,0.2742,0.0269,110.7115,0.0184,0.0018,1.1071,e93a2b3,,18992fa,2026-09-04T19:21:08+00:00
34293,41.2667,0.1977,0.0132,0.1977,0.1909,-0.0068,97.2994,0.0127,-0.0004,0.973,0.1884,-0.0092,95.5243,0.0126,-0.0006,0.9552,0.1453,-0.0524,72.2623,0.0097,-0.0035,0.7226,0.2228,0.0251,113.6068,0.0149,0.0017,1.1361,0.1877,-0.01,95.1462,0.0125,-0.0007,0.9515,0.2366,0.0389,121.0985,0.0158,0.0026,1.211,0.202,0.0044,103.4291,0.0135,0.0003,1.0343,0.192,-0.0057,96.9967,0.0128,-0.0004,0.97,0.2105,0.0129,104.0922,0.014,0.0008,1.0409,0.1832,-0.0144,92.9123,0.0122,-0.001,0.9291,0.208,0.0103,105.6333,0.0139,0.0007,1.0563,e93a2b3,,18992fa,2026-09-04T19:21:08+00:00
34294,33.9072,0.1093,0.0075,0.1093,0.106,-0.0033,99.246,0.0073,-0.0002,0.9925,0.0969,-0.0124,89.58,0.0067,-0.0009,0.8958,0.0637,-0.0456,58.6304,0.0044,-0.0032,0.5863,0.1373,0.028,127.5448,0.0095,0.0019,1.2754,0.1102,0.0009,101.5966,0.0076,0.0001,1.016,0.1371,0.0278,126.9336,0.0095,0.0019,1.2693,0.1184,0.0091,109.9279,0.0082,0.0006,1.0993,0.1261,0.0167,115.2135,0.0087,0.0012,1.1521,0.0995,-0.0099,86.9939,0.0069,-0.0007,0.8699,0.0852,-0.0241,78.8792,0.0059,-0.0017,0.7888,0.1131,0.0038,102.9416,0.0078,0.0003,1.0294,e93a2b3,,18992fa,2026-09-04T19:21:08+00:00
34295,26.4315,0.0514,0.0036,0.0514,0.0559,0.0045,114.2525,0.0039,0.0003,1.1425,0.0484,-0.003,98.187,0.0034,-0.0002,0.9819,0.025,-0.0264,43.6622,0.0017,-0.0018,0.4366,0.0827,0.0313,160.9195,0.0057,0.0022,1.6092,0.0502,-0.0012,93.2618,0.0035,-0.0001,0.9326,0.0856,0.0342,201.1964,0.0059,0.0024,2.012,0.058,0.0066,109.7419,0.004,0.0005,1.0974,0.0593,0.0079,129.2249,0.0041,0.0006,1.2922,0.0368,-0.0146,57.5113,0.0025,-0.001,0.5751,0.0437,-0.0077,85.5706,0.003,-0.0005,0.8557,0.0496,-0.0017,93.1596,0.0034,-0.0001,0.9316,e93a2b3,,18992fa,2026-09-04T19:21:08+00:00
34296,23.2437,0.0234,0.0017,0.0234,0.0244,0.001,115.192,0.0017,0.0001,1.1519,0.0213,-0.0021,101.8839,0.0015,-0.0002,1.0188,0.0092,-0.0142,41.026,0.0007,-0.001,0.4103,0.0334,0.01,136.789,0.0024,0.0007,1.3679,0.0193,-0.0041,84.2137,0.0014,-0.0003,0.8421,0.0477,0.0243,258.2468,0.0034,0.0017,2.5825,0.0268,0.0034,117.5704,0.0019,0.0002,1.1757,0.0358,0.0124,184.4824,0.0025,0.0009,1.8448,0.0131,-0.0103,36.3721,0.0009,-0.0007,0.3637,0.0134,-0.01,64.6863,0.001,-0.0007,0.6469,0.0303,0.0069,127.4081,0.0021,0.0005,1.2741,e93a2b3,,18992fa,2026-09-04T19:21:08+00:00
34297,20.771,0.0127,0.0009,0.0127,0.0171,0.0043,133.6814,0.0012,0.0003,1.3368,0.0141,0.0014,111.243,0.001,0.0001,1.1124,0.0064,-0.0063,50.0768,0.0004,-0.0004,0.5008,0.0133,0.0006,104.1512,0.0009,0.0,1.0415,0.0106,-0.0021,83.1964,0.0007,-0.0002,0.832,0.0504,0.0377,396.5602,0.0035,0.0027,3.9656,0.0124,-0.0003,97.3036,0.0009,-0.0,0.973,0.0298,0.0171,234.9326,0.0021,0.0012,2.3493,0.0028,-0.0099,22.0775,0.0002,-0.0007,0.2208,0.0133,0.0006,104.8052,0.0009,0.0,1.0481,0.0112,-0.0015,88.9238,0.0008,-0.0001,0.8892,e93a2b3,,18992fa,2026-09-04T19:21:08+00:00
34298,30.841,0.0686,0.0047,0.0686,0.0735,0.0049,107.4818,0.0051,0.0003,1.0748,0.0923,0.0237,134.4125,0.0064,0.0016,1.3441,0.0546,-0.014,75.6669,0.0038,-0.001,0.7567,0.0946,0.026,139.7574,0.0065,0.0018,1.3976,0.0496,-0.019,68.4619,0.0034,-0.0013,0.6846,0.0975,0.0289,158.2833,0.0067,0.002,1.5828,0.0748,0.0062,109.2189,0.0051,0.0004,1.0922,0.0516,-0.0171,80.9376,0.0036,-0.0012,0.8094,0.0669,-0.0017,95.3336,0.0046,-0.0001,0.9533,0.0663,-0.0023,96.1154,0.0046,-0.0002,0.9612,0.0471,-0.0216,68.8341,0.0032,-0.0015,0.6883,e93a2b3,,18992fa,2026-09-04T19:21:08+00:00
34299,21.4247,0.0136,0.001,0.0136,0.0164,0.0028,118.1667,0.0012,0.0002,1.1817,0.0266,0.013,283.0844,0.0019,0.0009,2.8308,0.0075,-0.0061,45.5396,0.0005,-0.0004,0.4554,0.0125,-0.0011,75.0302,0.0009,-0.0001,0.7503,0.0109,-0.0027,112.0623,0.0008,-0.0002,1.1206,0.0311,0.0175,260.1569,0.0022,0.0013,2.6016,0.0223,0.0087,224.4106,0.0016,0.0006,2.2441,0.0204,0.0067,197.9196,0.0015,0.0005,1.9792,0.0094,-0.0042,53.9747,0.0007,-0.0003,0.5397,0.0105,-0.0031,84.7037,0.0008,-0.0002,0.847,0.0116,-0.002,86.1201,0.0008,-0.0001,0.8612,e93a2b3,,18992fa,2026-09-04T19:21:08+00:00
34300,53.8637,0.1074,0.0044,0.1074,0.1004,-0.0071,93.5456,0.0041,-0.0003,0.9355,0.1291,0.0217,120.1426,0.0052,0.0009,1.2014,0.1492,0.0418,139.6029,0.0061,0.0017,1.396,0.1384,0.031,130.3001,0.0056,0.0012,1.303,0.1013,-0.0061,93.2348,0.0041,-0.0002,0.9323,0.0892,-0.0182,82.786,0.0036,-0.0007,0.8279,0.1122,0.0048,104.6253,0.0046,0.0002,1.0463,0.0989,-0.0086,91.8233,0.004,-0.0003,0.9182,0.1542,0.0468,143.682,0.0063,0.0019,1.4368,0.1046,-0.0029,97.3277,0.0042,-0.0001,0.9733,0.0875,-0.0199,81.046,0.0036,-0.0008,0.8105,e93a2b3,,18992fa,2026-09-04T19:21:08+00:00
35110,48.5578,0.0975,0.0041,0.0975,0.0755,-0.022,77.8485,0.0032,-0.0009,0.7785,0.1034,0.0059,106.2127,0.0044,0.0002,1.0621,0.1397,0.0422,143.2122,0.0059,0.0018,1.4321,0.1159,0.0184,119.1532,0.0049,0.0008,1.1915,0.0929,-0.0046,96.0704,0.004,-0.0002,0.9607,0.0809,-0.0166,83.0333,0.0034,-0.0007,0.8303,0.0891,-0.0084,90.8491,0.0038,-0.0004,0.9085,0.086,-0.0115,88.713,0.0037,-0.0005,0.8871,0.1248,0.0273,127.8563,0.0053,0.0012,1.2786,0.1163,0.0188,119.4617,0.005,0.0008,1.1946,0.07,-0.0275,71.7816,0.003,-0.0012,0.7178,e93a2b3,,18992fa,2026-09-04T19:21:08+00:00
35121,45.5366,0.0847,0.0035,0.0847,0.0623,-0.0224,73.9276,0.0026,-0.0009,0.7393,0.0931,0.0084,109.8392,0.0039,0.0003,1.0984,0.1473,0.0626,172.8099,0.0062,0.0026,1.7281,0.1187,0.034,139.4692,0.005,0.0014,1.3947,0.0637,-0.021,75.2008,0.0027,-0.0009,0.752,0.0762,-0.0085,90.2056,0.0032,-0.0004,0.9021,0.0851,0.0004,100.1558,0.0036,0.0,1.0016,0.0715,-0.0132,85.6905,0.003,-0.0005,0.8569,0.1169,0.0322,139.1006,0.0049,0.0014,1.391,0.0928,0.008,110.5695,0.0039,0.0003,1.1057,0.0668,-0.0179,79.5751,0.0028,-0.0007,0.7958,e93a2b3,,18992fa,2026-09-04T19:21:08+00:00
35122,42.5167,0.0675,0.0032,0.0675,0.056,-0.0115,82.3353,0.0027,-0.0005,0.8234,0.0712,0.0037,106.4276,0.0034,0.0002,1.0643,0.0857,0.0182,129.6192,0.004,0.0008,1.2962,0.0688,0.0012,103.8543,0.0032,0.0001,1.0385,0.0726,0.0051,103.8749,0.0034,0.0002,1.0387,0.0646,-0.0029,95.0401,0.0031,-0.0001,0.9504,0.0547,-0.0128,80.4867,0.0026,-0.0006,0.8049,0.0646,-0.003,96.0622,0.0031,-0.0001,0.9606,0.0822,0.0146,120.0675,0.0039,0.0007,1.2007,0.1053,0.0378,151.1711,0.005,0.0018,1.5117,0.0542,-0.0133,79.9645,0.0026,-0.0006,0.7996,e93a2b3,,18992fa,2026-09-04T19:21:08+00:00
35123,38.7224,0.0834,0.0038,0.0834,0.0655,-0.0179,77.3061,0.003,-0.0008,0.7731,0.0844,0.001,101.2278,0.0038,0.0,1.0123,0.1457,0.0623,176.2038,0.0066,0.0028,1.762,0.0804,-0.003,99.0962,0.0036,-0.0001,0.991,0.0721,-0.0113,83.2852,0.0033,-0.0005,0.8329,0.0761,-0.0073,91.2822,0.0034,-0.0003,0.9128,0.0862,0.0028,104.0192,0.0039,0.0001,1.0402,0.0757,-0.0077,91.5418,0.0034,-0.0004,0.9154,0.1146,0.0311,138.4322,0.0052,0.0014,1.3843,0.0917,0.0083,109.8955,0.0042,0.0004,1.099,0.0774,-0.0061,91.3523,0.0035,-0.0003,0.9135,e93a2b3,,18992fa,2026-09-04T19:21:08+00:00
35124,37.1857,0.0595,0.003,0.0595,0.0501,-0.0094,82.8695,0.0025,-0.0005,0.8287,0.0552,-0.0043,95.6993,0.0028,-0.0002,0.957,0.0784,0.0189,138.992,0.0039,0.0009,1.3899,0.0645,0.005,111.204,0.0032,0.0002,1.112,0.0513,-0.0082,77.4654,0.0026,-0.0004,0.7747,0.0579,-0.0016,96.5515,0.0029,-0.0001,0.9655,0.056,-0.0036,94.4318,0.0028,-0.0002,0.9443,0.0499,-0.0096,86.5703,0.0025,-0.0005,0.8657,0.07,0.0105,117.9699,0.0035,0.0005,1.1797,0.0815,0.022,135.0303,0.0041,0.0011,1.3503,0.0592,-0.0003,97.715,0.003,-0.0,0.9771,e93a2b3,,18992fa,2026-09-04T19:21:08+00:00
35125,34.5855,0.0557,0.0026,0.0557,0.0418,-0.0138,75.11,0.0019,-0.0006,0.7511,0.0528,-0.0029,94.8678,0.0024,-0.0001,0.9487,0.1077,0.052,193.5649,0.005,0.0024,1.9356,0.0605,0.0048,108.9193,0.0028,0.0002,1.0892,0.0329,-0.0228,58.7267,0.0015,-0.0011,0.5873,0.0545,-0.0012,97.8754,0.0025,-0.0001,0.9788,0.061,0.0053,109.5152,0.0028,0.0002,1.0952,0.0551,-0.0006,99.0447,0.0025,-0.0,0.9904,0.0799,0.0242,143.3362,0.0037,0.0011,1.4334,0.0707,0.015,126.9254,0.0033,0.0007,1.2693,0.0527,-0.003,94.4347,0.0024,-0.0001,0.9443,e93a2b3,,18992fa,2026-09-04T19:21:08+00:00
35126,38.255,0.0925,0.0044,0.0925,0.0911,-0.0014,96.5719,0.0044,-0.0001,0.9657,0.0875,-0.005,94.3409,0.0042,-0.0002,0.9434,0.124,0.0316,137.8046,0.0059,0.0015,1.378,0.0753,-0.0172,83.8608,0.0036,-0.0008,0.8386,0.0788,-0.0137,82.7719,0.0038,-0.0006,0.8277,0.0931,0.0007,101.2987,0.0045,0.0,1.013,0.0972,0.0048,106.4382,0.0046,0.0002,1.0644,0.0811,-0.0114,88.7027,0.0039,-0.0006,0.887,0.1256,0.0331,136.926,0.006,0.0016,1.3693,0.1232,0.0308,133.7301,0.0059,0.0015,1.3373,0.0853,-0.0071,90.7975,0.0041,-0.0003,0.908,e93a2b3,,18992fa,2026-09-04T19:21:08+00:00
35127,34.0156,0.0618,0.003,0.0618,0.0559,-0.0059,86.4119,0.0027,-0.0003,0.8641,0.0606,-0.0012,98.2673,0.003,-0.0001,0.9827,0.0883,0.0266,149.164,0.0043,0.0013,1.4916,0.0561,-0.0057,94.5188,0.0027,-0.0003,0.9452,0.0437,-0.0181,66.0397,0.0021,-0.0009,0.6604,0.0598,-0.002,95.6055,0.0029,-0.0001,0.9561,0.0672,0.0055,109.7945,0.0033,0.0003,1.0979,0.0542,-0.0076,88.1794,0.0027,-0.0004,0.8818,0.0908,0.0291,146.0943,0.0044,0.0014,1.4609,0.0872,0.0255,138.9549,0.0043,0.0013,1.3895,0.0581,-0.0037,92.8607,0.0028,-0.0002,0.9286,e93a2b3,,18992fa,2026-09-04T19:21:08+00:00
35128,35.3185,0.0709,0.0036,0.0709,0.077,0.0061,106.6212,0.0039,0.0003,1.0662,0.066,-0.0048,92.7001,0.0034,-0.0002,0.927,0.0715,0.0007,104.4631,0.0037,0.0,1.0446,0.059,-0.0119,84.0099,0.003,-0.0006,0.8401,0.0595,-0.0114,83.6114,0.003,-0.0006,0.8361,0.073,0.0021,102.6328,0.0037,0.0001,1.0263,0.0787,0.0078,113.153,0.004,0.0004,1.1315,0.0683,-0.0026,96.4807,0.0035,-0.0001,0.9648,0.1048,0.0339,146.7241,0.0053,0.0017,1.4672,0.1102,0.0393,154.7357,0.0056,0.002,1.5474,0.0631,-0.0077,88.313,0.0032,-0.0004,0.8831,e93a2b3,,18992fa,2026-09-04T19:21:08+00:00
35129,35.4986,0.058,0.003,0.058,0.0562,-0.0018,97.4134,0.0029,-0.0001,0.9741,0.0528,-0.0052,91.87,0.0027,-0.0003,0.9187,0.0721,0.0141,125.6517,0.0037,0.0007,1.2565,0.0544,-0.0036,93.7842,0.0028,-0.0002,0.9378,0.0424,-0.0156,70.8997,0.0022,-0.0008,0.709,0.0568,-0.0012,97.3678,0.0029,-0.0001,0.9737,0.0671,0.0091,117.6149,0.0034,0.0005,1.1761,0.0528,-0.0052,92.1254,0.0027,-0.0003,0.9213,0.0831,0.0251,144.8501,0.0042,0.0013,1.4485,0.0895,0.0315,152.9279,0.0046,0.0016,1.5293,0.0577,-0.0003,98.519,0.0029,-0.0,0.9852,e93a2b3,,18992fa,2026-09-04T19:21:08+00:00
35131,48.4011,0.0948,0.0038,0.0948,0.0631,-0.0317,66.572,0.0025,-0.0013,0.6657,0.1074,0.0126,113.4128,0.0043,0.0005,1.1341,0.1795,0.0847,188.8969,0.0072,0.0034,1.889,0.1504,0.0556,158.657,0.0061,0.0022,1.5866,0.0633,-0.0315,66.5913,0.0026,-0.0013,0.6659,0.0925,-0.0023,97.7216,0.0037,-0.0001,0.9772,0.0932,-0.0016,98.0138,0.0038,-0.0001,0.9801,0.0714,-0.0233,75.3189,0.0029,-0.0009,0.7532,0.119,0.0243,125.5479,0.0048,0.001,1.2555,0.1028,0.008,108.818,0.0041,0.0003,1.0882,0.0642,-0.0305,68.011,0.0026,-0.0012,0.6801,e93a2b3,,18992fa,2026-09-04T19:21:08+00:00
35132,48.6587,0.1065,0.0044,0.1065,0.0752,-0.0313,70.6871,0.0031,-0.0013,0.7069,0.1248,0.0183,117.2053,0.0052,0.0008,1.1721,0.2408,0.1343,225.5075,0.01,0.0056,2.2551,0.1594,0.0529,150.5435,0.0066,0.0022,1.5054,0.094,-0.0125,87.3368,0.0039,-0.0005,0.8734,0.1061,-0.0004,99.4855,0.0044,-0.0,0.9949,0.1083,0.0018,102.1541,0.0045,0.0001,1.0215,0.0898,-0.0167,84.1127,0.0037,-0.0007,0.8411,0.1342,0.0277,126.4339,0.0056,0.0012,1.2643,0.0979,-0.0086,92.634,0.0041,-0.0004,0.9263,0.0743,-0.0321,69.8943,0.0031,-0.0013,0.6989,e93a2b3,,18992fa,2026-09-04T19:21:08+00:00
35133,53.8815,0.0968,0.0037,0.0968,0.0662,-0.0305,68.8423,0.0025,-0.0012,0.6884,0.1126,0.0159,116.5277,0.0043,0.0006,1.1653,0.1647,0.068,170.6971,0.0063,0.0026,1.707,0.1362,0.0395,141.4403,0.0052,0.0015,1.4144,0.0619,-0.0349,64.0323,0.0024,-0.0013,0.6403,0.0967,-0.0,99.9919,0.0037,-0.0,0.9999,0.0846,-0.0122,87.5741,0.0032,-0.0005,0.8757,0.0699,-0.0269,72.4472,0.0027,-0.001,0.7245,0.108,0.0112,111.6608,0.0041,0.0004,1.1166,0.1021,0.0053,105.743,0.0039,0.0002,1.0574,0.0749,-0.0219,77.8315,0.0029,-0.0008,0.7783,e93a2b3,,18992fa,2026-09-04T19:21:08+00:00
35134,54.725,0.0876,0.0033,0.0876,0.0675,-0.0201,77.2848,0.0026,-0.0008,0.7728,0.1028,0.0153,117.5549,0.0039,0.0006,1.1755,0.1596,0.072,182.5803,0.0061,0.0027,1.8258,0.1364,0.0488,155.9965,0.0052,0.0018,1.56,0.0586,-0.029,66.7352,0.0022,-0.0011,0.6674,0.0873,-0.0003,99.6548,0.0033,-0.0,0.9965,0.0803,-0.0073,91.7535,0.003,-0.0003,0.9175,0.0659,-0.0217,75.2081,0.0025,-0.0008,0.7521,0.0966,0.009,110.3021,0.0037,0.0003,1.103,0.0959,0.0083,109.5868,0.0036,0.0003,1.0959,0.0762,-0.0114,87.0886,0.0029,-0.0004,0.8709,e93a2b3,,18992fa,2026-09-04T19:21:08+00:00
35135,,,,,,,,,,,,,,,,,,,,,,,,,,,,,,,,,,,,,,,,,,,,,,,,,,,,,,,,,,,,,,,,,,,,,,,e93a2b3,,18992fa,2026-09-04T19:21:08+00:00
35136,50.0362,0.0954,0.0039,0.0954,0.08,-0.0153,84.1569,0.0033,-0.0006,0.8416,0.1283,0.0329,135.1519,0.0052,0.0013,1.3515,0.2324,0.137,242.6279,0.0095,0.0056,2.4263,0.1633,0.0679,171.8873,0.0066,0.0028,1.7189,0.0711,-0.0242,73.9831,0.0029,-0.001,0.7398,0.099,0.0036,103.573,0.004,0.0002,1.0357,0.0916,-0.0038,95.7312,0.0037,-0.0001,0.9573,0.0641,-0.0312,67.1727,0.0026,-0.0013,0.6717,0.0993,0.004,104.3177,0.004,0.0002,1.0432,0.1031,0.0078,109.0981,0.0042,0.0003,1.091,0.0781,-0.0173,82.5218,0.0032,-0.0007,0.8252,e93a2b3,,18992fa,2026-09-04T19:21:08+00:00
35137,56.3402,0.0836,0.0032,0.0836,0.077,-0.0066,92.4713,0.0029,-0.0003,0.9247,0.1143,0.0307,136.9771,0.0044,0.0012,1.3698,0.1803,0.0967,216.4725,0.0069,0.0037,2.1647,0.1626,0.079,194.9288,0.0062,0.003,1.9493,0.0588,-0.0248,69.9779,0.0022,-0.0009,0.6998,0.0766,-0.007,91.5946,0.0029,-0.0003,0.9159,0.0763,-0.0073,91.2587,0.0029,-0.0003,0.9126,0.0644,-0.0192,76.7982,0.0025,-0.0007,0.768,0.0905,0.0068,108.264,0.0034,0.0003,1.0826,0.0919,0.0082,110.2015,0.0035,0.0003,1.102,0.0833,-0.0003,99.6957,0.0032,-0.0,0.997,e93a2b3,,18992fa,2026-09-04T19:21:08+00:00
35138,52.8431,0.0826,0.0032,0.0826,0.0804,-0.0022,97.3862,0.0032,-0.0001,0.9739,0.1159,0.0333,140.4017,0.0045,0.0013,1.404,0.1881,0.1055,227.8588,0.0074,0.0041,2.2786,0.1609,0.0782,194.8194,0.0063,0.0031,1.9482,0.0527,-0.0299,63.7519,0.0021,-0.0012,0.6375,0.0788,-0.0039,95.3413,0.0031,-0.0002,0.9534,0.0723,-0.0103,87.5283,0.0028,-0.0004,0.8753,0.0562,-0.0264,68.0453,0.0022,-0.001,0.6805,0.0861,0.0035,104.2279,0.0034,0.0001,1.0423,0.0935,0.0109,113.2864,0.0037,0.0004,1.1329,0.0809,-0.0017,97.9651,0.0032,-0.0001,0.9797,e93a2b3,,18992fa,2026-09-04T19:21:08+00:00
35139,53.9227,0.0904,0.0036,0.0904,0.0899,-0.0005,99.4775,0.0036,-0.0,0.9948,0.1177,0.0273,130.3963,0.0047,0.0011,1.304,0.1887,0.0984,209.5243,0.0075,0.0039,2.0952,0.1729,0.0826,191.626,0.0069,0.0033,1.9163,0.0509,-0.0395,56.3849,0.002,-0.0016,0.5638,0.0773,-0.013,85.6054,0.0031,-0.0005,0.8561,0.0751,-0.0152,83.1471,0.003,-0.0006,0.8315,0.0605,-0.0299,66.7972,0.0024,-0.0012,0.668,0.087,-0.0033,96.4349,0.0035,-0.0001,0.9643,0.0998,0.0094,110.5025,0.004,0.0004,1.105,0.0947,0.0044,104.718,0.0038,0.0002,1.0472,e93a2b3,,18992fa,2026-09-04T19:21:08+00:00
35141,49.8855,0.1016,0.0043,0.1016,0.097,-0.0046,95.4916,0.0041,-0.0002,0.9549,0.1378,0.0362,136.1617,0.0059,0.0015,1.3616,0.241,0.1395,238.4892,0.0103,0.0059,2.3849,0.1717,0.0701,169.4343,0.0073,0.003,1.6943,0.0655,-0.0361,64.7919,0.0028,-0.0015,0.6479,0.1048,0.0032,103.5941,0.0045,0.0001,1.0359,0.0921,-0.0094,90.8928,0.0039,-0.0004,0.9089,0.0656,-0.036,64.7262,0.0028,-0.0015,0.6473,0.0858,-0.0158,84.9278,0.0036,-0.0007,0.8493,0.1074,0.0059,105.9613,0.0046,0.0002,1.0596,0.1016,0.0001,99.8322,0.0043,0.0,0.9983,e93a2b3,,18992fa,2026-09-04T19:21:08+00:00
35142,43.3037,0.0843,0.0037,0.0843,0.0751,-0.0092,89.1903,0.0033,-0.0004,0.8919,0.1035,0.0193,123.0009,0.0046,0.0009,1.23,0.2111,0.1269,250.3296,0.0094,0.0056,2.5033,0.1285,0.0442,152.5511,0.0057,0.002,1.5255,0.0766,-0.0077,90.6288,0.0034,-0.0003,0.9063,0.0841,-0.0001,99.9368,0.0037,-0.0,0.9994,0.0865,0.0022,102.7576,0.0038,0.0001,1.0276,0.0721,-0.0121,85.5958,0.0032,-0.0005,0.856,0.0891,0.0049,105.7175,0.0039,0.0002,1.0572,0.0838,-0.0005,99.6775,0.0037,-0.0,0.9968,0.077,-0.0072,91.4676,0.0034,-0.0003,0.9147,e93a2b3,,18992fa,2026-09-04T19:21:08+00:00
35143,43.208,0.1109,0.0052,0.1109,0.1025,-0.0084,92.15,0.0048,-0.0004,0.9215,0.1237,0.0128,111.6067,0.0058,0.0006,1.1161,0.2727,0.1618,246.6441,0.0128,0.0076,2.4664,0.1706,0.0597,153.7477,0.008,0.0028,1.5375,0.0948,-0.0161,85.3596,0.0045,-0.0008,0.8536,0.1071,-0.0039,96.6407,0.005,-0.0002,0.9664,0.1168,0.0059,105.3902,0.0055,0.0003,1.0539,0.0724,-0.0385,65.3524,0.0034,-0.0018,0.6535,0.0829,-0.028,74.6273,0.0039,-0.0013,0.7463,0.1154,0.0045,104.1826,0.0054,0.0002,1.0418,0.1077,-0.0032,96.8615,0.0051,-0.0001,0.9686,e93a2b3,,18992fa,2026-09-04T19:21:08+00:00
35144,40.4534,0.0823,0.0038,0.0823,0.0718,-0.0105,87.9683,0.0033,-0.0005,0.8797,0.0928,0.0105,113.837,0.0043,0.0005,1.1384,0.1848,0.1025,226.6569,0.0085,0.0047,2.2666,0.115,0.0327,142.1321,0.0053,0.0015,1.4213,0.0774,-0.0049,93.355,0.0035,-0.0002,0.9336,0.0775,-0.0048,94.4711,0.0036,-0.0002,0.9447,0.08,-0.0023,97.2875,0.0037,-0.0001,0.9729,0.0705,-0.0118,85.5979,0.0032,-0.0005,0.856,0.0915,0.0092,110.4845,0.0042,0.0004,1.1048,0.0868,0.0045,105.5935,0.004,0.0002,1.0559,0.0756,-0.0067,91.5265,0.0035,-0.0003,0.9153,e93a2b3,,18992fa,2026-09-04T19:21:08+00:00
35145,38.6503,0.0869,0.0042,0.0869,0.0831,-0.0038,95.5419,0.004,-0.0002,0.9554,0.0953,0.0084,110.6738,0.0046,0.0004,1.1067,0.24,0.1531,278.592,0.0115,0.0073,2.7859,0.1377,0.0508,160.1461,0.0066,0.0024,1.6015,0.0855,-0.0014,98.7492,0.0041,-0.0001,0.9875,0.078,-0.0089,90.0263,0.0037,-0.0004,0.9003,0.0836,-0.0033,96.5535,0.004,-0.0002,0.9655,0.0639,-0.023,74.8606,0.0031,-0.0011,0.7486,0.0747,-0.0123,86.3686,0.0036,-0.0006,0.8637,0.1009,0.014,116.6756,0.0049,0.0007,1.1668,0.086,-0.001,97.9798,0.0041,-0.0,0.9798,e93a2b3,,18992fa,2026-09-04T19:21:08+00:00
35146,39.5714,0.0903,0.0046,0.0903,0.093,0.0027,102.2122,0.0048,0.0001,1.0221,0.0894,-0.0009,99.252,0.0046,-0.0,0.9925,0.1639,0.0736,184.0728,0.0084,0.0038,1.8407,0.1285,0.0381,143.0937,0.0066,0.0019,1.4309,0.0883,-0.0021,98.0507,0.0045,-0.0001,0.9805,0.0794,-0.0109,88.7211,0.0041,-0.0006,0.8872,0.0792,-0.0112,88.0654,0.0041,-0.0006,0.8807,0.0794,-0.011,87.3038,0.0041,-0.0006,0.873,0.0926,0.0022,102.4197,0.0047,0.0001,1.0242,0.1193,0.0289,131.5843,0.0061,0.0015,1.3158,0.0847,-0.0056,93.5467,0.0043,-0.0003,0.9355,e93a2b3,,18992fa,2026-09-04T19:21:08+00:00
35147,39.7725,0.0695,0.0036,0.0695,0.0759,0.0063,109.5717,0.0039,0.0003,1.0957,0.0679,-0.0016,97.756,0.0035,-0.0001,0.9776,0.1111,0.0415,160.0959,0.0057,0.0021,1.601,0.0904,0.0209,130.225,0.0046,0.0011,1.3022,0.0593,-0.0102,85.3571,0.003,-0.0005,0.8536,0.0687,-0.0009,98.7226,0.0035,-0.0,0.9872,0.0528,-0.0167,76.1923,0.0027,-0.0009,0.7619,0.0574,-0.0121,82.883,0.0029,-0.0006,0.8288,0.0786,0.009,112.9984,0.004,0.0005,1.13,0.1109,0.0413,158.398,0.0057,0.0021,1.584,0.0655,-0.004,93.7259,0.0033,-0.0002,0.9373,e93a2b3,,18992fa,2026-09-04T19:21:08+00:00
35148,37.9417,0.0858,0.0046,0.0858,0.0985,0.0127,115.1475,0.0053,0.0007,1.1515,0.0807,-0.005,94.5896,0.0044,-0.0003,0.9459,0.0937,0.0079,109.2562,0.0051,0.0004,1.0926,0.1066,0.0208,123.7497,0.0058,0.0011,1.2375,0.0775,-0.0082,90.169,0.0042,-0.0004,0.9017,0.0764,-0.0094,89.2744,0.0041,-0.0005,0.8927,0.0569,-0.0289,66.1772,0.0031,-0.0016,0.6618,0.089,0.0032,103.1499,0.0048,0.0002,1.0315,0.09,0.0043,105.1836,0.0049,0.0002,1.0518,0.1041,0.0183,120.3083,0.0056,0.001,1.2031,0.0696,-0.0162,80.5253,0.0038,-0.0009,0.8053,e93a2b3,,18992fa,2026-09-04T19:21:08+00:00
35149,36.1091,0.0786,0.0044,0.0786,0.0882,0.0096,112.4541,0.0049,0.0005,1.1245,0.0695,-0.0092,89.9863,0.0038,-0.0005,0.8999,0.0748,-0.0038,94.4206,0.0041,-0.0002,0.9442,0.0926,0.014,115.5823,0.0051,0.0008,1.1558,0.0722,-0.0064,95.2792,0.004,-0.0004,0.9528,0.0811,0.0025,103.2342,0.0045,0.0001,1.0323,0.0544,-0.0242,69.4889,0.003,-0.0013,0.6949,0.0793,0.0006,99.7506,0.0044,0.0,0.9975,0.0901,0.0115,115.7201,0.005,0.0006,1.1572,0.1091,0.0305,134.8703,0.006,0.0017,1.3487,0.0658,-0.0128,79.8002,0.0037,-0.0007,0.798,e93a2b3,,18992fa,2026-09-04T19:21:08+00:00
35150,54.0728,0.1039,0.0043,0.1039,0.1141,0.0102,109.9269,0.0048,0.0004,1.0993,0.1238,0.0199,119.2504,0.0052,0.0008,1.1925,0.1909,0.087,183.312,0.008,0.0036,1.8331,0.1943,0.0904,187.6441,0.0081,0.0038,1.8764,0.0567,-0.0472,54.6711,0.0024,-0.002,0.5467,0.0929,-0.011,89.4138,0.0039,-0.0005,0.8941,0.0859,-0.018,82.6966,0.0036,-0.0007,0.827,0.0717,-0.0322,69.2368,0.003,-0.0013,0.6924,0.0888,-0.015,85.6722,0.0037,-0.0006,0.8567,0.1039,0.0,100.0,0.0043,0.0,1.0,0.1248,0.0209,120.3775,0.0052,0.0009,1.2038,e93a2b3,,18992fa,2026-09-04T19:21:08+00:00
35160,49.829,0.1,0.0045,0.1,0.1018,0.0017,101.9387,0.0045,0.0001,1.0194,0.1072,0.0071,107.0507,0.0048,0.0003,1.0705,0.1895,0.0894,188.5984,0.0085,0.004,1.886,0.1841,0.084,184.9975,0.0082,0.0037,1.85,0.0631,-0.0369,62.8466,0.0028,-0.0016,0.6285,0.0912,-0.0088,91.0014,0.0041,-0.0004,0.91,0.1086,0.0086,108.4933,0.0049,0.0004,1.0849,0.0711,-0.0289,71.4308,0.0032,-0.0013,0.7143,0.083,-0.017,83.4157,0.0037,-0.0008,0.8342,0.1069,0.0069,107.0923,0.0048,0.0003,1.0709,0.1036,0.0035,103.5346,0.0046,0.0002,1.0353,e93a2b3,,18992fa,2026-09-04T19:21:08+00:00
35170,54.22,0.0977,0.0042,0.0977,0.1085,0.0108,111.2635,0.0046,0.0004,1.1126,0.1039,0.0062,106.295,0.0044,0.0003,1.063,0.1471,0.0494,150.4885,0.0063,0.0021,1.5049,0.2091,0.1114,214.2759,0.0089,0.0047,2.1428,0.0699,-0.0278,71.4521,0.003,-0.0012,0.7145,0.083,-0.0147,84.8604,0.0035,-0.0006,0.8486,0.087,-0.0107,89.0119,0.0037,-0.0004,0.8901,0.0856,-0.0121,87.504,0.0037,-0.0005,0.875,0.0843,-0.0134,86.1017,0.0036,-0.0006,0.861,0.1004,0.0027,102.6759,0.0043,0.0001,1.0268,0.1122,0.0145,114.8418,0.0048,0.0006,1.1484,e93a2b3,,18992fa,2026-09-04T19:21:08+00:00
35181,48.8711,0.1042,0.0047,0.1042,0.0942,-0.01,90.9239,0.0042,-0.0004,0.9092,0.1314,0.0273,125.9086,0.0059,0.0012,1.2591,0.1678,0.0636,160.7159,0.0075,0.0028,1.6072,0.1914,0.0872,184.4569,0.0086,0.0039,1.8446,0.0808,-0.0233,78.1678,0.0036,-0.001,0.7817,0.1003,-0.0038,96.5521,0.0045,-0.0002,0.9655,0.085,-0.0192,82.0247,0.0038,-0.0009,0.8202,0.1009,-0.0032,96.7737,0.0045,-0.0001,0.9677,0.1019,-0.0023,97.93,0.0046,-0.0001,0.9793,0.1127,0.0085,108.4405,0.005,0.0004,1.0844,0.1449,0.0407,139.2769,0.0065,0.0018,1.3928,e93a2b3,,18992fa,2026-09-04T19:21:08+00:00
35182,46.3679,0.1297,0.0062,0.1297,0.1137,-0.016,88.1441,0.0054,-0.0008,0.8814,0.1039,-0.0258,82.2628,0.0049,-0.0013,0.8226,0.1773,0.0476,136.8226,0.0084,0.0022,1.3682,0.2151,0.0854,167.6741,0.0102,0.004,1.6767,0.1046,-0.0251,80.4243,0.005,-0.0012,0.8042,0.1343,0.0046,103.9647,0.0064,0.0002,1.0396,0.1388,0.0091,105.7081,0.0066,0.0004,1.0571,0.1048,-0.0249,81.3408,0.005,-0.0012,0.8134,0.1369,0.0072,105.2815,0.0065,0.0003,1.0528,0.1165,-0.0132,90.1689,0.0055,-0.0006,0.9017,0.1639,0.0343,126.8994,0.0078,0.0016,1.269,e93a2b3,,18992fa,2026-09-04T19:21:08+00:00
35183,48.8079,0.0963,0.0043,0.0963,0.0955,-0.0007,99.2338,0.0043,-0.0,0.9923,0.103,0.0068,107.107,0.0046,0.0003,1.0711,0.1478,0.0516,153.5872,0.0066,0.0023,1.5359,0.1922,0.0959,199.6592,0.0086,0.0043,1.9966,0.0843,-0.012,87.5607,0.0038,-0.0005,0.8756,0.0932,-0.003,96.8429,0.0042,-0.0001,0.9684,0.0876,-0.0087,91.0073,0.0039,-0.0004,0.9101,0.089,-0.0073,92.4519,0.004,-0.0003,0.9245,0.0948,-0.0014,98.4892,0.0043,-0.0001,0.9849,0.102,0.0057,105.9854,0.0046,0.0003,1.0599,0.125,0.0287,129.8587,0.0056,0.0013,1.2986,e93a2b3,,18992fa,2026-09-04T19:21:08+00:00
35184,46.8018,0.1549,0.0081,0.1549,0.129,-0.026,83.2489,0.0067,-0.0014,0.8325,0.0886,-0.0663,59.2543,0.0046,-0.0035,0.5925,0.2276,0.0727,148.5049,0.0118,0.0038,1.4851,0.2435,0.0885,159.2257,0.0127,0.0046,1.5923,0.1071,-0.0479,71.1323,0.0055,-0.0025,0.7113,0.1801,0.0252,114.6183,0.0094,0.0013,1.1462,0.1494,-0.0056,97.4424,0.0078,-0.0003,0.9744,0.1266,-0.0283,81.2213,0.0066,-0.0015,0.8122,0.1888,0.0338,120.2143,0.0099,0.0018,1.2021,0.1433,-0.0116,90.9908,0.0075,-0.0006,0.9099,0.1688,0.0139,109.8443,0.0088,0.0007,1.0984,e93a2b3,,18992fa,2026-09-04T19:21:08+00:00
35185,46.1889,0.1131,0.0055,0.1131,0.1099,-0.0032,97.0866,0.0053,-0.0002,0.9709,0.1058,-0.0073,93.6603,0.0051,-0.0004,0.9366,0.2468,0.1337,218.1416,0.012,0.0065,2.1814,0.2129,0.0998,189.5098,0.0103,0.0048,1.8951,0.1005,-0.0126,88.5543,0.0049,-0.0006,0.8855,0.1105,-0.0026,97.8146,0.0054,-0.0001,0.9781,0.1333,0.0202,118.3477,0.0065,0.001,1.1835,0.0895,-0.0236,79.2057,0.0044,-0.0011,0.7921,0.1056,-0.0075,93.4416,0.0051,-0.0004,0.9344,0.1168,0.0037,103.2303,0.0057,0.0002,1.0323,0.1107,-0.0024,98.0951,0.0054,-0.0001,0.981,e93a2b3,,18992fa,2026-09-04T19:21:08+00:00
35186,45.3288,0.1447,0.0077,0.1447,0.1601,0.0154,110.9339,0.0085,0.0008,1.1093,0.1302,-0.0146,90.9161,0.0069,-0.0008,0.9092,0.2293,0.0846,158.9859,0.0122,0.0045,1.5899,0.2089,0.0642,145.121,0.0111,0.0034,1.4512,0.1411,-0.0036,96.6172,0.0075,-0.0002,0.9662,0.1263,-0.0184,87.181,0.0067,-0.001,0.8718,0.1298,-0.0149,90.1515,0.0069,-0.0008,0.9015,0.1423,-0.0024,97.8607,0.0076,-0.0001,0.9786,0.1421,-0.0026,98.4631,0.0076,-0.0001,0.9846,0.1572,0.0125,109.7741,0.0084,0.0007,1.0977,0.139,-0.0057,94.8807,0.0074,-0.0003,0.9488,e93a2b3,,18992fa,2026-09-04T19:21:08+00:00
35187,45.9874,0.1342,0.0071,0.1342,0.1289,-0.0053,95.59,0.0068,-0.0003,0.9559,0.1099,-0.0243,82.6581,0.0058,-0.0013,0.8266,0.2669,0.1327,202.4012,0.0141,0.007,2.024,0.2388,0.1046,181.3924,0.0126,0.0055,1.8139,0.1309,-0.0033,96.9724,0.0069,-0.0002,0.9697,0.1397,0.0055,105.243,0.0074,0.0003,1.0524,0.1494,0.0152,113.803,0.0079,0.0008,1.138,0.1172,-0.017,87.9811,0.0062,-0.0009,0.8798,0.1461,0.0119,109.9136,0.0077,0.0006,1.0991,0.1233,-0.0109,92.6458,0.0065,-0.0006,0.9265,0.1394,0.0052,102.8295,0.0074,0.0003,1.0283,e93a2b3,,18992fa,2026-09-04T19:21:08+00:00
35188,41.9965,0.1209,0.0064,0.1209,0.1053,-0.0156,87.6176,0.0055,-0.0008,0.8762,0.0741,-0.0468,62.3193,0.0039,-0.0025,0.6232,0.2108,0.0899,178.1709,0.011,0.0047,1.7817,0.2237,0.1028,189.0598,0.0117,0.0054,1.8906,0.0902,-0.0307,75.3702,0.0047,-0.0016,0.7537,0.1437,0.0228,118.3858,0.0076,0.0012,1.1839,0.1272,0.0063,106.4119,0.0067,0.0003,1.0641,0.0941,-0.0268,79.2279,0.0049,-0.0014,0.7923,0.1462,0.0253,121.1355,0.0077,0.0013,1.2114,0.1084,-0.0125,89.1974,0.0057,-0.0007,0.892,0.1259,0.005,103.1753,0.0066,0.0003,1.0318,e93a2b3,,18992fa,2026-09-04T19:21:08+00:00
35189,45.8739,0.1667,0.0096,0.1667,0.1746,0.008,105.8588,0.01,0.0005,1.0586,0.1057,-0.061,64.4677,0.0061,-0.0035,0.6447,0.2096,0.0429,124.8213,0.012,0.0024,1.2482,0.2507,0.084,149.8694,0.0144,0.0048,1.4987,0.1377,-0.029,83.1387,0.0079,-0.0017,0.8314,0.1924,0.0257,115.6571,0.011,0.0015,1.1566,0.1329,-0.0337,80.515,0.0076,-0.002,0.8052,0.1687,0.002,102.3775,0.0097,0.0001,1.0238,0.1852,0.0185,110.3318,0.0106,0.0011,1.1033,0.1593,-0.0074,97.1702,0.0091,-0.0004,0.9717,0.1827,0.016,109.2321,0.0105,0.0009,1.0923,e93a2b3,,18992fa,2026-09-04T19:21:08+00:00
35190,59.7828,0.1154,0.0049,0.1154,0.098,-0.0174,84.9817,0.0042,-0.0007,0.8498,0.1057,-0.0097,91.6439,0.0045,-0.0004,0.9164,0.1565,0.0412,135.7888,0.0067,0.0018,1.3579,0.1727,0.0574,149.8215,0.0074,0.0025,1.4982,0.114,-0.0013,98.864,0.0049,-0.0001,0.9886,0.124,0.0087,107.5859,0.0053,0.0004,1.0759,0.1152,-0.0002,99.8532,0.0049,-0.0,0.9985,0.0939,-0.0215,81.3485,0.004,-0.0009,0.8135,0.1131,-0.0023,98.0448,0.0048,-0.0001,0.9804,0.1525,0.0371,132.22,0.0065,0.0016,1.3222,0.1266,0.0112,109.8008,0.0054,0.0005,1.098,e93a2b3,,18992fa,2026-09-04T19:21:08+00:00
35191,56.7889,0.1398,0.0061,0.1398,0.1246,-0.0152,89.3736,0.0054,-0.0007,0.8937,0.1488,0.009,107.8346,0.0065,0.0004,1.0783,0.2216,0.0818,159.6353,0.0097,0.0036,1.5964,0.2422,0.1024,173.5759,0.0106,0.0045,1.7358,0.1032,-0.0365,73.5833,0.0045,-0.0016,0.7358,0.1426,0.0028,101.4093,0.0062,0.0001,1.0141,0.1516,0.0118,107.6723,0.0066,0.0005,1.0767,0.1162,-0.0235,83.8801,0.0051,-0.001,0.8388,0.1201,-0.0196,86.2346,0.0052,-0.0009,0.8623,0.1416,0.0018,101.4692,0.0062,0.0001,1.0147,0.1794,0.0397,128.7097,0.0078,0.0017,1.2871,e93a2b3,,18992fa,2026-09-04T19:21:08+00:00
35192,55.6929,0.1539,0.0069,0.1539,0.1209,-0.033,78.753,0.0054,-0.0015,0.7875,0.1266,-0.0273,82.317,0.0057,-0.0012,0.8232,0.2064,0.0525,134.7268,0.0093,0.0024,1.3473,0.2614,0.1075,170.1909,0.0118,0.0049,1.7019,0.1267,-0.0272,82.2806,0.0057,-0.0012,0.8228,0.1738,0.0199,112.8763,0.0078,0.0009,1.1288,0.1928,0.0389,125.6358,0.0087,0.0018,1.2564,0.1191,-0.0348,77.5961,0.0054,-0.0016,0.776,0.1388,-0.0151,90.4752,0.0063,-0.0007,0.9048,0.1524,-0.0014,99.0694,0.0069,-0.0001,0.9907,0.1824,0.0285,118.7435,0.0082,0.0013,1.1874,e93a2b3,,18992fa,2026-09-04T19:21:08+00:00
35193,56.434,0.1498,0.0067,0.1498,0.1145,-0.0353,76.8861,0.0051,-0.0016,0.7689,0.1263,-0.0235,84.4758,0.0057,-0.0011,0.8448,0.1719,0.0221,115.4644,0.0077,0.001,1.1546,0.2481,0.0983,165.3054,0.0111,0.0044,1.6531,0.1415,-0.0083,94.5318,0.0063,-0.0004,0.9453,0.1768,0.027,118.323,0.0079,0.0012,1.1832,0.1639,0.0141,108.4603,0.0074,0.0006,1.0846,0.1146,-0.0352,76.1807,0.0051,-0.0016,0.7618,0.1346,-0.0152,89.7619,0.006,-0.0007,0.8976,0.1555,0.0057,104.695,0.0069,0.0002,1.047,0.1676,0.0178,112.4481,0.0075,0.0008,1.1245,e93a2b3,,18992fa,2026-09-04T19:21:08+00:00
35194,57.1571,0.1909,0.0088,0.1909,0.1416,-0.0492,74.0133,0.0066,-0.0023,0.7401,0.154,-0.0368,80.7691,0.0071,-0.0017,0.8077,0.2099,0.0191,109.205,0.0097,0.0009,1.092,0.2973,0.1064,155.4104,0.0138,0.0049,1.5541,0.1935,0.0027,101.7513,0.009,0.0001,1.0175,0.229,0.0381,120.3087,0.0106,0.0018,1.2031,0.2134,0.0226,109.8914,0.0099,0.0011,1.0989,0.1629,-0.028,84.4606,0.0076,-0.0013,0.8446,0.1884,-0.0025,98.4779,0.0087,-0.0001,0.9848,0.1824,-0.0085,96.6613,0.0084,-0.0004,0.9666,0.1973,0.0064,103.5563,0.0091,0.0003,1.0356,e93a2b3,,18992fa,2026-09-04T19:21:08+00:00
35195,,,,,,,,,,,,,,,,,,,,,,,,,,,,,,,,,,,,,,,,,,,,,,,,,,,,,,,,,,,,,,,,,,,,,,,e93a2b3,,18992fa,2026-09-04T19:21:08+00:00
35196,51.3481,0.1536,0.007,0.1536,0.1195,-0.0341,77.773,0.0054,-0.0015,0.7777,0.1055,-0.0481,68.6488,0.0048,-0.0022,0.6865,0.1493,-0.0043,97.0631,0.0068,-0.0002,0.9706,0.2201,0.0666,143.1864,0.01,0.003,1.4319,0.133,-0.0205,86.6249,0.006,-0.0009,0.8662,0.1908,0.0372,123.9756,0.0087,0.0017,1.2398,0.1526,-0.001,99.2183,0.0069,-0.0,0.9922,0.1404,-0.0132,91.3955,0.0064,-0.0006,0.914,0.1636,0.01,106.6648,0.0074,0.0005,1.0666,0.1697,0.0161,110.5914,0.0077,0.0007,1.1059,0.1587,0.0051,103.3063,0.0072,0.0002,1.0331,e93a2b3,,18992fa,2026-09-04T19:21:08+00:00
35197,58.8735,0.1562,0.0068,0.1562,0.1125,-0.0437,71.9486,0.0049,-0.0019,0.7195,0.1345,-0.0216,85.792,0.0058,-0.0009,0.8579,0.1763,0.0201,112.5864,0.0076,0.0009,1.1259,0.236,0.0799,150.944,0.0102,0.0035,1.5094,0.1438,-0.0124,92.4691,0.0062,-0.0005,0.9247,0.192,0.0358,122.7207,0.0083,0.0016,1.2272,0.1655,0.0094,105.4331,0.0072,0.0004,1.0543,0.1236,-0.0326,78.802,0.0054,-0.0014,0.788,0.1567,0.0005,100.7523,0.0068,0.0,1.0075,0.1855,0.0294,118.8299,0.008,0.0013,1.1883,0.1524,-0.0038,97.7022,0.0066,-0.0002,0.977,e93a2b3,,18992fa,2026-09-04T19:21:08+00:00
35198,57.0299,0.182,0.0081,0.182,0.1452,-0.0368,79.6474,0.0065,-0.0016,0.7965,0.1535,-0.0285,83.4917,0.0068,-0.0013,0.8349,0.1727,-0.0093,95.2219,0.0077,-0.0004,0.9522,0.2589,0.0769,142.0969,0.0115,0.0034,1.421,0.156,-0.026,85.8999,0.0069,-0.0012,0.859,0.26,0.078,142.5838,0.0115,0.0034,1.4258,0.2049,0.023,111.3406,0.0091,0.001,1.1134,0.178,-0.004,97.8353,0.0079,-0.0002,0.9784,0.1918,0.0098,105.3203,0.0085,0.0004,1.0532,0.2087,0.0268,115.4993,0.0093,0.0012,1.155,0.1561,-0.0259,86.7628,0.0069,-0.0012,0.8676,e93a2b3,,18992fa,2026-09-04T19:21:08+00:00
35199,62.4951,0.1763,0.0076,0.1763,0.1226,-0.0537,69.4196,0.0053,-0.0023,0.6942,0.1422,-0.0341,80.4073,0.0061,-0.0015,0.8041,0.1783,0.002,101.2227,0.0076,0.0001,1.0122,0.2454,0.0691,139.0035,0.0105,0.003,1.39,0.1738,-0.0025,98.5854,0.0074,-0.0001,0.9859,0.2518,0.0755,142.5339,0.0108,0.0032,1.4253,0.1904,0.0141,107.5453,0.0082,0.0006,1.0755,0.1486,-0.0277,84.0797,0.0064,-0.0012,0.8408,0.1795,0.0032,101.6873,0.0077,0.0001,1.0169,0.2195,0.0432,124.702,0.0094,0.0019,1.247,0.1603,-0.016,91.0526,0.0069,-0.0007,0.9105,e93a2b3,,18992fa,2026-09-04T19:21:08+00:00
35200,66.813,2.95,0.0919,2.95,2.9456,-0.0044,95.9078,0.0917,-0.0001,0.9591,2.9537,0.0037,103.4496,0.092,0.0001,1.0345,2.9684,0.0185,118.8026,0.0925,0.0006,1.188,2.9605,0.0105,111.522,0.0922,0.0003,1.1152,2.9336,-0.0163,84.0923,0.0914,-0.0005,0.8409,2.9539,0.004,102.9439,0.092,0.0001,1.0294,2.9485,-0.0015,98.8532,0.0918,-0.0,0.9885,2.9483,-0.0017,98.2855,0.0918,-0.0001,0.9829,2.9483,-0.0016,97.8333,0.0918,-0.0001,0.9783,2.9518,0.0019,101.8485,0.0919,0.0001,1.0185,2.9399,-0.0101,91.5848,0.0916,-0.0003,0.9158,e93a2b3,,18992fa,2026-09-04T19:21:08+00:00
35301,63.4085,0.2659,0.013,0.2659,0.2526,-0.0133,95.373,0.0124,-0.0006,0.9537,0.2321,-0.0337,87.1024,0.0113,-0.0017,0.871,0.2265,-0.0394,85.5636,0.011,-0.0019,0.8556,0.368,0.1021,139.0767,0.018,0.005,1.3908,0.3036,0.0377,114.0142,0.0149,0.0019,1.1401,0.2511,-0.0147,94.8253,0.0122,-0.0008,0.9483,0.287,0.0211,108.1757,0.014,0.001,1.0818,0.2439,-0.0219,92.1239,0.0119,-0.0011,0.9212,0.3171,0.0512,120.0068,0.0155,0.0025,1.2001,0.2662,0.0003,100.3442,0.013,-0.0,1.0034,0.2132,-0.0526,80.4162,0.0104,-0.0026,0.8042,e93a2b3,,18992fa,2026-09-04T19:21:08+00:00
35411,56.9934,0.2249,0.0117,0.2249,0.2032,-0.0218,90.2102,0.0106,-0.0011,0.9021,0.1476,-0.0773,66.2206,0.0077,-0.004,0.6622,0.2197,-0.0052,96.7497,0.0114,-0.0003,0.9675,0.3006,0.0757,132.725,0.0156,0.0039,1.3272,0.2521,0.0271,112.5914,0.0131,0.0014,1.1259,0.2437,0.0187,108.099,0.0127,0.001,1.081,0.2373,0.0124,106.0002,0.0123,0.0006,1.06,0.2244,-0.0005,100.3336,0.0117,-0.0,1.0033,0.235,0.0101,104.2242,0.0122,0.0005,1.0422,0.1548,-0.0701,68.5202,0.0081,-0.0036,0.6852,0.1625,-0.0624,72.3082,0.0085,-0.0032,0.7231,e93a2b3,,18992fa,2026-09-04T19:21:08+00:00
35412,54.0652,0.2428,0.0122,0.2428,0.1984,-0.0444,82.4233,0.01,-0.0022,0.8242,0.1274,-0.1154,53.4537,0.0064,-0.0058,0.5345,0.2826,0.0398,115.1822,0.0142,0.002,1.1518,0.3648,0.122,149.4816,0.0183,0.0061,1.4948,0.2537,0.0109,104.8925,0.0127,0.0006,1.0489,0.2532,0.0104,104.4983,0.0127,0.0005,1.045,0.2534,0.0106,104.7605,0.0127,0.0005,1.0476,0.2124,-0.0304,88.2712,0.0107,-0.0015,0.8827,0.2884,0.0456,118.2365,0.0144,0.0023,1.1824,0.2016,-0.0411,82.9269,0.0101,-0.0021,0.8293,0.2211,-0.0217,91.18,0.0111,-0.0011,0.9118,e93a2b3,,18992fa,2026-09-04T19:21:08+00:00
35413,54.9122,0.2015,0.0106,0.2015,0.1969,-0.0046,97.8725,0.0103,-0.0002,0.9787,0.1724,-0.029,85.9005,0.0091,-0.0015,0.859,0.1892,-0.0123,93.9202,0.0099,-0.0006,0.9392,0.2596,0.0581,128.8992,0.0136,0.0031,1.289,0.2519,0.0504,125.0882,0.0132,0.0026,1.2509,0.2314,0.0299,114.5841,0.0122,0.0016,1.1458,0.2415,0.04,120.1915,0.0127,0.0021,1.2019,0.2167,0.0153,107.889,0.0114,0.0008,1.0789,0.1881,-0.0134,93.6079,0.0099,-0.0007,0.9361,0.1641,-0.0373,81.5738,0.0086,-0.002,0.8157,0.1979,-0.0036,98.0577,0.0104,-0.0002,0.9806,e93a2b3,,18992fa,2026-09-04T19:21:08+00:00
35414,51.6283,0.2153,0.0111,0.2153,0.1906,-0.0247,88.1896,0.0098,-0.0013,0.8819,0.1215,-0.0938,56.9382,0.0063,-0.0048,0.5694,0.2464,0.0311,114.0604,0.0126,0.0016,1.1406,0.3043,0.089,142.105,0.0156,0.0045,1.4211,0.2014,-0.014,94.5516,0.0104,-0.0007,0.9455,0.2414,0.026,112.3558,0.0124,0.0014,1.1236,0.2434,0.0281,113.1459,0.0125,0.0015,1.1315,0.1876,-0.0277,87.604,0.0097,-0.0014,0.876,0.2315,0.0162,107.0609,0.0119,0.0008,1.0706,0.1808,-0.0345,84.3765,0.0093,-0.0018,0.8438,0.2235,0.0082,104.0893,0.0115,0.0004,1.0409,e93a2b3,,18992fa,2026-09-04T19:21:08+00:00
35415,57.5815,0.2308,0.0122,0.2308,0.2232,-0.0077,96.7364,0.0118,-0.0004,0.9674,0.1905,-0.0403,82.6914,0.0101,-0.0021,0.8269,0.2132,-0.0176,92.3143,0.0113,-0.0009,0.9231,0.2932,0.0623,126.8481,0.0155,0.0033,1.2685,0.2835,0.0527,122.9184,0.015,0.0028,1.2292,0.2752,0.0443,118.9827,0.0146,0.0023,1.1898,0.279,0.0482,120.9481,0.0148,0.0025,1.2095,0.2359,0.0051,102.4105,0.0125,0.0003,1.0241,0.2089,-0.0219,90.5105,0.0111,-0.0012,0.9051,0.1904,-0.0404,82.5286,0.0101,-0.0021,0.8253,0.2368,0.0059,102.4249,0.0125,0.0003,1.0242,e93a2b3,,18992fa,2026-09-04T19:21:08+00:00
35416,56.8099,0.2531,0.014,0.2531,0.238,-0.0151,94.9044,0.0132,-0.0009,0.949,0.2071,-0.046,82.248,0.0115,-0.0026,0.8225,0.2595,0.0064,101.6298,0.0144,0.0004,1.0163,0.3247,0.0716,129.2238,0.018,0.004,1.2922,0.2945,0.0414,117.2235,0.0163,0.0023,1.1722,0.2988,0.0457,118.3293,0.0166,0.0025,1.1833,0.3163,0.0632,125.4903,0.0175,0.0035,1.2549,0.2394,-0.0137,95.2349,0.0132,-0.0008,0.9523,0.2299,-0.0231,90.7788,0.0127,-0.0013,0.9078,0.2178,-0.0353,86.2961,0.0121,-0.002,0.863,0.2475,-0.0056,97.6757,0.0137,-0.0003,0.9768,e93a2b3,,18992fa,2026-09-04T19:21:08+00:00
35417,63.8262,0.3457,0.0193,0.3457,0.329,-0.0168,96.1449,0.0183,-0.001,0.9614,0.2932,-0.0525,86.7494,0.0163,-0.003,0.8675,0.3228,-0.023,90.8905,0.0181,-0.0012,0.9089,0.4135,0.0677,119.4045,0.0231,0.0038,1.194,0.3953,0.0496,116.024,0.022,0.0028,1.1602,0.3311,-0.0146,95.6347,0.0185,-0.0008,0.9563,0.421,0.0753,122.8092,0.0235,0.0042,1.2281,0.3259,-0.0198,95.9807,0.0182,-0.0011,0.9598,0.3384,-0.0074,96.6023,0.0189,-0.0004,0.966,0.2409,-0.1048,70.9482,0.0134,-0.0059,0.7095,0.3411,-0.0046,98.3303,0.019,-0.0003,0.9833,e93a2b3,,18992fa,2026-09-04T19:21:08+00:00
35418,63.266,0.3644,0.0208,0.3644,0.2971,-0.0673,81.6701,0.0169,-0.0038,0.8167,0.2071,-0.1573,57.1508,0.0118,-0.009,0.5715,0.4418,0.0774,120.6414,0.0252,0.0044,1.2064,0.4428,0.0784,121.8007,0.0252,0.0045,1.218,0.3821,0.0177,104.7775,0.0218,0.001,1.0478,0.3951,0.0307,108.8319,0.0225,0.0017,1.0883,0.3886,0.0242,106.9999,0.0221,0.0014,1.07,0.3284,-0.036,89.8746,0.0187,-0.002,0.8987,0.3714,0.007,101.8627,0.0212,0.0004,1.0186,0.2743,-0.0901,75.5129,0.0156,-0.0051,0.7551,0.3253,-0.0391,89.1799,0.0185,-0.0022,0.8918,e93a2b3,,18992fa,2026-09-04T19:21:08+00:00
35419,61.8533,0.4287,0.0254,0.4287,0.3359,-0.0928,78.3245,0.0199,-0.0055,0.7832,0.2047,-0.2241,46.113,0.0121,-0.0133,0.4611,0.5483,0.1196,125.3115,0.0326,0.0071,1.2531,0.5241,0.0954,123.2233,0.0311,0.0057,1.2322,0.3305,-0.0982,73.9812,0.0196,-0.0059,0.7398,0.5023,0.0736,119.0145,0.0299,0.0044,1.1901,0.4343,0.0055,101.41,0.0258,0.0003,1.0141,0.476,0.0472,111.3389,0.0283,0.0029,1.1134,0.4904,0.0617,115.6472,0.0291,0.0037,1.1565,0.391,-0.0377,92.0481,0.0232,-0.0022,0.9205,0.3994,-0.0293,93.069,0.0237,-0.0017,0.9307,e93a2b3,,18992fa,2026-09-04T19:21:08+00:00
35421,67.0382,0.5908,0.0379,0.5908,0.535,-0.0557,91.4508,0.0343,-0.0036,0.9145,0.3081,-0.2827,51.457,0.0198,-0.0181,0.5146,0.8218,0.231,138.9032,0.0527,0.0148,1.389,0.7192,0.1284,117.6714,0.0462,0.0082,1.1767,0.5201,-0.0707,86.5338,0.0335,-0.0044,0.8653,0.6497,0.0589,110.6351,0.0416,0.0037,1.1064,0.5072,-0.0836,86.9519,0.0326,-0.0053,0.8695,0.8197,0.2289,140.0254,0.0526,0.0147,1.4003,0.6586,0.0678,112.3993,0.0422,0.0043,1.124,0.4852,-0.1056,84.5782,0.031,-0.0069,0.8458,0.614,0.0232,104.441,0.0394,0.0015,1.0444,e93a2b3,,18992fa,2026-09-04T19:21:08+00:00
35422,67.6649,0.6113,0.0409,0.6113,0.5238,-0.0875,86.0977,0.0351,-0.0059,0.861,0.3693,-0.242,60.2627,0.0247,-0.0162,0.6026,0.8071,0.1958,132.9876,0.054,0.0131,1.3299,0.721,0.1097,116.3277,0.0483,0.0074,1.1633,0.6451,0.0338,105.6501,0.0432,0.0023,1.0565,0.5188,-0.0925,83.7676,0.0347,-0.0062,0.8377,0.5857,-0.0257,96.4684,0.0392,-0.0017,0.9647,0.8039,0.1926,132.1313,0.0538,0.0129,1.3213,0.6081,-0.0032,99.3709,0.0407,-0.0002,0.9937,0.4475,-0.1638,73.9916,0.03,-0.011,0.7399,0.728,0.1167,120.171,0.0488,0.0078,1.2017,e93a2b3,,18992fa,2026-09-04T19:21:08+00:00
35423,64.0508,0.5607,0.0381,0.5607,0.5429,-0.0178,97.2796,0.0369,-0.0012,0.9728,0.3083,-0.2524,54.66,0.0209,-0.0171,0.5466,0.7777,0.217,138.7108,0.0528,0.0147,1.3871,0.6135,0.0528,106.9621,0.0417,0.0036,1.0696,0.593,0.0324,105.7644,0.0403,0.0022,1.0576,0.5239,-0.0368,93.3156,0.0356,-0.0025,0.9332,0.5773,0.0166,103.4686,0.0392,0.0011,1.0347,0.771,0.2103,136.8632,0.0524,0.0143,1.3686,0.5089,-0.0518,90.4236,0.0346,-0.0035,0.9042,0.4058,-0.1549,72.514,0.0276,-0.0105,0.7251,0.6973,0.1367,123.4284,0.0474,0.0093,1.2343,e93a2b3,,18992fa,2026-09-04T19:21:08+00:00
35424,57.509,0.434,0.0301,0.434,0.3926,-0.0414,91.1256,0.0273,-0.0028,0.9113,0.2792,-0.1548,63.6414,0.0194,-0.0107,0.6364,0.5143,0.0803,115.7586,0.0357,0.0055,1.1576,0.6257,0.1917,149.4598,0.0435,0.0134,1.4946,0.4552,0.0211,104.5664,0.0316,0.0014,1.0457,0.4315,-0.0025,100.3028,0.03,-0.0001,1.003,0.3886,-0.0454,89.3654,0.027,-0.0031,0.8937,0.5204,0.0864,118.9142,0.0361,0.006,1.1891,0.4517,0.0177,107.3897,0.0313,0.0012,1.0739,0.3114,-0.1226,75.0472,0.0216,-0.0085,0.7505,0.4633,0.0293,104.8928,0.0321,0.002,1.0489,e93a2b3,,18992fa,2026-09-04T19:21:08+00:00
35425,67.5954,0.7002,0.0496,0.7002,0.6827,-0.0175,97.0796,0.0484,-0.0012,0.9708,0.451,-0.2492,64.6331,0.032,-0.0177,0.6463,0.9251,0.2249,130.5841,0.0656,0.0159,1.3058,1.0553,0.3551,152.6186,0.0749,0.0252,1.5262,0.7102,0.01,100.533,0.0503,0.0007,1.0053,0.6723,-0.0279,97.3297,0.0477,-0.0019,0.9733,0.5774,-0.1228,82.1102,0.0409,-0.0087,0.8211,0.8824,0.1822,124.4623,0.0626,0.0129,1.2446,0.6714,-0.0288,96.4461,0.0476,-0.002,0.9645,0.4416,-0.2586,63.8836,0.0313,-0.0183,0.6388,0.7965,0.0963,111.8832,0.0564,0.0068,1.1188,e93a2b3,,18992fa,2026-09-04T19:21:08+00:00
35426,68.3484,0.5996,0.0435,0.5996,0.6191,0.0195,103.0383,0.045,0.0014,1.0304,0.4912,-0.1084,82.2005,0.0357,-0.0079,0.822,0.7502,0.1506,124.6958,0.0545,0.0109,1.247,0.9261,0.3265,156.0719,0.0672,0.0237,1.5607,0.5927,-0.0068,99.1169,0.043,-0.0005,0.9912,0.6144,0.0149,103.1879,0.0446,0.0011,1.0319,0.4855,-0.114,81.241,0.0353,-0.0083,0.8124,0.7144,0.1148,118.9959,0.0519,0.0083,1.19,0.4906,-0.1089,82.7569,0.0356,-0.0079,0.8276,0.4258,-0.1737,71.2344,0.0309,-0.0126,0.7123,0.6164,0.0168,102.2869,0.0448,0.0012,1.0229,e93a2b3,,18992fa,2026-09-04T19:21:08+00:00
35427,64.732,0.6435,0.0474,0.6435,0.7129,0.0694,112.1638,0.0526,0.0051,1.1216,0.4812,-0.1623,74.6095,0.0355,-0.012,0.7461,0.853,0.2095,133.4707,0.0629,0.0154,1.3347,0.8377,0.1942,129.0174,0.0618,0.0143,1.2902,0.6352,-0.0083,98.9608,0.0468,-0.0006,0.9896,0.6277,-0.0158,97.1079,0.0463,-0.0012,0.9711,0.5116,-0.1319,79.9699,0.0377,-0.0097,0.7997,0.7359,0.0924,114.0224,0.0542,0.0068,1.1402,0.5187,-0.1248,80.8829,0.0382,-0.0092,0.8088,0.4553,-0.1882,70.9829,0.0336,-0.0139,0.7098,0.699,0.0555,108.6318,0.0515,0.0041,1.0863,e93a2b3,,18992fa,2026-09-04T19:21:08+00:00
35428,64.2474,0.4912,0.0361,0.4912,0.5189,0.0277,106.1216,0.0382,0.002,1.0612,0.4442,-0.0471,90.4495,0.0327,-0.0035,0.9045,0.55,0.0587,111.5834,0.0404,0.0043,1.1158,0.7419,0.2506,151.5823,0.0545,0.0184,1.5158,0.4613,-0.03,94.131,0.0339,-0.0022,0.9413,0.5753,0.0841,117.842,0.0423,0.0062,1.1784,0.4465,-0.0447,91.0507,0.0328,-0.0033,0.9105,0.557,0.0658,112.9015,0.0409,0.0048,1.129,0.4476,-0.0436,91.8373,0.0329,-0.0032,0.9184,0.3658,-0.1254,75.0291,0.0269,-0.0092,0.7503,0.4813,-0.01,97.4079,0.0354,-0.0007,0.9741,e93a2b3,,18992fa,2026-09-04T19:21:08+00:00
35429,62.2079,0.588,0.0445,0.588,0.7721,0.1841,133.3577,0.0585,0.014,1.3336,0.4746,-0.1134,81.9948,0.036,-0.0086,0.8199,0.8035,0.2155,137.7448,0.0609,0.0163,1.3774,0.7205,0.1325,121.9563,0.0545,0.01,1.2196,0.5786,-0.0094,98.5424,0.0438,-0.0007,0.9854,0.6395,0.0515,109.8162,0.0484,0.0039,1.0982,0.4845,-0.1035,82.6968,0.0367,-0.0078,0.827,0.6914,0.1034,116.9606,0.0523,0.0078,1.1696,0.4597,-0.1283,78.7956,0.0348,-0.0097,0.788,0.4153,-0.1727,70.8204,0.0314,-0.0131,0.7082,0.5738,-0.0142,97.2531,0.0434,-0.0011,0.9725,e93a2b3,,18992fa,2026-09-04T19:21:08+00:00
35430,49.5525,0.3919,0.0309,0.3919,0.4352,0.0433,113.4403,0.0344,0.0034,1.1344,0.4049,0.013,104.1787,0.032,0.001,1.0418,0.5383,0.1465,137.5716,0.0425,0.0115,1.3757,0.4008,0.009,103.5283,0.0317,0.0007,1.0353,0.3704,-0.0215,94.8708,0.0293,-0.0017,0.9487,0.3783,-0.0136,94.9981,0.0298,-0.0011,0.95,0.385,-0.0069,96.8576,0.0304,-0.0005,0.9686,0.4029,0.011,103.517,0.0318,0.0009,1.0352,0.321,-0.0708,79.9383,0.0254,-0.0056,0.7994,0.3541,-0.0377,90.1042,0.028,-0.003,0.901,0.4013,0.0095,101.1673,0.0317,0.0007,1.0117,e93a2b3,,18992fa,2026-09-04T19:21:08+00:00
35441,52.0075,0.4514,0.0344,0.4514,0.5208,0.0694,113.0153,0.0397,0.0053,1.1302,0.3889,-0.0625,86.492,0.0296,-0.0047,0.8649,0.5953,0.1438,131.739,0.0453,0.011,1.3174,0.5535,0.1021,119.8998,0.0421,0.0078,1.199,0.4645,0.0131,103.8021,0.0354,0.001,1.038,0.5279,0.0765,116.0843,0.0402,0.0058,1.1608,0.4355,-0.016,98.0373,0.0332,-0.0012,0.9804,0.4367,-0.0147,92.4583,0.0333,-0.0011,0.9246,0.4099,-0.0415,91.5085,0.0312,-0.0032,0.9151,0.3354,-0.116,73.3241,0.0255,-0.0088,0.7332,0.3411,-0.1103,72.4851,0.026,-0.0084,0.7249,e93a2b3,,18992fa,2026-09-04T19:21:08+00:00
35442,56.3342,0.4678,0.0347,0.4678,0.4832,0.0154,101.2873,0.0359,0.0012,1.0129,0.3994,-0.0685,84.8361,0.0296,-0.0051,0.8484,0.5181,0.0503,110.8206,0.0385,0.0038,1.1082,0.6671,0.1992,140.6611,0.0495,0.0148,1.4066,0.4323,-0.0356,93.0686,0.0321,-0.0026,0.9307,0.5383,0.0704,115.2037,0.0399,0.0052,1.152,0.4642,-0.0036,99.8424,0.0344,-0.0003,0.9984,0.5022,0.0344,104.1501,0.0372,0.0025,1.0415,0.4554,-0.0124,98.7358,0.0338,-0.0009,0.9874,0.3661,-0.1018,78.0886,0.0271,-0.0076,0.7809,0.4083,-0.0596,85.2021,0.0303,-0.0044,0.852,e93a2b3,,18992fa,2026-09-04T19:21:08+00:00
35443,43.8283,0.2978,0.0212,0.2978,0.2798,-0.018,90.9352,0.0199,-0.0013,0.9094,0.2324,-0.0654,78.538,0.0166,-0.0046,0.7854,0.2816,-0.0162,93.4251,0.0201,-0.0011,0.9343,0.4653,0.1674,160.2905,0.0331,0.0119,1.6029,0.2595,-0.0383,89.5315,0.0185,-0.0027,0.8953,0.3828,0.0849,129.1556,0.0273,0.0061,1.2916,0.2978,-0.0001,101.2534,0.0212,0.0,1.0125,0.3308,0.0329,105.7592,0.0235,0.0023,1.0576,0.3983,0.1005,138.6686,0.0283,0.0071,1.3867,0.2743,-0.0235,94.2935,0.0195,-0.0017,0.9429,0.2887,-0.0092,96.974,0.0205,-0.0007,0.9697,e93a2b3,,18992fa,2026-09-04T19:21:08+00:00
35444,43.3323,0.2673,0.0183,0.2673,0.2564,-0.0109,95.859,0.0175,-0.0007,0.9586,0.1617,-0.1055,60.3006,0.0111,-0.0072,0.603,0.2316,-0.0357,84.9048,0.0158,-0.0024,0.849,0.386,0.1187,145.4704,0.0264,0.0081,1.4547,0.2547,-0.0126,95.5138,0.0174,-0.0009,0.9551,0.309,0.0418,115.2621,0.0212,0.0029,1.1526,0.2418,-0.0254,90.4797,0.0165,-0.0017,0.9048,0.3377,0.0704,126.1239,0.0231,0.0048,1.2612,0.3876,0.1203,148.4375,0.0265,0.0082,1.4844,0.2316,-0.0357,89.0796,0.0158,-0.0024,0.8908,0.2943,0.0271,110.0411,0.0201,0.0019,1.1004,e93a2b3,,18992fa,2026-09-04T19:21:08+00:00
35445,39.7371,0.171,0.0114,0.171,0.1453,-0.0257,84.4147,0.0097,-0.0017,0.8441,0.1068,-0.0642,62.7981,0.0071,-0.0043,0.628,0.1252,-0.0459,72.7481,0.0083,-0.0031,0.7275,0.2463,0.0752,143.9675,0.0164,0.005,1.4397,0.1643,-0.0068,96.1559,0.0109,-0.0005,0.9616,0.2087,0.0376,122.243,0.0139,0.0025,1.2224,0.1579,-0.0132,92.359,0.0105,-0.0009,0.9236,0.1829,0.0118,105.2513,0.0122,0.0008,1.0525,0.274,0.103,159.5039,0.0183,0.0069,1.595,0.178,0.0069,104.6216,0.0119,0.0005,1.0462,0.1976,0.0265,115.1642,0.0132,0.0018,1.1516,e93a2b3,,18992fa,2026-09-04T19:21:08+00:00
35446,45.9534,0.3087,0.0207,0.3087,0.2502,-0.0585,82.9503,0.0168,-0.0039,0.8295,0.186,-0.1228,60.1832,0.0125,-0.0082,0.6018,0.3033,-0.0054,92.6582,0.0204,-0.0004,0.9266,0.38,0.0713,122.6576,0.0255,0.0048,1.2266,0.318,0.0093,103.2766,0.0213,0.0006,1.0328,0.3065,-0.0022,98.4333,0.0206,-0.0001,0.9843,0.2633,-0.0455,85.8551,0.0177,-0.0031,0.8586,0.35,0.0413,113.3361,0.0235,0.0028,1.1334,0.3765,0.0677,126.8822,0.0252,0.0045,1.2688,0.2456,-0.0631,87.4982,0.0165,-0.0043,0.875,0.3281,0.0194,111.0257,0.022,0.0013,1.1103,e93a2b3,,18992fa,2026-09-04T19:21:08+00:00
35447,38.9673,0.1666,0.0109,0.1666,0.1377,-0.0289,82.3695,0.009,-0.0019,0.8237,0.1149,-0.0517,69.7266,0.0075,-0.0034,0.6973,0.1313,-0.0353,77.7889,0.0086,-0.0023,0.7779,0.1926,0.026,114.7077,0.0126,0.0017,1.1471,0.1466,-0.02,87.552,0.0096,-0.0013,0.8755,0.166,-0.0006,99.6783,0.0109,-0.0,0.9968,0.1593,-0.0073,96.1245,0.0104,-0.0005,0.9612,0.1864,0.0197,110.6036,0.0122,0.0013,1.106,0.2469,0.0803,148.3752,0.0162,0.0053,1.4838,0.1861,0.0195,112.8991,0.0122,0.0013,1.129,0.1861,0.0195,111.9952,0.0122,0.0013,1.12,e93a2b3,,18992fa,2026-09-04T19:21:08+00:00
35448,51.0881,0.4056,0.0266,0.4056,0.3121,-0.0935,79.2426,0.0204,-0.0061,0.7924,0.2565,-0.1491,64.8018,0.0168,-0.0098,0.648,0.4877,0.0821,113.3704,0.032,0.0054,1.1337,0.5278,0.1222,130.8083,0.0346,0.008,1.3081,0.379,-0.0266,89.9935,0.0248,-0.0017,0.8999,0.4647,0.0591,112.1014,0.0305,0.0039,1.121,0.3754,-0.0302,94.2298,0.0246,-0.002,0.9423,0.4967,0.0911,123.7917,0.0325,0.006,1.2379,0.5509,0.1453,142.317,0.0361,0.0095,1.4232,0.3265,-0.079,87.8238,0.0214,-0.0052,0.8782,0.3994,-0.0062,99.8854,0.0262,-0.0004,0.9989,e93a2b3,,18992fa,2026-09-04T19:21:08+00:00
35449,57.4392,0.3462,0.0216,0.3462,0.2834,-0.0628,82.7292,0.0176,-0.0039,0.8273,0.2025,-0.1437,59.4589,0.0126,-0.009,0.5946,0.4173,0.0711,113.8146,0.0261,0.0045,1.1381,0.4412,0.095,122.7966,0.0276,0.006,1.228,0.262,-0.0842,73.7215,0.0164,-0.0052,0.7372,0.4457,0.0995,130.4401,0.0277,0.0062,1.3044,0.3031,-0.0431,89.2997,0.0189,-0.0027,0.893,0.4755,0.1293,136.9493,0.0297,0.0081,1.3695,0.456,0.1098,133.6255,0.0285,0.0069,1.3363,0.3423,-0.0039,103.783,0.0213,-0.0003,1.0378,0.3352,-0.0109,95.7151,0.0209,-0.0007,0.9572,e93a2b3,,18992fa,2026-09-04T19:21:08+00:00
35450,49.8067,0.2152,0.012,0.2152,0.1839,-0.0313,85.4644,0.0103,-0.0018,0.8546,0.1084,-0.1068,51.4496,0.0061,-0.006,0.5145,0.2231,0.0079,103.1646,0.0125,0.0004,1.0316,0.2981,0.083,138.5091,0.0167,0.0046,1.3851,0.1432,-0.072,69.0148,0.008,-0.004,0.6901,0.2789,0.0638,130.7662,0.0156,0.0036,1.3077,0.2403,0.0251,113.2324,0.0134,0.0014,1.1323,0.2095,-0.0056,98.4612,0.0118,-0.0003,0.9846,0.27,0.0548,123.9706,0.0151,0.003,1.2397,0.2158,0.0006,99.8526,0.0121,0.0,0.9985,0.2043,-0.0109,94.4808,0.0114,-0.0006,0.9448,e93a2b3,,18992fa,2026-09-04T19:21:08+00:00
35500,37.1107,0.1442,0.0104,0.1442,0.1661,0.0219,262.9223,0.012,0.0016,2.6292,0.2178,0.0736,525.8451,0.0158,0.0054,5.2585,0.0589,-0.0853,44.7417,0.0042,-0.0062,0.4474,0.0986,-0.0456,49.0854,0.0071,-0.0033,0.4909,0.2575,0.1133,161.4889,0.0187,0.0083,1.6149,0.1168,-0.0274,64.964,0.0085,-0.0019,0.6496,0.1951,0.0509,97.1585,0.0142,0.0037,0.9716,0.1039,-0.0403,97.7636,0.0075,-0.0029,0.9776,0.1617,0.0175,130.3518,0.0118,0.0013,1.3035,0.1389,-0.0053,147.3685,0.01,-0.0004,1.4737,0.1053,-0.0389,47.5644,0.0075,-0.0029,0.4756,e93a2b3,,18992fa,2026-09-04T19:21:08+00:00
35601,57.5613,0.2768,0.0163,0.2768,0.2771,0.0004,100.6178,0.0164,0.0,1.0062,0.1546,-0.1222,56.6844,0.0092,-0.0072,0.5668,0.301,0.0242,107.2899,0.0177,0.0014,1.0729,0.48,0.2033,174.1074,0.0283,0.012,1.7411,0.163,-0.1137,58.8853,0.0097,-0.0066,0.5889,0.3785,0.1017,138.3563,0.0223,0.006,1.3836,0.2211,-0.0557,82.2349,0.013,-0.0033,0.8223,0.2981,0.0213,107.5229,0.0176,0.0013,1.0752,0.3601,0.0833,132.0937,0.0212,0.0049,1.3209,0.2632,-0.0135,97.8992,0.0155,-0.0009,0.979,0.2474,-0.0294,89.6056,0.0146,-0.0017,0.8961,e93a2b3,,18992fa,2026-09-04T19:21:08+00:00
35602,46.1073,0.1571,0.0098,0.1571,0.2048,0.0476,131.1532,0.0127,0.003,1.3115,0.1308,-0.0263,83.1752,0.0081,-0.0016,0.8318,0.1375,-0.0197,86.162,0.0086,-0.0012,0.8616,0.1777,0.0205,111.4482,0.011,0.0012,1.1145,0.1054,-0.0518,65.6907,0.0066,-0.0031,0.6569,0.2282,0.071,145.0218,0.0142,0.0044,1.4502,0.1286,-0.0286,82.2716,0.008,-0.0018,0.8227,0.1808,0.0237,117.0235,0.0112,0.0014,1.1702,0.1654,0.0083,105.8543,0.0103,0.0005,1.0585,0.2114,0.0543,137.1192,0.0131,0.0034,1.3712,0.1262,-0.0309,79.4996,0.0079,-0.0019,0.795,e93a2b3,,18992fa,2026-09-04T19:21:08+00:00
36101,24.3265,0.0126,0.001,0.0126,0.0111,-0.0015,485.9127,0.0009,-0.0001,4.8591,0.0162,0.0035,197.7739,0.0013,0.0003,1.9777,0.0217,0.0091,210.7549,0.0017,0.0007,2.1076,0.0163,0.0037,385.6773,0.0013,0.0003,3.8568,0.0042,-0.0085,16.251,0.0003,-0.0007,0.1625,0.0239,0.0112,798.0496,0.0019,0.0009,7.9805,0.0149,0.0022,65.77,0.0012,0.0002,0.6577,0.0139,0.0013,185.1712,0.0011,0.0001,1.8517,0.0109,-0.0017,447.371,0.0009,-0.0001,4.4737,0.019,0.0063,143.2223,0.0015,0.0005,1.4322,0.0091,-0.0035,63.1891,0.0007,-0.0003,0.6319,e93a2b3,,18992fa,2026-09-04T19:21:08+00:00
36102,26.2727,0.0167,0.0014,0.0167,0.0166,-0.0001,443.3466,0.0014,-0.0,4.4335,0.0234,0.0067,255.2468,0.0019,0.0005,2.5525,0.0273,0.0106,221.2605,0.0022,0.0009,2.2126,0.019,0.0022,385.4388,0.0016,0.0002,3.8544,0.0097,-0.0073,25.1099,0.0008,-0.0006,0.2511,0.0162,-0.0005,254.7964,0.0013,-0.0,2.548,0.014,-0.0028,69.4691,0.0012,-0.0002,0.6947,0.0168,0.0,156.5363,0.0014,0.0,1.5654,0.0157,-0.001,392.4568,0.0013,-0.0001,3.9246,0.0362,0.0148,124.7035,0.003,0.0012,1.247,0.0191,0.0024,100.7604,0.0016,0.0002,1.0076,e93a2b3,,18992fa,2026-09-04T19:21:08+00:00
36103,22.232,0.0004,0.0,0.0004,0.0011,0.0007,700.0651,0.0001,0.0001,7.0007,0.0021,0.0017,1692.3221,0.0002,0.0001,16.9232,0.0015,0.0011,102.1454,0.0001,0.0001,1.0215,0.0003,-0.0001,130.3806,0.0,-0.0,1.3038,0.0002,-0.0002,64.0953,0.0,-0.0,0.641,0.0008,0.0003,499.0276,0.0001,0.0,4.9903,0.0002,-0.0002,65.249,0.0,-0.0,0.6525,0.0004,0.0,114.4091,0.0,0.0,1.1441,0.0012,0.0008,1939.0256,0.0001,0.0001,19.3903,0.0005,-0.0001,25.046,0.0,-0.0,0.2505,0.0009,0.0005,53.2288,0.0001,0.0,0.5323,e93a2b3,,18992fa,2026-09-04T19:21:08+00:00
41100,41.57,0.182,0.0144,0.182,0.3161,0.1341,179.3082,0.0248,0.0104,1.7931,0.1407,-0.0413,77.9848,0.0112,-0.0032,0.7798,0.203,0.021,113.2787,0.016,0.0016,1.1328,0.2682,0.0861,149.7004,0.0213,0.0069,1.497,0.1275,-0.0546,71.1079,0.01,-0.0044,0.7111,0.1767,-0.0053,95.7276,0.0139,-0.0004,0.9573,0.1678,-0.0142,92.0214,0.0133,-0.0011,0.9202,0.2046,0.0226,113.7711,0.0161,0.0017,1.1377,0.1237,-0.0583,69.0397,0.0096,-0.0047,0.6904,0.1399,-0.0421,75.6275,0.0111,-0.0033,0.7563,0.2385,0.0565,130.8707,0.0188,0.0045,1.3087,e93a2b3,,18992fa,2026-09-04T19:21:08+00:00
41200,27.4896,0.1616,0.0144,0.1616,0.2518,0.0891,756.059,0.0225,0.008,7.5606,0.1765,0.0145,104.6363,0.0157,0.0013,1.0464,0.2278,0.0662,753.0839,0.0204,0.006,7.5308,0.201,0.0394,127.5709,0.0179,0.0035,1.2757,0.1408,-0.0208,161.0622,0.0126,-0.0019,1.6106,0.1043,-0.0588,49.6671,0.0093,-0.0052,0.4967,0.1454,-0.0216,65.8813,0.013,-0.0019,0.6588,0.1993,0.0377,577.3441,0.0178,0.0034,5.7734,0.1098,-0.0533,52.1361,0.0098,-0.0048,0.5214,0.1574,-0.0042,110.6366,0.0141,-0.0004,1.1064,0.1675,0.0059,146.3811,0.0149,0.0005,1.4638,e93a2b3,,18992fa,2026-09-04T19:21:08+00:00
41301,10.6178,0.0512,0.005,0.0512,0.1783,0.0853,575.1393,0.0175,0.0084,5.7514,0.0461,-0.0412,21.4563,0.0045,-0.004,0.2146,0.1099,0.0517,1444.009,0.0108,0.0051,14.4401,0.1148,0.0078,80.017,0.0112,0.0008,0.8002,0.0661,0.0107,1614.4615,0.0065,0.001,16.1446,0.0323,-0.0429,177.0789,0.0032,-0.0042,1.7708,0.0784,-0.0908,21.86,0.0077,-0.0088,0.2186,0.0951,0.0198,650.4185,0.0093,0.0019,6.5042,0.0659,-0.0795,18.3699,0.0065,-0.0077,0.1837,0.0733,-0.0169,84.7697,0.0072,-0.0016,0.8477,0.0881,0.0325,488.5173,0.0086,0.0032,4.8852,e93a2b3,,18992fa,2026-09-04T19:21:08+00:00
41304,1.4391,0.0001,0.0,0.0001,,,,,,,0.0,-0.0001,0.6168,0.0,-0.0,0.0062,0.0025,0.0023,2757.9006,0.0003,0.0002,27.579,,,,,,,0.0001,0.0,551.7727,0.0,0.0,5.5177,0.0,-0.0001,2.3805,0.0,-0.0,0.0238,,,,,,,0.0002,0.0001,141.3873,0.0,0.0,1.4139,,,,,,,,,,,,,0.0,-0.0001,33.661,0.0,-0.0,0.3366,e93a2b3,,18992fa,2026-09-04T19:21:08+00:00
41305,0.8285,0.0,0.0,0.0,,,,,,,,,,,,,0.0,-0.0,53.1692,0.0,-0.0,0.5317,,,,,,,0.0001,0.0,795.0549,0.0,0.0,7.9505,,,,,,,,,,,,,,,,,,,,,,,,,,,,,,,0.0,-0.0,65.1904,0.0,-0.0,0.6519,e93a2b3,,18992fa,2026-09-04T19:21:08+00:00
41308,3.8691,,,,,,,,,,,,,,,,,,,,,,,,,,,,,,,,,,,,,,,,,,,,,,,,,,,,,,,,,,,,,,,,,,,,,,e93a2b3,,18992fa,2026-09-04T19:21:08+00:00
41309,7.2337,0.0,0.0,0.0,0.0,-0.0,32.7684,0.0,-0.0,0.3277,0.0,-0.0,31.6179,0.0,-0.0,0.3162,0.0,-0.0,42.1053,0.0,-0.0,0.4211,,,,,,,0.0,0.0,1446.1162,0.0,0.0,14.4612,0.0,-0.0,25.8338,0.0,-0.0,0.2583,,,,,,,,,,,,,,,,,,,0.0,-0.0,127.5844,0.0,-0.0,1.2758,0.0,0.0,766.9266,0.0,0.0,7.6693,e93a2b3,,18992fa,2026-09-04T19:21:08+00:00
42100,43.6481,0.1334,0.0095,0.1334,0.2353,0.1019,177.8603,0.0167,0.0072,1.7786,0.1316,-0.0018,98.0249,0.0093,-0.0001,0.9802,0.1205,-0.0128,90.9773,0.0086,-0.0009,0.9098,0.0831,-0.0503,62.1186,0.0059,-0.0036,0.6212,0.1714,0.038,130.0966,0.0122,0.0027,1.301,0.162,0.0287,122.6347,0.0115,0.002,1.2263,0.0831,-0.0503,62.1027,0.0059,-0.0036,0.621,0.1475,0.0141,110.9675,0.0105,0.001,1.1097,0.0878,-0.0456,65.7398,0.0062,-0.0032,0.6574,0.0843,-0.0491,63.7139,0.006,-0.0035,0.6371,0.1732,0.0398,129.8685,0.0123,0.0028,1.2987,e93a2b3,,18992fa,2026-09-04T19:21:08+00:00
42101,38.7516,0.1011,0.0071,0.1011,0.1373,0.0362,135.8746,0.0097,0.0026,1.3587,0.1069,0.0058,106.3121,0.0075,0.0004,1.0631,0.0767,-0.0244,75.9525,0.0054,-0.0017,0.7595,0.0255,-0.0756,24.6117,0.0018,-0.0053,0.2461,0.1428,0.0417,141.5442,0.0101,0.0029,1.4154,0.1041,0.003,102.7707,0.0073,0.0002,1.0277,0.0782,-0.0229,77.5533,0.0055,-0.0016,0.7755,0.0769,-0.0242,76.4171,0.0054,-0.0017,0.7642,0.1042,0.0031,103.3116,0.0073,0.0002,1.0331,0.0845,-0.0166,83.1206,0.006,-0.0012,0.8312,0.144,0.0429,143.2815,0.0102,0.003,1.4328,e93a2b3,,18992fa,2026-09-04T19:21:08+00:00
42102,42.7561,0.1094,0.0077,0.1094,0.145,0.0356,132.9067,0.0102,0.0025,1.3291,0.115,0.0056,105.2898,0.0081,0.0004,1.0529,0.0866,-0.0228,78.7864,0.0061,-0.0016,0.7879,0.0567,-0.0527,50.7122,0.004,-0.0037,0.5071,0.1416,0.0322,130.2467,0.0099,0.0023,1.3025,0.1227,0.0133,112.0814,0.0086,0.0009,1.1208,0.0925,-0.0169,84.5754,0.0065,-0.0012,0.8458,0.0789,-0.0305,72.4229,0.0055,-0.0021,0.7242,0.1013,-0.0081,92.9433,0.0071,-0.0006,0.9294,0.1118,0.0024,102.1748,0.0078,0.0002,1.0217,0.1492,0.0398,136.9117,0.0105,0.0028,1.3691,e93a2b3,,18992fa,2026-09-04T19:21:08+00:00
42103,38.7023,0.101,0.0072,0.101,0.145,0.044,143.7768,0.0103,0.0031,1.4378,0.1127,0.0118,112.2019,0.008,0.0008,1.122,0.0773,-0.0237,76.7909,0.0055,-0.0017,0.7679,0.0325,-0.0685,31.8855,0.0023,-0.0049,0.3189,0.1378,0.0368,137.0325,0.0098,0.0026,1.3703,0.0855,-0.0155,85.0915,0.0061,-0.0011,0.8509,0.0988,-0.0022,97.8826,0.007,-0.0002,0.9788,0.0918,-0.0092,90.9107,0.0065,-0.0007,0.9091,0.11,0.009,109.2102,0.0078,0.0006,1.0921,0.0877,-0.0133,87.1072,0.0062,-0.0009,0.8711,0.1622,0.0612,161.0998,0.0115,0.0043,1.611,e93a2b3,,18992fa,2026-09-04T19:21:08+00:00
42104,32.0443,0.111,0.008,0.111,0.1311,0.0201,117.2064,0.0094,0.0014,1.1721,0.1204,0.0095,111.0784,0.0086,0.0007,1.1108,0.0728,-0.0382,65.5274,0.0052,-0.0027,0.6553,0.0689,-0.042,60.535,0.0049,-0.003,0.6053,0.1107,-0.0003,96.0633,0.0079,-0.0,0.9606,0.0992,-0.0118,91.9313,0.0071,-0.0009,0.9193,0.1126,0.0017,102.8204,0.0081,0.0001,1.0282,0.0862,-0.0247,74.838,0.0062,-0.0018,0.7484,0.1178,0.0069,105.0453,0.0085,0.0005,1.0505,0.1104,-0.0005,101.8319,0.0079,-0.0,1.0183,0.1532,0.0422,140.6865,0.011,0.003,1.4069,e93a2b3,,18992fa,2026-09-04T19:21:08+00:00
42105,40.806,0.192,0.0139,0.192,0.2904,0.0984,152.1422,0.0209,0.0071,1.5214,0.1925,0.0005,99.0483,0.0139,0.0,0.9905,0.1327,-0.0593,68.7765,0.0096,-0.0043,0.6878,0.0798,-0.1122,40.7699,0.0058,-0.0081,0.4077,0.2617,0.0697,134.8446,0.0189,0.005,1.3484,0.1062,-0.0858,55.3333,0.0077,-0.0062,0.5533,0.1886,-0.0034,98.8693,0.0136,-0.0002,0.9887,0.2475,0.0555,128.0283,0.0179,0.004,1.2803,0.1974,0.0054,102.7213,0.0142,0.0004,1.0272,0.1578,-0.0342,81.914,0.0114,-0.0025,0.8191,0.2353,0.0433,123.349,0.017,0.0031,1.2335,e93a2b3,,18992fa,2026-09-04T19:21:08+00:00
42106,39.4346,0.1649,0.012,0.1649,0.2687,0.1038,164.2536,0.0195,0.0075,1.6425,0.1838,0.0188,111.4917,0.0134,0.0014,1.1149,0.1188,-0.0461,72.316,0.0086,-0.0034,0.7232,0.0686,-0.0964,41.0297,0.005,-0.007,0.4103,0.2459,0.081,151.1125,0.0179,0.0059,1.5111,0.0898,-0.0751,54.2894,0.0065,-0.0055,0.5429,0.1618,-0.0032,98.1983,0.0118,-0.0002,0.982,0.2527,0.0878,155.6263,0.0184,0.0064,1.5563,0.1663,0.0014,100.7047,0.0121,0.0001,1.007,0.1312,-0.0337,78.9367,0.0095,-0.0025,0.7894,0.2051,0.0402,125.2174,0.0149,0.0029,1.2522,e93a2b3,,18992fa,2026-09-04T19:21:08+00:00
42107,42.7831,0.1543,0.0112,0.1543,0.327,0.1727,217.2059,0.0236,0.0125,2.1721,0.1629,0.0086,106.4551,0.0118,0.0006,1.0646,0.1262,-0.0281,83.4019,0.0091,-0.002,0.834,0.0622,-0.0921,39.8875,0.0045,-0.0067,0.3989,0.2025,0.0481,132.4779,0.0146,0.0035,1.3248,0.0964,-0.0579,63.5209,0.007,-0.0042,0.6352,0.1526,-0.0017,98.1764,0.011,-0.0001,0.9818,0.2337,0.0794,154.1533,0.0169,0.0057,1.5415,0.1516,-0.0027,98.0506,0.011,-0.0002,0.9805,0.1321,-0.0222,84.4896,0.0095,-0.0016,0.8449,0.2075,0.0532,137.3244,0.015,0.0038,1.3732,e93a2b3,,18992fa,2026-09-04T19:21:08+00:00
42108,36.4336,0.119,0.0088,0.119,0.2701,0.1511,231.6025,0.0199,0.0112,2.316,0.1535,0.0345,126.1989,0.0113,0.0026,1.262,0.1095,-0.0095,92.3841,0.0081,-0.0007,0.9238,0.056,-0.0631,46.234,0.0041,-0.0046,0.4623,0.2084,0.0894,174.7406,0.0154,0.0066,1.7474,0.0604,-0.0586,49.5043,0.0045,-0.0043,0.495,0.1082,-0.0108,89.9551,0.008,-0.0008,0.8996,0.2245,0.1055,189.9311,0.0166,0.0078,1.8993,0.1161,-0.0029,97.738,0.0086,-0.0002,0.9774,0.0704,-0.0486,57.1252,0.0052,-0.0036,0.5713,0.166,0.047,140.0836,0.0122,0.0035,1.4008,e93a2b3,,18992fa,2026-09-04T19:21:08+00:00
42109,42.5895,0.1747,0.0128,0.1747,0.3567,0.1821,207.3413,0.0262,0.0134,2.0734,0.1718,-0.0029,98.5026,0.0126,-0.0002,0.985,0.1912,0.0165,109.0086,0.014,0.0012,1.0901,0.134,-0.0406,74.9869,0.0098,-0.003,0.7499,0.1931,0.0184,111.0224,0.0142,0.0014,1.1102,0.1561,-0.0185,86.9582,0.0114,-0.0014,0.8696,0.1081,-0.0666,61.6357,0.0079,-0.0049,0.6164,0.186,0.0114,109.5047,0.0137,0.0008,1.095,0.1611,-0.0136,91.5133,0.0118,-0.001,0.9151,0.0811,-0.0935,46.3233,0.0059,-0.0069,0.4632,0.2029,0.0283,117.4735,0.0149,0.0021,1.1747,e93a2b3,,18992fa,2026-09-04T19:21:08+00:00
42200,17.5307,0.0005,0.0,0.0005,0.0013,0.0009,314.0436,0.0001,0.0001,3.1404,0.0003,-0.0002,65.8451,0.0,-0.0,0.6585,0.0003,-0.0002,50.021,0.0,-0.0,0.5002,0.0,-0.0004,3.1505,0.0,-0.0,0.0315,0.0029,0.0024,658.3525,0.0003,0.0002,6.5835,0.0005,0.0,117.2738,0.0,0.0,1.1727,0.0001,-0.0004,17.1182,0.0,-0.0,0.1712,0.0025,0.002,537.6132,0.0002,0.0002,5.3761,0.0,-0.0006,0.0698,0.0,-0.0001,0.0007,0.0002,-0.0003,33.3412,0.0,-0.0,0.3334,0.0024,0.0019,499.474,0.0002,0.0002,4.9947,e93a2b3,,18992fa,2026-09-04T19:21:08+00:00
42201,15.7311,0.0003,0.0,0.0003,0.0002,-0.0,88.8756,0.0,-0.0,0.8888,0.007,0.0068,2682.4963,0.0006,0.0006,26.825,0.0,-0.0003,1.0397,0.0,-0.0,0.0104,0.0004,0.0001,152.0,0.0,0.0,1.52,0.0002,-0.0001,64.0113,0.0,-0.0,0.6401,0.0,-0.0003,0.4271,0.0,-0.0,0.0043,0.0009,0.0006,331.4842,0.0001,0.0001,3.3148,0.0003,-0.0,93.1718,0.0,-0.0,0.9317,0.0,-0.0003,0.9946,0.0,-0.0,0.0099,0.0012,0.0009,455.9812,0.0001,0.0001,4.5598,0.0024,0.0021,946.6797,0.0002,0.0002,9.4668,e93a2b3,,18992fa,2026-09-04T19:21:08+00:00
42202,17.1659,0.0003,0.0,0.0003,0.0002,-0.0001,53.9396,0.0,-0.0,0.5394,0.006,0.0057,2186.8162,0.0005,0.0005,21.8682,0.0,-0.0003,1.8004,0.0,-0.0,0.018,0.0004,0.0001,149.8285,0.0,0.0,1.4983,0.0003,-0.0,98.4977,0.0,-0.0,0.985,0.0,-0.0003,0.8434,0.0,-0.0,0.0084,0.0007,0.0004,237.3673,0.0001,0.0,2.3737,0.0001,-0.0002,50.1489,0.0,-0.0,0.5015,0.0,-0.0003,3.252,0.0,-0.0,0.0325,0.001,0.0007,351.0588,0.0001,0.0001,3.5106,0.0074,0.0071,2520.6731,0.0006,0.0006,25.2067,e93a2b3,,18992fa,2026-09-04T19:21:08+00:00
42203,14.8153,0.0002,0.0,0.0002,0.0002,-0.0,86.4955,0.0,-0.0,0.865,0.0055,0.0053,3409.6143,0.0005,0.0004,34.0961,0.0,-0.0002,2.2123,0.0,-0.0,0.0221,0.0002,0.0001,134.4163,0.0,0.0,1.3442,0.0001,-0.0,92.0813,0.0,-0.0,0.9208,0.0,-0.0002,0.5489,0.0,-0.0,0.0055,0.0004,0.0002,231.5583,0.0,0.0,2.3156,0.0001,-0.0001,63.9167,0.0,-0.0,0.6392,0.0,-0.0002,0.4956,0.0,-0.0,0.005,0.001,0.0008,619.1258,0.0001,0.0001,6.1913,0.0029,0.0027,1829.8661,0.0002,0.0002,18.2987,e93a2b3,,18992fa,2026-09-04T19:21:08+00:00
42204,18.3069,0.0002,0.0,0.0002,0.0003,0.0001,109.7447,0.0,0.0,1.0974,0.0029,0.0027,1715.5208,0.0002,0.0002,17.1552,0.0,-0.0002,3.8382,0.0,-0.0,0.0384,0.0002,-0.0,73.1505,0.0,-0.0,0.7315,0.0002,0.0,120.3787,0.0,0.0,1.2038,0.0,-0.0002,1.3576,0.0,-0.0,0.0136,0.0002,-0.0,95.9758,0.0,-0.0,0.9598,0.0002,-0.0,101.2409,0.0,-0.0,1.0124,0.0,-0.0002,2.1939,0.0,-0.0,0.0219,0.0009,0.0006,431.8394,0.0001,0.0001,4.3184,0.0065,0.0062,3572.4597,0.0006,0.0005,35.7246,e93a2b3,,18992fa,2026-09-04T19:21:08+00:00
42205,17.681,0.0003,0.0,0.0003,0.0003,0.0,91.3097,0.0,0.0,0.9131,0.0016,0.0013,987.1324,0.0001,0.0001,9.8713,0.0,-0.0002,10.4969,0.0,-0.0,0.105,0.0006,0.0003,172.6299,0.0001,0.0,1.7263,0.0002,-0.0001,101.3486,0.0,-0.0,1.0135,0.0,-0.0003,0.6269,0.0,-0.0,0.0063,0.0001,-0.0002,37.9485,0.0,-0.0,0.3795,0.0002,-0.0,106.7182,0.0,-0.0,1.0672,0.0,-0.0001,0.167,0.0,-0.0,0.0017,0.001,0.0007,468.272,0.0001,0.0001,4.6827,0.0049,0.0046,2477.8015,0.0004,0.0004,24.778,e93a2b3,,18992fa,2026-09-04T19:21:08+00:00
42206,17.397,0.0004,0.0,0.0004,0.0008,0.0004,256.8813,0.0001,0.0,2.5688,0.0007,0.0003,188.8129,0.0001,0.0,1.8881,0.0001,-0.0003,26.3043,0.0,-0.0,0.263,0.0006,0.0002,135.752,0.0001,0.0,1.3575,0.0008,0.0004,235.6606,0.0001,0.0,2.3566,0.0001,-0.0003,16.5077,0.0,-0.0,0.1651,0.0001,-0.0003,11.5389,0.0,-0.0,0.1154,0.0007,0.0003,187.6461,0.0001,0.0,1.8765,,,,,,,0.0003,-0.0001,78.8807,0.0,-0.0,0.7888,0.0019,0.0015,438.8815,0.0002,0.0001,4.3888,e93a2b3,,18992fa,2026-09-04T19:21:08+00:00
42207,16.2147,0.0004,0.0,0.0004,0.0002,-0.0001,66.1269,0.0,-0.0,0.6613,0.0007,0.0003,186.4104,0.0001,0.0,1.8641,0.0001,-0.0003,16.0807,0.0,-0.0,0.1608,0.0018,0.0015,509.0672,0.0002,0.0001,5.0907,0.0002,-0.0002,48.0966,0.0,-0.0,0.481,0.0,-0.0004,0.5619,0.0,-0.0,0.0056,0.0,-0.0003,10.4948,0.0,-0.0,0.1049,0.0005,0.0002,152.0242,0.0,0.0,1.5202,,,,,,,0.0008,0.0004,224.4684,0.0001,0.0,2.2447,0.0047,0.0044,1321.5502,0.0004,0.0004,13.2155,e93a2b3,,18992fa,2026-09-04T19:21:08+00:00
42208,17.1039,0.0005,0.0,0.0005,0.0002,-0.0002,52.7411,0.0,-0.0,0.5274,0.0005,0.0,111.3702,0.0,0.0,1.1137,0.0002,-0.0003,31.483,0.0,-0.0,0.3148,0.0008,0.0004,183.94,0.0001,0.0,1.8394,0.0008,0.0003,158.74,0.0001,0.0,1.5874,0.0,-0.0004,8.4887,0.0,-0.0,0.0849,0.0,-0.0004,7.1342,0.0,-0.0,0.0713,0.0007,0.0002,140.6606,0.0001,0.0,1.4066,0.0,-0.0005,0.0328,0.0,-0.0,0.0003,0.0007,0.0002,151.6914,0.0001,0.0,1.5169,0.0031,0.0026,661.2712,0.0003,0.0002,6.6127,e93a2b3,,18992fa,2026-09-04T19:21:08+00:00
42209,16.711,0.0005,0.0,0.0005,0.0001,-0.0004,18.9932,0.0,-0.0,0.1899,0.0005,-0.0,97.2471,0.0,-0.0,0.9725,0.0002,-0.0003,30.1151,0.0,-0.0,0.3012,0.0013,0.0008,331.4034,0.0001,0.0001,3.314,0.0009,0.0003,177.2895,0.0001,0.0,1.7729,0.0,-0.0005,4.0766,0.0,-0.0,0.0408,0.0001,-0.0004,20.6023,0.0,-0.0,0.206,0.0011,0.0006,233.9146,0.0001,0.0001,2.3391,0.0,-0.0006,0.482,0.0,-0.0001,0.0048,0.0009,0.0003,157.9041,0.0001,0.0,1.579,0.0049,0.0044,1124.9269,0.0004,0.0004,11.2493,e93a2b3,,18992fa,2026-09-04T19:21:08+00:00
42211,41.0848,0.1631,0.012,0.1631,0.357,0.1939,224.0461,0.0262,0.0143,2.2405,0.1554,-0.0077,94.4461,0.0114,-0.0006,0.9445,0.1723,0.0092,105.0533,0.0127,0.0007,1.0505,0.1368,-0.0262,84.399,0.0101,-0.0019,0.844,0.19,0.027,117.2942,0.014,0.002,1.1729,0.1712,0.0081,103.7105,0.0126,0.0006,1.0371,0.0904,-0.0726,54.3334,0.0066,-0.0053,0.5433,0.1444,-0.0186,89.631,0.0106,-0.0014,0.8963,0.1716,0.0086,106.6325,0.0126,0.0006,1.0663,0.0685,-0.0946,40.0322,0.005,-0.007,0.4003,0.1793,0.0162,110.6552,0.0132,0.0012,1.1066,e93a2b3,,18992fa,2026-09-04T19:21:08+00:00
42212,31.73,0.1046,0.0079,0.1046,0.2513,0.1467,250.4125,0.019,0.0111,2.5041,0.1199,0.0153,113.5751,0.0091,0.0012,1.1358,0.0982,-0.0064,95.2668,0.0074,-0.0005,0.9527,0.0795,-0.0251,75.3872,0.006,-0.0019,0.7539,0.1433,0.0387,140.41,0.0109,0.0029,1.4041,0.0482,-0.0564,41.3683,0.0036,-0.0043,0.4137,0.0657,-0.0389,60.575,0.005,-0.0029,0.6058,0.1723,0.0677,171.9737,0.0131,0.0052,1.7197,0.0939,-0.0107,89.5199,0.0071,-0.0008,0.8952,0.047,-0.0576,44.5934,0.0036,-0.0043,0.4459,0.1417,0.0371,139.0118,0.0108,0.0028,1.3901,e93a2b3,,18992fa,2026-09-04T19:21:08+00:00
42213,33.2136,0.1215,0.0093,0.1215,0.324,0.2024,270.1067,0.0248,0.0155,2.7011,0.1085,-0.0131,89.0114,0.0083,-0.001,0.8901,0.1268,0.0053,105.4121,0.0097,0.0004,1.0541,0.1335,0.012,110.0536,0.0102,0.0009,1.1005,0.1155,-0.006,95.1655,0.0088,-0.0005,0.9517,0.0888,-0.0328,71.4539,0.0068,-0.0025,0.7145,0.0693,-0.0523,55.6838,0.0053,-0.004,0.5568,0.176,0.0545,145.9714,0.0135,0.0042,1.4597,0.1288,0.0073,106.3716,0.0099,0.0006,1.0637,0.0672,-0.0543,54.4307,0.0052,-0.0041,0.5443,0.1615,0.04,132.0673,0.0124,0.0031,1.3207,e93a2b3,,18992fa,2026-09-04T19:21:08+00:00
42214,27.7927,0.0897,0.0069,0.0897,0.2714,0.1817,306.5384,0.021,0.0141,3.0654,0.0788,-0.0108,86.7511,0.0061,-0.0008,0.8675,0.0869,-0.0028,97.5941,0.0067,-0.0002,0.9759,0.0858,-0.0038,95.1248,0.0067,-0.0003,0.9512,0.1093,0.0196,121.8232,0.0085,0.0015,1.2182,0.0234,-0.0662,25.1884,0.0018,-0.0051,0.2519,0.0443,-0.0453,42.9764,0.0035,-0.0035,0.4298,0.1688,0.0791,190.029,0.0131,0.0061,1.9003,0.0866,-0.0031,99.3803,0.0067,-0.0002,0.9938,0.0408,-0.0488,44.2166,0.0032,-0.0038,0.4422,0.1224,0.0328,136.3923,0.0095,0.0025,1.3639,e93a2b3,,18992fa,2026-09-04T19:21:08+00:00
42215,22.3788,0.0858,0.0068,0.0858,0.2336,0.1478,383.1525,0.0186,0.0117,3.8315,0.0747,-0.0111,98.2407,0.0059,-0.0009,0.9824,0.0696,-0.0162,75.3508,0.0055,-0.0013,0.7535,0.0982,0.0124,117.2597,0.0078,0.001,1.1726,0.0589,-0.0268,56.8667,0.0047,-0.0021,0.5687,0.0616,-0.0242,50.5864,0.0049,-0.0019,0.5059,0.0392,-0.0466,30.9605,0.0031,-0.0037,0.3096,0.1563,0.0705,268.5379,0.0124,0.0056,2.6854,0.0775,-0.0083,87.2582,0.0061,-0.0007,0.8726,0.0991,0.0133,152.3145,0.0079,0.0011,1.5231,0.1247,0.0389,201.5643,0.0099,0.0031,2.0156,e93a2b3,,18992fa,2026-09-04T19:21:08+00:00
42216,23.046,0.1114,0.0091,0.1114,0.2314,0.1199,289.9096,0.0188,0.0097,2.8991,0.0943,-0.0171,83.0955,0.0077,-0.0014,0.831,0.0883,-0.0232,84.6431,0.0072,-0.0019,0.8464,0.1138,0.0024,113.547,0.0092,0.0002,1.1355,0.0639,-0.0475,50.9798,0.0052,-0.0039,0.5098,0.0949,-0.0166,69.8877,0.0077,-0.0014,0.6989,0.0958,-0.0156,70.8741,0.0078,-0.0013,0.7087,0.1637,0.0522,196.6286,0.0133,0.0042,1.9663,0.0898,-0.0216,74.5514,0.0073,-0.0018,0.7455,0.1369,0.0254,151.1413,0.0111,0.0021,1.5114,0.1469,0.0354,173.4809,0.0119,0.0029,1.7348,e93a2b3,,18992fa,2026-09-04T19:21:08+00:00
42217,15.1522,0.0274,0.0022,0.0274,0.1468,0.1194,929.7974,0.012,0.0098,9.298,0.0239,-0.0035,97.2606,0.002,-0.0003,0.9726,0.0214,-0.006,64.5916,0.0018,-0.0005,0.6459,0.0319,0.0045,136.8024,0.0026,0.0004,1.368,0.0068,-0.0206,39.6128,0.0006,-0.0017,0.3961,0.0036,-0.0239,6.4818,0.0003,-0.0019,0.0648,0.0087,-0.0188,20.656,0.0007,-0.0015,0.2066,0.1098,0.0824,711.1639,0.009,0.0067,7.1116,0.0186,-0.0088,57.3285,0.0015,-0.0007,0.5733,0.0672,0.0398,376.9825,0.0055,0.0033,3.7698,0.0904,0.063,586.1241,0.0074,0.0051,5.8612,e93a2b3,,18992fa,2026-09-04T19:21:08+00:00
42218,18.2453,0.0492,0.0039,0.0492,0.1431,0.0938,981.3994,0.0114,0.0075,9.814,0.0595,0.0103,220.9869,0.0047,0.0008,2.2099,0.0224,-0.0268,32.0444,0.0018,-0.0021,0.3204,0.0362,-0.0131,70.5706,0.0029,-0.001,0.7057,0.0497,0.0005,89.2386,0.0039,0.0,0.8924,0.0249,-0.0243,34.5849,0.002,-0.0019,0.3458,0.0283,-0.0209,37.5162,0.0022,-0.0017,0.3752,0.1369,0.0876,1083.3312,0.011,0.007,10.8333,0.039,-0.0103,65.9672,0.0031,-0.0008,0.6597,0.076,0.0267,440.1669,0.0061,0.0022,4.4017,0.0983,0.0491,618.1611,0.0079,0.0039,6.1816,e93a2b3,,18992fa,2026-09-04T19:21:08+00:00
42219,14.4154,0.013,0.0011,0.013,0.13,0.1169,996.1195,0.0106,0.0096,9.9612,0.013,0.0,100.0,0.0011,0.0,1.0,0.0065,-0.0066,49.6292,0.0005,-0.0005,0.4963,0.0294,0.0164,225.4958,0.0024,0.0013,2.255,0.008,-0.0051,61.0213,0.0007,-0.0004,0.6102,0.0001,-0.0129,0.7368,0.0,-0.0011,0.0074,0.0013,-0.0117,10.0114,0.0001,-0.001,0.1001,0.1109,0.0979,850.2484,0.0091,0.008,8.5025,0.0104,-0.0027,79.5465,0.0009,-0.0002,0.7955,0.0619,0.0489,474.7308,0.0051,0.004,4.7473,0.0927,0.0797,710.9636,0.0076,0.0065,7.1096,e93a2b3,,18992fa,2026-09-04T19:21:08+00:00
42221,13.6118,0.0095,0.0008,0.0095,0.0862,0.0767,6558.4248,0.0071,0.0064,65.5843,0.0047,-0.0049,20.0908,0.0004,-0.0004,0.2009,0.0082,-0.0013,43.7168,0.0007,-0.0001,0.4372,0.0103,0.0007,110.2642,0.0008,0.0001,1.1026,0.0045,-0.005,217.625,0.0004,-0.0004,2.1763,0.0022,-0.0073,4.4494,0.0002,-0.0006,0.0445,0.0052,-0.0043,24.5252,0.0004,-0.0004,0.2453,0.0827,0.0732,8400.7725,0.0069,0.0061,84.0077,0.0082,-0.0013,46.6328,0.0007,-0.0001,0.4663,0.0362,0.0266,1135.0544,0.003,0.0022,11.3505,0.0396,0.03,1341.3995,0.0033,0.0025,13.414,e93a2b3,,18992fa,2026-09-04T19:21:08+00:00
42222,24.7625,0.15,0.0125,0.15,0.2526,0.1026,240.2371,0.021,0.0086,2.4024,0.1179,-0.0321,75.8714,0.0098,-0.0027,0.7587,0.1103,-0.0397,76.7213,0.0092,-0.0033,0.7672,0.1382,-0.0118,94.5777,0.0115,-0.001,0.9458,0.0912,-0.0588,56.189,0.0076,-0.0049,0.5619,0.1442,-0.0058,87.7694,0.012,-0.0005,0.8777,0.2013,0.0513,125.9881,0.0168,0.0043,1.2599,0.1969,0.0469,201.1981,0.0164,0.0039,2.012,0.1403,-0.0097,92.2025,0.0117,-0.0008,0.922,0.1799,0.0299,158.3389,0.015,0.0025,1.5834,0.1641,0.0141,143.8727,0.0137,0.0012,1.4387,e93a2b3,,18992fa,2026-09-04T19:21:08+00:00
42223,14.9864,0.024,0.002,0.024,0.1135,0.0895,1308.8011,0.0095,0.0075,13.088,0.0086,-0.0154,26.293,0.0007,-0.0013,0.2629,0.0242,0.0002,84.3202,0.002,0.0,0.8432,0.0228,-0.0012,103.7835,0.0019,-0.0001,1.0378,0.0062,-0.0178,55.5526,0.0005,-0.0015,0.5555,0.0036,-0.0204,9.2516,0.0003,-0.0017,0.0925,0.0144,-0.0096,43.683,0.0012,-0.0008,0.4368,0.1078,0.0838,1316.812,0.009,0.007,13.1681,0.0247,0.0007,83.4933,0.0021,0.0001,0.8349,0.076,0.052,606.1337,0.0064,0.0043,6.0613,0.0522,0.0282,417.8884,0.0044,0.0024,4.1789,e93a2b3,,18992fa,2026-09-04T19:21:08+00:00
42224,13.2205,0.0011,0.0001,0.0011,0.0134,0.0123,2045.0256,0.0011,0.001,20.4503,0.0009,-0.0002,62.0826,0.0001,-0.0,0.6208,0.0011,-0.0,44.8979,0.0001,-0.0,0.449,0.0007,-0.0006,35.0277,0.0001,-0.0,0.3503,0.0021,0.001,1096.3121,0.0002,0.0001,10.9631,0.0001,-0.0011,8.1754,0.0,-0.0001,0.0818,0.0002,-0.0009,11.5417,0.0,-0.0001,0.1154,0.0178,0.0167,5325.7915,0.0015,0.0014,53.2579,0.0009,-0.0007,14.8982,0.0001,-0.0001,0.149,0.0239,0.0228,9758.4941,0.002,0.0019,97.5849,0.0029,0.0018,1536.5707,0.0002,0.0002,15.3657,e93a2b3,,18992fa,2026-09-04T19:21:08+00:00
42225,19.3324,0.0598,0.0051,0.0598,0.14,0.0802,749.3905,0.0119,0.0068,7.4939,0.0476,-0.0123,72.587,0.004,-0.001,0.7259,0.0474,-0.0145,61.9506,0.004,-0.0012,0.6195,0.0567,-0.0031,90.295,0.0048,-0.0003,0.9029,0.0154,-0.0445,162.1576,0.0013,-0.0038,1.6216,0.0492,-0.0106,50.3388,0.0042,-0.0009,0.5034,0.0767,0.0169,83.5533,0.0065,0.0014,0.8355,0.1229,0.0631,602.9924,0.0104,0.0054,6.0299,0.0523,-0.0103,64.3269,0.0044,-0.0009,0.6433,0.1127,0.0528,1375.2557,0.0096,0.0045,13.7526,0.0684,0.0085,198.5303,0.0058,0.0007,1.9853,e93a2b3,,18992fa,2026-09-04T19:21:08+00:00
42226,22.3179,0.1009,0.0087,0.1009,0.1598,0.0589,245.9516,0.0138,0.0051,2.4595,0.0852,-0.0157,76.0115,0.0074,-0.0014,0.7601,0.0937,-0.0072,90.9606,0.0081,-0.0006,0.9096,0.0871,-0.0138,91.1303,0.0075,-0.0012,0.9113,0.0205,-0.0804,28.6374,0.0018,-0.0069,0.2864,0.096,-0.0048,86.1737,0.0083,-0.0004,0.8617,0.1171,0.0163,117.9279,0.0101,0.0014,1.1793,0.1639,0.063,218.2491,0.0142,0.0054,2.1825,0.0892,-0.0117,75.2009,0.0077,-0.001,0.752,0.1435,0.0426,262.6232,0.0124,0.0037,2.6262,0.1005,-0.0004,95.3949,0.0087,-0.0,0.9539,e93a2b3,,18992fa,2026-09-04T19:21:08+00:00
42227,13.5176,0.001,0.0001,0.001,0.0173,0.0163,1733.5107,0.0015,0.0014,17.3351,0.0001,-0.001,4.3192,0.0,-0.0001,0.0432,0.0,-0.001,1.4753,0.0,-0.0001,0.0148,0.0011,0.0001,103.7925,0.0001,0.0,1.0379,0.0035,0.0025,370.6927,0.0003,0.0002,3.7069,0.0,-0.001,2.795,0.0,-0.0001,0.0279,0.0004,-0.0006,31.4226,0.0,-0.0001,0.3142,0.0053,0.0043,469.8359,0.0005,0.0004,4.6984,0.0,-0.001,0.2247,0.0,-0.0001,0.0022,0.0423,0.0412,4551.9185,0.0036,0.0035,45.5192,0.0012,0.0002,124.0536,0.0001,0.0,1.2405,e93a2b3,,18992fa,2026-09-04T19:21:08+00:00
42228,17.2844,0.025,0.0022,0.025,0.0466,0.0213,549.7869,0.0041,0.0019,5.4979,0.0242,-0.0013,61.9416,0.0021,-0.0001,0.6194,0.0537,0.0279,304.9497,0.0048,0.0025,3.0495,0.0245,-0.0022,68.7117,0.0022,-0.0002,0.6871,0.0064,-0.0186,2084.8804,0.0006,-0.0016,20.8488,0.0259,0.0008,90.9625,0.0023,0.0001,0.9096,0.0168,-0.0091,58.9661,0.0015,-0.0008,0.5897,0.0414,0.0164,201.0324,0.0037,0.0014,2.0103,0.0278,-0.0025,43.5763,0.0025,-0.0002,0.4358,0.0376,0.0126,583.9672,0.0033,0.0011,5.8397,0.0157,-0.0093,892.4778,0.0014,-0.0008,8.9248,e93a2b3,,18992fa,2026-09-04T19:21:08+00:00
42229,14.4691,0.0007,0.0001,0.0007,0.0004,-0.0004,146.9095,0.0,-0.0,1.4691,0.0014,0.0007,134.195,0.0001,0.0001,1.3419,0.0096,0.0088,794.6017,0.0009,0.0008,7.946,0.0001,-0.0008,8.2983,0.0,-0.0001,0.083,0.0051,0.0044,5278.1484,0.0004,0.0004,52.7815,0.0003,-0.0004,36.704,0.0,-0.0,0.367,0.0003,-0.0004,22.4251,0.0,-0.0,0.2243,0.0009,0.0002,239.7783,0.0001,0.0,2.3978,0.0,-0.0009,2.2729,0.0,-0.0001,0.0227,0.0149,0.0141,11512.3535,0.0013,0.0012,115.1236,0.0031,0.0024,2158.0903,0.0003,0.0002,21.5809,e93a2b3,,18992fa,2026-09-04T19:21:08+00:00
42230,13.527,0.0071,0.0006,0.0071,0.0739,0.0668,5830.2246,0.0061,0.0055,58.3023,0.0131,0.006,153.3866,0.0011,0.0005,1.5339,0.0013,-0.0058,25.9571,0.0001,-0.0005,0.2596,0.0032,-0.0039,56.6053,0.0003,-0.0003,0.5661,0.0077,0.0006,276.2952,0.0006,0.0001,2.763,0.0019,-0.0055,11.6818,0.0002,-0.0004,0.1168,0.0038,-0.0033,44.3203,0.0003,-0.0003,0.4432,0.0944,0.0873,8863.3936,0.0077,0.0072,88.6339,0.0036,-0.0038,28.8905,0.0003,-0.0003,0.2889,0.0378,0.0307,1290.8837,0.0031,0.0025,12.9088,0.0407,0.0336,2053.5193,0.0033,0.0028,20.5352,e93a2b3,,18992fa,2026-09-04T19:21:08+00:00
42241,13.5002,0.0019,0.0002,0.0019,0.0113,0.0094,459.116,0.0009,0.0008,4.5912,0.0015,-0.0004,63.8774,0.0001,-0.0,0.6388,0.003,0.001,105.1953,0.0003,0.0001,1.052,0.0009,-0.0014,31.2913,0.0001,-0.0001,0.3129,0.0026,0.0007,1429.6029,0.0002,0.0001,14.296,0.0012,-0.0012,42.0822,0.0001,-0.0001,0.4208,0.0016,-0.0003,59.6576,0.0001,-0.0,0.5966,0.0333,0.0314,1911.3766,0.0028,0.0026,19.1138,0.0003,-0.0022,10.614,0.0,-0.0002,0.1061,0.0312,0.0293,30728.6758,0.0026,0.0025,307.2867,0.0287,0.0268,4270.0659,0.0024,0.0022,42.7007,e93a2b3,,18992fa,2026-09-04T19:21:08+00:00
42242,15.4102,0.0074,0.0007,0.0074,0.0046,-0.0035,35.6882,0.0004,-0.0003,0.3569,0.0107,0.0032,165.8304,0.0009,0.0003,1.6583,0.0301,0.0226,965.0293,0.0027,0.002,9.6503,0.0025,-0.0051,20.8618,0.0002,-0.0004,0.2086,0.0074,0.0,3284.219,0.0007,0.0,32.8422,0.0065,-0.0011,57.5331,0.0006,-0.0001,0.5753,0.0093,0.0019,68.0065,0.0008,0.0002,0.6801,0.0117,0.0043,249.8466,0.001,0.0004,2.4985,0.0018,-0.0066,4.319,0.0002,-0.0006,0.0432,0.0399,0.0325,16612.2031,0.0035,0.0028,166.122,0.0141,0.0067,2920.3538,0.0012,0.0006,29.2035,e93a2b3,,18992fa,2026-09-04T19:21:08+00:00
42243,10.7964,0.0026,0.0002,0.0026,0.006,0.0021,189.974,0.0005,0.0002,1.8997,0.0028,-0.0007,24.6268,0.0002,-0.0001,0.2463,0.015,0.0116,502.0153,0.0013,0.001,5.0201,0.0013,-0.0037,16.4055,0.0001,-0.0003,0.1641,0.0023,-0.0004,1001.1572,0.0002,-0.0,10.0116,0.0022,-0.0005,34.6635,0.0002,-0.0,0.3466,0.0039,-0.0007,26.1929,0.0003,-0.0001,0.2619,0.0103,0.0076,735.3524,0.0009,0.0006,7.3535,0.0007,-0.0047,5.5494,0.0001,-0.0004,0.0555,0.0165,0.0139,3965.7185,0.0014,0.0012,39.6572,0.0108,0.0081,2116.7563,0.0009,0.0007,21.1676,e93a2b3,,18992fa,2026-09-04T19:21:08+00:00
42244,8.8302,0.0002,0.0,0.0002,0.0006,0.0004,127.1894,0.0,0.0,1.2719,0.0001,-0.0001,14.4666,0.0,-0.0,0.1447,0.0002,-0.0,32.0345,0.0,-0.0,0.3203,0.0001,-0.0002,12.0408,0.0,-0.0,0.1204,0.0003,0.0001,225.476,0.0,0.0,2.2548,0.0001,-0.0001,64.138,0.0,-0.0,0.6414,0.0,-0.0002,3.2468,0.0,-0.0,0.0325,0.0017,0.0015,1356.0348,0.0001,0.0001,13.5603,0.0,-0.0003,3.5597,0.0,-0.0,0.0356,0.0003,0.0002,272.1241,0.0,0.0,2.7212,0.0041,0.0039,2516.0129,0.0003,0.0003,25.1601,e93a2b3,,18992fa,2026-09-04T19:21:08+00:00
42245,7.5941,0.0002,0.0,0.0002,,,,,,,,,,,,,,,,,,,,,,,,,0.0002,0.0,102.5235,0.0,0.0,1.0252,0.0,-0.0002,6.501,0.0,-0.0,0.065,,,,,,,0.0006,0.0004,307.794,0.0001,0.0,3.0779,,,,,,,0.0,-0.0002,15.1068,0.0,-0.0,0.1511,0.0003,0.0001,130.1761,0.0,0.0,1.3018,e93a2b3,,18992fa,2026-09-04T19:21:08+00:00
42246,12.2692,0.0067,0.0006,0.0067,0.0148,0.0033,115.3435,0.0014,0.0003,1.1534,0.0176,0.0091,116.6208,0.0016,0.0008,1.1662,0.0423,0.0322,1446.601,0.0039,0.0029,14.466,0.0054,-0.0092,6.5758,0.0005,-0.0008,0.0658,0.0052,-0.0015,723.6779,0.0005,-0.0001,7.2368,0.0191,0.0125,198.8561,0.0018,0.0011,1.9886,0.0034,-0.0087,5.5431,0.0003,-0.0008,0.0554,0.0154,0.0087,735.0555,0.0014,0.0008,7.3506,0.0075,-0.0078,7.3824,0.0007,-0.0007,0.0738,0.0057,-0.0009,48.1096,0.0005,-0.0001,0.4811,0.0044,-0.0022,636.5994,0.0004,-0.0002,6.366,e93a2b3,,18992fa,2026-09-04T19:21:08+00:00
42247,8.6899,0.0002,0.0,0.0002,0.0,-0.0001,22.8337,0.0,-0.0,0.2283,0.0001,-0.0001,36.2262,0.0,-0.0,0.3623,0.0001,-0.0001,39.4194,0.0,-0.0,0.3942,0.0013,0.0012,1651.2198,0.0001,0.0001,16.5122,0.0006,0.0004,280.7032,0.0001,0.0,2.807,0.0,-0.0002,9.7589,0.0,-0.0,0.0976,0.0,-0.0001,27.0462,0.0,-0.0,0.2705,0.0005,0.0003,394.4909,0.0,0.0,3.9449,0.0,-0.0002,1.0689,0.0,-0.0,0.0107,0.0001,-0.0001,55.8821,0.0,-0.0,0.5588,0.0011,0.0009,1017.7618,0.0001,0.0001,10.1776,e93a2b3,,18992fa,2026-09-04T19:21:08+00:00
42248,9.9356,0.0003,0.0,0.0003,0.0001,-0.0004,42.0777,0.0,-0.0,0.4208,0.001,0.0002,63.622,0.0001,0.0,0.6362,0.0012,0.0005,52.0894,0.0001,0.0,0.5209,0.0005,-0.0001,305.7904,0.0,-0.0,3.0579,0.0006,0.0002,322.6369,0.0,0.0,3.2264,0.0,-0.0003,29.5461,0.0,-0.0,0.2955,0.0005,-0.0,57.4493,0.0,-0.0,0.5745,0.0011,0.0008,988.8902,0.0001,0.0001,9.8889,0.0001,-0.0008,4.9645,0.0,-0.0001,0.0496,0.001,0.0006,332.768,0.0001,0.0001,3.3277,0.0032,0.0029,4920.1821,0.0003,0.0002,49.2018,e93a2b3,,18992fa,2026-09-04T19:21:08+00:00
42249,13.3154,0.0029,0.0002,0.0029,0.0037,0.0007,176.5141,0.0003,0.0001,1.7651,0.0095,0.0064,301.6364,0.0008,0.0005,3.0164,0.0015,-0.0016,71.0762,0.0001,-0.0001,0.7108,0.0018,-0.0015,58.4716,0.0001,-0.0001,0.5847,0.0021,-0.0009,124.5665,0.0002,-0.0001,1.2457,0.0006,-0.0023,26.0267,0.0001,-0.0002,0.2603,0.0045,0.0015,96.3565,0.0004,0.0001,0.9636,0.0061,0.0032,697.9317,0.0005,0.0003,6.9793,0.0028,-0.0006,41.6829,0.0002,-0.0001,0.4168,0.0076,0.0047,396.5695,0.0006,0.0004,3.9657,0.0243,0.0213,3197.1555,0.0019,0.0017,31.9716,e93a2b3,,18992fa,2026-09-04T19:21:08+00:00
42251,11.9971,0.0005,0.0,0.0005,0.0044,0.0039,643.9598,0.0004,0.0003,6.4396,0.0001,-0.0004,18.3861,0.0,-0.0,0.1839,0.0001,-0.0004,19.3192,0.0,-0.0,0.1932,0.0002,-0.0004,26.7566,0.0,-0.0,0.2676,0.0013,0.0008,295.439,0.0001,0.0001,2.9544,0.0,-0.0006,1.464,0.0,-0.0,0.0146,0.0001,-0.0005,10.8973,0.0,-0.0,0.109,0.0183,0.0178,3880.9417,0.0015,0.0015,38.8094,0.0001,-0.0006,6.3184,0.0,-0.0,0.0632,0.0031,0.0026,551.5981,0.0003,0.0002,5.516,0.0063,0.0058,1131.5209,0.0005,0.0005,11.3152,e93a2b3,,18992fa,2026-09-04T19:21:08+00:00
42252,12.9743,0.0046,0.0004,0.0046,0.0514,0.0468,1248.5035,0.0042,0.0038,12.485,0.008,0.0035,154.2315,0.0007,0.0003,1.5423,0.0006,-0.0039,15.0995,0.0001,-0.0003,0.151,0.0009,-0.0037,18.4122,0.0001,-0.0003,0.1841,0.0058,0.0012,219.9561,0.0005,0.0001,2.1996,0.0005,-0.0041,9.7437,0.0,-0.0003,0.0974,0.0031,-0.0015,63.9427,0.0003,-0.0001,0.6394,0.0973,0.0928,3233.7883,0.008,0.0076,32.3379,0.0007,-0.0039,12.5633,0.0001,-0.0003,0.1256,0.0283,0.0237,725.4736,0.0023,0.0019,7.2547,0.0427,0.0381,1348.9454,0.0035,0.0031,13.4895,e93a2b3,,18992fa,2026-09-04T19:21:08+00:00
42253,13.4218,0.0043,0.0004,0.0043,0.0327,0.0284,827.7887,0.0027,0.0023,8.2779,0.0086,0.0043,168.0922,0.0007,0.0004,1.6809,0.0019,-0.0024,38.1916,0.0002,-0.0002,0.3819,0.0012,-0.0032,23.8892,0.0001,-0.0003,0.2389,0.0047,0.0004,169.7627,0.0004,0.0,1.6976,0.0013,-0.0032,22.8066,0.0001,-0.0003,0.2281,0.0029,-0.0014,61.804,0.0002,-0.0001,0.618,0.0744,0.07,2709.0842,0.0061,0.0057,27.0908,0.0009,-0.0037,12.5973,0.0001,-0.0003,0.126,0.0152,0.0109,390.1388,0.0012,0.0009,3.9014,0.0438,0.0395,1517.7131,0.0036,0.0032,15.1771,e93a2b3,,18992fa,2026-09-04T19:21:08+00:00
42254,14.0196,0.0149,0.0012,0.0149,0.0671,0.0521,651.196,0.0054,0.0042,6.512,0.0235,0.0085,202.7911,0.0019,0.0007,2.0279,0.002,-0.0129,22.8439,0.0002,-0.001,0.2284,0.0051,-0.0099,36.2294,0.0004,-0.0008,0.3623,0.015,0.0,100.0494,0.0012,0.0,1.0005,0.0064,-0.0085,43.01,0.0005,-0.0007,0.4301,0.004,-0.0109,27.8533,0.0003,-0.0009,0.2785,0.0998,0.0849,1055.5505,0.008,0.0068,10.5555,0.0057,-0.0092,37.5696,0.0005,-0.0007,0.3757,0.0294,0.0145,237.9888,0.0024,0.0012,2.3799,0.0586,0.0436,604.8381,0.0047,0.0035,6.0484,e93a2b3,,18992fa,2026-09-04T19:21:08+00:00
42255,12.5211,0.0027,0.0002,0.0027,0.0303,0.0276,1141.2316,0.0024,0.0022,11.4123,0.0084,0.0057,315.7915,0.0007,0.0005,3.1579,0.0021,-0.0005,78.267,0.0002,-0.0,0.7827,0.0011,-0.0016,40.7962,0.0001,-0.0001,0.408,0.0026,-0.0001,96.6105,0.0002,-0.0,0.9661,0.0007,-0.002,24.3449,0.0001,-0.0002,0.2434,0.001,-0.0017,37.7242,0.0001,-0.0001,0.3772,0.0639,0.0613,2451.9607,0.0052,0.0049,24.5196,0.0003,-0.0024,9.7784,0.0,-0.0002,0.0978,0.0089,0.0063,338.8717,0.0007,0.0005,3.3887,0.0411,0.0384,1582.5684,0.0033,0.0031,15.8257,e93a2b3,,18992fa,2026-09-04T19:21:08+00:00
42256,19.6379,0.0632,0.0049,0.0632,0.1107,0.0475,224.5254,0.0086,0.0037,2.2453,0.0693,0.0061,113.2562,0.0054,0.0005,1.1326,0.0236,-0.0397,28.7233,0.0018,-0.0031,0.2872,0.051,-0.0122,74.7326,0.0039,-0.001,0.7473,0.0705,0.0073,112.8914,0.0055,0.0006,1.1289,0.0437,-0.0195,64.8184,0.0034,-0.0015,0.6482,0.0489,-0.0143,63.7232,0.0038,-0.0011,0.6372,0.1095,0.0462,271.1719,0.0085,0.0036,2.7117,0.0521,-0.0111,70.6743,0.004,-0.0009,0.7067,0.0704,0.0072,130.8172,0.0055,0.0006,1.3082,0.097,0.0338,221.8799,0.0075,0.0026,2.2188,e93a2b3,,18992fa,2026-09-04T19:21:08+00:00
42257,14.0634,0.0047,0.0004,0.0047,0.0331,0.0284,710.493,0.0027,0.0023,7.1049,0.007,0.0023,151.5201,0.0006,0.0002,1.5152,0.0035,-0.0012,71.9519,0.0003,-0.0001,0.7195,0.0021,-0.0027,44.686,0.0002,-0.0002,0.4469,0.0048,0.0001,105.2829,0.0004,0.0,1.0528,0.0013,-0.0034,28.2981,0.0001,-0.0003,0.283,0.0027,-0.0021,55.8168,0.0002,-0.0002,0.5582,0.0608,0.056,1351.3569,0.0049,0.0045,13.5136,0.0007,-0.0041,13.7409,0.0001,-0.0003,0.1374,0.0169,0.0121,368.6512,0.0014,0.001,3.6865,0.0506,0.0459,1136.8228,0.0041,0.0037,11.3682,e93a2b3,,18992fa,2026-09-04T19:21:08+00:00
42258,14.3346,0.0046,0.0004,0.0046,0.0367,0.0321,844.7431,0.003,0.0026,8.4474,0.0049,0.0003,104.4126,0.0004,0.0,1.0441,0.0043,-0.0003,93.5005,0.0004,-0.0,0.935,0.0025,-0.0021,54.4163,0.0002,-0.0002,0.5442,0.0046,-0.0,106.5603,0.0004,-0.0,1.0656,0.0015,-0.0031,34.8914,0.0001,-0.0002,0.3489,0.0022,-0.0024,47.589,0.0002,-0.0002,0.4759,0.0348,0.0302,820.87,0.0028,0.0025,8.2087,0.0006,-0.004,14.2791,0.0001,-0.0003,0.1428,0.0136,0.009,314.7492,0.0011,0.0007,3.1475,0.0512,0.0466,1239.0432,0.0041,0.0038,12.3904,e93a2b3,,18992fa,2026-09-04T19:21:08+00:00
42259,13.5318,0.0054,0.0004,0.0054,0.0125,0.0071,235.0641,0.001,0.0006,2.3506,0.0073,0.0019,127.3419,0.0006,0.0002,1.2734,0.0015,-0.0039,28.3339,0.0001,-0.0003,0.2833,0.0043,-0.0011,82.1746,0.0003,-0.0001,0.8217,0.006,0.0006,118.2386,0.0005,0.0,1.1824,0.0013,-0.0041,20.7692,0.0001,-0.0003,0.2077,0.0014,-0.004,23.8608,0.0001,-0.0003,0.2386,0.0224,0.017,406.1979,0.0018,0.0014,4.062,0.0006,-0.0048,9.5281,0.0001,-0.0004,0.0953,0.0075,0.0021,142.0955,0.0006,0.0002,1.421,0.0497,0.0443,1054.3492,0.004,0.0035,10.5435,e93a2b3,,18992fa,2026-09-04T19:21:08+00:00
42261,13.2211,0.0065,0.0005,0.0065,0.0086,0.0021,120.9593,0.0007,0.0002,1.2096,0.0085,0.002,131.3641,0.0007,0.0002,1.3136,0.0012,-0.0053,17.1287,0.0001,-0.0004,0.1713,0.0051,-0.0014,81.9052,0.0004,-0.0001,0.8191,0.0074,0.001,119.9762,0.0006,0.0001,1.1998,0.0024,-0.0041,35.9552,0.0002,-0.0003,0.3596,0.0009,-0.0056,13.7188,0.0001,-0.0004,0.1372,0.0223,0.0158,315.8714,0.0018,0.0012,3.1587,0.0007,-0.0058,9.4436,0.0001,-0.0005,0.0944,0.0068,0.0003,107.3568,0.0005,0.0,1.0736,0.0524,0.0459,897.382,0.0041,0.0036,8.9738,e93a2b3,,18992fa,2026-09-04T19:21:08+00:00
42262,14.0335,0.0174,0.0014,0.0174,0.0342,0.0168,208.8497,0.0027,0.0013,2.0885,0.0193,0.0019,119.4942,0.0015,0.0001,1.1949,0.0027,-0.0147,14.505,0.0002,-0.0011,0.145,0.0121,-0.0053,70.6215,0.0009,-0.0004,0.7062,0.0159,-0.0015,95.9802,0.0012,-0.0001,0.9598,0.0156,-0.0018,81.4686,0.0012,-0.0001,0.8147,0.0076,-0.0099,31.2628,0.0006,-0.0008,0.3126,0.0586,0.0412,403.972,0.0046,0.0032,4.0397,0.0084,-0.009,33.4809,0.0007,-0.0007,0.3348,0.0256,0.0082,142.6303,0.002,0.0006,1.4263,0.0691,0.0517,544.8473,0.0054,0.004,5.4485,e93a2b3,,18992fa,2026-09-04T19:21:08+00:00
42263,13.8766,0.0073,0.0006,0.0073,0.0113,0.004,148.5176,0.0009,0.0003,1.4852,0.0171,0.0097,236.0482,0.0013,0.0007,2.3605,0.0012,-0.0061,15.8852,0.0001,-0.0005,0.1589,0.0029,-0.0044,41.3173,0.0002,-0.0003,0.4132,0.0052,-0.0021,73.1498,0.0004,-0.0002,0.7315,0.0141,0.0067,188.3132,0.0011,0.0005,1.8831,0.0025,-0.0048,33.891,0.0002,-0.0004,0.3389,0.0159,0.0086,219.4372,0.0012,0.0007,2.1944,0.0027,-0.0047,34.9294,0.0002,-0.0004,0.3493,0.0091,0.0018,125.378,0.0007,0.0001,1.2538,0.0608,0.0535,866.4259,0.0047,0.0041,8.6643,e93a2b3,,18992fa,2026-09-04T19:21:08+00:00
42264,19.1996,0.0593,0.0044,0.0593,0.0825,0.0233,148.6332,0.0062,0.0017,1.4863,0.0731,0.0138,129.7686,0.0054,0.001,1.2977,0.0342,-0.025,44.176,0.0025,-0.0019,0.4418,0.0315,-0.0278,40.3834,0.0023,-0.0021,0.4038,0.056,-0.0033,87.8648,0.0042,-0.0002,0.8786,0.0649,0.0057,143.2182,0.0048,0.0004,1.4322,0.0548,-0.0044,82.6071,0.0041,-0.0003,0.8261,0.063,0.0037,104.1603,0.0047,0.0003,1.0416,0.0591,-0.0001,87.8263,0.0044,-0.0,0.8783,0.0608,0.0015,114.3262,0.0045,0.0001,1.1433,0.1072,0.0479,280.438,0.008,0.0036,2.8044,e93a2b3,,18992fa,2026-09-04T19:21:08+00:00
42265,16.2743,0.0294,0.0022,0.0294,0.0302,0.0008,101.3536,0.0022,0.0001,1.0135,0.0542,0.0248,219.3947,0.004,0.0018,2.1939,0.0057,-0.0237,16.0803,0.0004,-0.0018,0.1608,0.0029,-0.0265,10.8005,0.0002,-0.002,0.108,0.0232,-0.0062,86.7961,0.0017,-0.0005,0.868,0.0319,0.0024,118.3842,0.0024,0.0002,1.1838,0.0324,0.003,106.3244,0.0024,0.0002,1.0632,0.0127,-0.0167,49.5908,0.0009,-0.0012,0.4959,0.0366,0.0072,124.3531,0.0027,0.0005,1.2435,0.032,0.0026,116.4144,0.0024,0.0002,1.1641,0.072,0.0426,332.3015,0.0054,0.0032,3.323,e93a2b3,,18992fa,2026-09-04T19:21:08+00:00
42266,18.6521,0.0489,0.0035,0.0489,0.0495,0.0006,99.7168,0.0036,0.0,0.9972,0.0706,0.0217,152.7112,0.0051,0.0016,1.5271,0.0021,-0.0468,4.1067,0.0002,-0.0034,0.0411,0.0069,-0.042,12.4546,0.0005,-0.003,0.1245,0.0298,-0.0192,59.9658,0.0022,-0.0014,0.5997,0.0592,0.0103,123.765,0.0043,0.0007,1.2377,0.06,0.0111,127.5447,0.0044,0.0008,1.2754,0.019,-0.0299,40.8986,0.0014,-0.0022,0.409,0.0802,0.0312,174.9811,0.0058,0.0023,1.7498,0.0424,-0.0065,88.9935,0.0031,-0.0005,0.8899,0.0624,0.0135,134.4352,0.0045,0.001,1.3444,e93a2b3,,18992fa,2026-09-04T19:21:08+00:00
42267,17.2318,0.0472,0.0034,0.0472,0.0472,0.0001,98.4082,0.0035,0.0,0.9841,0.0748,0.0276,165.2306,0.0055,0.002,1.6523,0.0031,-0.044,6.1404,0.0002,-0.0032,0.0614,0.0048,-0.0424,9.5039,0.0004,-0.0031,0.095,0.0361,-0.0111,76.9453,0.0026,-0.0008,0.7695,0.0472,0.0,99.4824,0.0034,0.0,0.9948,0.0583,0.0111,124.8198,0.0043,0.0008,1.2482,0.0185,-0.0287,39.1241,0.0014,-0.0021,0.3912,0.0781,0.031,173.3736,0.0057,0.0023,1.7337,0.0462,-0.0009,99.7975,0.0034,-0.0001,0.998,0.0752,0.028,168.342,0.0055,0.0021,1.6834,e93a2b3,,18992fa,2026-09-04T19:21:08+00:00
42268,21.4991,0.0828,0.0059,0.0828,0.0999,0.0171,123.0052,0.0071,0.0012,1.2301,0.1063,0.0234,133.0682,0.0076,0.0017,1.3307,0.0298,-0.0531,36.102,0.0021,-0.0038,0.361,0.0403,-0.0426,43.2016,0.0029,-0.003,0.432,0.0633,-0.0196,76.8273,0.0045,-0.0014,0.7683,0.0898,0.007,109.6906,0.0064,0.0005,1.0969,0.0885,0.0057,106.4928,0.0063,0.0004,1.0649,0.0343,-0.0485,40.713,0.0024,-0.0034,0.4071,0.0847,0.0019,100.5947,0.006,0.0001,1.0059,0.0819,-0.0009,101.0115,0.0058,-0.0001,1.0101,0.1093,0.0265,133.6729,0.0078,0.0019,1.3367,e93a2b3,,18992fa,2026-09-04T19:21:08+00:00
42269,22.7296,0.078,0.0055,0.078,0.1017,0.0237,131.159,0.0072,0.0017,1.3116,0.0879,0.0099,112.5517,0.0062,0.0007,1.1255,0.008,-0.07,10.3825,0.0006,-0.005,0.1038,0.02,-0.058,25.7307,0.0014,-0.0041,0.2573,0.06,-0.018,76.9002,0.0043,-0.0013,0.769,0.0884,0.0104,113.8427,0.0063,0.0007,1.1384,0.0839,0.0059,107.9578,0.0059,0.0004,1.0796,0.0264,-0.0516,33.8493,0.0019,-0.0037,0.3385,0.1027,0.0247,132.1768,0.0073,0.0017,1.3218,0.0665,-0.0115,85.4514,0.0047,-0.0008,0.8545,0.0883,0.0103,113.2951,0.0063,0.0007,1.133,e93a2b3,,18992fa,2026-09-04T19:21:08+00:00
42271,15.3595,0.0056,0.0004,0.0056,0.0075,0.0019,133.5615,0.0006,0.0001,1.3356,0.0139,0.0083,251.5968,0.0011,0.0006,2.516,0.0015,-0.0041,26.1449,0.0001,-0.0003,0.2614,0.0036,-0.002,65.7245,0.0003,-0.0002,0.6572,0.0064,0.0008,115.4592,0.0005,0.0001,1.1546,0.0043,-0.0013,76.6414,0.0003,-0.0001,0.7664,0.0038,-0.0018,66.301,0.0003,-0.0001,0.663,0.0061,0.0006,112.8614,0.0005,0.0,1.1286,0.0023,-0.0033,40.0533,0.0002,-0.0003,0.4005,0.0101,0.0045,182.7025,0.0008,0.0003,1.827,0.0469,0.0413,870.8384,0.0036,0.0032,8.7084,e93a2b3,,18992fa,2026-09-04T19:21:08+00:00
42272,19.6068,0.0154,0.0012,0.0154,0.0125,-0.0028,82.292,0.001,-0.0002,0.8229,0.0275,0.0121,198.5721,0.0021,0.0009,1.9857,0.0021,-0.0133,13.6661,0.0002,-0.001,0.1367,0.0044,-0.0109,30.5227,0.0003,-0.0008,0.3052,0.0161,0.0007,119.3041,0.0012,0.0001,1.193,0.0041,-0.0112,28.1368,0.0003,-0.0009,0.2814,0.0336,0.0182,207.862,0.0026,0.0014,2.0786,0.0107,-0.0047,67.5926,0.0008,-0.0004,0.6759,0.0236,0.0082,147.5747,0.0018,0.0006,1.4757,0.0197,0.0044,140.2772,0.0015,0.0003,1.4028,0.0716,0.0562,508.8913,0.0055,0.0043,5.0889,e93a2b3,,18992fa,2026-09-04T19:21:08+00:00
42273,17.5572,0.0188,0.0014,0.0188,0.0172,-0.0016,91.3739,0.0013,-0.0001,0.9137,0.0411,0.0223,232.0491,0.0031,0.0017,2.3205,0.0013,-0.0175,7.8765,0.0001,-0.0013,0.0788,0.0019,-0.0169,11.3225,0.0001,-0.0013,0.1132,0.0149,-0.0039,89.6779,0.0011,-0.0003,0.8968,0.014,-0.0048,71.1231,0.001,-0.0004,0.7112,0.0408,0.022,212.1552,0.003,0.0016,2.1216,0.0069,-0.0119,38.8112,0.0005,-0.0009,0.3881,0.0365,0.0177,187.0258,0.0027,0.0013,1.8703,0.0204,0.0016,120.9094,0.0015,0.0001,1.2091,0.0638,0.0451,386.7556,0.0048,0.0034,3.8676,e93a2b3,,18992fa,2026-09-04T19:21:08+00:00
42274,21.478,0.0253,0.0019,0.0253,0.0347,0.0094,135.8307,0.0026,0.0007,1.3583,0.0427,0.0174,172.9542,0.0032,0.0013,1.7295,0.0022,-0.0231,8.3905,0.0002,-0.0017,0.0839,0.0026,-0.0227,9.8861,0.0002,-0.0017,0.0989,0.0105,-0.0148,42.2087,0.0008,-0.0011,0.4221,0.0072,-0.0181,28.5604,0.0005,-0.0013,0.2856,0.0723,0.047,288.8316,0.0054,0.0035,2.8883,0.0078,-0.0175,30.3947,0.0006,-0.0013,0.3039,0.049,0.0237,194.4294,0.0037,0.0018,1.9443,0.0256,0.0003,101.7122,0.0019,0.0,1.0171,0.0778,0.0526,307.5522,0.0058,0.0039,3.0755,e93a2b3,,18992fa,2026-09-04T19:21:08+00:00
42275,17.9303,0.0317,0.0023,0.0317,0.0349,0.0032,113.3379,0.0026,0.0002,1.1334,0.0481,0.0164,158.3837,0.0035,0.0012,1.5838,0.0015,-0.0302,4.94,0.0001,-0.0022,0.0494,0.0035,-0.0282,11.0226,0.0003,-0.0021,0.1102,0.0135,-0.0182,44.1289,0.001,-0.0013,0.4413,0.0319,0.0002,97.0683,0.0023,0.0,0.9707,0.0649,0.0332,218.8333,0.0048,0.0024,2.1883,0.006,-0.0257,19.3293,0.0004,-0.0019,0.1933,0.0544,0.0227,177.3965,0.004,0.0017,1.774,0.0267,-0.005,87.1746,0.002,-0.0004,0.8717,0.0444,0.0127,151.4733,0.0032,0.0009,1.5147,e93a2b3,,18992fa,2026-09-04T19:21:08+00:00
42276,19.7291,0.042,0.003,0.042,0.0545,0.0125,130.0072,0.0039,0.0009,1.3001,0.0636,0.0216,159.4582,0.0046,0.0016,1.5946,0.0026,-0.0394,5.9304,0.0002,-0.0028,0.0593,0.0106,-0.0314,23.29,0.0008,-0.0023,0.2329,0.0286,-0.0134,66.7381,0.0021,-0.001,0.6674,0.0518,0.0098,122.531,0.0037,0.0007,1.2253,0.067,0.025,170.3359,0.0048,0.0018,1.7034,0.0105,-0.0315,24.8328,0.0008,-0.0023,0.2483,0.0637,0.0217,155.9549,0.0046,0.0016,1.5595,0.0372,-0.0048,89.5137,0.0027,-0.0003,0.8951,0.0432,0.0012,105.3191,0.0031,0.0001,1.0532,e93a2b3,,18992fa,2026-09-04T19:21:08+00:00
42277,19.621,0.025,0.0018,0.025,0.0379,0.013,151.856,0.0028,0.0009,1.5186,0.0559,0.0309,230.8296,0.0041,0.0023,2.3083,0.0018,-0.0232,6.9004,0.0001,-0.0017,0.069,0.0063,-0.0187,23.3147,0.0005,-0.0014,0.2331,0.0164,-0.0085,64.1571,0.0012,-0.0006,0.6416,0.0298,0.0048,112.2831,0.0022,0.0003,1.1228,0.0581,0.0332,244.6654,0.0042,0.0024,2.4467,0.0072,-0.0178,27.886,0.0005,-0.0013,0.2789,0.0423,0.0173,172.6215,0.0031,0.0013,1.7262,0.0246,-0.0004,98.7693,0.0018,-0.0,0.9877,0.0322,0.0072,135.2423,0.0023,0.0005,1.3524,e93a2b3,,18992fa,2026-09-04T19:21:08+00:00
42278,21.0546,0.0196,0.0014,0.0196,0.0267,0.0071,134.7901,0.0019,0.0005,1.3479,0.0505,0.031,274.1597,0.0037,0.0023,2.7416,0.0021,-0.0174,11.1627,0.0002,-0.0013,0.1116,0.0067,-0.0128,34.4805,0.0005,-0.0009,0.3448,0.0144,-0.0052,73.126,0.001,-0.0004,0.7313,0.0263,0.0068,124.1889,0.0019,0.0005,1.2419,0.0461,0.0265,251.7945,0.0034,0.0019,2.5179,0.01,-0.0096,54.4314,0.0007,-0.0007,0.5443,0.0332,0.0137,170.2594,0.0024,0.001,1.7026,0.0216,0.002,116.7017,0.0016,0.0001,1.167,0.0173,-0.0023,86.5121,0.0013,-0.0002,0.8651,e93a2b3,,18992fa,2026-09-04T19:21:08+00:00
42279,19.8506,0.0215,0.0016,0.0215,0.0219,0.0004,101.5299,0.0016,0.0,1.0153,0.0467,0.0252,217.8236,0.0035,0.0019,2.1782,0.0018,-0.0198,8.2504,0.0001,-0.0015,0.0825,0.0026,-0.0189,12.3502,0.0002,-0.0014,0.1235,0.0127,-0.0088,58.7896,0.0009,-0.0007,0.5879,0.0109,-0.0107,50.5262,0.0008,-0.0008,0.5053,0.0642,0.0427,298.8152,0.0047,0.0032,2.9882,0.0065,-0.015,30.4987,0.0005,-0.0011,0.305,0.0423,0.0207,196.4824,0.0031,0.0015,1.9648,0.0228,0.0012,105.9971,0.0017,0.0001,1.06,0.0451,0.0236,209.7,0.0033,0.0017,2.097,e93a2b3,,18992fa,2026-09-04T19:21:08+00:00
42280,16.0383,0.0003,0.0,0.0003,0.0002,-0.0001,39.9261,0.0,-0.0,0.3993,0.003,0.0027,1864.7046,0.0002,0.0002,18.647,0.0001,-0.0003,12.6016,0.0,-0.0,0.126,0.0,-0.0004,5.6259,0.0,-0.0,0.0563,0.0003,0.0,102.8605,0.0,0.0,1.0286,0.0,-0.0003,5.911,0.0,-0.0,0.0591,0.0022,0.0018,1059.7972,0.0002,0.0001,10.598,0.0005,0.0002,131.0672,0.0,0.0,1.3107,0.0002,-0.0001,75.9501,0.0,-0.0,0.7595,0.0006,0.0002,256.3724,0.0,0.0,2.5637,0.0006,0.0003,177.8903,0.0,0.0,1.7789,e93a2b3,,18992fa,2026-09-04T19:21:08+00:00
42281,19.0945,0.0127,0.0009,0.0127,0.0122,-0.0005,96.8427,0.0009,-0.0,0.9684,0.0291,0.0164,228.4919,0.0021,0.0012,2.2849,0.0013,-0.0114,10.2298,0.0001,-0.0008,0.1023,0.003,-0.0097,24.3294,0.0002,-0.0007,0.2433,0.0094,-0.0033,76.8185,0.0007,-0.0002,0.7682,0.006,-0.0067,46.7832,0.0004,-0.0005,0.4678,0.0397,0.027,312.1038,0.0029,0.002,3.121,0.0135,0.0008,116.9719,0.001,0.0001,1.1697,0.0196,0.007,150.4799,0.0014,0.0005,1.5048,0.0207,0.0081,174.9879,0.0015,0.0006,1.7499,0.0129,0.0002,96.8004,0.001,0.0,0.968,e93a2b3,,18992fa,2026-09-04T19:21:08+00:00
42282,19.5631,0.0093,0.0007,0.0093,0.01,0.0007,111.6841,0.0007,0.0001,1.1168,0.0225,0.0133,256.6986,0.0017,0.001,2.567,0.0021,-0.0072,26.1842,0.0002,-0.0005,0.2618,0.0031,-0.0062,32.6493,0.0002,-0.0005,0.3265,0.0075,-0.0018,87.5742,0.0006,-0.0001,0.8757,0.0079,-0.0013,77.7468,0.0006,-0.0001,0.7775,0.0237,0.0144,265.9086,0.0017,0.0011,2.6591,0.0155,0.0063,167.1956,0.0011,0.0005,1.672,0.0109,0.0017,106.698,0.0008,0.0001,1.067,0.0134,0.0041,160.3294,0.001,0.0003,1.6033,0.0047,-0.0046,58.1735,0.0003,-0.0003,0.5817,e93a2b3,,18992fa,2026-09-04T19:21:08+00:00
42283,17.7927,0.0052,0.0004,0.0052,0.0029,-0.0024,51.8391,0.0002,-0.0002,0.5184,0.0134,0.0081,254.8327,0.001,0.0006,2.5483,0.0018,-0.0035,32.3437,0.0001,-0.0003,0.3234,0.0008,-0.0045,13.6738,0.0001,-0.0003,0.1367,0.0049,-0.0004,99.0586,0.0004,-0.0,0.9906,0.0029,-0.0023,55.6367,0.0002,-0.0002,0.5564,0.0198,0.0146,359.663,0.0015,0.0011,3.5966,0.0057,0.0005,110.897,0.0004,0.0,1.109,0.0079,0.0027,141.2271,0.0006,0.0002,1.4123,0.0089,0.0037,165.2867,0.0007,0.0003,1.6529,0.0062,0.001,107.9209,0.0005,0.0001,1.0792,e93a2b3,,18992fa,2026-09-04T19:21:08+00:00
42284,19.3374,0.0086,0.0006,0.0086,0.0088,0.0002,79.3833,0.0006,0.0,0.7938,0.0202,0.0117,238.1578,0.0015,0.0009,2.3816,0.0024,-0.0061,25.014,0.0002,-0.0005,0.2501,0.0028,-0.0057,26.5745,0.0002,-0.0004,0.2657,0.0073,-0.0013,119.2213,0.0005,-0.0001,1.1922,0.0137,0.0051,129.1648,0.001,0.0004,1.2916,0.0161,0.0075,199.4703,0.0012,0.0006,1.9947,0.0134,0.0048,153.1559,0.001,0.0004,1.5316,0.0082,-0.0004,85.7374,0.0006,-0.0,0.8574,0.008,-0.0006,123.0875,0.0006,-0.0,1.2309,0.0044,-0.0042,53.0901,0.0003,-0.0003,0.5309,e93a2b3,,18992fa,2026-09-04T19:21:08+00:00
42285,16.5799,0.0022,0.0002,0.0022,0.0006,-0.0016,25.3764,0.0,-0.0001,0.2538,0.006,0.0038,301.8049,0.0005,0.0003,3.018,0.0005,-0.0018,19.5292,0.0,-0.0001,0.1953,0.0002,-0.002,8.7183,0.0,-0.0002,0.0872,0.0027,0.0005,137.3165,0.0002,0.0,1.3732,0.0013,-0.0009,54.3416,0.0001,-0.0001,0.5434,0.0092,0.007,434.1278,0.0007,0.0005,4.3413,0.0026,0.0004,120.4501,0.0002,0.0,1.2045,0.0023,0.0001,102.3886,0.0002,0.0,1.0239,0.0038,0.0016,192.8015,0.0003,0.0001,1.928,0.0016,-0.0006,68.1127,0.0001,-0.0,0.6811,e93a2b3,,18992fa,2026-09-04T19:21:08+00:00
42286,20.6999,0.0063,0.0005,0.0063,0.0028,-0.0036,35.2307,0.0002,-0.0003,0.3523,0.0153,0.009,229.8723,0.0012,0.0007,2.2987,0.0046,-0.0017,25.2193,0.0004,-0.0001,0.2522,0.0082,0.0019,71.8219,0.0006,0.0002,0.7182,0.0072,0.0009,175.8721,0.0006,0.0001,1.7587,0.0052,-0.0011,119.5468,0.0004,-0.0001,1.1955,0.0145,0.0082,271.6743,0.0011,0.0006,2.7167,0.0062,-0.0001,143.2601,0.0005,-0.0,1.4326,0.0089,0.0026,127.0665,0.0007,0.0002,1.2707,0.0046,-0.0017,63.7272,0.0004,-0.0001,0.6373,0.0066,0.0003,117.7729,0.0005,0.0,1.1777,e93a2b3,,18992fa,2026-09-04T19:21:08+00:00
42287,15.9171,0.0007,0.0001,0.0007,0.0001,-0.0006,10.611,0.0,-0.0,0.1061,0.0013,0.0006,206.0604,0.0001,0.0,2.0606,0.0001,-0.0006,10.4933,0.0,-0.0,0.1049,0.0001,-0.0005,19.047,0.0,-0.0,0.1905,0.0008,0.0001,130.8822,0.0001,0.0,1.3088,0.0003,-0.0003,40.5635,0.0,-0.0,0.4056,0.004,0.0034,851.6222,0.0003,0.0003,8.5162,0.0011,0.0005,174.4472,0.0001,0.0,1.7445,0.001,0.0004,170.7603,0.0001,0.0,1.7076,0.0008,0.0001,119.0205,0.0001,0.0,1.1902,0.0006,-0.0001,93.0761,0.0,-0.0,0.9308,e93a2b3,,18992fa,2026-09-04T19:21:08+00:00
42288,19.5228,0.0039,0.0003,0.0039,0.0007,-0.0032,17.5736,0.0001,-0.0002,0.1757,0.0138,0.0098,421.7702,0.0011,0.0008,4.2177,0.0014,-0.0026,31.5564,0.0001,-0.0002,0.3156,0.0005,-0.0034,12.6059,0.0,-0.0003,0.1261,0.002,-0.0019,57.3704,0.0002,-0.0001,0.5737,0.0017,-0.0023,44.8153,0.0001,-0.0002,0.4482,0.0221,0.0182,716.7165,0.0017,0.0014,7.1672,0.0045,0.0006,130.0318,0.0003,0.0,1.3003,0.0043,0.0004,105.5485,0.0003,0.0,1.0555,0.0059,0.002,176.715,0.0005,0.0002,1.7672,0.0088,0.0049,210.0168,0.0007,0.0004,2.1002,e93a2b3,,18992fa,2026-09-04T19:21:08+00:00
42289,18.9653,0.0046,0.0004,0.0046,0.0027,-0.0022,68.0286,0.0002,-0.0002,0.6803,0.0071,0.0025,448.5616,0.0006,0.0002,4.4856,0.005,0.0004,40.0265,0.0004,0.0,0.4003,0.0042,-0.0004,33.6043,0.0003,-0.0,0.336,0.0032,-0.0014,103.6713,0.0003,-0.0001,1.0367,0.0035,-0.0011,28.7177,0.0003,-0.0001,0.2872,0.008,0.0034,643.9913,0.0006,0.0003,6.4399,0.0037,-0.0009,149.7686,0.0003,-0.0001,1.4977,0.0055,0.0009,110.333,0.0004,0.0001,1.1033,0.0047,0.0001,146.7791,0.0004,0.0,1.4678,0.0076,0.003,225.2726,0.0006,0.0002,2.2527,e93a2b3,,18992fa,2026-09-04T19:21:08+00:00
42290,16.2971,0.0006,0.0001,0.0006,0.0005,-0.0002,76.7196,0.0,-0.0,0.7672,0.0033,0.0026,700.0273,0.0003,0.0002,7.0003,0.0,-0.0006,5.6197,0.0,-0.0,0.0562,0.0001,-0.0005,21.2018,0.0,-0.0,0.212,0.0007,0.0001,106.6086,0.0001,0.0,1.0661,0.0,-0.0006,0.6323,0.0,-0.0001,0.0063,0.002,0.0014,448.9311,0.0002,0.0001,4.4893,0.0012,0.0006,196.6253,0.0001,0.0,1.9663,0.0001,-0.0006,12.62,0.0,-0.0,0.1262,0.0009,0.0003,176.0424,0.0001,0.0,1.7604,0.0012,0.0005,188.2448,0.0001,0.0,1.8824,e93a2b3,,18992fa,2026-09-04T19:21:08+00:00
42291,19.8602,0.0089,0.0007,0.0089,0.0069,-0.002,64.5818,0.0005,-0.0001,0.6458,0.0241,0.0152,335.7562,0.0018,0.0011,3.3576,0.0017,-0.0072,27.8253,0.0001,-0.0005,0.2783,0.0019,-0.0071,24.7266,0.0001,-0.0005,0.2473,0.0052,-0.0037,63.0202,0.0004,-0.0003,0.6302,0.0027,-0.0062,32.6122,0.0002,-0.0005,0.3261,0.0359,0.027,416.9627,0.0027,0.002,4.1696,0.0076,-0.0013,95.564,0.0006,-0.0001,0.9556,0.0244,0.0155,266.4868,0.0018,0.0012,2.6649,0.0201,0.0111,282.244,0.0015,0.0008,2.8224,0.027,0.0181,343.9091,0.002,0.0014,3.4391,e93a2b3,,18992fa,2026-09-04T19:21:08+00:00
42292,22.1647,0.0209,0.0016,0.0209,0.0192,-0.0017,82.0339,0.0015,-0.0001,0.8203,0.0284,0.0075,159.3218,0.0022,0.0006,1.5932,0.0019,-0.019,10.3616,0.0001,-0.0015,0.1036,0.0047,-0.0162,25.4576,0.0004,-0.0012,0.2546,0.0069,-0.014,35.4248,0.0005,-0.0011,0.3542,0.0043,-0.0166,19.4847,0.0003,-0.0013,0.1948,0.0544,0.0335,278.9397,0.0042,0.0026,2.7894,0.0173,-0.0036,87.3045,0.0013,-0.0003,0.873,0.0584,0.0375,341.9359,0.0045,0.0029,3.4194,0.0287,0.0078,166.4602,0.0022,0.0006,1.6646,0.0755,0.0546,412.8255,0.0058,0.0042,4.1283,e93a2b3,,18992fa,2026-09-04T19:21:08+00:00
42293,17.3782,0.0025,0.0002,0.0025,0.001,-0.0016,25.3098,0.0001,-0.0001,0.2531,0.018,0.0154,2212.0903,0.0014,0.0012,22.1209,0.0011,-0.0014,48.0438,0.0001,-0.0001,0.4804,0.0015,-0.001,69.586,0.0001,-0.0001,0.6959,0.0011,-0.0014,44.8389,0.0001,-0.0001,0.4484,0.0007,-0.0018,24.8688,0.0001,-0.0001,0.2487,0.0078,0.0053,359.1706,0.0006,0.0004,3.5917,0.0027,0.0002,130.2395,0.0002,0.0,1.3024,0.0144,0.0119,336.4409,0.0011,0.0009,3.3644,0.019,0.0165,1901.9861,0.0015,0.0013,19.0199,0.0172,0.0147,518.4778,0.0013,0.0011,5.1848,e93a2b3,,18992fa,2026-09-04T19:21:08+00:00
42294,19.5698,0.0082,0.0006,0.0082,0.0032,-0.005,39.4974,0.0002,-0.0004,0.395,0.0214,0.0132,781.3118,0.0017,0.001,7.8131,0.002,-0.0062,33.8634,0.0002,-0.0005,0.3386,0.0025,-0.0056,36.0277,0.0002,-0.0004,0.3603,0.0026,-0.0056,34.8724,0.0002,-0.0004,0.3487,0.0011,-0.0071,17.5981,0.0001,-0.0006,0.176,0.0207,0.0126,235.7036,0.0016,0.001,2.357,0.0083,0.0002,121.4418,0.0007,0.0,1.2144,0.0254,0.0173,319.666,0.002,0.0014,3.1967,0.0349,0.0267,1288.1161,0.0027,0.0021,12.8812,0.0441,0.0359,682.7808,0.0035,0.0028,6.8278,e93a2b3,,18992fa,2026-09-04T19:21:08+00:00
42295,15.1607,0.0002,0.0,0.0002,0.0001,-0.0002,13.9523,0.0,-0.0,0.1395,0.0156,0.0154,13254.7549,0.0012,0.0012,132.5476,0.0001,-0.0001,41.8058,0.0,-0.0,0.4181,0.0001,-0.0001,48.3312,0.0,-0.0,0.4833,0.0001,-0.0001,80.6734,0.0,-0.0,0.8067,0.0001,-0.0001,22.9471,0.0,-0.0,0.2295,0.0015,0.0013,1151.819,0.0001,0.0001,11.5182,0.0006,0.0003,270.54,0.0,0.0,2.7054,0.0002,-0.0,59.4233,0.0,-0.0,0.5942,0.0167,0.0165,14164.4863,0.0013,0.0013,141.6449,0.0018,0.0016,1276.1777,0.0001,0.0001,12.7618,e93a2b3,,18992fa,2026-09-04T19:21:08+00:00
42296,18.7728,0.0043,0.0003,0.0043,0.002,-0.0026,39.3551,0.0002,-0.0002,0.3936,0.0162,0.012,5385.5112,0.0013,0.001,53.8552,0.0091,0.0049,133.6779,0.0007,0.0004,1.3368,0.0036,-0.0006,52.2135,0.0003,-0.0001,0.5221,0.0009,-0.0033,42.8543,0.0001,-0.0003,0.4285,0.0011,-0.0032,22.329,0.0001,-0.0003,0.2233,0.0042,-0.0001,379.6648,0.0003,-0.0,3.7966,0.0115,0.0072,467.6324,0.0009,0.0006,4.6763,0.0027,-0.0016,48.5767,0.0002,-0.0001,0.4858,0.0423,0.038,8086.9819,0.0034,0.0031,80.8698,0.0242,0.0199,1676.6006,0.002,0.0016,16.766,e93a2b3,,18992fa,2026-09-04T19:21:08+00:00
42297,14.6993,0.0001,0.0,0.0001,0.0,-0.0001,0.2867,0.0,-0.0,0.0029,0.0108,0.0106,9368.4775,0.0009,0.0009,93.6848,0.0001,-0.0001,48.838,0.0,-0.0,0.4884,0.0,-0.0001,7.4373,0.0,-0.0,0.0744,0.0001,0.0,109.0223,0.0,0.0,1.0902,0.0,-0.0001,6.7044,0.0,-0.0,0.067,0.001,0.0009,840.1295,0.0001,0.0001,8.4013,0.0001,0.0,110.9357,0.0,0.0,1.1094,0.0,-0.0001,14.4179,0.0,-0.0,0.1442,0.0035,0.0034,3103.814,0.0003,0.0003,31.0381,0.0002,0.0,142.7529,0.0,0.0,1.4275,e93a2b3,,18992fa,2026-09-04T19:21:08+00:00
42298,16.7419,0.0017,0.0001,0.0017,0.0003,-0.0015,47.1748,0.0,-0.0001,0.4717,0.006,0.0043,4680.6797,0.0005,0.0004,46.8068,0.0042,0.0025,107.225,0.0004,0.0002,1.0723,0.0018,0.0001,85.5039,0.0002,0.0,0.855,0.0006,-0.0011,104.6411,0.0,-0.0001,1.0464,0.0002,-0.0016,4.4767,0.0,-0.0001,0.0448,0.0009,-0.0008,175.168,0.0001,-0.0001,1.7517,0.0034,0.0017,318.122,0.0003,0.0001,3.1812,0.0003,-0.0015,4.3727,0.0,-0.0001,0.0437,0.0087,0.007,2293.2837,0.0007,0.0006,22.9328,0.0058,0.0041,1952.2317,0.0005,0.0003,19.5223,e93a2b3,,18992fa,2026-09-04T19:21:08+00:00
42299,17.5709,0.0008,0.0001,0.0008,0.0007,-0.0001,95.9485,0.0001,-0.0,0.9595,0.0072,0.0063,3397.3271,0.0006,0.0005,33.9733,0.0008,-0.0001,14.2463,0.0001,-0.0,0.1425,0.0007,-0.0001,99.7549,0.0001,-0.0,0.9975,0.0007,-0.0002,79.5938,0.0001,-0.0,0.7959,0.0004,-0.0005,6.7794,0.0,-0.0,0.0678,0.0014,0.0005,352.568,0.0001,0.0,3.5257,0.0009,0.0001,191.6453,0.0001,0.0,1.9165,0.0006,-0.0003,39.2224,0.0,-0.0,0.3922,0.002,0.0012,464.0264,0.0002,0.0001,4.6403,0.0042,0.0034,783.1882,0.0003,0.0003,7.8319,e93a2b3,,18992fa,2026-09-04T19:21:08+00:00
42301,37.0454,0.1308,0.01,0.1308,0.3727,0.2419,292.9016,0.0286,0.0186,2.929,0.0992,-0.0316,77.7551,0.0076,-0.0024,0.7776,0.1307,-0.0001,100.2473,0.01,-0.0,1.0025,0.1629,0.0321,128.464,0.0125,0.0025,1.2846,0.0957,-0.0352,67.3297,0.0072,-0.0028,0.6733,0.1019,-0.029,78.593,0.0078,-0.0022,0.7859,0.0693,-0.0615,53.4357,0.0053,-0.0047,0.5344,0.1731,0.0423,136.3613,0.0133,0.0033,1.3636,0.1327,0.0019,98.6112,0.0101,0.0001,0.9861,0.0702,-0.0606,58.5587,0.0054,-0.0046,0.5856,0.1699,0.0391,134.5464,0.0131,0.0031,1.3455,e93a2b3,,18992fa,2026-09-04T19:21:08+00:00
42302,34.8922,0.126,0.01,0.126,0.3652,0.2392,296.4882,0.029,0.019,2.9649,0.1308,0.0049,103.9895,0.0104,0.0004,1.0399,0.1043,-0.0217,83.2057,0.0083,-0.0017,0.8321,0.1493,0.0233,119.9513,0.0119,0.0018,1.1995,0.0777,-0.0483,59.0629,0.0062,-0.0039,0.5906,0.1152,-0.0107,91.3657,0.0092,-0.0009,0.9137,0.0874,-0.0385,68.6389,0.0069,-0.0031,0.6864,0.1923,0.0664,154.1364,0.0153,0.0053,1.5414,0.094,-0.0319,73.2653,0.0075,-0.0026,0.7327,0.1308,0.0049,104.7514,0.0104,0.0004,1.0475,0.2167,0.0907,174.4641,0.0172,0.0072,1.7446,e93a2b3,,18992fa,2026-09-04T19:21:08+00:00
42303,33.7269,0.1142,0.0094,0.1142,0.3343,0.2201,296.1379,0.0274,0.0181,2.9614,0.1125,-0.0016,98.5604,0.0092,-0.0001,0.9856,0.0665,-0.0477,57.9248,0.0054,-0.0039,0.5792,0.1271,0.013,112.2104,0.0104,0.0011,1.1221,0.0364,-0.0778,31.7314,0.003,-0.0064,0.3173,0.1084,-0.0058,94.9183,0.0089,-0.0005,0.9492,0.0871,-0.0271,75.3641,0.0071,-0.0022,0.7536,0.1883,0.0741,166.7477,0.0155,0.0061,1.6675,0.071,-0.0432,61.0999,0.0058,-0.0035,0.611,0.1578,0.0437,138.8553,0.013,0.0036,1.3886,0.1871,0.0729,163.8961,0.0153,0.006,1.639,e93a2b3,,18992fa,2026-09-04T19:21:08+00:00
42304,30.6832,0.1183,0.0098,0.1183,0.2832,0.1649,248.9234,0.0235,0.0137,2.4892,0.0961,-0.0222,81.781,0.008,-0.0018,0.8178,0.059,-0.0593,48.9804,0.0049,-0.0049,0.4898,0.1136,-0.0047,97.224,0.0094,-0.0004,0.9722,0.0437,-0.0746,34.4605,0.0036,-0.0062,0.3446,0.1177,-0.0007,99.3996,0.0098,-0.0001,0.994,0.1479,0.0296,124.4218,0.0123,0.0025,1.2442,0.1739,0.0556,151.67,0.0144,0.0046,1.5167,0.0889,-0.0294,73.3723,0.0074,-0.0024,0.7337,0.1705,0.0522,147.9596,0.0141,0.0043,1.4796,0.1412,0.0229,121.0834,0.0117,0.0019,1.2108,e93a2b3,,18992fa,2026-09-04T19:21:08+00:00
42305,22.2724,0.0434,0.0037,0.0434,0.115,0.0716,361.5708,0.0099,0.0062,3.6157,0.0581,0.0146,196.3131,0.005,0.0013,1.9631,0.0416,-0.0018,357.8787,0.0037,-0.0001,3.5788,0.0514,0.0081,107.663,0.0044,0.0007,1.0766,0.014,-0.0294,334.2194,0.0012,-0.0025,3.3422,0.039,-0.0044,119.4033,0.0034,-0.0004,1.194,0.0467,0.0033,66.5444,0.004,0.0003,0.6654,0.0817,0.0383,159.5737,0.007,0.0033,1.5957,0.0338,-0.0097,126.2886,0.0029,-0.0008,1.2629,0.055,0.0116,89.9143,0.0047,0.001,0.8991,0.0393,-0.0041,312.3966,0.0034,-0.0004,3.124,e93a2b3,,18992fa,2026-09-04T19:21:08+00:00
42306,15.2767,0.0015,0.0001,0.0015,0.0006,-0.0011,58.4052,0.0001,-0.0001,0.5841,0.0043,0.0027,173.2147,0.0004,0.0002,1.7321,0.0205,0.0189,1245.0804,0.0018,0.0017,12.4508,0.0001,-0.0016,6.8152,0.0,-0.0001,0.0682,0.0063,0.0047,4810.6899,0.0006,0.0004,48.1069,0.0012,-0.0004,74.5449,0.0001,-0.0,0.7454,0.0003,-0.0014,11.5131,0.0,-0.0001,0.1151,0.0022,0.0007,142.1883,0.0002,0.0001,1.4219,0.0001,-0.0017,3.2645,0.0,-0.0002,0.0326,0.0034,0.0019,166.5986,0.0003,0.0002,1.666,0.0042,0.0027,2615.7773,0.0004,0.0002,26.1578,e93a2b3,,18992fa,2026-09-04T19:21:08+00:00
42307,12.193,0.0006,0.0001,0.0006,0.0001,-0.0005,25.9084,0.0,-0.0,0.2591,0.0007,0.0001,82.655,0.0001,0.0,0.8266,0.0048,0.0042,302.3127,0.0004,0.0004,3.0231,0.0003,-0.0003,89.7803,0.0,-0.0,0.8978,0.0051,0.0045,3638.2375,0.0005,0.0004,36.3824,0.0005,-0.0001,103.5084,0.0,-0.0,1.0351,0.0001,-0.0005,17.4332,0.0,-0.0,0.1743,0.0008,0.0002,249.4327,0.0001,0.0,2.4943,0.0,-0.0006,5.35,0.0,-0.0001,0.0535,0.0011,0.0005,470.913,0.0001,0.0,4.7091,0.0047,0.0041,2811.8398,0.0004,0.0004,28.1184,e93a2b3,,18992fa,2026-09-04T19:21:08+00:00
42308,15.8531,0.006,0.0006,0.006,0.0036,-0.0027,20.4849,0.0003,-0.0003,0.2048,0.0258,0.0198,362.8914,0.0024,0.0018,3.6289,0.0299,0.0238,522.9514,0.0027,0.0022,5.2295,0.0014,-0.0048,13.3233,0.0001,-0.0004,0.1332,0.0113,0.0053,3849.6233,0.001,0.0005,38.4962,0.0262,0.0201,356.2935,0.0024,0.0019,3.5629,0.0017,-0.0045,14.8995,0.0002,-0.0004,0.149,0.0113,0.0053,314.7169,0.001,0.0005,3.1472,0.0017,-0.0048,4.832,0.0002,-0.0004,0.0483,0.0044,-0.0016,203.8424,0.0004,-0.0002,2.0384,0.008,0.0019,1537.4235,0.0007,0.0002,15.3742,e93a2b3,,18992fa,2026-09-04T19:21:08+00:00
42309,17.949,0.0114,0.0011,0.0114,0.0019,-0.0095,13.3406,0.0002,-0.0009,0.1334,0.0723,0.0609,833.6237,0.0067,0.0056,8.3362,0.0411,0.0297,305.9445,0.0038,0.0028,3.0594,0.0085,-0.0029,182.4372,0.0008,-0.0003,1.8244,0.0258,0.0144,1376.3859,0.0024,0.0013,13.7639,0.0983,0.0869,1798.4137,0.0091,0.008,17.9841,0.0023,-0.0093,11.9536,0.0002,-0.0009,0.1195,0.0145,0.0031,110.234,0.0013,0.0003,1.1023,0.0006,-0.0108,2.517,0.0001,-0.001,0.0252,0.0107,-0.0006,135.1581,0.001,-0.0001,1.3516,0.0101,-0.0013,204.5822,0.0009,-0.0001,2.0458,e93a2b3,,18992fa,2026-09-04T19:21:08+00:00
42400,11.8518,0.0,0.0,0.0,,,,,,,,,,,,,,,,,,,,,,,,,,,,,,,,,,,,,,,,,,,,,,,,,,,,,,,,,,,,,0.0,0.0,100.0,0.0,0.0,1.0,e93a2b3,,18992fa,2026-09-04T19:21:08+00:00
42410,5.8823,0.0012,0.0001,0.0012,0.0011,-0.004,20.291,0.0001,-0.0004,0.2029,0.0202,0.0169,277.6651,0.0019,0.0016,2.7767,0.0086,0.0069,410.9983,0.0008,0.0006,4.11,0.0015,-0.0042,32.6647,0.0001,-0.0004,0.3266,0.003,0.0017,1288.4125,0.0003,0.0002,12.8841,0.0241,0.0207,424.2165,0.0023,0.0019,4.2422,0.0009,-0.005,5.6514,0.0001,-0.0005,0.0565,0.006,0.003,126.126,0.0006,0.0003,1.2613,0.0004,-0.0047,3.7076,0.0,-0.0004,0.0371,0.009,0.007,510.1736,0.0009,0.0007,5.1017,0.0009,-0.0005,134.8401,0.0001,-0.0,1.3484,e93a2b3,,18992fa,2026-09-04T19:21:08+00:00
42420,6.8628,0.0002,0.0,0.0002,0.0,-0.0005,0.3633,0.0,-0.0,0.0036,0.0,-0.0003,5.6977,0.0,-0.0,0.057,0.0021,0.0019,735.1091,0.0002,0.0002,7.3511,0.0,-0.0003,0.1544,0.0,-0.0,0.0015,0.0022,0.002,2990.6562,0.0002,0.0002,29.9065,0.0002,-0.0002,56.367,0.0,-0.0,0.5637,0.0,-0.0008,0.0699,0.0,-0.0001,0.0007,0.0001,-0.0002,24.2403,0.0,-0.0,0.2424,0.0,-0.0005,0.0648,0.0,-0.0,0.0006,0.0004,0.0002,131.3269,0.0,0.0,1.3133,0.0008,0.0005,501.9888,0.0001,0.0001,5.0199,e93a2b3,,18992fa,2026-09-04T19:21:08+00:00
42430,6.3249,0.0006,0.0001,0.0006,0.0006,-0.002,5.8215,0.0001,-0.0002,0.0582,0.0144,0.0121,253.7402,0.0014,0.0011,2.5374,0.0083,0.0069,201.4246,0.0008,0.0006,2.0142,0.0001,-0.0063,0.3213,0.0,-0.0006,0.0032,0.0021,0.0015,1505.6095,0.0002,0.0001,15.0561,0.0065,0.0048,107.7914,0.0006,0.0005,1.0779,0.0002,-0.0031,2.4407,0.0,-0.0003,0.0244,0.0026,0.0015,65.4281,0.0002,0.0001,0.6543,0.0003,-0.003,2.8462,0.0,-0.0003,0.0285,0.007,0.0063,915.2966,0.0007,0.0006,9.153,0.0003,-0.0003,147.6867,0.0,-0.0,1.4769,e93a2b3,,18992fa,2026-09-04T19:21:08+00:00
42440,14.3134,0.0172,0.0016,0.0172,0.0195,0.0005,92.3302,0.0018,0.0,0.9233,0.0565,0.0366,240.2785,0.0053,0.0034,2.4028,0.0628,0.0436,424.7835,0.0059,0.0041,4.2478,0.0046,-0.0182,7.5668,0.0004,-0.0017,0.0757,0.0112,-0.006,1369.9305,0.001,-0.0006,13.6993,0.0672,0.0494,542.209,0.0063,0.0046,5.4221,0.0045,-0.0156,7.9329,0.0004,-0.0015,0.0793,0.0391,0.0219,545.1049,0.0036,0.002,5.4511,0.0098,-0.01,17.188,0.0009,-0.0009,0.1719,0.0262,0.009,447.6913,0.0024,0.0008,4.4769,0.0057,-0.0115,147.1273,0.0005,-0.0011,1.4713,e93a2b3,,18992fa,2026-09-04T19:21:08+00:00
42450,5.3752,0.0001,0.0,0.0001,0.0,-0.0,6.1861,0.0,-0.0,0.0619,,,,,,,0.0,-0.0001,2.6974,0.0,-0.0,0.027,0.0,-0.0,0.8131,0.0,-0.0,0.0081,0.0008,0.0008,3525.166,0.0001,0.0001,35.2517,0.0,-0.0,30.4454,0.0,-0.0,0.3045,0.0,-0.0001,1.2673,0.0,-0.0,0.0127,0.0,-0.0,41.7146,0.0,-0.0,0.4171,0.0,-0.0001,1.1499,0.0,-0.0,0.0115,0.0001,0.0001,293.8376,0.0,0.0,2.9384,0.0,-0.0,155.5717,0.0,-0.0,1.5557,e93a2b3,,18992fa,2026-09-04T19:21:08+00:00
42460,8.2052,0.0001,0.0,0.0001,0.0,-0.0001,18.6194,0.0,-0.0,0.1862,0.0,-0.0001,1.9006,0.0,-0.0,0.019,0.0,-0.0001,29.242,0.0,-0.0,0.2924,0.0,-0.0001,0.9084,0.0,-0.0,0.0091,0.0021,0.002,4682.543,0.0002,0.0002,46.8254,0.0001,0.0,179.0695,0.0,0.0,1.7907,0.0,-0.0001,3.1563,0.0,-0.0,0.0316,0.0022,0.002,2392.5679,0.0002,0.0002,23.9257,0.0,-0.0001,7.2438,0.0,-0.0,0.0724,0.0002,0.0001,337.8402,0.0,0.0,3.3784,0.0002,0.0002,330.0587,0.0,0.0,3.3006,e93a2b3,,18992fa,2026-09-04T19:21:08+00:00
42470,5.1434,0.0001,0.0,0.0001,,,,,,,,,,,,,,,,,,,,,,,,,0.0002,0.0001,2305.5977,0.0,0.0,23.056,,,,,,,,,,,,,,,,,,,,,,,,,0.0,-0.0,28.8462,0.0,-0.0,0.2885,0.0,-0.0001,26.6136,0.0,-0.0,0.2661,e93a2b3,,18992fa,2026-09-04T19:21:08+00:00
42481,6.7027,0.0,0.0,0.0,0.0,-0.0,104.5435,0.0,-0.0,1.0454,0.0,-0.0001,0.5789,0.0,-0.0,0.0058,0.0,-0.0001,10.3883,0.0,-0.0,0.1039,0.0,-0.0001,0.1621,0.0,-0.0,0.0016,0.0018,0.0018,15413.5967,0.0002,0.0002,154.136,0.0,-0.0,37.7558,0.0,-0.0,0.3776,0.0,-0.0001,1.4027,0.0,-0.0,0.014,0.0002,0.0002,456.0811,0.0,0.0,4.5608,,,,,,,0.0,-0.0,36.7776,0.0,-0.0,0.3678,0.0,0.0,121.8411,0.0,0.0,1.2184,e93a2b3,,18992fa,2026-09-04T19:21:08+00:00
42482,8.0721,0.0001,0.0,0.0001,0.0,-0.0,1.8171,0.0,-0.0,0.0182,0.0,-0.0001,1.8123,0.0,-0.0,0.0181,0.0,-0.0,1.2177,0.0,-0.0,0.0122,,,,,,,0.0003,0.0002,664.0854,0.0,0.0,6.6409,0.0,-0.0001,7.7993,0.0,-0.0,0.078,0.0,-0.0,1.6363,0.0,-0.0,0.0164,0.0002,0.0001,250.7124,0.0,0.0,2.5071,,,,,,,0.0,-0.0001,6.789,0.0,-0.0,0.0679,0.0002,0.0,194.6581,0.0,0.0,1.9466,e93a2b3,,18992fa,2026-09-04T19:21:08+00:00
42483,6.9465,0.0,0.0,0.0,,,,,,,,,,,,,,,,,,,,,,,,,0.0032,0.0032,18400.998,0.0003,0.0003,184.0099,0.0,-0.0,26.6174,0.0,-0.0,0.2662,,,,,,,0.0,0.0,142.881,0.0,0.0,1.4288,,,,,,,0.0,-0.0,3.1261,0.0,-0.0,0.0313,0.0,0.0,108.7509,0.0,0.0,1.0875,e93a2b3,,18992fa,2026-09-04T19:21:08+00:00
42484,8.9957,0.0001,0.0,0.0001,0.0001,-0.0,64.8398,0.0,-0.0,0.6484,0.0001,-0.0002,19.5525,0.0,-0.0,0.1955,0.0001,-0.0,37.7518,0.0,-0.0,0.3775,0.0003,0.0002,367.601,0.0,0.0,3.676,0.0007,0.0006,1036.1163,0.0001,0.0001,10.3612,0.0,-0.0001,50.4337,0.0,-0.0,0.5043,0.0001,-0.0002,15.343,0.0,-0.0,0.1534,0.0003,0.0002,163.2807,0.0,0.0,1.6328,0.0,-0.0006,0.9647,0.0,-0.0001,0.0096,0.0001,-0.0,51.9482,0.0,-0.0,0.5195,0.0006,0.0005,658.049,0.0001,0.0,6.5805,e93a2b3,,18992fa,2026-09-04T19:21:08+00:00
42485,7.493,0.0,0.0,0.0,0.0,-0.0,10.9329,0.0,-0.0,0.1093,,,,,,,,,,,,,,,,,,,0.0042,0.0041,26450.5723,0.0004,0.0004,264.5057,0.0,-0.0,20.808,0.0,-0.0,0.2081,,,,,,,0.0,0.0,107.1691,0.0,0.0,1.0717,,,,,,,0.0,-0.0001,1.224,0.0,-0.0,0.0122,0.0,-0.0,118.6129,0.0,-0.0,1.1861,e93a2b3,,18992fa,2026-09-04T19:21:08+00:00
42486,8.3243,0.0,0.0,0.0,0.0002,0.0001,378.5027,0.0,0.0,3.785,,,,,,,0.0,-0.0001,5.62,0.0,-0.0,0.0562,,,,,,,0.0029,0.0028,34319.9727,0.0003,0.0003,343.1998,0.0,-0.0,58.2327,0.0,-0.0,0.5823,,,,,,,0.0,-0.0,31.0363,0.0,-0.0,0.3104,,,,,,,0.0001,0.0,113.09,0.0,0.0,1.1309,0.0,-0.0,158.7429,0.0,-0.0,1.5874,e93a2b3,,18992fa,2026-09-04T19:21:08+00:00
42488,13.6191,0.0003,0.0,0.0003,0.0006,0.0003,421.0254,0.0001,0.0,4.2103,0.0002,-0.0002,32.4383,0.0,-0.0,0.3244,0.0003,-0.0001,59.7861,0.0,-0.0,0.5979,0.0002,-0.0001,126.7065,0.0,-0.0,1.2671,0.0024,0.0021,1819.0721,0.0002,0.0002,18.1907,0.0003,0.0,90.0042,0.0,0.0,0.9,0.0001,-0.0003,19.2913,0.0,-0.0,0.1929,0.0012,0.001,289.3956,0.0001,0.0001,2.894,0.0,-0.0008,0.1322,0.0,-0.0001,0.0013,0.0001,-0.0002,50.915,0.0,-0.0,0.5092,0.0012,0.0009,411.224,0.0001,0.0001,4.1122,e93a2b3,,18992fa,2026-09-04T19:21:08+00:00
42489,9.878,0.0002,0.0,0.0002,0.0009,0.0008,1668.7842,0.0001,0.0001,16.6878,0.0,-0.0003,4.822,0.0,-0.0,0.0482,0.0002,0.0,73.7261,0.0,0.0,0.7373,0.0,-0.0007,0.298,0.0,-0.0001,0.003,0.002,0.0018,3206.4851,0.0002,0.0002,32.0648,0.0002,0.0001,93.6633,0.0,0.0,0.9366,0.0001,-0.0004,8.5667,0.0,-0.0,0.0857,0.0008,0.0007,239.3805,0.0001,0.0001,2.3938,0.0,-0.0007,0.404,0.0,-0.0001,0.004,0.0001,-0.0001,137.3883,0.0,-0.0,1.3739,0.0002,0.0001,89.5578,0.0,0.0,0.8956,e93a2b3,,18992fa,2026-09-04T19:21:08+00:00
42490,5.9935,0.0,0.0,0.0,0.0003,0.0003,2778.0342,0.0,0.0,27.7803,0.0,-0.0,2.6035,0.0,-0.0,0.026,0.0,-0.0,56.0855,0.0,-0.0,0.5609,,,,,,,0.0009,0.0009,10699.415,0.0001,0.0001,106.9941,0.0,-0.0,74.5844,0.0,-0.0,0.7458,,,,,,,0.0,-0.0,113.8012,0.0,-0.0,1.138,0.0,-0.0,0.2947,0.0,-0.0,0.0029,0.0,-0.0,129.6864,0.0,-0.0,1.2969,0.0,-0.0,46.3717,0.0,-0.0,0.4637,e93a2b3,,18992fa,2026-09-04T19:21:08+00:00
43100,12.0725,0.0005,0.0,0.0005,0.0018,0.0013,463.392,0.0002,0.0001,4.6339,0.0,-0.0004,8.8816,0.0,-0.0,0.0888,0.0005,0.0001,112.6239,0.0,0.0,1.1262,,,,,,,0.0009,0.0004,200.5678,0.0001,0.0,2.0057,0.0013,0.0008,320.678,0.0001,0.0001,3.2068,0.0001,-0.0003,24.5415,0.0,-0.0,0.2454,0.0031,0.0026,662.8755,0.0003,0.0002,6.6288,0.0,-0.0004,0.1331,0.0,-0.0,0.0013,0.0,-0.0005,1.3359,0.0,-0.0,0.0134,0.0004,-0.0001,89.2159,0.0,-0.0,0.8922,e93a2b3,,18992fa,2026-09-04T19:21:08+00:00
43110,4.2702,0.0,0.0,0.0,,,,,,,,,,,,,0.0,-0.0,94.9988,0.0,-0.0,0.95,,,,,,,0.0,0.0,2415.5718,0.0,0.0,24.1557,0.0,-0.0,53.7275,0.0,-0.0,0.5373,,,,,,,0.0,-0.0,24.9712,0.0,-0.0,0.2497,,,,,,,,,,,,,0.0,-0.0,70.3161,0.0,-0.0,0.7032,e93a2b3,,18992fa,2026-09-04T19:21:08+00:00
43120,8.8364,0.0005,0.0,0.0005,0.0012,0.0006,413.2671,0.0001,0.0001,4.1327,0.0001,-0.0006,7.4517,0.0,-0.0001,0.0745,0.0006,0.0001,123.72,0.0001,0.0,1.2372,0.0,-0.0012,0.1209,0.0,-0.0001,0.0012,0.0013,0.0008,1152.2083,0.0001,0.0001,11.5221,0.0007,0.0002,127.9384,0.0001,0.0,1.2794,0.0002,-0.0006,16.3882,0.0,-0.0001,0.1639,0.0025,0.0019,385.4136,0.0002,0.0002,3.8541,0.0,-0.0007,0.7145,0.0,-0.0001,0.0071,0.0001,-0.0005,18.4209,0.0,-0.0,0.1842,0.0007,0.0002,112.5315,0.0001,0.0,1.1253,e93a2b3,,18992fa,2026-09-04T19:21:08+00:00
43130,3.3899,0.0,0.0,0.0,,,,,,,,,,,,,0.0,-0.0,6.1595,0.0,-0.0,0.0616,,,,,,,0.0,0.0,158.016,0.0,0.0,1.5802,,,,,,,,,,,,,,,,,,,,,,,,,,,,,,,0.0,0.0,109.6419,0.0,0.0,1.0964,e93a2b3,,18992fa,2026-09-04T19:21:08+00:00
43140,3.5566,0.0,0.0,0.0,0.0001,0.0,886.3405,0.0,0.0,8.8634,,,,,,,0.0,-0.0,62.9376,0.0,-0.0,0.6294,,,,,,,0.0001,0.0001,910.0272,0.0,0.0,9.1003,0.0,0.0,104.7355,0.0,0.0,1.0474,,,,,,,0.0,-0.0,36.2129,0.0,-0.0,0.3621,0.0,-0.0,0.825,0.0,-0.0,0.0082,,,,,,,0.0,-0.0,73.5075,0.0,-0.0,0.7351,e93a2b3,,18992fa,2026-09-04T19:21:08+00:00
43160,11.7296,0.0005,0.0,0.0005,0.0021,0.0016,456.2817,0.0002,0.0001,4.5628,0.0,-0.0006,0.1903,0.0,-0.0001,0.0019,0.0018,0.0012,273.8458,0.0002,0.0001,2.7385,,,,,,,0.0003,-0.0003,55.1315,0.0,-0.0,0.5513,0.0018,0.0013,377.3128,0.0002,0.0001,3.7731,0.0002,-0.0003,31.8761,0.0,-0.0,0.3188,0.0011,0.0005,189.5748,0.0001,0.0001,1.8957,0.0,-0.0005,0.3032,0.0,-0.0,0.003,0.0,-0.0006,0.1552,0.0,-0.0001,0.0016,0.0007,0.0002,142.7543,0.0001,0.0,1.4275,e93a2b3,,18992fa,2026-09-04T19:21:08+00:00
43162,7.7568,0.0003,0.0,0.0003,0.0011,0.0009,1239.2264,0.0001,0.0001,12.3923,0.0001,-0.0003,26.2583,0.0,-0.0,0.2626,0.0007,0.0005,370.0821,0.0001,0.0,3.7008,0.0,-0.0013,0.1112,0.0,-0.0001,0.0011,0.0006,0.0003,372.7062,0.0001,0.0,3.7271,0.0011,0.0008,1298.1548,0.0001,0.0001,12.9816,0.0002,-0.0001,119.1187,0.0,-0.0,1.1912,0.0019,0.0016,422.9296,0.0002,0.0001,4.2293,0.0,-0.0003,6.3039,0.0,-0.0,0.063,0.0,-0.0003,3.4644,0.0,-0.0,0.0346,0.0002,-0.0,71.6258,0.0,-0.0,0.7163,e93a2b3,,18992fa,2026-09-04T19:21:08+00:00
43164,4.9206,0.0001,0.0,0.0001,0.0011,0.001,1751.6776,0.0001,0.0001,17.5168,0.0,-0.0002,17.8689,0.0,-0.0,0.1787,0.0005,0.0004,244.6487,0.0001,0.0,2.4465,0.0,-0.0007,0.161,0.0,-0.0001,0.0016,0.0002,0.0001,294.5293,0.0,0.0,2.9453,0.0008,0.0007,841.0762,0.0001,0.0001,8.4108,0.0003,0.0001,133.2808,0.0,0.0,1.3328,0.0002,0.0,63.2268,0.0,0.0,0.6323,0.0,-0.0002,1.1998,0.0,-0.0,0.012,0.0,-0.0002,2.0755,0.0,-0.0,0.0208,0.0001,-0.0001,60.5729,0.0,-0.0,0.6057,e93a2b3,,18992fa,2026-09-04T19:21:08+00:00
43166,4.8984,0.0001,0.0,0.0001,0.0011,0.001,1907.6604,0.0001,0.0001,19.0766,0.0,-0.0001,1.2918,0.0,-0.0,0.0129,0.0005,0.0004,312.5851,0.0,0.0,3.1259,0.0,-0.0004,0.0411,0.0,-0.0,0.0004,0.0001,0.0,97.9221,0.0,0.0,0.9792,0.0039,0.0038,11162.8721,0.0004,0.0004,111.6287,0.0004,0.0003,467.4158,0.0,0.0,4.6742,0.0,-0.0001,8.7633,0.0,-0.0,0.0876,0.0,-0.0002,2.0704,0.0,-0.0,0.0207,0.0,-0.0001,6.855,0.0,-0.0,0.0686,0.0,-0.0,68.685,0.0,-0.0,0.6868,e93a2b3,,18992fa,2026-09-04T19:21:08+00:00
43168,4.5761,0.0001,0.0,0.0001,0.0001,0.0,103.3813,0.0,0.0,1.0338,0.0,-0.0002,0.054,0.0,-0.0,0.0005,0.0,-0.0,72.7233,0.0,-0.0,0.7272,,,,,,,,,,,,,0.0004,0.0003,1383.8685,0.0,0.0,13.8387,,,,,,,,,,,,,,,,,,,,,,,,,0.0,-0.0001,66.6585,0.0,-0.0,0.6666,e93a2b3,,18992fa,2026-09-04T19:21:08+00:00
43169,7.1779,0.0001,0.0,0.0001,0.0003,0.0002,340.4741,0.0,0.0,3.4047,0.0,-0.0001,1.2209,0.0,-0.0,0.0122,0.0,-0.0001,39.5985,0.0,-0.0,0.396,,,,,,,,,,,,,0.002,0.0019,2280.6257,0.0002,0.0002,22.8063,0.0001,-0.0,69.0056,0.0,-0.0,0.6901,0.0,-0.0002,0.3076,0.0,-0.0,0.0031,0.0,-0.0001,0.2857,0.0,-0.0,0.0029,0.0,-0.0001,0.538,0.0,-0.0,0.0054,0.0001,-0.0,123.2107,0.0,-0.0,1.2321,e93a2b3,,18992fa,2026-09-04T19:21:08+00:00
43201,14.7123,0.0006,0.0001,0.0006,0.0008,-0.0002,97.9132,0.0001,-0.0,0.9791,0.0014,0.0005,16.0884,0.0001,0.0001,0.1609,0.0008,0.0001,63.2134,0.0001,0.0,0.6321,0.0001,-0.0018,3.1169,0.0,-0.0002,0.0312,0.0127,0.0086,150.037,0.0012,0.0008,1.5004,0.0023,0.0017,687.5424,0.0002,0.0002,6.8754,0.0028,0.0021,1650.0543,0.0003,0.0002,16.5005,0.0007,-0.0002,28.8358,0.0001,-0.0,0.2884,0.0004,-0.0002,355.7958,0.0,-0.0,3.558,0.0006,-0.0004,80.4578,0.0001,-0.0,0.8046,0.0013,0.0007,392.0135,0.0001,0.0001,3.9201,e93a2b3,,18992fa,2026-09-04T19:21:08+00:00
43202,16.5933,0.0028,0.0003,0.0028,0.0061,0.0002,41.0945,0.0006,0.0,0.4109,0.0098,0.0056,71.1571,0.001,0.0006,0.7116,0.0032,0.0002,104.437,0.0003,0.0,1.0444,0.0032,-0.0031,14.5267,0.0003,-0.0003,0.1453,0.012,0.0042,72.755,0.0012,0.0004,0.7275,0.0068,0.004,457.6647,0.0007,0.0004,4.5766,0.0058,0.0026,781.3622,0.0006,0.0003,7.8136,0.0041,-0.0002,115.9683,0.0004,-0.0,1.1597,0.0014,-0.0014,223.1411,0.0001,-0.0001,2.2314,0.0049,-0.0004,58.9525,0.0005,-0.0,0.5895,0.01,0.0072,337.5746,0.001,0.0007,3.3757,e93a2b3,,18992fa,2026-09-04T19:21:08+00:00
43203,9.4837,0.0001,0.0,0.0001,0.0001,-0.0003,11.9873,0.0,-0.0,0.1199,0.0,-0.0001,5.8473,0.0,-0.0,0.0585,0.0001,-0.0,19.2722,0.0,-0.0,0.1927,0.0,-0.0004,1.5789,0.0,-0.0,0.0158,0.0,-0.0005,1.9915,0.0,-0.0,0.0199,0.0003,0.0002,251.4824,0.0,0.0,2.5148,0.0014,0.0013,1617.9373,0.0001,0.0001,16.1794,0.0002,-0.0,38.5046,0.0,-0.0,0.385,0.0001,0.0,126.0638,0.0,0.0,1.2606,0.0001,-0.0002,28.1721,0.0,-0.0,0.2817,0.0001,0.0,122.2282,0.0,0.0,1.2223,e93a2b3,,18992fa,2026-09-04T19:21:08+00:00
43204,8.2263,0.0,0.0,0.0,0.0,-0.0,9.0511,0.0,-0.0,0.0905,0.0,-0.0,3.6663,0.0,-0.0,0.0367,0.0,-0.0,22.7773,0.0,-0.0,0.2278,,,,,,,0.0,-0.0,41.933,0.0,-0.0,0.4193,0.0001,0.0,1115.4094,0.0,0.0,11.1541,0.0019,0.0018,18229.7695,0.0002,0.0002,182.2977,0.0,-0.0,14.1902,0.0,-0.0,0.1419,0.0001,0.0,657.7258,0.0,0.0,6.5773,0.0,-0.0,28.7454,0.0,-0.0,0.2875,0.0001,0.0,493.3111,0.0,0.0,4.9331,e93a2b3,,18992fa,2026-09-04T19:21:08+00:00
43205,10.5507,0.0,0.0,0.0,0.0,-0.0,5.0981,0.0,-0.0,0.051,0.0,-0.0,3.5724,0.0,-0.0,0.0357,0.0,-0.0,52.1149,0.0,-0.0,0.5211,,,,,,,0.0,-0.0,12.2198,0.0,-0.0,0.1222,0.0002,0.0002,2846.5522,0.0,0.0,28.4655,0.0001,0.0001,1357.9075,0.0,0.0,13.5791,0.0,-0.0,2.7032,0.0,-0.0,0.027,0.0,0.0,100.6936,0.0,0.0,1.0069,,,,,,,0.0,0.0,137.8706,0.0,0.0,1.3787,e93a2b3,,18992fa,2026-09-04T19:21:08+00:00
43206,9.0856,0.0,0.0,0.0,0.0,-0.0,45.6157,0.0,-0.0,0.4562,0.0,-0.0,13.9832,0.0,-0.0,0.1398,0.0,-0.0,95.359,0.0,-0.0,0.9536,,,,,,,0.0,0.0,126.8219,0.0,0.0,1.2682,0.0002,0.0002,3995.4749,0.0,0.0,39.9547,0.0004,0.0004,17895.4238,0.0,0.0,178.9542,,,,,,,0.0,-0.0,79.0265,0.0,-0.0,0.7903,,,,,,,0.0,-0.0,72.2088,0.0,-0.0,0.7221,e93a2b3,,18992fa,2026-09-04T19:21:08+00:00
43208,7.5971,0.0,0.0,0.0,0.0,-0.0,39.7086,0.0,-0.0,0.3971,0.0,-0.0,1.4227,0.0,-0.0,0.0142,0.0,-0.0,72.4568,0.0,-0.0,0.7246,,,,,,,0.0,-0.0,15.7645,0.0,-0.0,0.1576,0.0001,0.0001,518.4196,0.0,0.0,5.1842,0.0052,0.0052,149560.5469,0.0005,0.0005,1495.6052,0.0,-0.0,21.8884,0.0,-0.0,0.2189,0.0,0.0,189.4486,0.0,0.0,1.8945,0.0,-0.0,0.6981,0.0,-0.0,0.007,0.0,0.0,112.452,0.0,0.0,1.1245,e93a2b3,,18992fa,2026-09-04T19:21:08+00:00
43209,7.7754,0.0,0.0,0.0,0.0,0.0,175.653,0.0,0.0,1.7565,0.0,-0.0,2.2876,0.0,-0.0,0.0229,0.0001,0.0001,705.4186,0.0,0.0,7.0542,,,,,,,0.0,-0.0,2.6808,0.0,-0.0,0.0268,0.0,-0.0,68.9182,0.0,-0.0,0.6892,0.0043,0.0043,71072.9219,0.0004,0.0004,710.7294,0.0,-0.0,3.1955,0.0,-0.0,0.032,0.0,-0.0,24.1624,0.0,-0.0,0.2416,,,,,,,0.0,0.0,150.5551,0.0,0.0,1.5056,e93a2b3,,18992fa,2026-09-04T19:21:08+00:00
43210,5.5072,0.0001,0.0,0.0001,0.0003,0.0003,364.5669,0.0,0.0,3.6457,0.0,-0.0001,1.7129,0.0,-0.0,0.0171,0.0001,0.0,98.6541,0.0,0.0,0.9865,,,,,,,0.0,-0.0002,0.0419,0.0,-0.0,0.0004,0.0004,0.0004,540.1261,0.0,0.0,5.4013,0.0,-0.0001,21.239,0.0,-0.0,0.2124,0.0,-0.0001,22.5846,0.0,-0.0,0.2258,0.0,-0.0002,0.1642,0.0,-0.0,0.0016,0.0,-0.0001,0.4719,0.0,-0.0,0.0047,0.0001,-0.0,168.4141,0.0,-0.0,1.6841,e93a2b3,,18992fa,2026-09-04T19:21:08+00:00
43223,4.3085,0.0,0.0,0.0,,,,,,,0.0,-0.0001,0.2557,0.0,-0.0,0.0026,,,,,,,,,,,,,,,,,,,0.0,0.0,158.7945,0.0,0.0,1.5879,,,,,,,,,,,,,,,,,,,,,,,,,0.0,-0.0,54.8624,0.0,-0.0,0.5486,e93a2b3,,18992fa,2026-09-04T19:21:08+00:00
43226,7.5408,0.0001,0.0,0.0001,0.0,-0.0,0.3006,0.0,-0.0,0.003,0.0,-0.0002,9.5012,0.0,-0.0,0.095,0.0001,0.0,290.7593,0.0,0.0,2.9076,,,,,,,0.0,-0.0,9.4974,0.0,-0.0,0.095,0.0016,0.0015,13078.1885,0.0002,0.0001,130.7819,0.0014,0.0012,13217.999,0.0001,0.0001,132.18,0.0,-0.0,21.6847,0.0,-0.0,0.2168,0.0,-0.0,65.3858,0.0,-0.0,0.6539,0.0,-0.0,6.2892,0.0,-0.0,0.0629,0.0,-0.0001,133.295,0.0,-0.0,1.3329,e93a2b3,,18992fa,2026-09-04T19:21:08+00:00
43227,7.5353,0.0001,0.0,0.0001,0.0,-0.0001,0.1858,0.0,-0.0,0.0019,0.0,-0.0001,13.0352,0.0,-0.0,0.1304,0.0,-0.0,104.0089,0.0,-0.0,1.0401,,,,,,,0.0,-0.0,15.1845,0.0,-0.0,0.1518,0.0005,0.0004,3453.7451,0.0,0.0,34.5375,0.0012,0.0011,8230.2842,0.0001,0.0001,82.3029,0.0001,0.0,75.0928,0.0,0.0,0.7509,0.0,-0.0001,34.2683,0.0,-0.0,0.3427,0.0,-0.0001,3.1543,0.0,-0.0,0.0315,0.0002,0.0001,1920.0177,0.0,0.0,19.2002,e93a2b3,,18992fa,2026-09-04T19:21:08+00:00
43228,14.3958,0.0001,0.0,0.0001,0.0,-0.0002,0.7171,0.0,-0.0,0.0072,0.0001,-0.0001,23.7676,0.0,-0.0,0.2377,0.0001,0.0,85.368,0.0,0.0,0.8537,0.0001,-0.0001,36.4802,0.0,-0.0,0.3648,0.0001,-0.0,41.5301,0.0,-0.0,0.4153,0.0026,0.0025,4226.6479,0.0003,0.0003,42.2665,0.0062,0.0061,8952.4062,0.0006,0.0006,89.5241,0.0015,0.0014,952.9144,0.0002,0.0001,9.5291,0.0001,-0.0,128.5006,0.0,-0.0,1.285,0.0,-0.0001,17.1063,0.0,-0.0,0.1711,0.0003,0.0001,220.8629,0.0,0.0,2.2086,e93a2b3,,18992fa,2026-09-04T19:21:08+00:00
43229,11.0269,0.0001,0.0,0.0001,,,,,,,0.0,-0.0,2.9367,0.0,-0.0,0.0294,0.0001,0.0,183.1159,0.0,0.0,1.8312,,,,,,,0.0,-0.0,5.8977,0.0,-0.0,0.059,0.0025,0.0025,7373.5273,0.0003,0.0002,73.7353,0.0027,0.0027,8548.0732,0.0003,0.0003,85.4807,0.0,-0.0,18.4433,0.0,-0.0,0.1844,0.0,-0.0,76.7593,0.0,-0.0,0.7676,0.0,-0.0,3.4326,0.0,-0.0,0.0343,0.0,-0.0,130.3192,0.0,-0.0,1.3032,e93a2b3,,18992fa,2026-09-04T19:21:08+00:00
43240,7.1159,0.0001,0.0,0.0001,0.0006,0.0005,1229.1757,0.0001,0.0001,12.2918,0.0,-0.0001,5.401,0.0,-0.0,0.054,0.0003,0.0002,302.1429,0.0,0.0,3.0214,,,,,,,0.0,-0.0001,32.2594,0.0,-0.0,0.3226,0.0038,0.0037,7871.9424,0.0004,0.0004,78.7195,0.0003,0.0002,455.8789,0.0,0.0,4.5588,0.0,-0.0001,4.4449,0.0,-0.0,0.0444,0.0,-0.0001,0.9767,0.0,-0.0,0.0098,0.0,-0.0001,8.1331,0.0,-0.0,0.0813,0.0001,-0.0,182.863,0.0,-0.0,1.8286,e93a2b3,,18992fa,2026-09-04T19:21:08+00:00
43260,6.6997,0.0,0.0,0.0,0.0,-0.0,30.5586,0.0,-0.0,0.3056,0.0,-0.0,6.404,0.0,-0.0,0.064,0.0,-0.0,131.9027,0.0,-0.0,1.319,,,,,,,0.0,-0.0,26.6987,0.0,-0.0,0.267,0.0002,0.0001,3261.4097,0.0,0.0,32.6141,0.0004,0.0004,10068.4053,0.0,0.0,100.684,0.0,-0.0,5.7786,0.0,-0.0,0.0578,0.0,-0.0,14.541,0.0,-0.0,0.1454,,,,,,,0.0,0.0,321.8615,0.0,0.0,3.2186,e93a2b3,,18992fa,2026-09-04T19:21:08+00:00
43270,6.9193,0.0,0.0,0.0,0.0,-0.0,7.4665,0.0,-0.0,0.0747,,,,,,,0.0001,0.0,188.5681,0.0,0.0,1.8857,,,,,,,0.0,-0.0,18.6087,0.0,-0.0,0.1861,0.0,-0.0,56.5881,0.0,-0.0,0.5659,0.0011,0.0011,8664.7686,0.0001,0.0001,86.6477,0.0,-0.0001,0.2401,0.0,-0.0,0.0024,0.0,-0.0,81.5059,0.0,-0.0,0.8151,,,,,,,0.0,0.0,165.3651,0.0,0.0,1.6537,e93a2b3,,18992fa,2026-09-04T19:21:08+00:00
43271,7.453,0.0,0.0,0.0,0.0003,0.0003,923.6064,0.0,0.0,9.2361,0.0,-0.0001,11.2024,0.0,-0.0,0.112,0.0004,0.0003,579.9738,0.0,0.0,5.7997,0.0,-0.0001,0.0469,0.0,-0.0,0.0005,0.0,-0.0,53.2767,0.0,-0.0,0.5328,0.0007,0.0007,1354.8463,0.0001,0.0001,13.5485,0.0001,0.0001,159.6302,0.0,0.0,1.5963,0.0001,-0.0,49.4068,0.0,-0.0,0.4941,0.0,-0.0001,3.8871,0.0,-0.0,0.0389,0.0,-0.0001,6.2082,0.0,-0.0,0.0621,0.0,-0.0,145.7112,0.0,-0.0,1.4571,e93a2b3,,18992fa,2026-09-04T19:21:08+00:00
43272,10.3772,0.0003,0.0,0.0003,0.0026,0.0023,1999.8009,0.0002,0.0002,19.998,0.0,-0.0006,0.2989,0.0,-0.0001,0.003,0.002,0.0017,502.2844,0.0002,0.0002,5.0228,,,,,,,0.0001,-0.0003,27.6002,0.0,-0.0,0.276,0.0008,0.0005,322.4508,0.0001,0.0,3.2245,0.0012,0.0008,390.1228,0.0001,0.0001,3.9012,0.0007,0.0004,169.9515,0.0001,0.0,1.6995,0.0,-0.0004,1.1575,0.0,-0.0,0.0116,0.0,-0.0007,0.1188,0.0,-0.0001,0.0012,0.0002,-0.0001,83.381,0.0,-0.0,0.8338,e93a2b3,,18992fa,2026-09-04T19:21:08+00:00
43273,7.5074,0.0001,0.0,0.0001,0.0008,0.0007,1081.3298,0.0001,0.0001,10.8133,0.0,-0.0002,0.4973,0.0,-0.0,0.005,0.0003,0.0002,259.8472,0.0,0.0,2.5985,,,,,,,0.0,-0.0002,17.8257,0.0,-0.0,0.1783,0.0001,0.0,124.218,0.0,0.0,1.2422,0.0009,0.0008,402.2362,0.0001,0.0001,4.0224,0.0,-0.0001,14.5927,0.0,-0.0,0.1459,0.0,-0.0001,1.824,0.0,-0.0,0.0182,0.0,-0.0002,0.0697,0.0,-0.0,0.0007,0.0001,-0.0,209.9693,0.0,-0.0,2.0997,e93a2b3,,18992fa,2026-09-04T19:21:08+00:00
43274,8.9169,0.0001,0.0,0.0001,0.001,0.0009,1846.027,0.0001,0.0001,18.4603,0.0,-0.0001,1.7806,0.0,-0.0,0.0178,0.0012,0.0011,2661.2139,0.0001,0.0001,26.6121,,,,,,,0.0,-0.0001,14.5238,0.0,-0.0,0.1452,0.0001,0.0,127.1931,0.0,0.0,1.2719,0.0025,0.0024,7158.686,0.0002,0.0002,71.5869,0.0,-0.0001,11.1558,0.0,-0.0,0.1116,0.0,-0.0001,10.4166,0.0,-0.0,0.1042,0.0,-0.0002,0.4155,0.0,-0.0,0.0042,0.0002,0.0001,622.819,0.0,0.0,6.2282,e93a2b3,,18992fa,2026-09-04T19:21:08+00:00
43275,6.6923,0.0,0.0,0.0,0.0,-0.0,14.0753,0.0,-0.0,0.1408,0.0,-0.0,11.8324,0.0,-0.0,0.1183,0.0,-0.0,83.4907,0.0,-0.0,0.8349,,,,,,,0.0,-0.0,8.4541,0.0,-0.0,0.0845,0.0002,0.0002,2766.5374,0.0,0.0,27.6654,0.0017,0.0016,18006.2832,0.0002,0.0002,180.0628,0.0,-0.0,7.0347,0.0,-0.0,0.0703,0.0,0.0,163.8566,0.0,0.0,1.6386,0.0,-0.0,21.039,0.0,-0.0,0.2104,0.0,0.0,279.2508,0.0,0.0,2.7925,e93a2b3,,18992fa,2026-09-04T19:21:08+00:00
43276,10.7437,0.0,0.0,0.0,0.0,-0.0,62.6122,0.0,-0.0,0.6261,0.0,-0.0,11.0143,0.0,-0.0,0.1101,0.0001,0.0,531.3884,0.0,0.0,5.3139,,,,,,,0.0,-0.0,9.4258,0.0,-0.0,0.0943,0.0046,0.0046,30571.5605,0.0005,0.0005,305.7156,0.004,0.004,27347.1699,0.0004,0.0004,273.4716,0.0,-0.0,7.7906,0.0,-0.0,0.0779,0.0,-0.0,147.9754,0.0,-0.0,1.4798,0.0,-0.0,5.6019,0.0,-0.0,0.056,0.0,-0.0,67.7319,0.0,-0.0,0.6773,e93a2b3,,18992fa,2026-09-04T19:21:08+00:00
43277,10.3198,0.0001,0.0,0.0001,0.0,-0.0002,5.4003,0.0,-0.0,0.054,0.0,-0.0001,2.2921,0.0,-0.0,0.0229,0.0001,-0.0,55.1844,0.0,-0.0,0.5518,0.0,-0.0003,0.8099,0.0,-0.0,0.0081,0.0,-0.0002,0.5718,0.0,-0.0,0.0057,0.0011,0.001,1883.2388,0.0001,0.0001,18.8324,0.0023,0.0022,3760.3462,0.0002,0.0002,37.6035,0.0,-0.0001,13.517,0.0,-0.0,0.1352,0.0001,-0.0,79.3985,0.0,-0.0,0.794,0.0,-0.0001,7.0025,0.0,-0.0,0.07,0.0001,0.0,140.5634,0.0,0.0,1.4056,e93a2b3,,18992fa,2026-09-04T19:21:08+00:00
43278,12.0818,0.0001,0.0,0.0001,0.0,-0.0,37.611,0.0,-0.0,0.3761,0.0,-0.0,8.9889,0.0,-0.0,0.0899,0.0,-0.0,122.0117,0.0,-0.0,1.2201,,,,,,,,,,,,,0.0026,0.0026,8500.29,0.0003,0.0003,85.0029,0.0048,0.0048,14970.7139,0.0005,0.0005,149.7071,0.0,-0.0,6.8163,0.0,-0.0,0.0682,0.0001,0.0,233.0304,0.0,0.0,2.3303,0.0,-0.0,1.5463,0.0,-0.0,0.0155,0.0,-0.0,53.5517,0.0,-0.0,0.5355,e93a2b3,,18992fa,2026-09-04T19:21:08+00:00
43279,13.8315,0.0006,0.0001,0.0006,0.0001,-0.0031,5.5062,0.0,-0.0003,0.0551,0.0006,-0.0004,10.3111,0.0001,-0.0,0.1031,0.0008,0.0003,96.2552,0.0001,0.0,0.9626,0.0002,-0.0017,7.5108,0.0,-0.0002,0.0751,0.0045,0.002,44.8722,0.0004,0.0002,0.4487,0.0017,0.0011,1872.3667,0.0002,0.0001,18.7237,0.0048,0.0042,7733.0034,0.0005,0.0004,77.33,0.0012,0.0002,77.4119,0.0001,0.0,0.7741,0.0003,-0.0003,102.4549,0.0,-0.0,1.0245,0.0004,-0.0004,21.2611,0.0,-0.0,0.2126,0.004,0.0035,214.8435,0.0004,0.0003,2.1484,e93a2b3,,18992fa,2026-09-04T19:21:08+00:00
43280,26.2153,0.0038,0.0004,0.0038,0.0029,-0.0017,35.9659,0.0003,-0.0002,0.3597,0.0049,0.001,75.0754,0.0005,0.0001,0.7508,0.0066,0.0028,174.4406,0.0006,0.0003,1.7444,0.001,-0.0029,34.311,0.0001,-0.0003,0.3431,0.0085,0.0045,130.594,0.0008,0.0004,1.3059,0.0132,0.0094,358.649,0.0013,0.0009,3.5865,0.0102,0.0065,1110.5055,0.001,0.0006,11.1051,0.0052,0.0014,228.9328,0.0005,0.0001,2.2893,0.0024,-0.0014,104.2219,0.0002,-0.0001,1.0422,0.0044,0.0006,165.6671,0.0004,0.0001,1.6567,0.0094,0.0056,217.4584,0.0009,0.0006,2.1746,e93a2b3,,18992fa,2026-09-04T19:21:08+00:00
43290,20.983,0.0025,0.0002,0.0025,0.0026,-0.0001,44.4532,0.0003,-0.0,0.4445,0.0052,0.0027,149.4643,0.0005,0.0003,1.4946,0.0035,0.001,74.0417,0.0003,0.0001,0.7404,0.0018,-0.0007,52.3052,0.0002,-0.0001,0.5231,0.0091,0.0067,174.7943,0.0009,0.0007,1.7479,0.0025,0.0,142.9719,0.0002,0.0,1.4297,0.0095,0.007,2306.5027,0.0009,0.0007,23.065,0.0041,0.0017,967.5222,0.0004,0.0002,9.6752,0.0023,-0.0001,333.0579,0.0002,-0.0,3.3306,0.0039,0.0014,711.0121,0.0004,0.0001,7.1101,0.0016,-0.0009,67.6486,0.0002,-0.0001,0.6765,e93a2b3,,18992fa,2026-09-04T19:21:08+00:00
43291,11.5457,0.0,0.0,0.0,,,,,,,0.0,-0.0,2.7503,0.0,-0.0,0.0275,0.0,-0.0,96.0301,0.0,-0.0,0.9603,0.0,-0.0,20.0721,0.0,-0.0,0.2007,0.0,-0.0,21.1715,0.0,-0.0,0.2117,0.0004,0.0004,1400.4359,0.0,0.0,14.0044,0.0034,0.0034,12206.6475,0.0003,0.0003,122.0665,0.0,-0.0,28.7317,0.0,-0.0,0.2873,0.0,0.0,143.597,0.0,0.0,1.436,0.0,-0.0,11.9526,0.0,-0.0,0.1195,0.0001,0.0,246.521,0.0,0.0,2.4652,e93a2b3,,18992fa,2026-09-04T19:21:08+00:00
43292,21.4784,0.0025,0.0003,0.0025,0.0001,-0.0031,1.61,0.0,-0.0003,0.0161,0.0018,-0.0009,55.9587,0.0002,-0.0001,0.5596,0.0014,-0.0011,74.54,0.0001,-0.0001,0.7454,0.0031,0.0002,95.4036,0.0003,0.0,0.954,0.0209,0.0181,980.9742,0.0021,0.0018,9.8097,0.0058,0.0033,1271.0685,0.0006,0.0003,12.7107,0.0132,0.0107,6237.7212,0.0013,0.0011,62.3772,0.0086,0.006,523.3638,0.0009,0.0006,5.2336,0.0016,-0.0009,117.5801,0.0002,-0.0001,1.1758,0.0016,-0.0009,49.8236,0.0002,-0.0001,0.4982,0.0095,0.0069,638.588,0.001,0.0007,6.3859,e93a2b3,,18992fa,2026-09-04T19:21:08+00:00
43293,10.9581,0.0,0.0,0.0,,,,,,,0.0,-0.0,2.1192,0.0,-0.0,0.0212,0.0,-0.0,58.4674,0.0,-0.0,0.5847,,,,,,,0.0,-0.0,18.724,0.0,-0.0,0.1872,0.0003,0.0003,1233.1676,0.0,0.0,12.3317,0.0036,0.0035,14309.8379,0.0004,0.0004,143.0984,0.0,-0.0,37.1395,0.0,-0.0,0.3714,0.0001,0.0,236.7249,0.0,0.0,2.3672,0.0,-0.0,2.7779,0.0,-0.0,0.0278,0.0001,0.0,178.2893,0.0,0.0,1.7829,e93a2b3,,18992fa,2026-09-04T19:21:08+00:00
43294,22.7571,0.0025,0.0003,0.0025,0.0024,-0.0004,39.5361,0.0002,-0.0,0.3954,0.0013,-0.0012,41.3679,0.0001,-0.0001,0.4137,0.0032,0.0007,88.0484,0.0003,0.0001,0.8805,0.0019,-0.0007,78.5739,0.0002,-0.0001,0.7857,0.0083,0.0058,274.3242,0.0008,0.0006,2.7432,0.006,0.0035,349.2053,0.0006,0.0004,3.4921,0.0138,0.0113,1677.6324,0.0014,0.0011,16.7763,0.0071,0.0046,357.3987,0.0007,0.0005,3.574,0.002,-0.0005,122.0323,0.0002,-0.0001,1.2203,0.0023,-0.0002,92.1124,0.0002,-0.0,0.9211,0.017,0.0145,1347.9792,0.0017,0.0015,13.4798,e93a2b3,,18992fa,2026-09-04T19:21:08+00:00
43295,20.4712,0.0036,0.0004,0.0036,0.0054,0.0001,33.7784,0.0005,0.0,0.3378,0.0043,0.0007,128.9637,0.0004,0.0001,1.2896,0.0046,0.0011,75.2304,0.0005,0.0001,0.7523,0.004,0.0004,97.7954,0.0004,0.0,0.978,0.0081,0.0046,161.9841,0.0008,0.0005,1.6198,0.0054,0.0019,226.1275,0.0005,0.0002,2.2613,0.0088,0.0053,1288.7847,0.0009,0.0005,12.8878,0.0038,0.0002,229.8056,0.0004,0.0,2.2981,0.0027,-0.0008,185.214,0.0003,-0.0001,1.8521,0.0052,0.0017,188.0012,0.0005,0.0002,1.88,0.0099,0.0063,420.8712,0.001,0.0006,4.2087,e93a2b3,,18992fa,2026-09-04T19:21:08+00:00
43296,41.6411,0.0486,0.0049,0.0486,0.0342,-0.0145,52.6332,0.0035,-0.0015,0.5263,0.0244,-0.0242,176.7596,0.0025,-0.0025,1.7676,0.0433,-0.0053,108.7278,0.0044,-0.0005,1.0873,0.0621,0.0135,175.4737,0.0063,0.0014,1.7547,0.0573,0.0087,117.0275,0.0058,0.0009,1.1703,0.0673,0.0186,147.9831,0.0068,0.0019,1.4798,0.023,-0.0257,140.5036,0.0023,-0.0026,1.405,0.0282,-0.0204,92.6023,0.0029,-0.0021,0.926,0.0705,0.0218,133.9384,0.0071,0.0022,1.3394,0.059,0.0104,123.1799,0.006,0.001,1.2318,0.0535,0.0049,91.8743,0.0054,0.0005,0.9187,e93a2b3,,18992fa,2026-09-04T19:21:08+00:00
43297,28.5542,0.0151,0.0015,0.0151,0.0061,-0.0092,6.5506,0.0006,-0.0009,0.0655,0.0115,-0.0036,164.4877,0.0012,-0.0004,1.6449,0.0118,-0.0033,29.5188,0.0012,-0.0003,0.2952,0.0111,-0.004,158.177,0.0011,-0.0004,1.5818,0.0175,0.0023,70.9969,0.0018,0.0002,0.71,0.0174,0.0023,150.8553,0.0018,0.0002,1.5086,0.0214,0.0062,284.281,0.0022,0.0006,2.8428,0.0303,0.0152,290.6016,0.0031,0.0015,2.906,0.0155,0.0004,83.3725,0.0016,0.0,0.8337,0.0156,0.0004,97.4764,0.0016,0.0,0.9748,0.028,0.0129,162.0867,0.0029,0.0013,1.6209,e93a2b3,,18992fa,2026-09-04T19:21:08+00:00
43298,25.5254,0.0074,0.0008,0.0074,0.0045,-0.0029,35.9291,0.0005,-0.0003,0.3593,0.006,-0.0014,92.5961,0.0006,-0.0001,0.926,0.0027,-0.0047,26.3173,0.0003,-0.0005,0.2632,0.0228,0.0153,236.631,0.0024,0.0016,2.3663,0.0059,-0.0015,82.5816,0.0006,-0.0002,0.8258,0.0192,0.0118,228.5227,0.002,0.0012,2.2852,0.0189,0.0115,242.1801,0.002,0.0012,2.4218,0.03,0.0226,472.3095,0.0031,0.0023,4.7231,0.0065,-0.001,81.7523,0.0007,-0.0001,0.8175,0.0028,-0.0046,44.5724,0.0003,-0.0005,0.4457,0.0573,0.0499,674.3707,0.0059,0.0052,6.7437,e93a2b3,,18992fa,2026-09-04T19:21:08+00:00
43299,38.6371,0.0355,0.0036,0.0355,0.0254,-0.0101,68.9937,0.0026,-0.001,0.6899,0.0282,-0.0072,109.1638,0.0029,-0.0007,1.0916,0.0641,0.0286,211.4242,0.0066,0.0029,2.1142,0.0698,0.0343,308.0413,0.0072,0.0035,3.0804,0.0649,0.0294,216.1252,0.0066,0.003,2.1613,0.0597,0.0242,188.0014,0.0061,0.0025,1.88,0.0343,-0.0012,125.2757,0.0035,-0.0001,1.2528,0.0392,0.0037,127.8015,0.004,0.0004,1.278,0.0282,-0.0073,80.5626,0.0029,-0.0008,0.8056,0.0247,-0.0107,71.7314,0.0025,-0.0011,0.7173,0.0517,0.0163,232.7275,0.0053,0.0017,2.3273,e93a2b3,,18992fa,2026-09-04T19:21:08+00:00
43305,3.2078,0.0,0.0,0.0,,,,,,,,,,,,,,,,,,,,,,,,,0.0,0.0,127.0456,0.0,0.0,1.2705,,,,,,,,,,,,,,,,,,,,,,,,,,,,,,,0.0,-0.0,77.2474,0.0,-0.0,0.7725,e93a2b3,,18992fa,2026-09-04T19:21:08+00:00
43306,2.4689,0.0,0.0,0.0,,,,,,,,,,,,,0.0,0.0,100.0,0.0,0.0,1.0,,,,,,,,,,,,,,,,,,,,,,,,,,,,,,,,,,,,,,,,,,,,,,,,,e93a2b3,,18992fa,2026-09-04T19:21:08+00:00
43428,3.143,0.0001,0.0,0.0001,,,,,,,,,,,,,,,,,,,,,,,,,,,,,,,0.0001,0.0,114.7438,0.0,0.0,1.1474,,,,,,,,,,,,,,,,,,,,,,,,,0.0001,-0.0001,24.2237,0.0,-0.0,0.2422,e93a2b3,,18992fa,2026-09-04T19:21:08+00:00
43429,3.9088,0.0001,0.0,0.0001,,,,,,,,,,,,,,,,,,,,,,,,,,,,,,,0.0001,0.0,156.0173,0.0,0.0,1.5602,,,,,,,,,,,,,,,,,,,,,,,,,0.0,-0.0,41.9821,0.0,-0.0,0.4198,e93a2b3,,18992fa,2026-09-04T19:21:08+00:00
43464,3.313,0.0,0.0,0.0,,,,,,,,,,,,,,,,,,,,,,,,,,,,,,,0.0,0.0,114.9297,0.0,0.0,1.1493,,,,,,,,,,,,,,,,,,,,,,,,,0.0,-0.0,7.8253,0.0,-0.0,0.0783,e93a2b3,,18992fa,2026-09-04T19:21:08+00:00
43465,5.5066,0.0002,0.0,0.0002,,,,,,,0.0,-0.0006,0.4851,0.0,-0.0001,0.0049,0.0001,-0.0004,13.6315,0.0,-0.0,0.1363,,,,,,,0.0003,-0.0,111.7301,0.0,-0.0,1.1173,0.0006,0.0005,451.368,0.0001,0.0,4.5137,,,,,,,0.0009,0.0002,105.4149,0.0001,0.0,1.0541,0.0,-0.0004,0.9759,0.0,-0.0,0.0098,,,,,,,0.0005,0.0002,224.2172,0.0001,0.0,2.2422,e93a2b3,,18992fa,2026-09-04T19:21:08+00:00
43466,6.5062,0.0001,0.0,0.0001,,,,,,,0.0,-0.0003,0.0777,0.0,-0.0,0.0008,,,,,,,,,,,,,,,,,,,0.0002,0.0001,156.4154,0.0,0.0,1.5642,,,,,,,,,,,,,0.0,-0.0004,0.0305,0.0,-0.0,0.0003,,,,,,,0.0001,-0.0001,35.0908,0.0,-0.0,0.3509,e93a2b3,,18992fa,2026-09-04T19:21:08+00:00
43468,7.4865,0.0003,0.0,0.0003,,,,,,,0.0,-0.0002,4.9238,0.0,-0.0,0.0492,0.0,-0.0001,19.557,0.0,-0.0,0.1956,,,,,,,0.0001,-0.0001,257.0927,0.0,-0.0,2.5709,0.0015,0.0013,6643.2397,0.0002,0.0001,66.4324,,,,,,,0.0005,0.0003,1225.785,0.0001,0.0,12.2578,0.0,-0.0002,15.7634,0.0,-0.0,0.1576,,,,,,,0.0011,0.0009,7544.5796,0.0001,0.0001,75.4458,e93a2b3,,18992fa,2026-09-04T19:21:08+00:00
43469,6.7465,0.0002,0.0,0.0002,0.0,-0.0001,0.2027,0.0,-0.0,0.002,0.0,-0.0001,6.089,0.0,-0.0,0.0609,0.0,-0.0001,28.9311,0.0,-0.0,0.2893,,,,,,,0.0,-0.0002,28.7515,0.0,-0.0,0.2875,0.0007,0.0005,7722.7334,0.0001,0.0001,77.2273,0.0012,0.0011,2988.0586,0.0001,0.0001,29.8806,0.0003,0.0002,2052.2705,0.0,0.0,20.5227,0.0,-0.0002,15.8991,0.0,-0.0,0.159,0.0,-0.0001,0.2449,0.0,-0.0,0.0024,0.0005,0.0002,4620.7979,0.0,0.0,46.208,e93a2b3,,18992fa,2026-09-04T19:21:08+00:00
43491,3.3098,0.0002,0.0,0.0002,,,,,,,0.0,-0.0003,0.7549,0.0,-0.0,0.0075,0.0,-0.0003,11.76,0.0,-0.0,0.1176,,,,,,,0.0001,-0.0002,28.865,0.0,-0.0,0.2886,0.0002,-0.0,144.4203,0.0,-0.0,1.4442,,,,,,,0.0001,-0.0001,38.9337,0.0,-0.0,0.3893,0.0,-0.0003,0.4552,0.0,-0.0,0.0046,,,,,,,0.0006,0.0003,331.8914,0.0001,0.0,3.3189,e93a2b3,,18992fa,2026-09-04T19:21:08+00:00
43494,6.1707,0.0031,0.0003,0.0031,0.0129,-0.0021,25.6762,0.0013,-0.0002,0.2568,0.0063,-0.0014,90.3184,0.0007,-0.0001,0.9032,0.0058,-0.0007,86.479,0.0006,-0.0001,0.8648,0.0072,-0.0033,67.8131,0.0007,-0.0003,0.6781,0.0179,0.0086,222.2159,0.0018,0.0009,2.2222,0.0062,0.0022,359.6294,0.0006,0.0002,3.5963,0.012,0.0061,1108.512,0.0012,0.0006,11.0851,0.0157,0.009,1056.5613,0.0016,0.0009,10.5656,0.003,-0.0039,35.616,0.0003,-0.0004,0.3562,0.0048,-0.0053,22.7524,0.0005,-0.0006,0.2275,0.022,0.0189,1753.5291,0.0023,0.002,17.5353,e93a2b3,,18992fa,2026-09-04T19:21:08+00:00
43495,1.3672,0.0001,0.0,0.0001,,,,,,,0.0,-0.0,71.0809,0.0,-0.0,0.7108,0.0,-0.0,37.9508,0.0,-0.0,0.3795,0.0001,0.0,108.6292,0.0,0.0,1.0863,0.0001,-0.0,83.6164,0.0,-0.0,0.8362,0.0003,0.0003,1037.7885,0.0,0.0,10.3779,0.0,0.0,104.8993,0.0,0.0,1.049,0.0006,0.0004,1397.0826,0.0001,0.0,13.9708,0.0,-0.0,42.2173,0.0,-0.0,0.4222,0.0,-0.0001,4.3078,0.0,-0.0,0.0431,0.0008,0.0007,1713.9735,0.0001,0.0001,17.1397,e93a2b3,,18992fa,2026-09-04T19:21:08+00:00
43496,17.8966,0.0175,0.0018,0.0175,0.0102,-0.0133,18.7284,0.0011,-0.0014,0.1873,0.0386,0.0192,343.7959,0.0041,0.002,3.438,0.0252,0.0049,116.0038,0.0026,0.0005,1.16,0.0573,0.0359,416.8929,0.006,0.0037,4.1689,0.0206,0.0006,120.4501,0.0022,0.0001,1.2045,0.0218,0.0031,142.0682,0.0023,0.0003,1.4207,0.0216,-0.0003,98.5798,0.0023,-0.0,0.9858,0.0326,0.0142,2758.5332,0.0034,0.0015,27.5853,0.0128,-0.0067,100.5218,0.0013,-0.0007,1.0052,0.0054,-0.0164,41.2369,0.0006,-0.0017,0.4124,0.096,0.0785,3555.3789,0.0101,0.0083,35.5538,e93a2b3,,18992fa,2026-09-04T19:21:08+00:00
43497,4.0192,0.0004,0.0,0.0004,,,,,,,0.0001,-0.0001,19.9004,0.0,-0.0,0.199,0.0002,-0.0002,388.4477,0.0,-0.0,3.8845,0.0,-0.0004,0.2184,0.0,-0.0,0.0022,0.0008,0.0005,204.1348,0.0001,0.0001,2.0413,0.0,-0.0003,9.8357,0.0,-0.0,0.0984,,,,,,,0.0036,0.0032,8353.582,0.0004,0.0004,83.5358,0.0001,-0.0002,33.448,0.0,-0.0,0.3345,0.0,-0.0007,0.0665,0.0,-0.0001,0.0007,0.0015,0.0011,2076.166,0.0002,0.0001,20.7617,e93a2b3,,18992fa,2026-09-04T19:21:08+00:00
43498,21.1256,0.0171,0.0018,0.0171,0.0137,-0.008,39.0289,0.0014,-0.0008,0.3903,0.0264,0.0071,184.2011,0.0028,0.0008,1.842,0.0307,0.0126,271.9976,0.0032,0.0013,2.72,0.0424,0.0227,640.8773,0.0044,0.0024,6.4088,0.0435,0.0228,255.4658,0.0045,0.0024,2.5547,0.0352,0.0129,111.3039,0.0037,0.0013,1.113,0.0071,-0.0152,20.0486,0.0007,-0.0016,0.2005,0.0209,0.0037,10186.0664,0.0022,0.0004,101.8607,0.0133,-0.0073,85.144,0.0014,-0.0008,0.8514,0.0153,-0.0072,60.3335,0.0016,-0.0008,0.6033,0.0267,0.0082,528.8693,0.0028,0.0009,5.2887,e93a2b3,,18992fa,2026-09-04T19:21:08+00:00
43499,34.7926,0.0152,0.0016,0.0152,0.0055,-0.011,40.065,0.0006,-0.0012,0.4006,0.016,-0.0003,90.2061,0.0017,-0.0,0.9021,0.0336,0.0175,245.9446,0.0035,0.0018,2.4594,0.026,0.0097,235.7995,0.0027,0.001,2.358,0.0583,0.042,617.8677,0.0061,0.0044,6.1787,0.0379,0.0213,246.7948,0.004,0.0023,2.4679,0.0087,-0.0075,275.4241,0.0009,-0.0008,2.7542,0.0106,-0.0045,5688.3193,0.0011,-0.0004,56.8833,0.0138,-0.0023,132.9304,0.0014,-0.0003,1.3293,0.0212,0.0047,119.6081,0.0022,0.0005,1.1961,0.0197,0.0032,176.0697,0.0021,0.0004,1.7607,e93a2b3,,18992fa,2026-09-04T19:21:08+00:00
43700,0.1239,0.0,0.0,0.0,,,,,,,0.0,0.0,100.0,0.0,0.0,1.0,,,,,,,,,,,,,,,,,,,,,,,,,,,,,,,,,,,,,,,,,,,,,,,,,,,,,,,e93a2b3,,18992fa,2026-09-04T19:21:08+00:00
44294,1.0012,0.0003,0.0,0.0003,,,,,,,,,,,,,0.0,-0.0,6.25,0.0,-0.0,0.0625,,,,,,,,,,,,,,,,,,,,,,,,,0.0003,0.0,919.7607,0.0,0.0,9.1976,0.0,-0.0003,50.0981,0.0,-0.0,0.501,,,,,,,,,,,,,e93a2b3,,18992fa,2026-09-04T19:21:08+00:00
44295,20.3241,0.0205,0.0022,0.0205,0.0073,-0.0174,22.3945,0.0008,-0.0019,0.2239,0.019,-0.0054,52.2581,0.0021,-0.0006,0.5226,0.0463,0.0236,955.3253,0.005,0.0026,9.5533,0.0199,-0.0033,223.3239,0.0021,-0.0004,2.2332,0.1049,0.081,1143.7994,0.0113,0.0087,11.438,0.0585,0.0332,295.4412,0.0063,0.0036,2.9544,0.0122,-0.0114,370.2714,0.0013,-0.0012,3.7027,0.0287,0.0081,1205.6989,0.0031,0.0009,12.057,0.014,-0.0083,147.8383,0.0015,-0.0009,1.4784,0.0278,0.0035,176.3399,0.003,0.0004,1.7634,0.0587,0.0338,722.0617,0.0064,0.0037,7.2206,e93a2b3,,18992fa,2026-09-04T19:21:08+00:00
44296,38.2747,0.0357,0.0037,0.0357,0.0183,-0.0174,30.4009,0.0019,-0.0018,0.304,0.0146,-0.021,76.1612,0.0015,-0.0022,0.7616,0.0883,0.0527,494.7127,0.0092,0.0055,4.9471,0.0406,0.005,174.7494,0.0043,0.0005,1.7475,0.1377,0.1021,1856.2959,0.0144,0.0107,18.563,0.0411,0.0054,106.3719,0.0043,0.0006,1.0637,0.0192,-0.0164,44.0679,0.002,-0.0017,0.4407,0.0257,-0.0099,163.1119,0.0027,-0.001,1.6311,0.0762,0.0406,340.4036,0.008,0.0042,3.404,0.0521,0.0164,201.2034,0.0054,0.0017,2.012,0.0122,-0.0235,34.8056,0.0013,-0.0025,0.3481,e93a2b3,,18992fa,2026-09-04T19:21:08+00:00
44297,25.489,0.0038,0.0004,0.0038,0.0009,-0.003,25.7517,0.0001,-0.0003,0.2575,0.0023,-0.0015,69.9339,0.0002,-0.0002,0.6993,0.0012,-0.0026,31.2708,0.0001,-0.0003,0.3127,0.0046,0.0008,149.4523,0.0005,0.0001,1.4945,0.0865,0.0826,2866.8164,0.0091,0.0087,28.6682,0.0086,0.0047,163.5569,0.0009,0.0005,1.6356,0.0005,-0.0033,12.0444,0.0001,-0.0003,0.1204,0.0101,0.0063,325.7194,0.0011,0.0007,3.2572,0.0054,0.0016,144.0649,0.0006,0.0002,1.4406,0.0044,0.0006,137.402,0.0005,0.0001,1.374,0.0075,0.0037,142.4132,0.0008,0.0004,1.4241,e93a2b3,,18992fa,2026-09-04T19:21:08+00:00
44298,33.7262,0.0334,0.0035,0.0334,0.0107,-0.0227,18.9823,0.0011,-0.0024,0.1898,0.0287,-0.0048,84.8442,0.003,-0.0005,0.8484,0.0549,0.0215,138.4487,0.0057,0.0022,1.3845,0.0505,0.0171,248.568,0.0053,0.0018,2.4857,0.1315,0.098,1157.9905,0.0137,0.0102,11.5799,0.0626,0.0292,343.8346,0.0065,0.0031,3.4383,0.0032,-0.0303,10.5102,0.0003,-0.0032,0.1051,0.0072,-0.0263,76.9057,0.0007,-0.0027,0.7691,0.0348,0.0013,96.011,0.0036,0.0001,0.9601,0.0515,0.018,241.3918,0.0054,0.0019,2.4139,0.0197,-0.0137,123.5866,0.0021,-0.0014,1.2359,e93a2b3,,18992fa,2026-09-04T19:21:08+00:00
44299,39.7254,0.0346,0.0036,0.0346,0.01,-0.0246,18.9603,0.001,-0.0025,0.1896,0.0279,-0.0068,87.1676,0.0029,-0.0007,0.8717,0.0847,0.0501,504.7084,0.0088,0.0052,5.0471,0.0423,0.0077,309.6277,0.0044,0.0008,3.0963,0.1185,0.0839,1318.131,0.0123,0.0087,13.1813,0.0491,0.0145,168.6192,0.0051,0.0015,1.6862,0.0091,-0.0255,30.6629,0.0009,-0.0026,0.3066,0.0054,-0.0292,51.0071,0.0006,-0.003,0.5101,0.0584,0.0237,179.1349,0.006,0.0025,1.7913,0.0597,0.0251,211.5692,0.0062,0.0026,2.1157,0.0042,-0.0304,23.4909,0.0004,-0.0032,0.2349,e93a2b3,,18992fa,2026-09-04T19:21:08+00:00
44547,29.0336,0.1459,0.0155,0.1459,0.1126,-0.04,48.4518,0.012,-0.0043,0.4845,0.1177,-0.0306,63.6137,0.0126,-0.0032,0.6361,0.1648,0.0151,309.8934,0.0176,0.0016,3.0989,0.1412,-0.0094,107.3277,0.015,-0.001,1.0733,0.2764,0.1257,741.0242,0.0295,0.0135,7.4102,0.1973,0.0434,190.7201,0.0211,0.0047,1.9072,0.1071,-0.0389,227.5488,0.0114,-0.0042,2.2755,0.1531,0.0062,277.4996,0.0163,0.0007,2.775,0.1475,-0.0001,98.1709,0.0156,-0.0001,0.9817,0.1644,0.0117,127.7272,0.0175,0.0013,1.2773,0.1679,0.0142,425.2485,0.018,0.0016,4.2525,e93a2b3,,18992fa,2026-09-04T19:21:08+00:00
44548,47.0684,0.0807,0.0085,0.0807,0.0693,-0.0115,84.8064,0.0073,-0.0012,0.8481,0.0525,-0.0282,62.0803,0.0055,-0.003,0.6208,0.1696,0.0889,253.2532,0.0178,0.0093,2.5325,0.0707,-0.01,85.0669,0.0074,-0.001,0.8507,0.1737,0.093,269.9207,0.0182,0.0097,2.6992,0.1364,0.0557,202.0508,0.0143,0.0058,2.0205,0.0407,-0.04,50.1463,0.0043,-0.0042,0.5015,0.0509,-0.0299,53.0511,0.0053,-0.0031,0.5305,0.1791,0.0984,275.4395,0.0187,0.0103,2.7544,0.1548,0.074,233.5699,0.0162,0.0077,2.3357,0.0162,-0.0645,16.9887,0.0017,-0.0068,0.1699,e93a2b3,,18992fa,2026-09-04T19:21:08+00:00
44549,36.3409,0.0297,0.0031,0.0297,0.0168,-0.0129,51.0109,0.0018,-0.0014,0.5101,0.0209,-0.0087,129.9049,0.0022,-0.0009,1.299,0.0948,0.0651,537.1747,0.01,0.0068,5.3717,0.0251,-0.0046,88.9685,0.0026,-0.0005,0.8897,0.1433,0.1137,1420.8082,0.0151,0.012,14.2081,0.0721,0.0425,329.2869,0.0076,0.0045,3.2929,0.0147,-0.015,79.0247,0.0015,-0.0016,0.7902,0.0189,-0.0107,35.2541,0.002,-0.0011,0.3525,0.1092,0.0795,578.1335,0.0115,0.0084,5.7813,0.0968,0.0671,582.7352,0.0102,0.0071,5.8274,0.0045,-0.0252,5.5086,0.0005,-0.0027,0.0551,e93a2b3,,18992fa,2026-09-04T19:21:08+00:00
44588,0.9727,0.0008,0.0001,0.0008,0.0001,-0.0009,46.9702,0.0,-0.0001,0.4697,0.0001,-0.0012,19.0281,0.0,-0.0001,0.1903,0.0066,0.0055,874.3289,0.0007,0.0006,8.7433,0.0,-0.001,6.6423,0.0,-0.0001,0.0664,0.0041,0.0033,1348.501,0.0004,0.0004,13.485,0.0122,0.0092,154.581,0.0013,0.001,1.5458,0.0022,0.0012,982.9305,0.0002,0.0001,9.8293,0.0002,-0.0011,37.0721,0.0,-0.0001,0.3707,0.0008,-0.0002,415.4646,0.0001,-0.0,4.1546,0.0045,0.0035,2536.8469,0.0005,0.0004,25.3685,0.0058,0.0046,79.6133,0.0006,0.0005,0.7961,e93a2b3,,18992fa,2026-09-04T19:21:08+00:00
44589,11.501,0.1163,0.0127,0.1163,0.1178,-0.0815,47.6727,0.0128,-0.0089,0.4767,0.1418,-0.0034,97.6886,0.0154,-0.0004,0.9769,0.2168,0.0519,414.2347,0.0236,0.0057,4.1423,0.1339,-0.0295,49.2367,0.0146,-0.0032,0.4924,0.3369,0.1625,1157.004,0.0367,0.0177,11.57,0.3554,0.1368,339.976,0.0387,0.0149,3.3998,0.0534,-0.0726,2268.4412,0.0058,-0.0079,22.6844,0.1479,-0.0072,210.716,0.0161,-0.0008,2.1072,0.0699,-0.0588,458.077,0.0076,-0.0064,4.5808,0.21,0.0355,661.6796,0.0229,0.0039,6.6168,0.3488,0.1379,392.576,0.038,0.015,3.9258,e93a2b3,,18992fa,2026-09-04T19:21:08+00:00
45240,43.1843,0.502,0.0546,0.502,0.6898,0.1879,6790.9634,0.075,0.0204,67.9096,0.5011,-0.0009,88.1922,0.0545,-0.0001,0.8819,0.515,0.0131,429.491,0.056,0.0014,4.2949,0.4957,-0.0063,77.8119,0.0539,-0.0007,0.7781,0.6112,0.1093,3739.2173,0.0664,0.0119,37.3922,0.5838,0.0819,2776.6792,0.0635,0.0089,27.7668,0.4895,-0.0124,71.2848,0.0532,-0.0014,0.7128,0.5473,0.0453,616.8196,0.0595,0.0049,6.1682,0.4901,-0.0119,82.8154,0.0533,-0.0013,0.8282,0.5,-0.002,39.9968,0.0544,-0.0002,0.4,0.4916,-0.0104,27.5123,0.0535,-0.0011,0.2751,e93a2b3,,18992fa,2026-09-04T19:21:08+00:00
45242,24.4045,0.5795,0.0633,0.5795,0.6553,0.0758,3312.1372,0.0715,0.0083,33.1214,0.5965,0.0054,233.4579,0.0651,0.0006,2.3346,0.621,0.002,105.5394,0.0678,0.0002,1.0554,0.5626,-0.0169,519.2006,0.0614,-0.0018,5.192,0.6947,0.0976,2130.501,0.0758,0.0107,21.305,0.6865,0.0723,665.1762,0.0749,0.0079,6.6518,0.5957,-0.0154,146.2603,0.065,-0.0017,1.4626,0.6911,0.0014,89.2317,0.0754,0.0002,0.8923,0.5716,-0.0137,308.456,0.0624,-0.0015,3.0846,0.6196,-0.0011,69.9636,0.0676,-0.0001,0.6996,0.6116,-0.0174,34.0932,0.0668,-0.0019,0.3409,e93a2b3,,18992fa,2026-09-04T19:21:08+00:00
45243,19.7561,0.6191,0.0672,0.6191,0.81,0.1908,4198.8979,0.0879,0.0207,41.989,0.6453,0.0098,106.5307,0.07,0.0011,1.0653,0.7265,0.0036,94.3995,0.0789,0.0004,0.944,0.6045,-0.0147,253.8872,0.0656,-0.0016,2.5389,0.8449,0.1741,2878.4287,0.0917,0.0189,28.7843,0.7783,0.1222,2008.3204,0.0845,0.0133,20.0832,0.6328,-0.0455,130.2609,0.0687,-0.0049,1.3026,0.7424,0.0151,98.5255,0.0806,0.0016,0.9853,0.5914,-0.0277,723.2392,0.0642,-0.003,7.2324,0.7278,0.0005,87.2588,0.079,0.0001,0.8726,0.6709,-0.0269,48.1157,0.0728,-0.0029,0.4812,e93a2b3,,18992fa,2026-09-04T19:21:08+00:00
45244,19.6405,0.2694,0.0289,0.2694,0.4512,0.1709,3724.2512,0.0485,0.0184,37.2425,0.2691,-0.0336,53.5122,0.0289,-0.0036,0.5351,0.348,-0.0083,83.4249,0.0374,-0.0009,0.8342,0.2442,-0.0326,152.2678,0.0262,-0.0035,1.5227,0.4909,0.1915,4531.478,0.0527,0.0206,45.3148,0.4552,0.1558,3222.5376,0.0489,0.0167,32.2254,0.2566,-0.0529,40.999,0.0276,-0.0057,0.41,0.379,0.0156,111.8345,0.0407,0.0017,1.1183,0.3127,0.0302,621.3787,0.0336,0.0032,6.2138,0.3168,-0.0062,83.6825,0.034,-0.0007,0.8368,0.3676,-0.003,77.0634,0.0395,-0.0003,0.7706,e93a2b3,,18992fa,2026-09-04T19:21:08+00:00
45246,19.5766,1.5678,0.1665,1.5678,1.6737,0.106,1149.4579,0.1778,0.0113,11.4946,1.6695,-0.0538,68.3942,0.1773,-0.0057,0.6839,1.9026,-0.0106,92.3622,0.2021,-0.0011,0.9236,1.6368,-0.0479,62.7414,0.1739,-0.0051,0.6274,1.8781,0.1548,2404.6221,0.1995,0.0165,24.0462,1.7804,0.1563,1782.6632,0.1891,0.0166,17.8266,1.7127,-0.0374,73.9121,0.1819,-0.004,0.7391,2.0737,0.0026,113.3807,0.2203,0.0003,1.1338,1.6263,0.0021,1955.9042,0.1727,0.0002,19.5591,1.7071,-0.0163,125.7217,0.1813,-0.0017,1.2572,1.9095,0.0124,90.1054,0.2028,0.0013,0.9011,e93a2b3,,18992fa,2026-09-04T19:21:08+00:00
45249,5.3121,0.1035,0.011,0.1035,0.2643,0.1138,1815.1671,0.028,0.012,18.1517,0.1435,-0.0219,39.7815,0.0152,-0.0023,0.3978,0.2789,0.0427,271.3767,0.0295,0.0045,2.7138,0.1651,-0.0505,36.5958,0.0175,-0.0053,0.366,0.3313,0.1711,4696.9854,0.0351,0.0181,46.9699,0.361,0.1771,4063.0518,0.0382,0.0187,40.6305,0.1855,-0.0129,56.3509,0.0196,-0.0014,0.5635,0.1987,-0.0492,48.8174,0.021,-0.0052,0.4882,0.0994,-0.0041,167.6862,0.0105,-0.0004,1.6769,0.1969,-0.0015,88.6836,0.0209,-0.0002,0.8868,0.2649,0.017,94.9909,0.028,0.0018,0.9499,e93a2b3,,18992fa,2026-09-04T19:21:08+00:00
45253,21.9164,2.0507,0.2244,2.0507,2.0574,0.0067,172.7278,0.2251,0.0007,1.7273,2.1958,0.0677,171.3499,0.2402,0.0074,1.7135,2.2694,-0.0324,145.3986,0.2483,-0.0035,1.454,2.0176,-0.0331,201.1064,0.2207,-0.0036,2.0111,2.4529,0.1972,378.9421,0.2684,0.0216,3.7894,2.2297,0.0606,136.4369,0.2439,0.0066,1.3644,2.0348,-0.0933,160.9785,0.2226,-0.0102,1.6098,2.3668,-0.0851,65.478,0.2589,-0.0093,0.6548,2.0659,-0.0622,228.6826,0.226,-0.0068,2.2868,2.2661,-0.0357,89.5493,0.2479,-0.0039,0.8955,2.1844,-0.1174,66.1001,0.239,-0.0128,0.661,e93a2b3,,18992fa,2026-09-04T19:21:08+00:00
45254,15.6931,0.2288,0.025,0.2288,0.2187,-0.0237,116.3219,0.0239,-0.0026,1.1632,0.2389,-0.0076,74.6182,0.0261,-0.0008,0.7462,0.254,-0.032,72.6064,0.0277,-0.0035,0.7261,0.1918,-0.037,195.9532,0.0209,-0.004,1.9595,0.3249,0.0845,542.153,0.0355,0.0092,5.4215,0.3187,0.0634,151.7838,0.0348,0.0069,1.5178,0.2157,-0.0266,160.1697,0.0236,-0.0029,1.6017,0.2745,-0.0265,118.1947,0.03,-0.0029,1.1819,0.2669,0.0265,225.4917,0.0292,0.0029,2.2549,0.3206,0.0534,106.427,0.035,0.0058,1.0643,0.2831,-0.0148,64.9084,0.0309,-0.0016,0.6491,e93a2b3,,18992fa,2026-09-04T19:21:08+00:00
45255,0.0162,,,,,,,,,,,,,,,,,,,,,,,,,,,,,,,,,,,,,,,,,,,,,,,,,,,,,,,,,,,,,,,,,,,,,,e93a2b3,,18992fa,2026-09-04T19:21:08+00:00
45256,24.5732,0.4129,0.0451,0.4129,0.435,-0.0067,84.3611,0.0475,-0.0007,0.8436,0.4299,0.0115,106.898,0.0469,0.0013,1.069,0.4574,-0.0014,130.629,0.0499,-0.0001,1.3063,0.3987,-0.0142,139.9445,0.0435,-0.0016,1.3994,0.5131,0.091,423.3332,0.056,0.0099,4.2333,0.4893,0.0392,1518.3092,0.0534,0.0043,15.1831,0.4067,-0.0231,138.0712,0.0444,-0.0025,1.3807,0.4554,-0.0171,1145.9419,0.0497,-0.0019,11.4594,0.4202,0.0018,174.9832,0.0458,0.0002,1.7498,0.4611,0.0132,98.3417,0.0503,0.0014,0.9834,0.4617,-0.0229,60.3451,0.0504,-0.0025,0.6035,e93a2b3,,18992fa,2026-09-04T19:21:08+00:00
45257,0.5475,0.0,0.0,0.0,,,,,,,0.0,0.0,133.0256,0.0,0.0,1.3303,0.0,-0.0,3.3267,0.0,-0.0,0.0333,0.0001,0.0,334.5831,0.0,0.0,3.3458,0.0001,0.0001,786.2244,0.0,0.0,7.8622,0.0,0.0,121.3989,0.0,0.0,1.214,0.0,-0.0,63.6345,0.0,-0.0,0.6363,,,,,,,0.0,-0.0,41.6608,0.0,-0.0,0.4166,0.0,-0.0,0.1331,0.0,-0.0,0.0013,,,,,,,e93a2b3,,18992fa,2026-09-04T19:21:08+00:00
45259,2.6301,0.478,0.0523,0.478,0.7238,-0.0213,49.9873,0.0791,-0.0023,0.4999,0.6086,0.0578,195.3329,0.0666,0.0063,1.9533,0.553,-0.0099,135.8334,0.0605,-0.0011,1.3583,0.4367,-0.0414,92.0356,0.0477,-0.0045,0.9204,0.6383,0.0875,367.9205,0.0698,0.0096,3.6792,0.6721,0.1213,375.6178,0.0735,0.0133,3.7562,0.5618,-0.0267,89.5604,0.0614,-0.0029,0.8956,0.8513,0.1475,1723.8281,0.0931,0.0161,17.2383,0.508,-0.0091,113.0382,0.0555,-0.001,1.1304,0.7137,0.0803,100.2313,0.078,0.0088,1.0023,0.6915,-0.0536,39.1616,0.0756,-0.0059,0.3916,e93a2b3,,18992fa,2026-09-04T19:21:08+00:00
45260,14.3472,0.4488,0.049,0.4488,0.4644,-0.022,82.4811,0.0507,-0.0024,0.8248,0.4551,-0.0246,117.2662,0.0497,-0.0027,1.1727,0.5135,0.0021,168.0222,0.056,0.0002,1.6802,0.4607,-0.019,108.449,0.0503,-0.0021,1.0845,0.589,0.1093,411.1041,0.0642,0.0119,4.111,0.5307,0.0608,214.7828,0.0579,0.0066,2.1478,0.4961,0.0028,155.1173,0.0541,0.0003,1.5512,0.4816,-0.0261,64.2076,0.0526,-0.0028,0.6421,0.4549,0.0003,363.009,0.0496,0.0,3.6301,0.5422,0.0418,137.1707,0.0592,0.0046,1.3717,0.4972,-0.0143,66.576,0.0542,-0.0016,0.6658,e93a2b3,,18992fa,2026-09-04T19:21:08+00:00
45280,27.2073,0.3971,0.0429,0.3971,0.3543,-0.0587,68.9425,0.0383,-0.0064,0.6894,0.4428,0.0174,88.3129,0.0479,0.0019,0.8831,0.4677,0.0439,896.6863,0.0506,0.0048,8.9669,0.3846,-0.0408,86.3955,0.0416,-0.0044,0.864,0.6204,0.2176,1288.1184,0.0671,0.0236,12.8812,0.5776,0.1304,173.9932,0.0625,0.0141,1.7399,0.3119,-0.1088,84.5687,0.0337,-0.0118,0.8457,0.4075,-0.045,95.077,0.044,-0.0049,0.9508,0.345,-0.0681,106.2719,0.0373,-0.0074,1.0627,0.4284,0.0108,504.3864,0.0463,0.0012,5.0439,0.5581,0.1229,202.284,0.0604,0.0133,2.0228,e93a2b3,,18992fa,2026-09-04T19:21:08+00:00
45291,14.8178,0.2597,0.028,0.2597,0.2402,-0.0413,119.596,0.0259,-0.0044,1.196,0.2756,-0.017,72.2267,0.0297,-0.0018,0.7223,0.3076,0.0053,97.4845,0.0331,0.0006,0.9748,0.2741,0.0029,163.7092,0.0295,0.0003,1.6371,0.5196,0.2423,715.1035,0.056,0.0261,7.151,0.4174,0.1521,332.0308,0.045,0.0164,3.3203,0.234,-0.0541,154.8057,0.0252,-0.0058,1.5481,0.3029,-0.0354,106.395,0.0326,-0.0038,1.0639,0.2719,-0.0013,244.228,0.0293,-0.0001,2.4423,0.2733,-0.0217,74.0929,0.0294,-0.0023,0.7409,0.3825,0.0562,98.2732,0.0412,0.0061,0.9827,e93a2b3,,18992fa,2026-09-04T19:21:08+00:00
45292,52.7007,0.6925,0.0741,0.6925,0.6749,-0.0176,89.7618,0.0722,-0.0019,0.8976,0.6632,-0.0293,90.6132,0.071,-0.0031,0.9061,0.6866,-0.0059,100.5806,0.0735,-0.0006,1.0058,0.6703,-0.0222,94.4967,0.0717,-0.0024,0.945,0.8998,0.2073,161.5269,0.0963,0.0222,1.6153,0.791,0.0985,124.8851,0.0846,0.0106,1.2489,0.6616,-0.0309,90.3747,0.0708,-0.0033,0.9037,0.6998,0.0074,99.0776,0.0749,0.0008,0.9908,0.6978,0.0053,106.7017,0.0746,0.0006,1.067,0.6985,0.0061,105.3122,0.0747,0.0006,1.0531,0.7511,0.0586,111.9902,0.0804,0.0063,1.1199,e93a2b3,,18992fa,2026-09-04T19:21:08+00:00
45293,36.4986,0.6137,0.066,0.6137,0.5949,-0.0188,98.3887,0.064,-0.002,0.9839,0.5778,-0.0359,94.4419,0.0622,-0.0039,0.9444,0.6508,0.0371,107.7488,0.07,0.004,1.0775,0.6347,0.021,104.017,0.0683,0.0023,1.0402,1.0662,0.4525,176.7074,0.1147,0.0487,1.7671,0.8001,0.1864,130.0956,0.0861,0.0201,1.301,0.5276,-0.0861,85.3609,0.0568,-0.0093,0.8536,0.4964,-0.1173,80.2091,0.0534,-0.0126,0.8021,0.5981,-0.0155,96.6873,0.0644,-0.0017,0.9669,0.5327,-0.081,86.4525,0.0573,-0.0087,0.8645,0.6346,0.021,102.1487,0.0683,0.0023,1.0215,e93a2b3,,18992fa,2026-09-04T19:21:08+00:00
45294,36.9705,0.1492,0.016,0.1492,0.1357,-0.0135,83.9209,0.0145,-0.0014,0.8392,0.1345,-0.0147,84.0406,0.0144,-0.0016,0.8404,0.137,-0.0121,90.0997,0.0147,-0.0013,0.901,0.1405,-0.0086,99.5505,0.0151,-0.0009,0.9955,0.2436,0.0944,194.2871,0.0261,0.0101,1.9429,0.1981,0.049,155.9668,0.0212,0.0053,1.5597,0.1304,-0.0188,84.5959,0.014,-0.002,0.846,0.1167,-0.0325,66.5436,0.0125,-0.0035,0.6654,0.1447,-0.0045,93.9194,0.0155,-0.0005,0.9392,0.1591,0.01,107.2364,0.0171,0.0011,1.0724,0.2006,0.0514,161.8413,0.0215,0.0055,1.6184,e93a2b3,,18992fa,2026-09-04T19:21:08+00:00
45295,24.4591,0.0661,0.0071,0.0661,0.0595,-0.0066,66.338,0.0064,-0.0007,0.6634,0.061,-0.0051,306.1749,0.0066,-0.0006,3.0617,0.0789,0.0127,147.9362,0.0085,0.0014,1.4794,0.0753,0.0091,474.3176,0.0081,0.001,4.7432,0.15,0.0839,724.5944,0.0162,0.0091,7.2459,0.1054,0.0393,218.7524,0.0114,0.0042,2.1875,0.06,-0.0061,94.4337,0.0065,-0.0007,0.9443,0.0366,-0.0296,40.3867,0.004,-0.0032,0.4039,0.0524,-0.0138,244.4801,0.0057,-0.0015,2.4448,0.0736,0.0075,111.5524,0.008,0.0008,1.1155,0.0662,-0.0002,58.1887,0.0072,-0.0,0.5819,e93a2b3,,18992fa,2026-09-04T19:21:08+00:00
45296,34.1941,0.0229,0.0024,0.0229,0.0065,-0.0164,47.7893,0.0007,-0.0017,0.4779,0.0259,0.0031,272.2283,0.0028,0.0003,2.7223,0.0235,0.0006,82.8637,0.0025,0.0001,0.8286,0.0218,-0.0011,239.2194,0.0023,-0.0001,2.3922,0.0914,0.0686,1058.3324,0.0097,0.0073,10.5833,0.0449,0.022,214.8887,0.0048,0.0023,2.1489,0.0149,-0.008,116.1694,0.0016,-0.0008,1.1617,0.0064,-0.0166,9.0392,0.0007,-0.0018,0.0904,0.0481,0.0252,452.4363,0.0051,0.0027,4.5244,0.0503,0.0275,321.6683,0.0054,0.0029,3.2167,0.0182,-0.0046,41.3979,0.0019,-0.0005,0.414,e93a2b3,,18992fa,2026-09-04T19:21:08+00:00
45297,25.9079,0.0493,0.0054,0.0493,0.0504,0.001,316.6875,0.0055,0.0001,3.1669,0.0487,-0.0006,478.7511,0.0053,-0.0001,4.7875,0.0506,-0.0024,51.0106,0.0055,-0.0003,0.5101,0.0479,-0.0014,903.0953,0.0052,-0.0002,9.031,0.065,0.0156,465.2673,0.0071,0.0017,4.6527,0.0584,0.006,99.3801,0.0064,0.0007,0.9938,0.0464,-0.003,88.0962,0.0051,-0.0003,0.881,0.0631,-0.0021,13.4316,0.0069,-0.0002,0.1343,0.0554,0.0061,331.3787,0.006,0.0007,3.3138,0.0536,0.0042,115.437,0.0058,0.0005,1.1544,0.0486,-0.0017,17.0011,0.0053,-0.0002,0.17,e93a2b3,,18992fa,2026-09-04T19:21:08+00:00
45298,33.0783,0.0008,0.0001,0.0008,0.0068,0.006,458.7822,0.0007,0.0006,4.5878,0.003,0.0022,478.6885,0.0003,0.0002,4.7869,0.0001,-0.0007,11.3393,0.0,-0.0001,0.1134,0.0041,0.0033,967.0041,0.0004,0.0004,9.67,0.0053,0.0045,275.4128,0.0006,0.0005,2.7541,0.0011,0.0003,90.16,0.0001,0.0,0.9016,0.0007,-0.0001,105.3054,0.0001,-0.0,1.0531,0.0,-0.0007,1.8578,0.0,-0.0001,0.0186,0.002,0.0012,335.4677,0.0002,0.0001,3.3547,0.0003,-0.0005,45.5942,0.0,-0.0001,0.4559,0.0002,-0.0006,18.0534,0.0,-0.0001,0.1805,e93a2b3,,18992fa,2026-09-04T19:21:08+00:00
45299,36.5631,0.072,0.0077,0.072,0.1689,0.0969,6120.6694,0.0181,0.0104,61.2067,0.067,-0.005,208.3419,0.0072,-0.0005,2.0834,0.0734,-0.0006,48.1149,0.0079,-0.0001,0.4811,0.0669,-0.0051,431.2557,0.0072,-0.0005,4.3126,0.134,0.062,3283.9084,0.0144,0.0067,32.8391,0.114,0.0416,1329.08,0.0122,0.0045,13.2908,0.0638,-0.0082,43.7735,0.0069,-0.0009,0.4377,0.1067,0.0024,36.9938,0.0115,0.0003,0.3699,0.079,0.007,295.0039,0.0085,0.0007,2.95,0.0706,-0.0014,74.4807,0.0076,-0.0001,0.7448,0.0697,-0.0025,33.8585,0.0075,-0.0003,0.3386,e93a2b3,,18992fa,2026-09-04T19:21:08+00:00
45620,1.7902,,,,,,,,,,,,,,,,,,,,,,,,,,,,,,,,,,,,,,,,,,,,,,,,,,,,,,,,,,,,,,,,,,,,,,e93a2b3,,18992fa,2026-09-04T19:21:08+00:00
45640,67.5029,0.1184,0.0123,0.1184,0.1524,0.0339,128.2281,0.0158,0.0035,1.2823,0.0742,-0.0442,60.7331,0.0077,-0.0046,0.6073,0.1437,0.0253,122.2015,0.0149,0.0026,1.222,0.0619,-0.0565,51.3401,0.0064,-0.0059,0.5134,0.2315,0.113,195.9604,0.024,0.0117,1.9596,0.1611,0.0426,135.7105,0.0167,0.0044,1.3571,0.098,-0.0205,82.088,0.0102,-0.0021,0.8209,0.1189,0.0005,100.2998,0.0123,0.0,1.003,0.0989,-0.0195,82.9463,0.0103,-0.002,0.8295,0.1027,-0.0157,86.9158,0.0107,-0.0016,0.8692,0.1212,0.0028,102.8305,0.0126,0.0003,1.0283,e93a2b3,,18992fa,2026-09-04T19:21:08+00:00
45642,32.6459,0.7612,0.0787,0.7612,0.8787,0.1161,2452.6626,0.0909,0.012,24.5266,0.8813,0.0161,89.7711,0.0911,0.0016,0.8977,0.9395,0.0721,243.7852,0.0971,0.0074,2.4379,0.8644,-0.1911,51.822,0.0895,-0.0196,0.5182,1.0212,0.2355,9360.9375,0.1056,0.0243,93.6093,0.9175,0.1479,1036.5873,0.0949,0.0153,10.3659,0.8605,0.0133,92.9205,0.089,0.0013,0.9292,0.7568,-0.1179,68.0458,0.0784,-0.0121,0.6805,0.7689,-0.0257,242.5475,0.0796,-0.0026,2.4255,0.7661,-0.0567,87.0096,0.0793,-0.0058,0.8701,0.7544,-0.0667,63.0553,0.0781,-0.0068,0.6306,e93a2b3,,18992fa,2026-09-04T19:21:08+00:00
45646,17.801,0.6365,0.0668,0.6365,0.7529,0.0891,611.2,0.079,0.0093,6.112,0.7292,-0.0325,47.3783,0.0765,-0.0034,0.4738,1.0761,0.0437,188.7938,0.1129,0.0046,1.8879,0.7355,-0.0941,35.8801,0.0771,-0.0099,0.3588,1.0894,0.2127,2262.5981,0.1143,0.0223,22.626,0.7375,0.101,468.962,0.0773,0.0106,4.6896,0.7061,-0.0314,51.6758,0.0741,-0.0033,0.5168,1.0701,-0.063,64.6682,0.1122,-0.0066,0.6467,0.6297,-0.0068,378.2371,0.066,-0.0007,3.7824,0.7282,0.0022,122.9457,0.0764,0.0002,1.2295,0.8207,-0.009,56.2712,0.0861,-0.0009,0.5627,e93a2b3,,18992fa,2026-09-04T19:21:08+00:00
45647,22.7668,0.4374,0.0462,0.4374,0.628,0.1462,289.6217,0.0663,0.0154,2.8962,0.4482,-0.0478,77.6938,0.0473,-0.005,0.7769,0.5516,0.0402,131.1226,0.0582,0.0042,1.3112,0.4081,-0.1192,61.2102,0.0431,-0.0126,0.6121,0.7202,0.2454,1373.8317,0.076,0.0259,13.7383,0.6669,0.2052,245.7642,0.0703,0.0216,2.4576,0.4718,-0.0242,83.7338,0.0498,-0.0026,0.8373,0.478,-0.0257,86.3036,0.0504,-0.0027,0.863,0.4145,-0.0229,106.0075,0.0437,-0.0024,1.0601,0.4988,-0.0124,95.2037,0.0526,-0.0013,0.952,0.5276,0.0084,98.6758,0.0557,0.0009,0.9868,e93a2b3,,18992fa,2026-09-04T19:21:08+00:00
45648,73.6941,0.8966,0.0937,0.8966,0.975,0.0783,129.9841,0.1019,0.0082,1.2998,0.8627,-0.0339,80.2587,0.0902,-0.0035,0.8026,0.9352,0.0385,116.5219,0.0978,0.004,1.1652,0.8121,-0.0846,63.0261,0.0849,-0.0088,0.6303,1.0864,0.1897,173.4642,0.1136,0.0198,1.7346,1.0104,0.1137,145.1449,0.1056,0.0119,1.4514,0.8798,-0.0168,91.0177,0.092,-0.0018,0.9102,0.898,0.0014,100.9153,0.0939,0.0001,1.0092,0.8788,-0.0178,90.1024,0.0919,-0.0019,0.901,0.8786,-0.0181,92.2001,0.0918,-0.0019,0.922,0.901,0.0043,102.7909,0.0942,0.0005,1.0279,e93a2b3,,18992fa,2026-09-04T19:21:08+00:00
45649,53.0942,0.1405,0.0149,0.1405,0.2245,0.084,446.1186,0.0238,0.0089,4.4612,0.0822,-0.0583,23.743,0.0087,-0.0062,0.2374,0.1379,-0.0026,112.3151,0.0146,-0.0003,1.1232,0.0922,-0.0483,33.0807,0.0098,-0.0051,0.3308,0.206,0.0655,385.9757,0.0218,0.0069,3.8598,0.2175,0.077,399.1583,0.023,0.0081,3.9916,0.0908,-0.0497,31.104,0.0096,-0.0053,0.311,0.1637,0.0232,117.8564,0.0173,0.0025,1.1786,0.1564,0.0159,122.8119,0.0166,0.0017,1.2281,0.1138,-0.0267,68.9465,0.012,-0.0028,0.6895,0.1542,0.0137,243.9603,0.0163,0.0014,2.4396,e93a2b3,,18992fa,2026-09-04T19:21:08+00:00
45654,10.1969,0.0,0.0,0.0,0.0,-0.0001,15.5147,0.0,-0.0,0.1551,,,,,,,,,,,,,,,,,,,0.0027,0.0026,3182.2419,0.0003,0.0003,31.8224,0.0002,0.0001,573.3122,0.0,0.0,5.7331,,,,,,,,,,,,,0.0,-0.0,63.4771,0.0,-0.0,0.6348,,,,,,,0.0,-0.0001,17.3578,0.0,-0.0,0.1736,e93a2b3,,18992fa,2026-09-04T19:21:08+00:00
45655,1.1916,0.0,0.0,0.0,0.0,-0.0,11.2027,0.0,-0.0,0.112,,,,,,,,,,,,,,,,,,,0.0,-0.0,88.2353,0.0,-0.0,0.8824,0.0,0.0,236.0937,0.0,0.0,2.3609,,,,,,,,,,,,,0.0,-0.0,64.1214,0.0,-0.0,0.6412,,,,,,,,,,,,,e93a2b3,,18992fa,2026-09-04T19:21:08+00:00
45656,9.0066,0.001,0.0001,0.001,0.0004,-0.0011,27.3823,0.0,-0.0001,0.2738,0.0004,-0.0081,2.6324,0.0,-0.0008,0.0263,0.0125,0.0048,100.4232,0.0013,0.0005,1.0042,0.0,-0.0094,0.3312,0.0,-0.001,0.0033,0.0536,0.0519,9466.7217,0.0055,0.0053,94.6672,0.0069,0.0059,962.9557,0.0007,0.0006,9.6296,0.0,-0.0082,0.1659,0.0,-0.0008,0.0017,0.0,-0.0146,0.0022,0.0,-0.0015,0.0,0.0015,0.0004,127.5373,0.0001,0.0,1.2754,0.0175,0.0153,514.7156,0.0018,0.0016,5.1472,0.0004,-0.0011,10.7555,0.0,-0.0001,0.1076,e93a2b3,,18992fa,2026-09-04T19:21:08+00:00
45660,43.9492,0.578,0.0577,0.578,0.7338,0.0543,146.5848,0.0733,0.0055,1.4658,0.7838,0.0223,82.8195,0.0782,0.0022,0.8282,0.8212,0.0353,109.548,0.082,0.0035,1.0955,0.8433,-0.1063,55.1576,0.0841,-0.0107,0.5516,0.717,0.0608,7226.3164,0.0717,0.0062,72.2631,0.6474,0.0392,742.4037,0.0647,0.004,7.424,0.7862,-0.0025,69.7518,0.0784,-0.0003,0.6975,0.7909,-0.1275,43.825,0.0788,-0.0128,0.4382,0.5857,-0.0407,92.9571,0.0584,-0.0041,0.9296,0.6388,-0.0203,144.7805,0.0638,-0.002,1.4478,0.6102,0.0135,152.2729,0.0609,0.0014,1.5227,e93a2b3,,18992fa,2026-09-04T19:21:08+00:00
45670,64.533,2.0529,0.2049,2.0529,2.0951,0.0356,119.6749,0.2091,0.0036,1.1967,2.1718,0.068,112.8191,0.2168,0.0068,1.1282,2.1829,0.0687,139.5722,0.2179,0.0069,1.3957,2.0297,-0.1094,74.0932,0.2025,-0.011,0.7409,2.0929,0.0267,1053.5604,0.2089,0.0027,10.5356,2.0885,0.0222,153.734,0.2085,0.0022,1.5373,2.1522,0.038,126.9188,0.2148,0.0038,1.2692,2.0274,-0.0903,77.1019,0.2023,-0.0091,0.771,2.0683,-0.0389,89.2574,0.2064,-0.0039,0.8926,2.0041,-0.0858,81.4635,0.2,-0.0086,0.8146,2.0461,-0.0371,89.4295,0.2042,-0.0037,0.8943,e93a2b3,,18992fa,2026-09-04T19:21:08+00:00
45680,65.4094,1.1467,0.116,1.1467,1.1577,0.011,120.116,0.1171,0.0011,1.2012,1.1511,0.0044,57.025,0.1164,0.0004,0.5703,1.1772,0.0305,156.1357,0.1191,0.0031,1.5614,1.1165,-0.0302,55.4192,0.1129,-0.0031,0.5542,1.1669,0.0202,164.0784,0.118,0.0021,1.6408,1.1609,0.0142,183.4067,0.1174,0.0015,1.8341,1.1394,-0.0073,85.4015,0.1152,-0.0007,0.854,1.3234,-0.0232,57.6461,0.1338,-0.0024,0.5765,1.1465,-0.0002,232.3524,0.116,-0.0,2.3235,1.1271,-0.0196,132.9984,0.114,-0.002,1.33,1.1507,-0.0013,142.0042,0.1164,-0.0001,1.42,e93a2b3,,18992fa,2026-09-04T19:21:08+00:00
45690,59.5444,0.5446,0.056,0.5446,0.5756,0.031,341.4907,0.0592,0.0032,3.4149,0.5335,-0.0111,54.4864,0.0549,-0.0012,0.5449,0.5722,0.0277,109.9192,0.0589,0.0028,1.0992,0.4837,-0.0608,48.09,0.0498,-0.0062,0.4809,0.5986,0.0541,389.5663,0.0616,0.0056,3.8957,0.578,0.0335,256.3663,0.0595,0.0035,2.5637,0.5334,-0.0111,68.7838,0.0549,-0.0012,0.6878,0.5818,-0.0317,69.7043,0.0599,-0.0032,0.697,0.5402,-0.0044,178.4293,0.0556,-0.0004,1.7843,0.5178,-0.0268,114.3851,0.0533,-0.0027,1.1439,0.5367,-0.0079,110.3977,0.0552,-0.0008,1.104,e93a2b3,,18992fa,2026-09-04T19:21:08+00:00
46106,16.3548,0.0003,0.0,0.0003,0.0005,0.0002,392.4802,0.0,0.0,3.9248,,,,,,,,,,,,,,,,,,,,,,,,,,,,,,,0.0,-0.0003,67.1593,0.0,-0.0,0.6716,0.0,-0.0001,1.4811,0.0,-0.0,0.0148,,,,,,,,,,,,,0.0,-0.0001,2.3583,0.0,-0.0,0.0236,e93a2b3,,18992fa,2026-09-04T19:21:08+00:00
46110,23.8324,0.0,0.0,0.0,0.0001,0.0,560.5914,0.0,0.0,5.6059,,,,,,,0.0,-0.0,50.7703,0.0,-0.0,0.5077,0.0,-0.0,83.4694,0.0,-0.0,0.8347,0.0007,0.0007,3037.0452,0.0001,0.0001,30.3705,,,,,,,0.0,-0.0,52.2898,0.0,-0.0,0.5229,0.0,-0.0,63.9853,0.0,-0.0,0.6399,,,,,,,0.0,-0.0,17.4967,0.0,-0.0,0.175,0.0,-0.0,5.9351,0.0,-0.0,0.0594,e93a2b3,,18992fa,2026-09-04T19:21:08+00:00
46120,27.7541,0.0001,0.0,0.0001,0.0001,0.0,817.6403,0.0,0.0,8.1764,0.0,-0.0,0.9889,0.0,-0.0,0.0099,0.0,-0.0001,25.5788,0.0,-0.0,0.2558,0.0002,0.0,111.7902,0.0,0.0,1.1179,0.0015,0.0014,10005.2031,0.0001,0.0001,100.052,,,,,,,0.0,-0.0,40.008,0.0,-0.0,0.4001,0.0,-0.0,89.4611,0.0,-0.0,0.8946,,,,,,,0.0,-0.0,71.9326,0.0,-0.0,0.7193,0.0,-0.0,15.9798,0.0,-0.0,0.1598,e93a2b3,,18992fa,2026-09-04T19:21:08+00:00
46130,15.9025,0.0001,0.0,0.0001,0.0001,-0.0,235.0023,0.0,-0.0,2.35,,,,,,,0.0,-0.0,56.7716,0.0,-0.0,0.5677,0.0001,-0.0,87.8944,0.0,-0.0,0.8789,0.0006,0.0005,3344.6304,0.0001,0.0,33.4463,,,,,,,0.0,-0.0,45.4782,0.0,-0.0,0.4548,0.0,-0.0,26.6399,0.0,-0.0,0.2664,,,,,,,0.0,-0.0,29.8189,0.0,-0.0,0.2982,0.0,-0.0,19.3248,0.0,-0.0,0.1932,e93a2b3,,18992fa,2026-09-04T19:21:08+00:00
46140,24.4718,0.0,0.0,0.0,0.0001,0.0,1416.4446,0.0,0.0,14.1644,,,,,,,0.0,-0.0,61.9717,0.0,-0.0,0.6197,0.0,-0.0,22.0552,0.0,-0.0,0.2206,0.0013,0.0012,5521.9233,0.0001,0.0001,55.2192,,,,,,,0.0,-0.0,44.8271,0.0,-0.0,0.4483,0.0,-0.0,84.5107,0.0,-0.0,0.8451,,,,,,,0.0,-0.0,18.6584,0.0,-0.0,0.1866,0.0,-0.0,4.166,0.0,-0.0,0.0417,e93a2b3,,18992fa,2026-09-04T19:21:08+00:00
46160,24.4887,0.0951,0.0091,0.0951,0.1246,0.0295,3668.1301,0.0119,0.0028,36.6813,0.2911,-0.0109,90.8358,0.0279,-0.001,0.9084,0.4442,0.0856,147.0703,0.0426,0.0082,1.4707,0.3181,-0.0966,58.6932,0.0305,-0.0093,0.5869,0.3994,0.0699,237.5687,0.0383,0.0067,2.3757,0.2942,-0.0701,125.885,0.0282,-0.0067,1.2588,0.1831,-0.0105,317.5659,0.0175,-0.001,3.1757,0.2617,0.0066,69.4902,0.0251,0.0006,0.6949,0.3942,0.0053,76.0161,0.0378,0.0005,0.7602,0.2584,-0.0309,94.7123,0.0248,-0.003,0.9471,0.185,-0.0401,121.7947,0.0177,-0.0038,1.2179,e93a2b3,,18992fa,2026-09-04T19:21:08+00:00
46172,24.3122,0.0104,0.001,0.0104,0.0216,0.0087,86.1662,0.0022,0.0009,0.8617,0.0075,-0.0092,242.1401,0.0008,-0.0009,2.4214,0.0718,0.0338,208.3669,0.0072,0.0034,2.0837,0.0199,-0.1012,9.7375,0.002,-0.0102,0.0974,0.0514,0.0302,594.5662,0.0052,0.003,5.9457,0.0258,0.0034,616.8839,0.0026,0.0003,6.1688,0.0151,-0.0031,109.7225,0.0015,-0.0003,1.0972,0.0001,-0.0199,12.6747,0.0,-0.002,0.1267,0.0121,-0.0442,7.7974,0.0012,-0.0044,0.078,0.0163,-0.002,336.3127,0.0016,-0.0002,3.3631,0.0237,0.0067,273.8218,0.0024,0.0007,2.7382,e93a2b3,,18992fa,2026-09-04T19:21:08+00:00
46173,12.1716,0.0002,0.0,0.0002,0.0002,0.0,111.2034,0.0,0.0,1.112,,,,,,,,,,,,,,,,,,,0.0,-0.0004,0.6408,0.0,-0.0,0.0064,,,,,,,0.0001,0.0,80.9894,0.0,0.0,0.8099,0.0,-0.0002,12.5656,0.0,-0.0,0.1257,,,,,,,0.0001,-0.0001,49.6803,0.0,-0.0,0.4968,0.0001,0.0,170.3024,0.0,0.0,1.703,e93a2b3,,18992fa,2026-09-04T19:21:08+00:00
46174,41.9348,0.0749,0.0076,0.0749,0.1472,0.0512,338.7555,0.0149,0.0052,3.3876,0.077,0.0011,69.4181,0.0078,0.0001,0.6942,0.1867,0.0636,286.3676,0.0189,0.0064,2.8637,0.1237,-0.0452,60.5113,0.0125,-0.0046,0.6051,0.1414,0.0382,414.4942,0.0143,0.0039,4.1449,0.1057,0.0115,1554.485,0.0107,0.0012,15.5448,0.0959,0.0016,332.0906,0.0097,0.0002,3.3209,0.0059,-0.089,16.1911,0.0006,-0.009,0.1619,0.0654,-0.0618,36.5612,0.0066,-0.0063,0.3656,0.0858,-0.0084,425.0135,0.0087,-0.0009,4.2501,0.0857,-0.0041,107.3072,0.0087,-0.0004,1.0731,e93a2b3,,18992fa,2026-09-04T19:21:08+00:00
46175,11.2086,0.0,0.0,0.0,0.0,0.0,143.3119,0.0,0.0,1.4331,,,,,,,,,,,,,,,,,,,,,,,,,,,,,,,0.0,-0.0,44.1224,0.0,-0.0,0.4412,0.0,-0.0,10.9843,0.0,-0.0,0.1098,,,,,,,0.0,-0.0,40.6651,0.0,-0.0,0.4067,0.0,0.0,203.4078,0.0,0.0,2.0341,e93a2b3,,18992fa,2026-09-04T19:21:08+00:00
46176,22.5771,0.0019,0.0002,0.0019,0.0111,0.0085,436.4932,0.0011,0.0009,4.3649,0.0,-0.0024,31.4105,0.0,-0.0002,0.3141,0.0097,0.0057,126.3789,0.001,0.0006,1.2638,0.0,-0.0304,0.1342,0.0,-0.0031,0.0013,0.0191,0.0151,867.7491,0.0019,0.0015,8.6775,0.003,0.0008,577.9252,0.0003,0.0001,5.7793,0.0024,0.0004,410.0199,0.0002,0.0,4.1002,0.0001,-0.0029,10.5471,0.0,-0.0003,0.1055,0.0004,-0.0046,9.7982,0.0,-0.0005,0.098,0.0028,0.0008,368.3912,0.0003,0.0001,3.6839,0.0019,-0.0003,115.6954,0.0002,-0.0,1.157,e93a2b3,,18992fa,2026-09-04T19:21:08+00:00
46177,28.3315,0.2054,0.0198,0.2054,0.3588,0.1049,329.7799,0.0346,0.0101,3.2978,0.4188,-0.019,78.7621,0.0403,-0.0018,0.7876,0.5439,0.1481,397.1299,0.0524,0.0143,3.9713,0.3634,-0.1026,59.3167,0.035,-0.0099,0.5932,0.4432,0.0897,422.0347,0.0427,0.0087,4.2203,0.2654,-0.0459,96.3665,0.0256,-0.0044,0.9637,0.2449,0.0068,317.3291,0.0236,0.0007,3.1733,0.37,-0.0049,69.3103,0.0356,-0.0005,0.6931,0.4457,-0.0209,71.2879,0.0429,-0.002,0.7129,0.2459,-0.0147,120.1966,0.0237,-0.0014,1.202,0.1501,-0.0597,177.0516,0.0144,-0.0057,1.7705,e93a2b3,,18992fa,2026-09-04T19:21:08+00:00
46178,44.5481,0.0772,0.0078,0.0772,0.1367,0.0536,300.7151,0.0137,0.0054,3.0072,0.0766,-0.0193,46.5165,0.0077,-0.0019,0.4652,0.1105,0.0153,115.5946,0.0111,0.0015,1.1559,0.1014,-0.044,55.0515,0.0102,-0.0044,0.5505,0.1336,0.0479,361.7712,0.0134,0.0048,3.6177,0.0807,-0.0039,153.7617,0.0081,-0.0004,1.5376,0.0989,0.0187,240.7927,0.0099,0.0019,2.4079,0.0322,-0.053,21.274,0.0032,-0.0053,0.2127,0.0552,-0.049,39.4363,0.0055,-0.0049,0.3944,0.0782,-0.004,223.5004,0.0079,-0.0004,2.235,0.0981,0.0209,403.1332,0.0099,0.0021,4.0313,e93a2b3,,18992fa,2026-09-04T19:21:08+00:00
46180,60.825,1.4466,0.139,1.4466,1.6894,0.1068,130.4709,0.1624,0.0103,1.3047,1.5522,-0.0354,83.0746,0.1492,-0.0034,0.8307,1.7785,0.1909,153.0732,0.1709,0.0183,1.5307,1.591,-0.0169,90.6403,0.1529,-0.0016,0.9064,1.6267,0.0441,116.1688,0.1564,0.0042,1.1617,1.4626,-0.1201,68.7853,0.1406,-0.0115,0.6879,1.5232,0.0116,104.1225,0.1464,0.0011,1.0412,1.6158,0.0079,101.997,0.1553,0.0008,1.02,1.6411,0.0281,105.4067,0.1577,0.0027,1.0541,1.3902,-0.0904,111.3952,0.1336,-0.0087,1.114,1.407,-0.048,99.19,0.1352,-0.0046,0.9919,e93a2b3,,18992fa,2026-09-04T19:21:08+00:00
46190,82.5864,0.523,0.0501,0.523,0.5385,0.0154,107.4735,0.0516,0.0015,1.0747,0.4998,-0.0232,73.9908,0.0479,-0.0022,0.7399,0.6046,0.0816,186.9486,0.058,0.0078,1.8695,0.5066,-0.0164,86.5646,0.0485,-0.0016,0.8656,0.5328,0.0098,117.8019,0.0511,0.0009,1.178,0.4797,-0.0433,58.7918,0.046,-0.0042,0.5879,0.5174,-0.0056,91.3584,0.0496,-0.0005,0.9136,0.5322,0.0092,111.1992,0.051,0.0009,1.112,0.5237,0.0007,99.4204,0.0502,0.0001,0.9942,0.4911,-0.0319,69.2839,0.0471,-0.0031,0.6928,0.533,0.0099,110.9918,0.0511,0.001,1.1099,e93a2b3,,18992fa,2026-09-04T19:21:08+00:00
46191,14.7061,0.0,0.0,0.0,,,,,,,,,,,,,,,,,,,,,,,,,,,,,,,,,,,,,,,,,,,,,,,,,,,,,,,,,,,,,0.0,0.0,100.0,0.0,0.0,1.0,e93a2b3,,18992fa,2026-09-04T19:21:08+00:00
46192,61.9716,0.2499,0.0249,0.2499,0.3536,0.0962,200.22,0.0352,0.0096,2.0022,0.2604,-0.0368,71.1288,0.026,-0.0036,0.7113,0.312,0.0398,122.2855,0.0311,0.004,1.2229,0.2591,-0.0414,73.7489,0.0258,-0.0041,0.7375,0.3001,0.0441,171.2119,0.0299,0.0044,1.7121,0.2116,-0.0445,77.5709,0.0211,-0.0044,0.7757,0.2856,0.0345,199.8859,0.0284,0.0034,1.9989,0.2346,-0.0293,68.1593,0.0234,-0.0029,0.6816,0.2637,-0.0268,73.0414,0.0263,-0.0027,0.7304,0.2461,-0.005,180.734,0.0245,-0.0005,1.8073,0.2497,-0.0002,163.5041,0.0249,-0.0,1.635,e93a2b3,,18992fa,2026-09-04T19:21:08+00:00
46194,27.3647,0.0863,0.0083,0.0863,0.299,0.1449,800.8441,0.0289,0.014,8.0084,0.1275,-0.0811,29.9441,0.0123,-0.0078,0.2994,0.3704,0.1856,1458.3816,0.0358,0.018,14.5838,0.1962,-0.0523,50.4015,0.019,-0.0051,0.504,0.3195,0.1293,478.6802,0.0309,0.0125,4.7868,0.155,-0.0605,62.7399,0.015,-0.0059,0.6274,0.1472,0.0428,332.7902,0.0142,0.0041,3.3279,0.1595,-0.0063,53.9712,0.0154,-0.0006,0.5397,0.2919,0.0115,80.0629,0.0282,0.0011,0.8006,0.1045,0.0182,693.0115,0.0101,0.0018,6.9301,0.0845,-0.012,94.3244,0.0082,-0.0012,0.9432,e93a2b3,,18992fa,2026-09-04T19:21:08+00:00
46195,63.5832,0.5778,0.0561,0.5778,0.7347,0.1041,165.0178,0.0714,0.0101,1.6502,0.5865,-0.0837,71.8277,0.0569,-0.0082,0.7183,0.8386,0.1779,183.479,0.0815,0.0173,1.8348,0.6357,-0.0478,83.6762,0.0617,-0.0047,0.8368,0.6881,0.0488,126.9065,0.0669,0.0048,1.2691,0.4807,-0.1586,61.0731,0.0466,-0.0154,0.6107,0.614,0.0289,125.9062,0.0597,0.0028,1.2591,0.6634,0.0181,92.0072,0.0644,0.0018,0.9201,0.7465,0.0351,99.4606,0.0725,0.0034,0.9946,0.5059,-0.0743,139.0836,0.0491,-0.0072,1.3908,0.5242,-0.0536,128.3899,0.0509,-0.0052,1.2839,e93a2b3,,18992fa,2026-09-04T19:21:08+00:00
46196,85.268,1.062,0.1049,1.062,1.0904,0.0284,109.158,0.1077,0.0028,1.0916,1.0559,-0.0061,104.3718,0.1043,-0.0006,1.0437,1.1436,0.0816,136.7316,0.1129,0.008,1.3673,1.0092,-0.0528,78.8593,0.0997,-0.0052,0.7886,1.0593,-0.0027,96.66,0.1046,-0.0003,0.9666,1.0069,-0.0551,81.429,0.0994,-0.0054,0.8143,1.0872,0.0251,112.7739,0.1073,0.0025,1.1277,1.0494,-0.0126,91.0014,0.1036,-0.0012,0.91,1.0691,0.0071,103.7435,0.1056,0.0007,1.0374,1.0243,-0.0377,84.2986,0.1012,-0.0037,0.843,1.0486,-0.0134,97.4703,0.1035,-0.0013,0.9747,e93a2b3,,18992fa,2026-09-04T19:21:08+00:00
46197,84.976,1.0014,0.0976,1.0014,1.051,0.0496,111.0721,0.1024,0.0048,1.1107,0.9435,-0.0579,87.0313,0.092,-0.0056,0.8703,1.179,0.1776,140.2334,0.1149,0.0173,1.4023,0.9537,-0.0477,89.1189,0.093,-0.0046,0.8912,1.0004,-0.001,99.7761,0.0975,-0.0001,0.9978,0.8768,-0.1247,71.9174,0.0855,-0.0121,0.7192,1.0197,0.0182,104.1861,0.0994,0.0018,1.0419,1.0367,0.0353,107.9946,0.101,0.0034,1.0799,1.0137,0.0123,102.6837,0.0988,0.0012,1.0268,0.9007,-0.1007,77.3211,0.0878,-0.0098,0.7732,0.9882,-0.0132,97.2103,0.0963,-0.0013,0.9721,e93a2b3,,18992fa,2026-09-04T19:21:08+00:00
46198,89.6738,1.4303,0.1383,1.4303,1.4685,0.0382,110.2841,0.142,0.0037,1.1028,1.4157,-0.0146,91.6324,0.1369,-0.0014,0.9163,1.5745,0.1443,156.8697,0.1523,0.014,1.5687,1.4153,-0.015,89.6026,0.1369,-0.0015,0.896,1.433,0.0027,99.2844,0.1386,0.0003,0.9928,1.3539,-0.0764,69.7506,0.1309,-0.0074,0.6975,1.4386,0.0084,102.2302,0.1391,0.0008,1.0223,1.4413,0.011,104.4384,0.1394,0.0011,1.0444,1.4205,-0.0098,99.3913,0.1374,-0.0009,0.9939,1.355,-0.0753,75.5035,0.1311,-0.0073,0.755,1.4102,-0.0201,102.4755,0.1364,-0.0019,1.0248,e93a2b3,,18992fa,2026-09-04T19:21:08+00:00
46199,69.1415,0.179,0.0174,0.179,0.1774,-0.0015,87.9952,0.0173,-0.0002,0.88,0.1933,0.0143,194.9083,0.0189,0.0014,1.9491,0.2552,0.0762,390.4273,0.0249,0.0074,3.9043,0.1519,-0.0271,42.7037,0.0148,-0.0026,0.427,0.1778,-0.0012,94.6038,0.0173,-0.0001,0.946,0.161,-0.0179,86.0494,0.0157,-0.0017,0.8605,0.1961,0.0171,154.5496,0.0191,0.0017,1.5455,0.1646,-0.0143,58.2197,0.016,-0.0014,0.5822,0.1862,0.0072,121.0594,0.0182,0.0007,1.2106,0.1464,-0.0326,46.3876,0.0143,-0.0032,0.4639,0.1826,0.0036,122.7824,0.0178,0.0004,1.2278,e93a2b3,,18992fa,2026-09-04T19:21:08+00:00
46211,32.7484,0.0001,0.0,0.0001,0.0004,0.0003,397.9458,0.0,0.0,3.9795,0.0,-0.0002,0.3973,0.0,-0.0,0.004,0.0,-0.0002,0.7136,0.0,-0.0,0.0071,0.0,-0.0002,3.4033,0.0,-0.0,0.034,0.0021,0.002,2391.5205,0.0002,0.0002,23.9152,,,,,,,0.0001,-0.0,73.4378,0.0,-0.0,0.7344,0.0001,-0.0,67.5996,0.0,-0.0,0.676,,,,,,,0.0001,-0.0,97.7878,0.0,-0.0,0.9779,,,,,,,e93a2b3,,18992fa,2026-09-04T19:21:08+00:00
46212,30.8531,0.0001,0.0,0.0001,0.0004,0.0003,891.4907,0.0,0.0,8.9149,,,,,,,0.0,-0.0,16.4999,0.0,-0.0,0.165,,,,,,,0.0001,0.0001,314.1963,0.0,0.0,3.142,,,,,,,0.0002,0.0001,258.5151,0.0,0.0,2.5852,0.0,-0.0,68.2004,0.0,-0.0,0.682,,,,,,,0.0,-0.0,102.9347,0.0,-0.0,1.0293,0.0,-0.0001,0.8597,0.0,-0.0,0.0086,e93a2b3,,18992fa,2026-09-04T19:21:08+00:00
46213,24.1055,0.0002,0.0,0.0002,0.0009,0.0007,2928.833,0.0001,0.0001,29.2883,,,,,,,0.0009,0.0006,447.6173,0.0001,0.0001,4.4762,0.0,-0.0001,28.9435,0.0,-0.0,0.2894,0.0011,0.0009,2010.4436,0.0001,0.0001,20.1044,0.0,-0.0001,0.5623,0.0,-0.0,0.0056,0.0006,0.0005,817.4611,0.0001,0.0,8.1746,0.0,-0.0001,65.8982,0.0,-0.0,0.659,,,,,,,0.0,-0.0001,48.5341,0.0,-0.0,0.4853,0.0,-0.0002,6.6773,0.0,-0.0,0.0668,e93a2b3,,18992fa,2026-09-04T19:21:08+00:00
46214,27.0242,0.0625,0.0057,0.0625,0.0845,0.022,2568.2178,0.0077,0.002,25.6822,0.135,-0.026,38.6882,0.0124,-0.0024,0.3869,0.235,0.1039,2094.5366,0.0215,0.0095,20.9454,0.1668,-0.0261,37.157,0.0153,-0.0024,0.3716,0.0815,-0.0023,270.8706,0.0075,-0.0002,2.7087,0.1265,-0.088,28.2329,0.0116,-0.0081,0.2823,0.0733,0.0108,2231.1978,0.0067,0.001,22.312,0.0952,0.0167,114.7942,0.0087,0.0015,1.1479,0.283,-0.0488,58.8801,0.0259,-0.0045,0.5888,0.1681,0.0454,342.9682,0.0154,0.0042,3.4297,0.084,-0.0388,28.0829,0.0077,-0.0035,0.2808,e93a2b3,,18992fa,2026-09-04T19:21:08+00:00
46216,20.215,0.011,0.001,0.011,0.0307,0.0197,26628.1543,0.0029,0.0019,266.2815,0.0222,-0.0123,74.4257,0.0021,-0.0012,0.7443,0.1418,0.0681,1584.9669,0.0135,0.0065,15.8497,0.0548,-0.0742,21.0002,0.0052,-0.0071,0.21,0.0614,0.0176,54.0465,0.0058,0.0017,0.5405,0.0679,-0.0058,78.7459,0.0065,-0.0005,0.7875,0.0247,0.0055,1613.457,0.0024,0.0005,16.1346,0.0402,0.0064,124.38,0.0038,0.0006,1.2438,0.0714,-0.0481,28.1792,0.0068,-0.0046,0.2818,0.0393,-0.0023,85.788,0.0037,-0.0002,0.8579,0.028,-0.0051,174.9981,0.0027,-0.0005,1.75,e93a2b3,,18992fa,2026-09-04T19:21:08+00:00
46217,29.5441,0.1397,0.0131,0.1397,0.1668,0.0271,7769.166,0.0156,0.0026,77.6916,0.1849,-0.0479,69.3107,0.0172,-0.0045,0.6931,0.3748,0.1229,1145.6813,0.035,0.0115,11.4568,0.2293,-0.0369,59.6565,0.0214,-0.0035,0.5966,0.239,0.0029,107.9484,0.0223,0.0003,1.0795,0.1778,-0.0867,80.9465,0.0166,-0.0081,0.8095,0.1921,0.0191,1702.7598,0.018,0.0018,17.0276,0.2245,0.0264,111.4425,0.021,0.0025,1.1144,0.2796,-0.0186,72.3849,0.0261,-0.0017,0.7238,0.2247,0.0063,270.3313,0.0209,0.0005,2.7033,0.1498,-0.0437,73.0131,0.014,-0.0041,0.7301,e93a2b3,,18992fa,2026-09-04T19:21:08+00:00
46218,38.1196,0.1666,0.0157,0.1666,0.2266,0.06,7360.583,0.0213,0.0056,73.6058,0.1303,-0.0855,50.0769,0.0122,-0.0081,0.5008,0.3463,0.1458,1725.4835,0.0326,0.0137,17.2548,0.2605,0.0381,96.4034,0.0245,0.0036,0.964,0.1905,-0.0157,89.4864,0.0179,-0.0015,0.8949,0.1449,-0.0613,59.4979,0.0136,-0.0058,0.595,0.2131,0.0378,1183.5388,0.02,0.0036,11.8354,0.245,0.0535,126.0852,0.0231,0.005,1.2609,0.2159,-0.0209,72.1336,0.0203,-0.002,0.7213,0.2035,0.0134,656.6146,0.0191,0.0012,6.5661,0.15,-0.03,77.8992,0.0141,-0.0028,0.779,e93a2b3,,18992fa,2026-09-04T19:21:08+00:00
46219,40.6498,0.1466,0.0135,0.1466,0.1845,0.038,1136.3221,0.017,0.0035,11.3632,0.1218,-0.0287,72.1035,0.0113,-0.0027,0.721,0.2622,0.1121,1353.318,0.0242,0.0104,13.5332,0.1816,0.0277,151.3097,0.0168,0.0026,1.5131,0.1233,-0.0299,66.0385,0.0114,-0.0028,0.6604,0.1019,-0.0491,61.1362,0.0094,-0.0045,0.6114,0.1743,0.0264,552.4433,0.0161,0.0024,5.5244,0.1847,0.036,134.2535,0.0171,0.0033,1.3425,0.1572,0.0011,96.5983,0.0145,0.0001,0.966,0.1396,-0.0091,272.2161,0.0129,-0.0008,2.7222,0.1067,-0.0417,59.0122,0.0099,-0.0039,0.5901,e93a2b3,,18992fa,2026-09-04T19:21:08+00:00
46220,32.4866,0.0001,0.0,0.0001,0.0006,0.0005,697.5165,0.0,0.0,6.9752,,,,,,,0.0001,-0.0001,30.3869,0.0,-0.0,0.3039,0.0,-0.0001,7.5555,0.0,-0.0,0.0756,0.0007,0.0006,1135.7426,0.0001,0.0,11.3574,,,,,,,0.0004,0.0003,333.9915,0.0,0.0,3.3399,0.0001,-0.0001,62.3078,0.0,-0.0,0.6231,,,,,,,0.0002,0.0,134.7185,0.0,0.0,1.3472,0.0,-0.0001,0.9258,0.0,-0.0,0.0093,e93a2b3,,18992fa,2026-09-04T19:21:08+00:00
46230,35.132,0.0004,0.0,0.0004,0.0026,0.0022,491.4333,0.0002,0.0002,4.9143,0.0,-0.0025,0.0564,0.0,-0.0002,0.0006,0.0003,-0.0002,26.5174,0.0,-0.0,0.2652,0.003,0.0025,498.1425,0.0002,0.0002,4.9814,0.0013,0.0009,1156.0455,0.0001,0.0001,11.5605,0.0,-0.0091,0.0104,0.0,-0.0007,0.0001,0.001,0.0006,172.9596,0.0001,0.0,1.7296,0.0002,-0.0002,55.4052,0.0,-0.0,0.5541,,,,,,,0.0005,0.0,141.9135,0.0,0.0,1.4191,,,,,,,e93a2b3,,18992fa,2026-09-04T19:21:08+00:00
46241,37.2526,0.0111,0.0009,0.0111,0.0374,0.0263,1032.7721,0.003,0.0021,10.3277,0.0096,-0.0084,31.7078,0.0007,-0.0007,0.3171,0.0206,0.0095,243.2135,0.0016,0.0008,2.4321,0.0235,0.0121,899.1952,0.0019,0.001,8.9919,0.0008,-0.0126,40.5812,0.0001,-0.001,0.4058,0.0048,-0.0121,9.6262,0.0004,-0.001,0.0963,0.029,0.0178,502.1575,0.0023,0.0014,5.0216,0.0488,0.0377,1360.2432,0.0038,0.003,13.6024,0.0014,-0.0245,3.0525,0.0001,-0.0019,0.0305,0.0099,-0.0012,72.9755,0.0008,-0.0001,0.7298,0.0009,-0.0155,9.2576,0.0001,-0.0012,0.0926,e93a2b3,,18992fa,2026-09-04T19:21:08+00:00
46242,36.7658,0.0064,0.0005,0.0064,0.0254,0.019,1217.2675,0.002,0.0015,12.1727,0.0004,-0.0049,14.0409,0.0,-0.0004,0.1404,0.0058,-0.0005,317.967,0.0005,-0.0,3.1797,0.0186,0.0123,967.0743,0.0015,0.001,9.6707,0.001,-0.0054,40.9844,0.0001,-0.0004,0.4098,0.0,-0.003,0.0953,0.0,-0.0002,0.001,0.0288,0.0224,1337.4039,0.0023,0.0018,13.374,0.0269,0.0205,1238.6176,0.0022,0.0016,12.3862,0.0,-0.0032,0.304,0.0,-0.0003,0.003,0.0004,-0.0059,23.0516,0.0,-0.0005,0.2305,0.0,-0.0035,0.0426,0.0,-0.0003,0.0004,e93a2b3,,18992fa,2026-09-04T19:21:08+00:00
46243,37.1836,0.0149,0.0012,0.0149,0.0569,0.042,1025.1638,0.0045,0.0033,10.2516,0.0173,0.0024,92.4702,0.0014,0.0002,0.9247,0.0351,0.0202,445.3563,0.0028,0.0016,4.4536,0.0261,0.0112,513.5741,0.0021,0.0009,5.1357,0.0004,-0.0145,5.9373,0.0,-0.0011,0.0594,0.0,-0.0148,0.0636,0.0,-0.0012,0.0006,0.0788,0.064,1448.5815,0.0062,0.005,14.4858,0.0576,0.0427,993.5291,0.0045,0.0034,9.9353,0.0002,-0.0147,0.8674,0.0,-0.0012,0.0087,0.0024,-0.0124,21.0672,0.0002,-0.001,0.2107,0.0,-0.0166,0.0134,0.0,-0.0013,0.0001,e93a2b3,,18992fa,2026-09-04T19:21:08+00:00
46244,35.9105,0.0344,0.0027,0.0344,0.0679,0.0335,208.4258,0.0053,0.0026,2.0843,0.0699,0.0356,196.8052,0.0054,0.0028,1.9681,0.0732,0.0388,213.6698,0.0057,0.003,2.1367,0.0345,0.0002,101.1284,0.0027,0.0,1.0113,0.0008,-0.0336,2.0913,0.0001,-0.0026,0.0209,0.0005,-0.0339,1.4071,0.0,-0.0026,0.0141,0.0843,0.0499,255.2037,0.0065,0.0039,2.552,0.0749,0.0405,225.6685,0.0058,0.0031,2.2567,0.003,-0.0314,8.0623,0.0002,-0.0024,0.0806,0.0151,-0.0193,41.5895,0.0012,-0.0015,0.4159,0.0,-0.0346,0.0671,0.0,-0.0027,0.0007,e93a2b3,,18992fa,2026-09-04T19:21:08+00:00
46245,36.8397,0.0007,0.0001,0.0007,0.0116,0.0109,1464.1541,0.0009,0.0009,14.6415,0.0,-0.0006,4.9605,0.0,-0.0,0.0496,0.0037,0.003,398.1017,0.0003,0.0002,3.981,0.0102,0.0095,1834.4131,0.0008,0.0008,18.3441,0.0004,-0.0003,72.8997,0.0,-0.0,0.729,0.0,-0.0008,1.477,0.0,-0.0001,0.0148,0.0015,0.0008,137.998,0.0001,0.0001,1.38,0.0129,0.0122,1914.4316,0.001,0.001,19.1443,0.0,-0.0017,0.0767,0.0,-0.0001,0.0008,0.0003,-0.0004,42.2998,0.0,-0.0,0.423,0.0002,-0.0007,11.2891,0.0,-0.0001,0.1129,e93a2b3,,18992fa,2026-09-04T19:21:08+00:00
46246,33.1656,0.0003,0.0,0.0003,0.0009,0.0006,392.7964,0.0001,0.0001,3.928,,,,,,,0.0003,-0.0,95.6318,0.0,-0.0,0.9563,0.0001,-0.0002,32.9431,0.0,-0.0,0.3294,0.0,-0.0001,17.4932,0.0,-0.0,0.1749,,,,,,,0.0004,0.0001,151.9721,0.0,0.0,1.5197,0.0001,-0.0002,35.1704,0.0,-0.0,0.3517,,,,,,,0.0004,0.0002,191.5257,0.0,0.0,1.9153,,,,,,,e93a2b3,,18992fa,2026-09-04T19:21:08+00:00
46247,34.2203,0.0004,0.0,0.0004,0.0019,0.0015,510.8381,0.0002,0.0001,5.1084,,,,,,,0.0,-0.0004,4.9363,0.0,-0.0,0.0494,0.0015,0.0011,328.7278,0.0001,0.0001,3.2873,0.0012,0.0008,387.5658,0.0001,0.0001,3.8757,,,,,,,0.0001,-0.0003,36.2785,0.0,-0.0,0.3628,0.0002,-0.0002,66.7795,0.0,-0.0,0.6678,,,,,,,0.0005,0.0001,158.0352,0.0,0.0,1.5804,,,,,,,e93a2b3,,18992fa,2026-09-04T19:21:08+00:00
46251,35.6556,0.0014,0.0001,0.0014,0.0161,0.0147,1823.6719,0.0013,0.0012,18.2367,0.0007,-0.0024,10.5171,0.0001,-0.0002,0.1052,0.0085,0.007,513.5781,0.0007,0.0006,5.1358,0.003,0.0014,208.9932,0.0002,0.0001,2.0899,0.0004,-0.0013,68.5507,0.0,-0.0001,0.6855,0.0006,-0.0013,17.2861,0.0,-0.0001,0.1729,0.0123,0.0108,1107.3778,0.001,0.0009,11.0738,0.0096,0.0082,703.4705,0.0008,0.0007,7.0347,0.0004,-0.0022,7.5651,0.0,-0.0002,0.0757,0.0013,-0.0001,117.5023,0.0001,-0.0,1.175,0.002,0.0004,92.1522,0.0002,0.0,0.9215,e93a2b3,,18992fa,2026-09-04T19:21:08+00:00
46252,28.8639,0.0,0.0,0.0,0.0005,0.0005,3705.9761,0.0,0.0,37.0598,,,,,,,0.0,-0.0001,0.6997,0.0,-0.0,0.007,,,,,,,0.0001,0.0001,164.2699,0.0,0.0,1.6427,,,,,,,0.0001,0.0,177.9911,0.0,0.0,1.7799,0.0,-0.0,45.2913,0.0,-0.0,0.4529,,,,,,,0.0,-0.0,35.0343,0.0,-0.0,0.3503,,,,,,,e93a2b3,,18992fa,2026-09-04T19:21:08+00:00
46253,34.5101,0.0013,0.0001,0.0013,0.0182,0.0169,4343.646,0.0015,0.0014,43.4365,0.0,-0.0005,1.1464,0.0,-0.0,0.0115,0.0037,0.0024,748.092,0.0003,0.0002,7.4809,0.0092,0.0079,2145.5256,0.0007,0.0006,21.4553,0.0001,-0.0012,14.6784,0.0,-0.0001,0.1468,0.0,-0.0013,5.2568,0.0,-0.0001,0.0526,0.0113,0.01,1895.1483,0.0009,0.0008,18.9515,0.0138,0.0125,3848.9736,0.0011,0.001,38.4897,0.0,-0.001,1.468,0.0,-0.0001,0.0147,0.0003,-0.001,48.8562,0.0,-0.0001,0.4886,0.0001,-0.0012,10.536,0.0,-0.0001,0.1054,e93a2b3,,18992fa,2026-09-04T19:21:08+00:00
46254,29.8886,0.0001,0.0,0.0001,0.0009,0.0008,3124.1863,0.0001,0.0001,31.2419,,,,,,,0.0,-0.0002,0.7952,0.0,-0.0,0.008,0.0,-0.0002,0.4191,0.0,-0.0,0.0042,0.0002,0.0001,148.4689,0.0,0.0,1.4847,,,,,,,0.0005,0.0004,369.2095,0.0,0.0,3.6921,0.0,-0.0001,23.3281,0.0,-0.0,0.2333,,,,,,,0.0001,-0.0001,69.2779,0.0,-0.0,0.6928,0.0,-0.0001,0.6372,0.0,-0.0,0.0064,e93a2b3,,18992fa,2026-09-04T19:21:08+00:00
46255,33.8168,0.0004,0.0,0.0004,0.0011,0.0007,346.9998,0.0001,0.0001,3.47,,,,,,,0.0,-0.0004,2.4179,0.0,-0.0,0.0242,0.0,-0.0001,0.5261,0.0,-0.0,0.0053,0.0007,0.0002,145.5099,0.0001,0.0,1.4551,,,,,,,0.0019,0.0015,520.3215,0.0002,0.0001,5.2032,0.0001,-0.0003,31.2643,0.0,-0.0,0.3126,,,,,,,0.0002,-0.0002,73.1934,0.0,-0.0,0.7319,0.0,-0.0003,0.7882,0.0,-0.0,0.0079,e93a2b3,,18992fa,2026-09-04T19:21:08+00:00
46256,36.1795,0.0002,0.0,0.0002,0.0032,0.003,1462.9373,0.0003,0.0002,14.6294,0.0,-0.0003,0.5431,0.0,-0.0,0.0054,0.0003,0.0,114.7923,0.0,0.0,1.1479,0.0,-0.0002,3.5061,0.0,-0.0,0.0351,0.0002,-0.0001,57.0189,0.0,-0.0,0.5702,0.0,-0.0002,1.1649,0.0,-0.0,0.0116,0.0011,0.0009,509.9031,0.0001,0.0001,5.099,0.0002,-0.0001,83.8473,0.0,-0.0,0.8385,,,,,,,0.0004,0.0002,191.4094,0.0,0.0,1.9141,0.0,-0.0002,10.7481,0.0,-0.0,0.1075,e93a2b3,,18992fa,2026-09-04T19:21:08+00:00
46261,25.4231,0.0358,0.0033,0.0358,0.0567,0.0209,3498.3071,0.0052,0.0019,34.9831,0.0711,-0.0324,38.3905,0.0065,-0.003,0.3839,0.176,0.0867,5850.2554,0.016,0.0079,58.5025,0.0568,0.0085,92.1552,0.0052,0.0008,0.9216,0.0726,-0.0217,52.0635,0.0066,-0.002,0.5206,0.0812,-0.0227,88.2633,0.0074,-0.0021,0.8826,0.0445,0.0087,2135.1199,0.0041,0.0008,21.3512,0.077,0.0262,200.5095,0.007,0.0024,2.0051,0.0938,-0.0147,51.2662,0.0085,-0.0013,0.5127,0.0618,0.0022,160.1575,0.0056,0.0002,1.6016,0.0307,-0.0097,33.1757,0.0028,-0.0009,0.3318,e93a2b3,,18992fa,2026-09-04T19:21:08+00:00
46262,30.4346,0.1463,0.0134,0.1463,0.1713,0.025,229.5863,0.0156,0.0023,2.2959,0.1026,-0.0436,52.7587,0.0094,-0.004,0.5276,0.215,0.0688,190.1435,0.0196,0.0063,1.9014,0.1549,0.0086,107.7118,0.0141,0.0008,1.0771,0.1121,-0.0342,66.9489,0.0102,-0.0031,0.6695,0.1518,0.0055,97.2101,0.0139,0.0005,0.9721,0.1573,0.011,276.6952,0.0144,0.001,2.767,0.1756,0.0293,147.5418,0.016,0.0027,1.4754,0.1201,-0.0262,105.3006,0.011,-0.0024,1.053,0.1449,-0.0014,196.0074,0.0132,-0.0001,1.9601,0.1563,0.01,152.9586,0.0143,0.0009,1.5296,e93a2b3,,18992fa,2026-09-04T19:21:08+00:00
46263,26.0014,0.0003,0.0,0.0003,0.0021,0.0018,16538.6016,0.0002,0.0002,165.386,,,,,,,0.0002,0.0001,134.4378,0.0,0.0,1.3444,0.0,-0.0002,79.4028,0.0,-0.0,0.794,0.0017,0.0016,1969.3907,0.0001,0.0001,19.6939,0.0,-0.0001,1.8334,0.0,-0.0,0.0183,0.0016,0.0013,7022.6113,0.0001,0.0001,70.2261,0.0,-0.0002,17.4108,0.0,-0.0,0.1741,,,,,,,0.0,-0.0,71.3449,0.0,-0.0,0.7134,0.0,-0.0003,14.5063,0.0,-0.0,0.1451,e93a2b3,,18992fa,2026-09-04T19:21:08+00:00
46264,28.8808,0.055,0.005,0.055,0.0814,0.0264,7061.3633,0.0074,0.0024,70.6136,0.1537,-0.0474,46.0979,0.014,-0.0043,0.461,0.2063,0.0846,1368.9639,0.0188,0.0077,13.6896,0.0916,0.0064,61.9449,0.0084,0.0006,0.6194,0.0688,-0.0117,367.2719,0.0063,-0.0011,3.6727,0.121,-0.0656,57.102,0.0111,-0.006,0.571,0.0683,0.0133,6349.5054,0.0062,0.0012,63.4951,0.0994,0.0213,99.1402,0.0091,0.0019,0.9914,0.1621,-0.0394,51.3839,0.0148,-0.0036,0.5138,0.1024,-0.0029,84.2932,0.0094,-0.0003,0.8429,0.0462,-0.0088,39.3566,0.0042,-0.0008,0.3936,e93a2b3,,18992fa,2026-09-04T19:21:08+00:00
46265,29.408,0.0001,0.0,0.0001,0.0011,0.001,2365.749,0.0001,0.0001,23.6575,,,,,,,,,,,,,,,,,,,0.0001,-0.0,87.5442,0.0,-0.0,0.8754,,,,,,,0.0017,0.0016,1514.2958,0.0001,0.0001,15.143,0.0,-0.0001,9.3957,0.0,-0.0,0.094,,,,,,,0.0001,-0.0001,80.8016,0.0,-0.0,0.808,0.0,-0.0001,0.6017,0.0,-0.0,0.006,e93a2b3,,18992fa,2026-09-04T19:21:08+00:00
46266,34.3361,0.0005,0.0,0.0005,0.0018,0.0013,1027.4182,0.0002,0.0001,10.2742,0.0002,-0.0015,5.5433,0.0,-0.0001,0.0554,0.0018,0.0013,103.7903,0.0002,0.0001,1.0379,0.0,-0.0023,0.148,0.0,-0.0002,0.0015,0.0005,-0.0,63.1943,0.0,-0.0,0.6319,0.0001,-0.0016,4.6566,0.0,-0.0001,0.0466,0.0035,0.003,2265.135,0.0003,0.0003,22.6514,0.0003,-0.0002,52.1921,0.0,-0.0,0.5219,0.0,-0.0023,1.1861,0.0,-0.0002,0.0119,0.0004,-0.0001,100.1532,0.0,-0.0,1.0015,0.0009,0.0001,44.8488,0.0001,0.0,0.4485,e93a2b3,,18992fa,2026-09-04T19:21:08+00:00
46267,27.5007,0.0003,0.0,0.0003,0.0014,0.0011,6995.2393,0.0001,0.0001,69.9524,,,,,,,,,,,,,0.0,-0.0001,3.0147,0.0,-0.0,0.0301,0.0,-0.0,51.2398,0.0,-0.0,0.5124,,,,,,,0.002,0.0017,7529.4346,0.0002,0.0001,75.2944,0.0,-0.0002,5.5446,0.0,-0.0,0.0554,,,,,,,0.0,-0.0003,50.2943,0.0,-0.0,0.5029,0.0,-0.0002,31.0618,0.0,-0.0,0.3106,e93a2b3,,18992fa,2026-09-04T19:21:08+00:00
46268,25.4925,0.0008,0.0001,0.0008,0.0026,0.0018,1009.3718,0.0002,0.0002,10.0937,,,,,,,0.0001,-0.0004,20.1391,0.0,-0.0,0.2014,0.0016,0.0008,191.8951,0.0001,0.0001,1.919,0.0001,-0.0005,55.9522,0.0,-0.0,0.5595,,,,,,,0.0021,0.0013,1022.798,0.0002,0.0001,10.228,0.0001,-0.0006,9.456,0.0,-0.0001,0.0946,,,,,,,0.0,-0.0008,8.5013,0.0,-0.0001,0.085,0.0001,-0.0008,7.934,0.0,-0.0001,0.0793,e93a2b3,,18992fa,2026-09-04T19:21:08+00:00
46300,32.8872,0.0384,0.0033,0.0384,0.0564,0.018,7383.3101,0.0048,0.0015,73.8331,0.0435,-0.0242,34.0468,0.0037,-0.0021,0.3405,0.0638,0.0155,501.5027,0.0055,0.0013,5.015,0.0136,-0.0255,625.6882,0.0012,-0.0022,6.2569,0.0315,-0.0388,21.6836,0.0027,-0.0033,0.2168,0.0395,-0.0037,56.8871,0.0034,-0.0003,0.5689,0.0468,0.0084,790.1267,0.004,0.0007,7.9013,0.0558,0.0167,194.6797,0.0048,0.0014,1.9468,0.0563,-0.0017,59.404,0.0048,-0.0002,0.594,0.0462,-0.0016,67.8847,0.004,-0.0001,0.6788,0.0648,0.0221,991.3139,0.0055,0.0019,9.9131,e93a2b3,,18992fa,2026-09-04T19:21:08+00:00
46310,26.4213,0.0003,0.0,0.0003,0.0015,0.0012,2931.5811,0.0001,0.0001,29.3158,,,,,,,0.0,-0.0,27.907,0.0,-0.0,0.2791,0.0002,-0.0001,62.4215,0.0,-0.0,0.6242,,,,,,,,,,,,,0.0007,0.0004,3078.1016,0.0001,0.0,30.781,0.0,-0.0,31.4272,0.0,-0.0,0.3143,,,,,,,0.0,-0.0003,12.8067,0.0,-0.0,0.1281,,,,,,,e93a2b3,,18992fa,2026-09-04T19:21:08+00:00
46320,27.012,0.0268,0.0023,0.0268,0.0354,0.0086,3847.2861,0.0031,0.0007,38.4729,0.0349,-0.0311,34.834,0.0031,-0.0027,0.3483,0.0742,0.0137,245.9429,0.0065,0.0012,2.4594,0.0305,0.0036,5929.9482,0.0027,0.0003,59.2995,0.0608,-0.0052,59.1332,0.0053,-0.0005,0.5913,0.0197,-0.0074,14.6095,0.0017,-0.0006,0.1461,0.0421,0.0153,2195.4177,0.0037,0.0013,21.9542,0.0278,0.001,256.2651,0.0024,0.0001,2.5627,0.12,0.0163,94.8313,0.0105,0.0014,0.9483,0.0482,0.0062,83.6514,0.0042,0.0005,0.8365,0.034,-0.0065,34.7758,0.003,-0.0006,0.3478,e93a2b3,,18992fa,2026-09-04T19:21:08+00:00
46321,28.8593,0.0004,0.0,0.0004,0.0017,0.0013,3842.7747,0.0001,0.0001,38.4277,0.0002,-0.0,36.0915,0.0,-0.0,0.3609,0.0003,0.0003,372.5561,0.0,0.0,3.7256,0.0012,0.0002,97.9535,0.0001,0.0,0.9795,0.0,-0.0,43.415,0.0,-0.0,0.4342,0.0,-0.0001,17.4677,0.0,-0.0,0.1747,0.0014,0.001,5989.9692,0.0001,0.0001,59.8997,0.0,-0.0,33.5885,0.0,-0.0,0.3359,0.0,-0.0001,18.9021,0.0,-0.0,0.189,0.0,-0.0002,77.8616,0.0,-0.0,0.7786,0.0001,0.0001,92.9937,0.0,0.0,0.9299,e93a2b3,,18992fa,2026-09-04T19:21:08+00:00
46322,33.3505,0.0138,0.0011,0.0138,0.0277,0.0139,7020.8281,0.0023,0.0011,70.2083,0.0233,0.0066,180.224,0.0019,0.0005,1.8022,0.0274,0.0133,743.5511,0.0022,0.0011,7.4355,0.0005,-0.0159,6.478,0.0,-0.0013,0.0648,0.002,-0.0127,27.889,0.0002,-0.001,0.2789,0.0051,-0.0106,41.9955,0.0004,-0.0009,0.42,0.0237,0.0099,1548.1218,0.0019,0.0008,15.4812,0.0296,0.0157,538.743,0.0024,0.0013,5.3874,0.0166,0.0006,76.4414,0.0014,0.0,0.7644,0.0067,-0.0071,64.3553,0.0005,-0.0006,0.6436,0.0033,-0.0112,76.7465,0.0003,-0.0009,0.7675,e93a2b3,,18992fa,2026-09-04T19:21:08+00:00
46323,28.6091,0.0007,0.0001,0.0007,0.0043,0.0035,9946.3652,0.0004,0.0003,99.4637,0.0006,0.0002,77.2995,0.0,0.0,0.773,0.0005,0.0003,277.4232,0.0,0.0,2.7742,0.0015,0.0006,92.4969,0.0001,0.0001,0.925,0.0,-0.0003,47.8397,0.0,-0.0,0.4784,0.0001,-0.0002,40.8862,0.0,-0.0,0.4089,0.0009,0.0001,965.1613,0.0001,0.0,9.6516,0.0011,0.0006,225.4564,0.0001,0.0,2.2546,0.0001,-0.0003,18.4387,0.0,-0.0,0.1844,0.0,-0.0005,36.6357,0.0,-0.0,0.3664,0.0004,0.0001,288.8299,0.0,0.0,2.8883,e93a2b3,,18992fa,2026-09-04T19:21:08+00:00
46324,22.7081,0.0017,0.0002,0.0017,0.0033,0.0015,2333.9004,0.0003,0.0001,23.339,,,,,,,,,,,,,0.0033,0.0015,322.9435,0.0003,0.0001,3.2294,0.0,-0.0,1.2101,0.0,-0.0,0.0121,0.0,-0.0009,0.0866,0.0,-0.0001,0.0009,0.0008,-0.0009,1282.0216,0.0001,-0.0001,12.8202,0.0001,-0.0014,24.3318,0.0,-0.0001,0.2433,,,,,,,0.0,-0.0008,11.1504,0.0,-0.0001,0.1115,0.0,-0.0007,0.5096,0.0,-0.0001,0.0051,e93a2b3,,18992fa,2026-09-04T19:21:08+00:00
46325,28.1976,0.0005,0.0,0.0005,0.0041,0.0036,19690.6289,0.0003,0.0003,196.9063,0.0,-0.0,46.367,0.0,-0.0,0.4637,0.0,-0.0,49.2129,0.0,-0.0,0.4921,0.0014,0.0008,543.7433,0.0001,0.0001,5.4374,0.0,-0.0,11.8575,0.0,-0.0,0.1186,0.0,-0.0003,7.8672,0.0,-0.0,0.0787,0.0006,0.0002,4397.3408,0.0001,0.0,43.9734,0.0,-0.0004,87.3556,0.0,-0.0,0.8736,0.0,-0.0,10.007,0.0,-0.0,0.1001,0.0,-0.0002,52.073,0.0,-0.0,0.5207,0.0,0.0,164.2717,0.0,0.0,1.6427,e93a2b3,,18992fa,2026-09-04T19:21:08+00:00
46326,31.0321,0.0639,0.0056,0.0639,0.0632,-0.0008,877.7731,0.0055,-0.0001,8.7777,0.1504,-0.0411,53.4509,0.0132,-0.0036,0.5345,0.1444,0.0313,175.4737,0.0127,0.0028,1.7547,0.0653,0.0013,878.9417,0.0057,0.0001,8.7894,0.1007,-0.0115,51.3752,0.0088,-0.001,0.5138,0.0563,-0.0289,26.1262,0.0049,-0.0025,0.2613,0.0698,0.0058,769.8059,0.0061,0.0005,7.6981,0.0793,0.0064,144.7085,0.007,0.0006,1.4471,0.1638,0.0123,88.7353,0.0144,0.0011,0.8874,0.0956,0.0098,65.2948,0.0084,0.0009,0.6529,0.0952,0.0036,77.5716,0.0084,0.0003,0.7757,e93a2b3,,18992fa,2026-09-04T19:21:08+00:00
46327,28.867,0.0326,0.0028,0.0326,0.0379,0.0053,9879.8223,0.0033,0.0005,98.7982,0.1628,-0.0098,73.6531,0.0142,-0.0008,0.7365,0.1248,0.0167,191.1716,0.0109,0.0015,1.9117,0.0363,0.0015,1106.9437,0.0032,0.0001,11.0694,0.0573,-0.025,39.4017,0.005,-0.0022,0.394,0.0478,-0.0092,38.0418,0.0042,-0.0008,0.3804,0.0389,0.0063,3156.6377,0.0034,0.0005,31.5664,0.0375,0.0017,55.5826,0.0033,0.0001,0.5558,0.1506,0.0131,81.6455,0.0131,0.0011,0.8165,0.0811,0.0123,76.0951,0.0071,0.0011,0.761,0.0694,-0.0044,76.2375,0.006,-0.0004,0.7624,e93a2b3,,18992fa,2026-09-04T19:21:08+00:00
46328,31.5683,0.0029,0.0002,0.0029,0.0169,0.014,10451.96,0.0014,0.0012,104.5196,0.0048,0.0,59.6329,0.0004,0.0,0.5963,0.0049,0.0006,160.879,0.0004,0.0,1.6088,0.0007,-0.0022,235.6335,0.0001,-0.0002,2.3563,0.0003,-0.0045,7.2727,0.0,-0.0004,0.0727,0.0022,-0.001,36.2058,0.0002,-0.0001,0.3621,0.0053,0.0024,623.2361,0.0004,0.0002,6.2324,0.0129,0.01,766.732,0.0011,0.0008,7.6673,0.0118,0.0077,130.7311,0.001,0.0006,1.3073,0.0003,-0.0028,22.7484,0.0,-0.0002,0.2275,0.0105,0.0072,370.2339,0.0009,0.0006,3.7023,e93a2b3,,18992fa,2026-09-04T19:21:08+00:00
46329,33.1429,0.0197,0.0016,0.0197,0.0475,0.0279,5103.4863,0.004,0.0023,51.0349,0.0216,-0.0135,30.5542,0.0018,-0.0011,0.3055,0.0453,0.0142,315.9789,0.0038,0.0012,3.1598,0.0019,-0.0193,277.2392,0.0002,-0.0016,2.7724,0.0134,-0.0213,11.9371,0.0011,-0.0018,0.1194,0.0242,0.0002,112.0715,0.002,0.0,1.1207,0.0199,0.0002,607.3396,0.0017,0.0,6.0734,0.0363,0.0164,131.5538,0.003,0.0014,1.3155,0.0359,0.0012,94.0918,0.003,0.0001,0.9409,0.0204,-0.0097,24.456,0.0017,-0.0008,0.2446,0.0724,0.0441,2249.5046,0.006,0.0037,22.4951,e93a2b3,,18992fa,2026-09-04T19:21:08+00:00
46330,27.96,0.0002,0.0,0.0002,0.0014,0.0012,2914.1484,0.0001,0.0001,29.1415,,,,,,,0.0,-0.0,6.9565,0.0,-0.0,0.0696,0.0001,-0.0001,76.8496,0.0,-0.0,0.7685,,,,,,,,,,,,,0.0005,0.0004,1509.2692,0.0,0.0,15.0927,0.0,-0.0,7.5144,0.0,-0.0,0.0751,,,,,,,0.0,-0.0002,21.5148,0.0,-0.0,0.2151,0.0,-0.0,2.8986,0.0,-0.0,0.029,e93a2b3,,18992fa,2026-09-04T19:21:08+00:00
46340,33.1705,0.0028,0.0002,0.0028,0.0098,0.007,2050.9521,0.0008,0.0006,20.5095,0.0066,0.0011,48.8656,0.0005,0.0001,0.4887,0.0104,0.0073,451.944,0.0009,0.0006,4.5194,0.0004,-0.0059,2.831,0.0,-0.0005,0.0283,0.0011,-0.0017,81.5475,0.0001,-0.0001,0.8155,0.0027,-0.0021,27.6156,0.0002,-0.0002,0.2762,0.0067,0.0039,2300.7222,0.0006,0.0003,23.0072,0.0083,0.0054,152.104,0.0007,0.0004,1.521,0.0035,-0.0012,21.208,0.0003,-0.0001,0.2121,0.0026,-0.0002,119.5471,0.0002,-0.0,1.1955,0.0031,-0.0003,127.3828,0.0003,-0.0,1.2738,e93a2b3,,18992fa,2026-09-04T19:21:08+00:00
46350,28.5759,0.0003,0.0,0.0003,0.0008,0.0005,1670.2909,0.0001,0.0,16.7029,,,,,,,0.0,-0.0,52.8958,0.0,-0.0,0.529,0.0,-0.0,73.8168,0.0,-0.0,0.7382,0.0001,-0.0001,73.0664,0.0,-0.0,0.7307,,,,,,,0.0037,0.0034,6227.8706,0.0003,0.0003,62.2787,0.0,-0.0001,16.405,0.0,-0.0,0.1641,0.0,-0.0,10.4354,0.0,-0.0,0.1044,0.0,-0.0003,38.1832,0.0,-0.0,0.3818,0.0,-0.0,30.093,0.0,-0.0,0.3009,e93a2b3,,18992fa,2026-09-04T19:21:08+00:00
46360,25.8624,0.0011,0.0001,0.0011,0.0023,0.0012,1506.1595,0.0002,0.0001,15.0616,0.0001,-0.0009,9.7156,0.0,-0.0001,0.0972,0.0011,0.0006,78.393,0.0001,0.0001,0.7839,0.006,0.0046,3160.1084,0.0005,0.0004,31.6011,0.0006,0.0003,202.0294,0.0001,0.0,2.0203,0.0,-0.001,1.4975,0.0,-0.0001,0.015,0.0023,0.0012,2368.0061,0.0002,0.0001,23.6801,0.0002,-0.0005,22.551,0.0,-0.0,0.2255,0.0,-0.001,1.3259,0.0,-0.0001,0.0133,0.0001,-0.0008,32.838,0.0,-0.0001,0.3284,0.0001,-0.0008,11.2498,0.0,-0.0001,0.1125,e93a2b3,,18992fa,2026-09-04T19:21:08+00:00
46370,21.9412,0.0017,0.0002,0.0017,0.0024,0.0006,345.4102,0.0002,0.0001,3.4541,,,,,,,0.0,-0.0,4.3668,0.0,-0.0,0.0437,0.0041,0.0023,250.0983,0.0004,0.0002,2.501,,,,,,,,,,,,,0.0005,-0.0013,74.2997,0.0,-0.0001,0.743,0.0,-0.0019,2.4313,0.0,-0.0002,0.0243,,,,,,,0.0,-0.0009,2.2192,0.0,-0.0001,0.0222,0.0,-0.0,2.1834,0.0,-0.0,0.0218,e93a2b3,,18992fa,2026-09-04T19:21:08+00:00
46380,22.3975,0.0095,0.0009,0.0095,0.0235,0.014,1015.9193,0.0021,0.0013,10.1592,0.0087,-0.018,6.654,0.0008,-0.0016,0.0665,0.0429,0.0281,541.7637,0.0039,0.0025,5.4176,0.0139,0.0045,786.9271,0.0013,0.0004,7.8693,0.014,-0.0128,11.4293,0.0013,-0.0012,0.1143,0.022,-0.0079,24.5623,0.002,-0.0007,0.2456,0.0173,0.0078,868.6096,0.0016,0.0007,8.6861,0.0179,0.0084,172.7524,0.0016,0.0008,1.7275,0.0209,-0.0045,19.3857,0.0019,-0.0004,0.1939,0.0146,0.0045,174.1595,0.0013,0.0004,1.7416,0.0076,-0.002,22.3675,0.0007,-0.0002,0.2237,e93a2b3,,18992fa,2026-09-04T19:21:08+00:00
46391,24.2403,0.0377,0.0034,0.0377,0.0551,0.0174,838.8525,0.005,0.0016,8.3885,0.0859,-0.0275,45.4111,0.0078,-0.0025,0.4541,0.169,0.0694,1506.3718,0.0153,0.0063,15.0637,0.0443,0.0066,459.0742,0.004,0.0006,4.5907,0.0766,-0.0207,35.1084,0.0069,-0.0019,0.3511,0.0786,-0.0262,47.7399,0.0071,-0.0024,0.4774,0.0417,0.004,445.7733,0.0038,0.0004,4.4577,0.0438,0.0061,52.6545,0.004,0.0006,0.5265,0.1158,0.0025,54.2299,0.0105,0.0002,0.5423,0.0418,0.0027,138.9063,0.0038,0.0002,1.3891,0.0341,-0.0057,23.3599,0.0031,-0.0005,0.2336,e93a2b3,,18992fa,2026-09-04T19:21:08+00:00
46392,28.9884,0.1385,0.0125,0.1385,0.1711,0.0326,414.3153,0.0154,0.0029,4.1432,0.2178,-0.0491,62.8018,0.0196,-0.0044,0.628,0.2344,0.0655,503.3991,0.0211,0.0059,5.034,0.1436,0.0051,150.3936,0.0129,0.0005,1.5039,0.1612,-0.0548,48.6261,0.0145,-0.0049,0.4863,0.1672,-0.0359,84.1028,0.0151,-0.0032,0.841,0.1504,0.0119,225.099,0.0136,0.0011,2.251,0.1495,0.011,71.9376,0.0135,0.001,0.7194,0.2072,-0.0136,64.0494,0.0187,-0.0012,0.6405,0.1337,-0.0048,107.0455,0.012,-0.0004,1.0705,0.1421,0.0017,74.9872,0.0128,0.0002,0.7499,e93a2b3,,18992fa,2026-09-04T19:21:08+00:00
46393,24.6951,0.086,0.0078,0.086,0.1047,0.0187,1032.9773,0.0095,0.0017,10.3298,0.1552,-0.0458,47.5187,0.014,-0.0041,0.4752,0.2443,0.0646,487.9315,0.0221,0.0058,4.8793,0.1377,0.0055,82.7471,0.0125,0.0005,0.8275,0.1266,-0.0507,41.4528,0.0114,-0.0046,0.4145,0.1319,-0.0454,51.5017,0.0119,-0.0041,0.515,0.0933,0.0073,442.2703,0.0084,0.0007,4.4227,0.1085,0.0225,168.7971,0.0098,0.002,1.688,0.2414,0.017,86.8324,0.0218,0.0015,0.8683,0.091,0.0004,159.2733,0.0082,0.0,1.5927,0.0908,-0.0029,53.8827,0.0082,-0.0003,0.5388,e93a2b3,,18992fa,2026-09-04T19:21:08+00:00
46394,30.0002,0.1089,0.0099,0.1089,0.146,0.0371,679.9401,0.0132,0.0034,6.7994,0.053,-0.0595,36.1879,0.0048,-0.0054,0.3619,0.1761,0.0637,541.8475,0.016,0.0058,5.4185,0.0992,-0.0133,83.7919,0.009,-0.0012,0.8379,0.0459,-0.0666,30.5115,0.0042,-0.006,0.3051,0.0854,-0.0259,66.3524,0.0077,-0.0023,0.6635,0.125,0.0161,344.8375,0.0113,0.0015,3.4484,0.1861,0.0772,305.2192,0.0169,0.007,3.0522,0.1228,0.0025,91.3094,0.0111,0.0002,0.9131,0.1148,0.0048,273.1324,0.0104,0.0004,2.7313,0.1035,-0.0065,88.0712,0.0094,-0.0006,0.8807,e93a2b3,,18992fa,2026-09-04T19:21:08+00:00
46395,26.4044,0.0368,0.0033,0.0368,0.0551,0.0183,44505.7109,0.0049,0.0016,445.057,0.043,-0.0202,50.1396,0.0038,-0.0018,0.5014,0.0896,0.0324,534.2681,0.008,0.0029,5.3427,0.0317,-0.0116,55.6844,0.0028,-0.001,0.5568,0.0329,-0.0273,29.2843,0.0029,-0.0024,0.2928,0.0311,-0.0167,34.3563,0.0028,-0.0015,0.3436,0.0333,-0.0035,1255.1953,0.003,-0.0003,12.552,0.0449,0.0071,152.1059,0.004,0.0006,1.5211,0.0692,0.0035,80.5038,0.0061,0.0003,0.805,0.0489,0.0069,334.6435,0.0043,0.0006,3.3464,0.0486,0.008,116.8038,0.0043,0.0007,1.168,e93a2b3,,18992fa,2026-09-04T19:21:08+00:00
46396,45.1895,0.1141,0.0102,0.1141,0.1121,-0.002,1566.1472,0.01,-0.0002,15.6615,0.1629,0.0351,99.206,0.0146,0.0031,0.9921,0.1383,0.0242,229.4699,0.0124,0.0022,2.2947,0.1032,-0.0109,73.2299,0.0092,-0.001,0.7323,0.1121,-0.0054,60.822,0.01,-0.0005,0.6082,0.0811,-0.033,52.4417,0.0072,-0.0029,0.5244,0.1114,-0.0027,156.7244,0.0099,-0.0002,1.5672,0.1107,-0.0034,173.5418,0.0099,-0.0003,1.7354,0.1215,0.0074,117.5597,0.0109,0.0007,1.1756,0.1365,0.0225,735.0336,0.0122,0.002,7.3503,0.0959,-0.0182,63.085,0.0086,-0.0016,0.6309,e93a2b3,,18992fa,2026-09-04T19:21:08+00:00
46397,18.9224,0.002,0.0002,0.002,0.0264,0.0244,4618.1724,0.0024,0.0022,46.1817,0.0003,-0.0085,1.4557,0.0,-0.0008,0.0146,0.0165,0.014,619.087,0.0015,0.0013,6.1909,0.0003,-0.0018,25.8799,0.0,-0.0002,0.2588,0.0,-0.0032,0.3796,0.0,-0.0003,0.0038,0.0005,-0.0015,15.2388,0.0,-0.0001,0.1524,0.0053,0.0033,424.3272,0.0005,0.0003,4.2433,0.0071,0.0051,340.6581,0.0006,0.0005,3.4066,0.0001,-0.0039,12.4361,0.0,-0.0004,0.1244,0.0058,0.0037,845.4578,0.0005,0.0003,8.4546,0.0013,-0.0007,41.9485,0.0001,-0.0001,0.4195,e93a2b3,,18992fa,2026-09-04T19:21:08+00:00
46398,36.8264,0.0935,0.0084,0.0935,0.1208,0.0273,2671.5347,0.0109,0.0024,26.7153,0.1175,0.0071,118.6289,0.0106,0.0006,1.1863,0.1285,0.0303,621.6142,0.0116,0.0027,6.2161,0.0741,-0.0194,53.5641,0.0067,-0.0017,0.5356,0.1035,0.0054,74.9081,0.0093,0.0005,0.7491,0.0757,-0.0178,73.1165,0.0068,-0.0016,0.7312,0.0891,-0.0044,172.3042,0.008,-0.0004,1.723,0.0896,-0.004,191.5622,0.0081,-0.0004,1.9156,0.1082,0.0063,86.7716,0.0097,0.0006,0.8677,0.0904,-0.0031,1099.4463,0.0081,-0.0003,10.9945,0.0717,-0.0218,68.1204,0.0065,-0.002,0.6812,e93a2b3,,18992fa,2026-09-04T19:21:08+00:00
46399,33.4603,0.1089,0.0099,0.1089,0.142,0.0331,365.546,0.0129,0.003,3.6555,0.0849,-0.0266,62.4109,0.0077,-0.0024,0.6241,0.1361,0.0268,217.8087,0.0123,0.0024,2.1781,0.0982,-0.0107,83.8438,0.0089,-0.001,0.8384,0.0851,-0.0245,60.5834,0.0077,-0.0022,0.6058,0.0897,-0.0192,76.8526,0.0081,-0.0017,0.7685,0.1251,0.0161,139.1208,0.0114,0.0015,1.3912,0.1465,0.0375,229.6334,0.0133,0.0034,2.2963,0.1072,-0.0021,86.1381,0.0097,-0.0002,0.8614,0.1135,0.0046,184.9225,0.0103,0.0004,1.8492,0.0996,-0.0093,90.698,0.009,-0.0008,0.907,e93a2b3,,18992fa,2026-09-04T19:21:08+00:00
47110,23.2887,0.0399,0.0035,0.0399,0.0489,0.009,11040.7148,0.0043,0.0008,110.4071,0.0725,0.0086,68.0123,0.0064,0.0008,0.6801,0.0903,0.0285,394.9156,0.008,0.0025,3.9492,0.0412,-0.0055,128.4671,0.0036,-0.0005,1.2847,0.051,-0.0269,33.543,0.0045,-0.0024,0.3354,0.0316,-0.0145,43.7314,0.0028,-0.0013,0.4373,0.0486,0.0025,438.3656,0.0043,0.0002,4.3837,0.0445,0.0017,220.5269,0.0039,0.0002,2.2053,0.0536,-0.002,147.2527,0.0047,-0.0002,1.4725,0.0577,0.0092,225.0352,0.0051,0.0008,2.2504,0.0411,0.0013,68.7094,0.0036,0.0001,0.6871,e93a2b3,,18992fa,2026-09-04T19:21:08+00:00
47120,24.8809,0.0088,0.0008,0.0088,0.0196,0.0109,27422.9688,0.0017,0.001,274.2297,0.0196,-0.0045,51.8349,0.0017,-0.0004,0.5183,0.0443,0.0222,212.6811,0.0039,0.002,2.1268,0.0046,-0.0061,312.5531,0.0004,-0.0005,3.1255,0.0163,-0.0103,41.2625,0.0014,-0.0009,0.4126,0.0067,-0.0082,29.7903,0.0006,-0.0007,0.2979,0.0143,0.0028,343.3719,0.0013,0.0003,3.4337,0.0106,0.0009,168.0596,0.0009,0.0001,1.6806,0.0171,0.0034,175.0293,0.0015,0.0003,1.7503,0.02,0.0026,197.2822,0.0017,0.0002,1.9728,0.0128,0.0029,85.0297,0.0011,0.0003,0.8503,e93a2b3,,18992fa,2026-09-04T19:21:08+00:00
47130,26.8621,0.0011,0.0001,0.0011,0.0048,0.0038,7364.7715,0.0004,0.0003,73.6476,0.0043,-0.0015,28.7474,0.0004,-0.0001,0.2875,0.004,0.0005,20.6246,0.0004,0.0,0.2062,0.0011,-0.0,544.5604,0.0001,-0.0,5.4456,0.0045,0.0005,21.6676,0.0004,0.0,0.2167,0.0005,-0.0007,116.9437,0.0,-0.0001,1.1694,0.0017,0.0005,273.2484,0.0002,0.0,2.7325,0.0021,0.001,302.3579,0.0002,0.0001,3.0236,0.0019,0.0006,107.2554,0.0002,0.0001,1.0726,0.0027,0.0005,113.1236,0.0002,0.0,1.1312,0.0007,-0.0004,53.4774,0.0001,-0.0,0.5348,e93a2b3,,18992fa,2026-09-04T19:21:08+00:00
47140,23.7369,0.0001,0.0,0.0001,0.0001,-0.0,887.4268,0.0,-0.0,8.8743,0.0,-0.0002,13.4704,0.0,-0.0,0.1347,0.0003,-0.0001,33.6878,0.0,-0.0,0.3369,0.0008,0.0006,242.4762,0.0001,0.0001,2.4248,0.0,-0.0002,5.8627,0.0,-0.0,0.0586,0.0007,0.0006,344.1825,0.0001,0.0001,3.4418,0.002,0.0019,1768.7698,0.0002,0.0002,17.6877,0.0004,0.0002,172.6165,0.0,0.0,1.7262,0.0008,0.0007,733.4073,0.0001,0.0001,7.3341,0.0001,-0.0001,48.8539,0.0,-0.0,0.4885,0.0001,-0.0001,63.2213,0.0,-0.0,0.6322,e93a2b3,,18992fa,2026-09-04T19:21:08+00:00
47150,21.7483,0.0002,0.0,0.0002,0.0003,0.0001,3251.3674,0.0,0.0,32.5137,0.0004,-0.0001,68.4176,0.0,-0.0,0.6842,0.0006,0.0002,46.0626,0.0001,0.0,0.4606,0.0007,0.0003,286.6077,0.0001,0.0,2.8661,0.0001,-0.0001,25.1514,0.0,-0.0,0.2515,0.0009,0.0007,224.5672,0.0001,0.0001,2.2457,0.0007,0.0004,839.3217,0.0001,0.0,8.3932,0.0005,0.0003,194.1936,0.0,0.0,1.9419,0.0019,0.0017,9285.6475,0.0002,0.0002,92.8565,0.0001,-0.0003,56.2497,0.0,-0.0,0.5625,0.0007,0.0005,147.8659,0.0001,0.0,1.4787,e93a2b3,,18992fa,2026-09-04T19:21:08+00:00
47160,35.131,0.0018,0.0002,0.0018,0.0027,0.0009,2391.6931,0.0002,0.0001,23.9169,0.002,-0.0005,51.3744,0.0002,-0.0,0.5137,0.0133,0.0108,254.6724,0.0011,0.0009,2.5467,0.0013,-0.0007,41.3702,0.0001,-0.0001,0.4137,0.0025,-0.0001,20.7583,0.0002,-0.0,0.2076,0.0016,-0.0002,559.0488,0.0001,-0.0,5.5905,0.0014,-0.0005,65.4159,0.0001,-0.0,0.6542,0.0026,0.0008,200.7953,0.0002,0.0001,2.008,0.0018,-0.0001,401.8392,0.0001,-0.0,4.0184,0.0107,0.0078,205.9014,0.0009,0.0007,2.059,0.0065,0.0047,221.7355,0.0006,0.0004,2.2174,e93a2b3,,18992fa,2026-09-04T19:21:08+00:00
47201,20.1839,0.0009,0.0001,0.0009,0.0022,0.0013,1210.1543,0.0002,0.0001,12.1015,0.0016,0.0006,188.0503,0.0001,0.0001,1.8805,0.0023,0.0014,244.359,0.0002,0.0001,2.4436,0.0005,-0.0005,40.203,0.0,-0.0,0.402,0.0007,-0.0002,107.4176,0.0001,-0.0,1.0742,0.001,0.0001,803.046,0.0001,0.0,8.0305,0.001,0.0001,110.8951,0.0001,0.0,1.109,0.0013,0.0004,166.4507,0.0001,0.0,1.6645,0.001,0.0001,279.5678,0.0001,0.0,2.7957,0.0009,-0.0004,18.181,0.0001,-0.0,0.1818,0.002,0.0011,91.8598,0.0002,0.0001,0.9186,e93a2b3,,18992fa,2026-09-04T19:21:08+00:00
47202,20.7193,0.0011,0.0001,0.0011,0.0035,0.0024,1691.0883,0.0003,0.0002,16.9109,0.0017,0.0006,111.5496,0.0001,0.0001,1.1155,0.0062,0.0052,1466.5654,0.0005,0.0004,14.6656,0.0004,-0.0008,19.8224,0.0,-0.0001,0.1982,0.0007,-0.0004,52.4179,0.0001,-0.0,0.5242,0.0019,0.0009,491.5949,0.0002,0.0001,4.916,0.0008,-0.0003,69.4514,0.0001,-0.0,0.6945,0.0013,0.0003,78.9965,0.0001,0.0,0.79,0.0025,0.0014,940.1393,0.0002,0.0001,9.4014,0.0006,-0.0023,10.6526,0.0,-0.0002,0.1065,0.0012,0.0001,50.94,0.0001,0.0,0.5094,e93a2b3,,18992fa,2026-09-04T19:21:08+00:00
47203,21.9652,0.0003,0.0,0.0003,0.0013,0.001,9285.0771,0.0001,0.0001,92.8508,0.001,0.0006,259.6034,0.0001,0.0001,2.596,0.001,0.0007,134.4835,0.0001,0.0001,1.3448,0.0002,-0.0002,88.3649,0.0,-0.0,0.8836,0.0001,-0.0002,48.6442,0.0,-0.0,0.4864,0.0003,-0.0,181.3005,0.0,-0.0,1.813,0.0002,-0.0001,147.1269,0.0,-0.0,1.4713,0.0005,0.0003,164.7983,0.0,0.0,1.648,0.0004,0.0001,1168.1722,0.0,0.0,11.6817,0.0001,-0.0004,14.9696,0.0,-0.0,0.1497,0.0004,0.0001,77.4687,0.0,0.0,0.7747,e93a2b3,,18992fa,2026-09-04T19:21:08+00:00
47204,17.2765,0.0001,0.0,0.0001,0.0018,0.0017,26200.5273,0.0002,0.0002,262.0052,0.0,-0.0,7.08,0.0,-0.0,0.0708,0.0,-0.0,7.9641,0.0,-0.0,0.0796,,,,,,,0.0,-0.0,62.8825,0.0,-0.0,0.6288,0.0,-0.0,123.3913,0.0,-0.0,1.2339,0.0,0.0,205.534,0.0,0.0,2.0553,0.0,-0.0,66.8851,0.0,-0.0,0.6689,0.0002,0.0001,3357.2095,0.0,0.0,33.5721,0.0,-0.0,1.9963,0.0,-0.0,0.02,0.0,-0.0,37.8219,0.0,-0.0,0.3782,e93a2b3,,18992fa,2026-09-04T19:21:08+00:00
47205,17.4097,0.0004,0.0,0.0004,0.0064,0.006,208646.25,0.0006,0.0005,2086.4624,0.0001,-0.0001,20.7892,0.0,-0.0,0.2079,0.0008,0.0007,1016.0189,0.0001,0.0001,10.1602,0.0001,-0.0,35.594,0.0,-0.0,0.3559,0.0001,-0.0001,218.6859,0.0,-0.0,2.1869,0.0,-0.0,64.914,0.0,-0.0,0.6491,0.0,-0.0,50.2528,0.0,-0.0,0.5025,0.0001,0.0,138.4235,0.0,0.0,1.3842,0.0001,0.0001,836.4349,0.0,0.0,8.3643,0.0,-0.0,16.0251,0.0,-0.0,0.1603,0.0,-0.0,92.606,0.0,-0.0,0.9261,e93a2b3,,18992fa,2026-09-04T19:21:08+00:00
47206,18.4673,0.0001,0.0,0.0001,0.0081,0.008,49172.5078,0.0007,0.0007,491.725,0.0001,-0.0001,63.936,0.0,-0.0,0.6394,0.0048,0.0047,8775.877,0.0004,0.0004,87.7588,0.0,-0.0001,25.4499,0.0,-0.0,0.2545,0.0001,-0.0,96.3659,0.0,-0.0,0.9637,0.0003,0.0002,341.0419,0.0,0.0,3.4104,0.0001,-0.0,68.6916,0.0,-0.0,0.6869,0.0001,0.0,93.7816,0.0,0.0,0.9378,0.0005,0.0004,669.5295,0.0,0.0,6.6953,0.0,-0.0002,0.8569,0.0,-0.0,0.0086,0.0001,-0.0,248.9945,0.0,-0.0,2.4899,e93a2b3,,18992fa,2026-09-04T19:21:08+00:00
47310,16.2152,0.0,0.0,0.0,0.0114,0.0113,66438.3672,0.001,0.001,664.3839,0.0002,0.0001,196.6003,0.0,0.0,1.966,0.0034,0.0033,11953.835,0.0003,0.0003,119.5384,0.0,-0.0001,1.2728,0.0,-0.0,0.0127,0.0001,0.0001,412.8994,0.0,0.0,4.129,0.0001,0.0,235.9172,0.0,0.0,2.3592,0.0,-0.0,16.0569,0.0,-0.0,0.1606,0.0,-0.0,57.3069,0.0,-0.0,0.5731,0.0,-0.0001,24.6359,0.0,-0.0,0.2464,0.0,-0.0,11.8938,0.0,-0.0,0.1189,0.0,-0.0,117.343,0.0,-0.0,1.1734,e93a2b3,,18992fa,2026-09-04T19:21:08+00:00
47320,19.4063,0.0007,0.0001,0.0007,0.0032,0.0025,89644.3828,0.0003,0.0002,896.4433,0.0,-0.0001,0.0572,0.0,-0.0,0.0006,0.0,-0.0002,31.7947,0.0,-0.0,0.3179,0.0,-0.0,0.9459,0.0,-0.0,0.0095,0.0,-0.0001,244.0059,0.0,-0.0,2.4401,0.0003,0.0002,264.49,0.0,0.0,2.6449,0.0002,0.0,150.4993,0.0,0.0,1.505,0.0,-0.0001,26.642,0.0,-0.0,0.2664,0.0002,0.0001,1229.7216,0.0,0.0,12.2972,0.0,-0.0001,14.7377,0.0,-0.0,0.1474,0.0002,0.0001,159.1698,0.0,0.0,1.5917,e93a2b3,,18992fa,2026-09-04T19:21:08+00:00
47330,25.2395,0.0006,0.0001,0.0006,0.0017,0.0009,368.9918,0.0002,0.0001,3.6899,0.0055,0.0039,97.0967,0.0005,0.0004,0.971,0.0015,0.0001,74.2498,0.0001,0.0,0.7425,0.0002,-0.0015,17.6383,0.0,-0.0001,0.1764,0.0044,0.0023,76.5124,0.0004,0.0002,0.7651,0.0004,-0.0002,302.8265,0.0,-0.0,3.0283,0.0036,0.003,7107.6938,0.0003,0.0003,71.0769,0.0011,-0.0003,42.6162,0.0001,-0.0,0.4262,0.0001,-0.0007,13.2005,0.0,-0.0001,0.132,0.0012,0.0001,623.7827,0.0001,0.0,6.2378,0.001,0.0005,5295.4697,0.0001,0.0,52.9547,e93a2b3,,18992fa,2026-09-04T19:21:08+00:00
47340,23.5279,0.002,0.0002,0.002,0.0056,0.0033,88542.3672,0.0005,0.0003,885.4238,0.0029,-0.0001,56.0992,0.0003,-0.0,0.561,0.0048,0.0025,162.2604,0.0005,0.0002,1.6226,0.0008,-0.002,41.6277,0.0001,-0.0002,0.4163,0.0091,0.006,230.9016,0.0009,0.0006,2.309,0.0032,0.0014,249.1724,0.0003,0.0001,2.4917,0.0073,0.0052,1670.4258,0.0007,0.0005,16.7043,0.0022,-0.0002,70.7961,0.0002,-0.0,0.708,0.0008,-0.0018,38.4088,0.0001,-0.0002,0.3841,0.0049,0.0025,289.6789,0.0005,0.0002,2.8968,0.0015,-0.0003,736.5374,0.0001,-0.0,7.3654,e93a2b3,,18992fa,2026-09-04T19:21:08+00:00
47350,11.0757,0.0002,0.0,0.0002,0.0043,0.0041,141359.6562,0.0004,0.0004,1413.5973,0.0,-0.0,4.6843,0.0,-0.0,0.0468,0.0,-0.0001,377.135,0.0,-0.0,3.7714,,,,,,,0.0,0.0,207.461,0.0,0.0,2.0746,0.0001,0.0,1057.6649,0.0,0.0,10.5766,0.0001,0.0001,1447.7502,0.0,0.0,14.4775,0.0,-0.0,12.5949,0.0,-0.0,0.1259,0.0,-0.0,37.292,0.0,-0.0,0.3729,0.0,-0.0,37.4539,0.0,-0.0,0.3745,0.0,-0.0,429.0138,0.0,-0.0,4.2901,e93a2b3,,18992fa,2026-09-04T19:21:08+00:00
47360,10.288,0.0,0.0,0.0,0.0014,0.0014,4825.8379,0.0001,0.0001,48.2584,0.0,-0.0,7.3677,0.0,-0.0,0.0737,0.0003,0.0003,1921.4883,0.0,0.0,19.2149,,,,,,,0.0,-0.0,50.7129,0.0,-0.0,0.5071,0.0001,0.0,166.3119,0.0,0.0,1.6631,0.0016,0.0015,5347.814,0.0001,0.0001,53.4782,0.0,-0.0001,6.8115,0.0,-0.0,0.0681,0.0,-0.0001,13.6106,0.0,-0.0,0.1361,0.0,-0.0,0.6398,0.0,-0.0,0.0064,0.0001,0.0001,386.6767,0.0,0.0,3.8668,e93a2b3,,18992fa,2026-09-04T19:21:08+00:00
47370,9.4797,0.0,0.0,0.0,0.0001,0.0,300.7869,0.0,0.0,3.0079,0.0,-0.0,7.6083,0.0,-0.0,0.0761,0.0,-0.0,95.9805,0.0,-0.0,0.9598,,,,,,,0.0,-0.0,39.4345,0.0,-0.0,0.3943,0.0001,0.0001,1103.63,0.0,0.0,11.0363,0.0028,0.0027,32698.377,0.0003,0.0003,326.9837,0.0,-0.0001,1.0939,0.0,-0.0,0.0109,0.0,-0.0,34.5471,0.0,-0.0,0.3455,,,,,,,0.0,-0.0,56.4067,0.0,-0.0,0.5641,e93a2b3,,18992fa,2026-09-04T19:21:08+00:00
47401,19.5544,0.0004,0.0,0.0004,0.0013,0.0009,1093.7247,0.0001,0.0001,10.9372,0.0012,0.0009,517.2498,0.0001,0.0001,5.1725,0.0058,0.0054,3312.6042,0.0005,0.0005,33.1261,0.0001,-0.0003,41.2083,0.0,-0.0,0.4121,0.0002,-0.0002,56.7826,0.0,-0.0,0.5678,0.0005,0.0001,123.3237,0.0,0.0,1.2332,0.0005,-0.0,64.5676,0.0,-0.0,0.6457,0.0003,-0.0,71.9391,0.0,-0.0,0.7194,0.0006,0.0002,198.7124,0.0,0.0,1.9871,0.0001,-0.0005,6.3326,0.0,-0.0,0.0633,0.0003,-0.0001,146.0539,0.0,-0.0,1.4605,e93a2b3,,18992fa,2026-09-04T19:21:08+00:00
47402,15.9491,0.0001,0.0,0.0001,0.0066,0.0065,6981.0474,0.0006,0.0006,69.8105,0.0002,0.0001,177.5732,0.0,0.0,1.7757,0.0004,0.0003,415.1903,0.0,0.0,4.1519,0.0,-0.0001,0.6912,0.0,-0.0,0.0069,0.0,-0.0001,33.99,0.0,-0.0,0.3399,0.0002,0.0001,190.2158,0.0,0.0,1.9022,0.0,-0.0001,0.3801,0.0,-0.0,0.0038,0.0001,0.0,112.1041,0.0,0.0,1.121,0.0,-0.0001,2.6711,0.0,-0.0,0.0267,0.0,-0.0001,1.0916,0.0,-0.0,0.0109,0.0001,-0.0,79.0246,0.0,-0.0,0.7902,e93a2b3,,18992fa,2026-09-04T19:21:08+00:00
47403,15.805,0.0002,0.0,0.0002,0.0015,0.0013,1157.6215,0.0001,0.0001,11.5762,0.0002,0.0001,135.4579,0.0,0.0,1.3546,0.0005,0.0004,443.4434,0.0,0.0,4.4344,0.0,-0.0002,1.017,0.0,-0.0,0.0102,0.0,-0.0001,13.4923,0.0,-0.0,0.1349,0.0001,-0.0,57.4603,0.0,-0.0,0.5746,,,,,,,0.0001,-0.0,78.7805,0.0,-0.0,0.7878,0.0,-0.0002,1.4549,0.0,-0.0,0.0145,0.0,-0.0,0.6015,0.0,-0.0,0.006,0.0006,0.0005,615.5555,0.0001,0.0,6.1556,e93a2b3,,18992fa,2026-09-04T19:21:08+00:00
47404,16.3647,0.0002,0.0,0.0002,0.0004,0.0002,416.5894,0.0,0.0,4.1659,0.0008,0.0006,828.1515,0.0001,0.0001,8.2815,0.0002,0.0,177.815,0.0,0.0,1.7782,0.0001,-0.0001,86.9269,0.0,-0.0,0.8693,0.0001,-0.0001,52.0821,0.0,-0.0,0.5208,0.0002,0.0,97.7768,0.0,0.0,0.9778,0.0,-0.0001,2.9857,0.0,-0.0,0.0299,0.0002,0.0001,220.3088,0.0,0.0,2.2031,0.0001,-0.0,65.5572,0.0,-0.0,0.6556,0.0,-0.0001,15.3138,0.0,-0.0,0.1531,0.0007,0.0006,825.7887,0.0001,0.0,8.2579,e93a2b3,,18992fa,2026-09-04T19:21:08+00:00
47405,18.732,0.0004,0.0,0.0004,0.0003,-0.0002,69.3387,0.0,-0.0,0.6934,0.0037,0.0033,1160.8472,0.0003,0.0003,11.6085,0.0,-0.0004,2.1135,0.0,-0.0,0.0211,0.0004,0.0,115.7271,0.0,0.0,1.1573,0.0001,-0.0003,43.4823,0.0,-0.0,0.4348,0.0001,-0.0003,34.9504,0.0,-0.0,0.3495,0.0006,0.0002,113.2445,0.0001,0.0,1.1324,0.0006,0.0002,152.3057,0.0,0.0,1.5231,0.001,0.0006,266.8893,0.0001,0.0001,2.6689,0.0005,0.0001,111.202,0.0,0.0,1.112,0.0007,0.0003,213.8865,0.0001,0.0,2.1389,e93a2b3,,18992fa,2026-09-04T19:21:08+00:00
47510,12.4395,0.0001,0.0,0.0001,0.0032,0.0031,5769.9717,0.0003,0.0003,57.6997,0.0001,-0.0,36.3018,0.0,-0.0,0.363,0.0006,0.0005,771.4198,0.0001,0.0,7.7142,0.0,-0.0002,0.0263,0.0,-0.0,0.0003,0.0,-0.0001,16.2235,0.0,-0.0,0.1622,0.0001,-0.0,100.4846,0.0,-0.0,1.0048,0.0017,0.0016,1890.0265,0.0002,0.0002,18.9003,0.0001,-0.0,55.9098,0.0,-0.0,0.5591,0.0,-0.0001,1.6627,0.0,-0.0,0.0166,0.0,-0.0,0.3918,0.0,-0.0,0.0039,0.0003,0.0002,552.2089,0.0,0.0,5.5221,e93a2b3,,18992fa,2026-09-04T19:21:08+00:00
47520,12.267,0.0001,0.0,0.0001,0.0018,0.0017,3386.374,0.0002,0.0002,33.8637,0.0001,0.0,136.7023,0.0,0.0,1.367,0.0002,0.0001,283.3652,0.0,0.0,2.8337,0.0,-0.0001,8.3892,0.0,-0.0,0.0839,0.0001,-0.0,63.4285,0.0,-0.0,0.6343,0.0,-0.0001,45.7653,0.0,-0.0,0.4577,0.0008,0.0007,886.3196,0.0001,0.0001,8.8632,0.0002,0.0001,189.3644,0.0,0.0,1.8936,0.0,-0.0001,1.9359,0.0,-0.0,0.0194,0.0,-0.0001,9.4911,0.0,-0.0,0.0949,0.0005,0.0004,966.5651,0.0,0.0,9.6657,e93a2b3,,18992fa,2026-09-04T19:21:08+00:00
47530,15.9452,0.0002,0.0,0.0002,0.0008,0.0006,629.577,0.0001,0.0001,6.2958,0.0021,0.0019,1419.3506,0.0002,0.0002,14.1935,0.0,-0.0002,21.8331,0.0,-0.0,0.2183,0.0002,0.0,117.3874,0.0,0.0,1.1739,0.0002,0.0,127.7053,0.0,0.0,1.2771,0.0,-0.0002,1.6594,0.0,-0.0,0.0166,0.0004,0.0002,122.9256,0.0,0.0,1.2293,0.0001,-0.0001,73.5156,0.0,-0.0,0.7352,0.0,-0.0002,17.0499,0.0,-0.0,0.1705,0.0002,0.0,107.0998,0.0,0.0,1.071,0.0025,0.0023,1386.2979,0.0002,0.0002,13.863,e93a2b3,,18992fa,2026-09-04T19:21:08+00:00
47540,11.9037,0.0002,0.0,0.0002,0.0007,0.0005,296.6204,0.0001,0.0,2.9662,0.0,-0.0002,7.8632,0.0,-0.0,0.0786,0.0009,0.0007,323.485,0.0001,0.0001,3.2349,,,,,,,0.0002,-0.0,94.4282,0.0,-0.0,0.9443,0.0002,0.0,91.6945,0.0,0.0,0.9169,0.002,0.0018,1757.1328,0.0002,0.0002,17.5713,0.0002,-0.0,111.3455,0.0,-0.0,1.1135,0.0,-0.0002,1.7055,0.0,-0.0,0.0171,0.0,-0.0002,0.679,0.0,-0.0,0.0068,0.0005,0.0003,651.8316,0.0,0.0,6.5183,e93a2b3,,18992fa,2026-09-04T19:21:08+00:00
47550,13.4481,0.0002,0.0,0.0002,0.0021,0.002,1964.359,0.0002,0.0002,19.6436,0.0001,-0.0001,43.5397,0.0,-0.0,0.4354,0.0001,-0.0001,41.2539,0.0,-0.0,0.4125,0.0003,0.0,67.9506,0.0,0.0,0.6795,0.0006,0.0005,634.8199,0.0001,0.0,6.3482,0.0,-0.0002,14.0222,0.0,-0.0,0.1402,0.0012,0.0011,822.2808,0.0001,0.0001,8.2228,0.0005,0.0003,453.2576,0.0,0.0,4.5326,,,,,,,0.0,-0.0001,10.2209,0.0,-0.0,0.1022,0.0005,0.0003,268.2437,0.0,0.0,2.6824,e93a2b3,,18992fa,2026-09-04T19:21:08+00:00
47560,13.9329,0.0003,0.0,0.0003,0.0023,0.002,1411.6411,0.0002,0.0002,14.1164,0.0001,-0.0002,28.1991,0.0,-0.0,0.282,0.0003,-0.0,78.2175,0.0,-0.0,0.7822,0.0,-0.0002,0.3363,0.0,-0.0,0.0034,0.0007,0.0004,328.7805,0.0001,0.0,3.2878,0.0003,-0.0,67.4443,0.0,-0.0,0.6744,0.0001,-0.0004,12.1321,0.0,-0.0,0.1213,0.001,0.0007,375.7151,0.0001,0.0001,3.7572,0.0,-0.0007,0.0906,0.0,-0.0001,0.0009,0.0,-0.0003,7.748,0.0,-0.0,0.0775,0.0004,0.0001,157.61,0.0,0.0,1.5761,e93a2b3,,18992fa,2026-09-04T19:21:08+00:00
48101,18.3715,0.0017,0.0002,0.0017,0.006,0.0022,287.2418,0.0005,0.0002,2.8724,0.0046,-0.0013,114.3654,0.0004,-0.0001,1.1437,0.0096,0.0045,80.8001,0.0009,0.0004,0.808,0.0051,0.0007,76.8963,0.0005,0.0001,0.769,0.006,0.0002,54.4384,0.0005,0.0,0.5444,0.0013,-0.0022,30.8593,0.0001,-0.0002,0.3086,0.0049,0.0028,3068.1487,0.0004,0.0003,30.6815,0.0039,0.0015,165.1567,0.0004,0.0001,1.6516,0.0026,0.0007,1903.5774,0.0002,0.0001,19.0358,0.0044,0.0011,255.52,0.0004,0.0001,2.5552,0.0015,-0.0008,76.5852,0.0001,-0.0001,0.7659,e93a2b3,,18992fa,2026-09-04T19:21:08+00:00
48102,24.756,0.0002,0.0,0.0002,0.0,-0.0002,26.1084,0.0,-0.0,0.2611,0.0001,-0.0004,12.9543,0.0,-0.0,0.1295,0.0002,-0.0001,31.4432,0.0,-0.0,0.3144,0.0006,0.0003,259.9578,0.0001,0.0,2.5996,0.0001,-0.0003,19.4552,0.0,-0.0,0.1946,0.0005,0.0003,241.0565,0.0,0.0,2.4106,0.0011,0.0009,1893.5719,0.0001,0.0001,18.9357,0.0002,0.0001,111.3126,0.0,0.0,1.1131,0.0014,0.0013,5979.8511,0.0001,0.0001,59.7985,0.0001,-0.0001,93.0896,0.0,-0.0,0.9309,0.0002,-0.0,85.8577,0.0,-0.0,0.8586,e93a2b3,,18992fa,2026-09-04T19:21:08+00:00
48201,31.953,0.001,0.0001,0.001,0.0042,0.0025,319.5254,0.0004,0.0002,3.1953,0.0017,-0.0004,42.8833,0.0002,-0.0,0.4288,0.0028,0.0011,89.95,0.0003,0.0001,0.8995,0.0008,-0.0012,35.7329,0.0001,-0.0001,0.3573,0.0088,0.0068,336.0352,0.0008,0.0007,3.3604,0.0013,0.0001,215.2557,0.0001,0.0,2.1526,0.0046,0.0034,4679.8867,0.0004,0.0003,46.7988,0.0012,-0.0001,75.8568,0.0001,-0.0,0.7586,0.0005,-0.0012,51.0645,0.0,-0.0001,0.5106,0.0028,0.0011,1178.6874,0.0003,0.0001,11.7869,0.0012,0.0001,634.6215,0.0001,0.0,6.3462,e93a2b3,,18992fa,2026-09-04T19:21:08+00:00
48202,50.3844,0.0057,0.0006,0.0057,0.0061,0.0004,100.7599,0.0006,0.0,1.0076,0.0044,-0.0014,79.2249,0.0004,-0.0001,0.7922,0.0104,0.0047,187.1781,0.001,0.0005,1.8718,0.0016,-0.0042,28.9831,0.0002,-0.0004,0.2898,0.0227,0.017,415.3748,0.0022,0.0017,4.1537,0.0138,0.008,206.3846,0.0013,0.0008,2.0638,0.0118,0.0061,236.9038,0.0011,0.0006,2.369,0.0019,-0.0038,34.1091,0.0002,-0.0004,0.3411,0.0018,-0.004,32.3512,0.0002,-0.0004,0.3235,0.0101,0.0044,182.8917,0.001,0.0004,1.8289,0.0049,-0.0008,91.0135,0.0005,-0.0001,0.9101,e93a2b3,,18992fa,2026-09-04T19:21:08+00:00
48204,21.5047,0.0,0.0,0.0,,,,,,,,,,,,,,,,,,,,,,,,,,,,,,,0.0001,0.0001,294.452,0.0,0.0,2.9445,0.0001,0.0,165.3197,0.0,0.0,1.6532,0.0,-0.0,0.643,0.0,-0.0,0.0064,0.0001,0.0001,304.7661,0.0,0.0,3.0477,0.0,-0.0,1.6065,0.0,-0.0,0.0161,0.0,-0.0,32.3868,0.0,-0.0,0.3239,e93a2b3,,18992fa,2026-09-04T19:21:08+00:00
48210,21.5721,0.0001,0.0,0.0001,0.0,-0.0,72.8725,0.0,-0.0,0.7287,0.0,-0.0001,5.6386,0.0,-0.0,0.0564,0.0,-0.0001,14.1919,0.0,-0.0,0.1419,0.0,-0.0001,6.268,0.0,-0.0,0.0627,0.0003,0.0002,175.2835,0.0,0.0,1.7528,0.0001,0.0001,222.7308,0.0,0.0,2.2273,0.0013,0.0012,4990.0249,0.0001,0.0001,49.9002,0.0,-0.0,20.652,0.0,-0.0,0.2065,0.0001,0.0,650.0843,0.0,0.0,6.5008,0.0004,0.0003,855.333,0.0,0.0,8.5533,0.0002,0.0001,898.551,0.0,0.0,8.9855,e93a2b3,,18992fa,2026-09-04T19:21:08+00:00
48220,23.0258,0.0112,0.001,0.0112,0.033,0.0107,198.0744,0.003,0.001,1.9807,0.0233,-0.0015,75.8023,0.0021,-0.0001,0.758,0.0514,0.0271,313.5746,0.0047,0.0025,3.1357,0.0174,-0.007,55.2542,0.0016,-0.0006,0.5525,0.0226,-0.0021,77.5333,0.002,-0.0002,0.7753,0.0081,-0.0083,33.1161,0.0007,-0.0008,0.3312,0.0145,0.0026,3062.1965,0.0013,0.0002,30.622,0.0193,0.0029,212.3768,0.0018,0.0003,2.1238,0.019,-0.0014,79.9758,0.0017,-0.0001,0.7998,0.0202,0.0034,607.2379,0.0018,0.0003,6.0724,0.017,0.0054,123.9066,0.0015,0.0005,1.2391,e93a2b3,,18992fa,2026-09-04T19:21:08+00:00
48231,28.8691,0.0003,0.0,0.0003,0.0,-0.0006,5.3578,0.0,-0.0001,0.0536,0.0,-0.0006,6.1355,0.0,-0.0001,0.0614,0.0013,0.0006,52.6622,0.0001,0.0001,0.5266,0.0001,-0.0004,39.8187,0.0,-0.0,0.3982,0.001,0.0005,219.4303,0.0001,0.0,2.1943,0.0003,-0.0002,76.2724,0.0,-0.0,0.7627,0.0055,0.0051,4244.1055,0.0005,0.0005,42.4411,0.0011,0.0006,311.2945,0.0001,0.0001,3.1129,0.0001,-0.0004,35.105,0.0,-0.0,0.3511,0.001,0.0005,302.9976,0.0001,0.0,3.03,0.0017,0.0014,872.1423,0.0002,0.0001,8.7214,e93a2b3,,18992fa,2026-09-04T19:21:08+00:00
48232,31.0959,0.0008,0.0001,0.0008,0.0003,-0.0013,8.1178,0.0,-0.0001,0.0812,0.0013,-0.0001,31.6314,0.0001,-0.0,0.3163,0.0041,0.0028,129.8905,0.0004,0.0003,1.2989,0.0007,-0.0006,96.8738,0.0001,-0.0001,0.9687,0.0173,0.016,842.6886,0.0017,0.0016,8.4269,0.0008,-0.0004,56.3466,0.0001,-0.0,0.5635,0.0059,0.0048,1907.798,0.0006,0.0005,19.078,0.0016,0.0004,182.7069,0.0002,0.0,1.8271,0.0002,-0.0011,31.6235,0.0,-0.0001,0.3162,0.0039,0.0026,447.922,0.0004,0.0003,4.4792,0.001,0.0002,277.5049,0.0001,0.0,2.775,e93a2b3,,18992fa,2026-09-04T19:21:08+00:00
48234,41.746,0.0109,0.0011,0.0109,0.0148,-0.0016,60.7931,0.0015,-0.0002,0.6079,0.0149,-0.0021,44.9277,0.0015,-0.0002,0.4493,0.0179,0.0022,134.7393,0.0018,0.0002,1.3474,0.0133,-0.0019,128.675,0.0013,-0.0002,1.2868,0.0344,0.0191,1305.5793,0.0034,0.0019,13.0558,0.0186,0.0035,155.2055,0.0018,0.0003,1.5521,0.0174,0.0027,2151.281,0.0017,0.0003,21.5128,0.0136,-0.0012,131.6299,0.0013,-0.0001,1.3163,0.0148,-0.0019,36.902,0.0015,-0.0002,0.369,0.018,0.0021,493.1645,0.0018,0.0002,4.9316,0.0116,0.0006,103.0278,0.0012,0.0001,1.0303,e93a2b3,,18992fa,2026-09-04T19:21:08+00:00
48238,25.2891,0.0966,0.0089,0.0966,0.1206,-0.0126,123.7261,0.0111,-0.0012,1.2373,0.1276,-0.0336,67.7966,0.0117,-0.0031,0.678,0.1651,0.0082,204.0563,0.0151,0.0007,2.0406,0.1528,-0.0103,38.3441,0.014,-0.0009,0.3834,0.1495,-0.0091,70.4722,0.0137,-0.0008,0.7047,0.1106,-0.0029,64.2429,0.0101,-0.0003,0.6424,0.1143,0.0177,5952.6465,0.0105,0.0016,59.5265,0.1291,0.0235,703.9387,0.0118,0.0022,7.0394,0.16,-0.002,49.1181,0.0147,-0.0002,0.4912,0.1026,0.0006,3956.4983,0.0094,0.0001,39.565,0.1036,0.0019,89.9349,0.0095,0.0002,0.8993,e93a2b3,,18992fa,2026-09-04T19:21:08+00:00
48240,78.8832,0.0045,0.0004,0.0045,0.0015,-0.003,32.4097,0.0001,-0.0003,0.3241,0.0011,-0.0033,24.8611,0.0001,-0.0003,0.2486,0.008,0.0035,179.023,0.0008,0.0003,1.7902,0.0033,-0.0012,75.9228,0.0003,-0.0001,0.7592,0.0198,0.0153,457.8121,0.002,0.0015,4.5781,0.0134,0.0089,296.5264,0.0013,0.0009,2.9653,0.0071,0.0026,164.1964,0.0007,0.0003,1.642,0.0021,-0.0024,47.0601,0.0002,-0.0002,0.4706,0.0038,-0.0007,85.7734,0.0004,-0.0001,0.8577,0.0045,0.0001,99.4507,0.0005,0.0,0.9945,0.0082,0.0037,174.7685,0.0008,0.0004,1.7477,e93a2b3,,18992fa,2026-09-04T19:21:08+00:00
48244,29.1203,0.0032,0.0003,0.0032,0.0054,-0.0006,40.1301,0.0005,-0.0001,0.4013,0.0092,0.0031,81.4603,0.0009,0.0003,0.8146,0.0078,0.0024,125.3024,0.0008,0.0002,1.253,0.0044,-0.0007,80.3511,0.0004,-0.0001,0.8035,0.0296,0.0244,815.9039,0.0029,0.0024,8.159,0.0066,0.0019,178.2947,0.0007,0.0002,1.7829,0.0076,0.0031,4757.9634,0.0008,0.0003,47.5796,0.0027,-0.0021,70.9181,0.0003,-0.0002,0.7092,0.0021,-0.0035,32.1929,0.0002,-0.0004,0.3219,0.0053,0.0001,314.0889,0.0005,0.0,3.1409,0.005,0.0016,116.4245,0.0005,0.0002,1.1642,e93a2b3,,18992fa,2026-09-04T19:21:08+00:00
48249,27.8194,0.0064,0.0006,0.0064,0.0095,-0.003,20.7054,0.001,-0.0003,0.2071,0.0095,-0.0028,13.6821,0.001,-0.0003,0.1368,0.0119,0.0016,220.8783,0.0012,0.0002,2.2088,0.0098,-0.0006,62.2205,0.001,-0.0001,0.6222,0.02,0.0097,393.0757,0.002,0.001,3.9308,0.0117,0.0016,128.854,0.0012,0.0002,1.2885,0.015,0.0057,1795.9919,0.0015,0.0006,17.9599,0.0085,-0.001,106.3609,0.0008,-0.0001,1.0636,0.0098,-0.001,74.0302,0.001,-0.0001,0.7403,0.0092,-0.0002,127.804,0.0009,-0.0,1.278,0.0072,0.0008,132.8749,0.0007,0.0001,1.3287,e93a2b3,,18992fa,2026-09-04T19:21:08+00:00
48250,13.4311,0.1345,0.0124,0.1345,0.5744,-0.0851,114.7769,0.0528,-0.0078,1.1478,0.5857,-0.1375,45.1395,0.0538,-0.0126,0.4514,0.6964,-0.051,175.3015,0.064,-0.0047,1.753,0.739,-0.0617,61.4782,0.0679,-0.0057,0.6148,0.614,-0.0455,73.1956,0.0564,-0.0042,0.732,0.5386,-0.0083,77.7073,0.0495,-0.0008,0.7771,0.1584,0.0189,2376.2791,0.0146,0.0017,23.7628,0.6676,0.1337,296.2103,0.0614,0.0123,2.9621,1.071,0.1375,58.569,0.0984,0.0126,0.5857,0.3093,0.0453,270.2448,0.0284,0.0042,2.7024,0.2308,0.0339,52.5268,0.0212,0.0031,0.5253,e93a2b3,,18992fa,2026-09-04T19:21:08+00:00
48260,65.9412,0.0383,0.0039,0.0383,0.0297,-0.0086,91.6161,0.003,-0.0009,0.9162,0.0272,-0.0111,27.7003,0.0027,-0.0011,0.277,0.0362,-0.0021,126.9538,0.0037,-0.0002,1.2695,0.0295,-0.0088,29.9295,0.003,-0.0009,0.2993,0.0383,0.0,123.4918,0.0039,0.0,1.2349,0.0385,0.0003,140.9332,0.0039,0.0,1.4093,0.04,0.0017,213.6006,0.004,0.0002,2.136,0.0366,-0.0016,7.0705,0.0037,-0.0002,0.0707,0.0455,0.0073,261.0075,0.0046,0.0007,2.6101,0.046,0.0077,129.0343,0.0046,0.0008,1.2903,0.0499,0.0117,156.2604,0.005,0.0012,1.5626,e93a2b3,,18992fa,2026-09-04T19:21:08+00:00
48264,20.0433,0.0012,0.0001,0.0012,0.0001,-0.0029,1.593,0.0,-0.0003,0.0159,0.0001,-0.0029,2.1181,0.0,-0.0003,0.0212,0.0017,0.0001,128.6142,0.0002,0.0,1.2861,0.0007,-0.001,18.6932,0.0001,-0.0001,0.1869,0.0125,0.0108,362.2525,0.0013,0.0011,3.6225,0.007,0.0053,188.7722,0.0007,0.0005,1.8877,0.0106,0.0092,1219.1534,0.0011,0.0009,12.1915,0.0025,0.0008,231.4991,0.0002,0.0001,2.315,0.0006,-0.001,21.6107,0.0001,-0.0001,0.2161,0.0026,0.001,191.9608,0.0003,0.0001,1.9196,0.0035,0.0023,138.6719,0.0004,0.0002,1.3867,e93a2b3,,18992fa,2026-09-04T19:21:08+00:00
48266,20.9046,0.0006,0.0001,0.0006,0.0,-0.0025,1.1933,0.0,-0.0002,0.0119,0.0,-0.002,1.162,0.0,-0.0002,0.0116,0.0014,0.0006,125.336,0.0001,0.0001,1.2534,0.0002,-0.0009,14.3341,0.0,-0.0001,0.1433,0.0035,0.0024,132.4528,0.0004,0.0002,1.3245,0.0008,-0.0001,78.5127,0.0001,-0.0,0.7851,0.0082,0.0076,1859.8453,0.0008,0.0008,18.5985,0.0016,0.0008,219.2014,0.0002,0.0001,2.192,0.0005,-0.0006,25.8001,0.0,-0.0001,0.258,0.0018,0.0009,186.8774,0.0002,0.0001,1.8688,0.0006,0.0,189.3681,0.0001,0.0,1.8937,e93a2b3,,18992fa,2026-09-04T19:21:08+00:00
48268,56.313,0.2406,0.0242,0.2406,0.2226,-0.0712,52.4642,0.0224,-0.0072,0.5246,0.2361,-0.0599,26.3161,0.0237,-0.006,0.2632,0.2217,-0.0349,191.5914,0.0223,-0.0035,1.9159,0.2266,-0.03,48.7491,0.0228,-0.003,0.4875,0.2676,0.0003,357.7895,0.0269,0.0,3.5779,0.2613,0.0047,127.8272,0.0263,0.0005,1.2783,0.2732,0.02,1302.465,0.0275,0.002,13.0246,0.2753,0.022,176.6081,0.0277,0.0022,1.7661,0.2885,0.0267,95.0167,0.029,0.0027,0.9502,0.3028,0.0462,139.0187,0.0304,0.0047,1.3902,0.2846,0.044,245.4268,0.0286,0.0044,2.4543,e93a2b3,,18992fa,2026-09-04T19:21:08+00:00
48269,56.3182,0.1091,0.0109,0.1091,0.1118,-0.0057,60.6291,0.0111,-0.0006,0.6063,0.115,-0.0064,34.2195,0.0114,-0.0006,0.3422,0.1188,0.0078,328.0393,0.0118,0.0008,3.2804,0.1054,-0.0056,42.1302,0.0105,-0.0006,0.4213,0.116,0.0005,115.8571,0.0115,0.0001,1.1586,0.1093,-0.0017,76.0503,0.0109,-0.0002,0.7605,0.1197,0.0092,973.5819,0.0119,0.0009,9.7358,0.1086,-0.0019,233.6983,0.0108,-0.0002,2.337,0.1134,0.0024,119.0487,0.0113,0.0002,1.1905,0.1126,0.0016,115.8441,0.0112,0.0002,1.1584,0.1173,0.0082,266.4836,0.0117,0.0008,2.6648,e93a2b3,,18992fa,2026-09-04T19:21:08+00:00
48270,25.9557,0.0619,0.0057,0.0619,0.0782,-0.0092,133.7306,0.0072,-0.0008,1.3373,0.0856,-0.0242,47.5091,0.0079,-0.0022,0.4751,0.1433,0.0419,701.642,0.0133,0.0039,7.0164,0.1185,0.0,76.3197,0.0109,0.0,0.7632,0.0875,-0.0132,74.8029,0.008,-0.0012,0.748,0.0868,-0.0045,102.2949,0.008,-0.0004,1.0229,0.0814,0.0196,5773.4736,0.0075,0.0018,57.7347,0.0991,0.0177,666.5727,0.0091,0.0016,6.6657,0.1223,0.0049,56.743,0.0113,0.0005,0.5674,0.1019,-0.0007,65.9305,0.0094,-0.0001,0.6593,0.073,-0.0028,121.6916,0.0067,-0.0003,1.2169,e93a2b3,,18992fa,2026-09-04T19:21:08+00:00
48280,33.0805,0.1034,0.01,0.1034,0.1624,0.0041,297.7621,0.0156,0.0004,2.9776,0.1776,-0.0081,80.673,0.0171,-0.0008,0.8067,0.2355,0.072,2358.0137,0.0226,0.0069,23.5801,0.1785,-0.0039,43.8621,0.0172,-0.0004,0.4386,0.1699,0.0012,94.3327,0.0164,0.0001,0.9433,0.1468,-0.0115,71.7499,0.0141,-0.0011,0.7175,0.1112,0.0069,675.6517,0.0107,0.0007,6.7565,0.1608,0.0148,609.6639,0.0155,0.0014,6.0966,0.1726,-0.0061,70.9458,0.0166,-0.0006,0.7095,0.1612,-0.0114,70.3508,0.0155,-0.0011,0.7035,0.1312,0.0035,431.5417,0.0126,0.0003,4.3154,e93a2b3,,18992fa,2026-09-04T19:21:08+00:00
48292,13.6419,0.0005,0.0,0.0005,0.0,-0.001,12.5404,0.0,-0.0001,0.1254,0.0001,-0.0023,1.8599,0.0,-0.0002,0.0186,0.0024,0.0012,185.2137,0.0002,0.0001,1.8521,0.0006,-0.0006,27.2922,0.0001,-0.0001,0.2729,0.0009,-0.0003,43.6578,0.0001,-0.0,0.4366,0.0008,-0.0003,117.6566,0.0001,-0.0,1.1766,0.0043,0.0038,951.3962,0.0004,0.0004,9.514,0.0046,0.0035,546.0657,0.0005,0.0003,5.4607,0.0015,0.0002,106.8422,0.0001,0.0,1.0684,0.0013,0.0,84.9942,0.0001,0.0,0.8499,0.0021,0.0013,356.4398,0.0002,0.0001,3.5644,e93a2b3,,18992fa,2026-09-04T19:21:08+00:00
48294,15.4854,0.033,0.0033,0.033,0.106,-0.0011,11.3882,0.0105,-0.0001,0.1139,0.2035,-0.0021,8.638,0.0202,-0.0002,0.0864,0.1598,0.0035,207.3802,0.0159,0.0003,2.0738,0.1549,-0.0014,14.4471,0.0154,-0.0001,0.1445,0.1478,0.0004,72.441,0.0147,0.0,0.7244,0.1216,-0.0006,67.06,0.0121,-0.0001,0.6706,0.0358,0.0027,370.9222,0.0035,0.0003,3.7092,0.1009,0.0043,1240.3481,0.01,0.0004,12.4035,0.1294,0.0012,179.1908,0.0128,0.0001,1.7919,0.1564,0.0001,114.7133,0.0155,0.0,1.1471,0.0747,0.001,134.3166,0.0074,0.0001,1.3432,e93a2b3,,18992fa,2026-09-04T19:21:08+00:00
48296,30.7525,0.0032,0.0003,0.0032,0.0007,-0.0037,23.2489,0.0001,-0.0004,0.2325,0.0047,-0.0012,34.7771,0.0005,-0.0001,0.3478,0.0326,0.0274,729.3462,0.0032,0.0027,7.2935,0.002,-0.0032,16.8325,0.0002,-0.0003,0.1683,0.0127,0.0082,203.2758,0.0013,0.0008,2.0328,0.0017,-0.0027,38.0312,0.0002,-0.0003,0.3803,0.0144,0.0111,1172.9409,0.0014,0.0011,11.7294,0.0107,0.0067,2901.6555,0.0011,0.0007,29.0166,0.0045,-0.0001,133.9453,0.0004,-0.0,1.3395,0.0034,-0.0017,131.2363,0.0003,-0.0002,1.3124,0.0114,0.0078,426.7105,0.0011,0.0008,4.2671,e93a2b3,,18992fa,2026-09-04T19:21:08+00:00
48297,20.4865,0.0004,0.0,0.0004,0.0004,-0.0002,72.4811,0.0,-0.0,0.7248,0.0001,-0.0008,9.574,0.0,-0.0001,0.0957,0.007,0.0064,740.2241,0.0007,0.0006,7.4022,0.0,-0.0009,1.0657,0.0,-0.0001,0.0107,0.0001,-0.0005,24.508,0.0,-0.0,0.2451,0.0005,-0.0001,77.4354,0.0,-0.0,0.7744,0.0032,0.0027,670.8184,0.0003,0.0003,6.7082,0.0076,0.007,1817.3909,0.0007,0.0007,18.1739,0.0009,0.0003,114.1401,0.0001,0.0,1.1414,0.0009,0.0003,218.2805,0.0001,0.0,2.1828,0.0011,0.0006,327.3245,0.0001,0.0001,3.2732,e93a2b3,,18992fa,2026-09-04T19:21:08+00:00
48298,57.3466,0.3329,0.0328,0.3329,0.3213,-0.0115,59.9007,0.0317,-0.0011,0.599,0.3523,0.0194,240.1653,0.0347,0.0019,2.4017,0.388,0.0551,1049.8759,0.0382,0.0054,10.4988,0.3106,-0.0223,19.6097,0.0307,-0.0022,0.1961,0.3376,0.0047,95.2447,0.0333,0.0005,0.9524,0.3312,-0.0017,105.5937,0.0327,-0.0002,1.0559,0.3583,0.0254,238.9398,0.0353,0.0025,2.3894,0.3171,-0.0158,109.7175,0.0313,-0.0016,1.0972,0.3384,0.0056,123.5518,0.0334,0.0005,1.2355,0.3133,-0.0196,37.4663,0.0309,-0.0019,0.3747,0.3539,0.021,512.9701,0.0349,0.0021,5.1297,e93a2b3,,18992fa,2026-09-04T19:21:08+00:00
48299,72.0268,1.9682,0.1968,1.9682,1.9681,-0.0002,84.5964,0.1968,-0.0,0.846,1.9965,0.0282,116.2354,0.1996,0.0028,1.1624,2.0013,0.0331,344.9271,0.2001,0.0033,3.4493,1.9519,-0.0163,57.9497,0.1951,-0.0016,0.5795,1.9746,0.0064,125.3511,0.1974,0.0006,1.2535,1.967,-0.0013,97.7527,0.1966,-0.0001,0.9775,1.9857,0.0174,189.7825,0.1985,0.0017,1.8978,1.9502,-0.0181,111.5077,0.195,-0.0018,1.1151,1.9595,-0.0087,106.5911,0.1959,-0.0009,1.0659,1.9396,-0.0286,70.2714,0.1939,-0.0029,0.7027,1.9574,-0.0108,177.6656,0.1957,-0.0011,1.7767,e93a2b3,,18992fa,2026-09-04T19:21:08+00:00
48301,52.1959,0.0094,0.0009,0.0094,0.0106,0.0012,83.1538,0.0011,0.0001,0.8315,0.0053,-0.0042,18.3392,0.0005,-0.0004,0.1834,0.0099,0.0005,77.2843,0.001,0.0001,0.7728,0.0089,-0.0005,78.0782,0.0009,-0.0,0.7808,0.0161,0.0067,324.1596,0.0016,0.0007,3.2416,0.0147,0.0053,226.3959,0.0015,0.0005,2.264,0.0136,0.0042,925.0367,0.0013,0.0004,9.2504,0.0063,-0.0031,63.3105,0.0006,-0.0003,0.6331,0.0071,-0.0024,34.4149,0.0007,-0.0002,0.3441,0.0123,0.0029,475.177,0.0012,0.0003,4.7518,0.0099,0.0005,193.247,0.001,0.0,1.9325,e93a2b3,,18992fa,2026-09-04T19:21:08+00:00
48302,39.1734,0.003,0.0003,0.003,0.0058,0.0016,132.1235,0.0006,0.0002,1.3212,0.002,-0.0034,23.2201,0.0002,-0.0003,0.2322,0.005,0.0014,54.2469,0.0005,0.0001,0.5425,0.0043,0.0007,66.4601,0.0004,0.0001,0.6646,0.0081,0.0045,207.5839,0.0008,0.0004,2.0758,0.0052,0.0022,250.1475,0.0005,0.0002,2.5015,0.0051,0.0021,1806.9229,0.0005,0.0002,18.0692,0.0009,-0.0021,95.7882,0.0001,-0.0002,0.9579,0.0021,-0.0015,39.5348,0.0002,-0.0001,0.3953,0.0044,0.0012,424.9913,0.0004,0.0001,4.2499,0.0028,-0.0002,206.3162,0.0003,-0.0,2.0632,e93a2b3,,18992fa,2026-09-04T19:21:08+00:00
48303,34.2531,0.0013,0.0001,0.0013,0.0051,0.0037,282.9026,0.0005,0.0004,2.829,0.0007,-0.0013,19.331,0.0001,-0.0001,0.1933,0.0017,0.0003,58.9609,0.0002,0.0,0.5896,0.0004,-0.0011,36.7331,0.0,-0.0001,0.3673,0.0141,0.0125,625.4244,0.0014,0.0012,6.2542,0.0018,0.0005,611.0783,0.0002,0.0,6.1108,0.0026,0.0013,1963.2095,0.0003,0.0001,19.6321,0.001,-0.0003,83.6699,0.0001,-0.0,0.8367,0.0006,-0.0012,18.1825,0.0001,-0.0001,0.1818,0.002,0.0006,553.043,0.0002,0.0001,5.5304,0.0019,0.0005,101.4139,0.0002,0.0,1.0141,e93a2b3,,18992fa,2026-09-04T19:21:08+00:00
48304,32.3757,0.0017,0.0002,0.0017,0.0023,0.0005,249.595,0.0002,0.0001,2.496,0.0014,-0.0004,54.5645,0.0001,-0.0,0.5456,0.0017,-0.0,70.7909,0.0002,-0.0,0.7079,0.0003,-0.0014,29.1336,0.0,-0.0001,0.2913,0.0228,0.021,1764.012,0.0022,0.0021,17.6401,0.006,0.0043,694.0224,0.0006,0.0004,6.9402,0.0058,0.0041,9330.1191,0.0006,0.0004,93.3012,0.0016,-0.0001,945.3026,0.0002,-0.0,9.453,0.0004,-0.0013,39.8888,0.0,-0.0001,0.3989,0.0025,0.0007,362.5531,0.0002,0.0001,3.6255,0.0011,-0.0007,60.7723,0.0001,-0.0001,0.6077,e93a2b3,,18992fa,2026-09-04T19:21:08+00:00
48305,38.1816,0.0059,0.0006,0.0059,0.0102,0.0035,161.2704,0.001,0.0003,1.6127,0.0072,-0.0009,54.1054,0.0007,-0.0001,0.5411,0.0099,0.0041,105.3497,0.001,0.0004,1.0535,0.013,0.006,94.5007,0.0013,0.0006,0.945,0.0306,0.0243,739.0576,0.0031,0.0024,7.3906,0.0082,0.0024,337.7961,0.0008,0.0002,3.378,0.0063,0.0004,5343.9473,0.0006,0.0,53.4395,0.0012,-0.0047,126.1311,0.0001,-0.0005,1.2613,0.0048,-0.0021,195.3916,0.0005,-0.0002,1.9539,0.0111,0.0039,237.3123,0.0011,0.0004,2.3731,0.0023,-0.0035,69.3605,0.0002,-0.0004,0.6936,e93a2b3,,18992fa,2026-09-04T19:21:08+00:00
49110,33.7612,0.0013,0.0001,0.0013,0.0088,0.0075,804.7949,0.0009,0.0008,8.0479,0.0003,-0.001,38.0223,0.0,-0.0001,0.3802,0.0012,-0.0002,27.1073,0.0001,-0.0,0.2711,0.0005,-0.0008,100.1037,0.0001,-0.0001,1.001,0.0066,0.0053,421.0418,0.0007,0.0006,4.2104,0.0049,0.0035,350.5817,0.0005,0.0004,3.5058,0.0005,-0.0008,95.6,0.0001,-0.0001,0.956,0.0025,-0.0001,12.373,0.0003,-0.0,0.1237,0.0034,0.0021,622.0406,0.0004,0.0002,6.2204,0.0013,-0.0,130.6311,0.0001,-0.0,1.3063,0.0012,-0.0001,36.4257,0.0001,-0.0,0.3643,e93a2b3,,18992fa,2026-09-04T19:21:08+00:00
49120,38.809,0.0015,0.0002,0.0015,0.0022,0.0007,182.9139,0.0002,0.0001,1.8291,0.0004,-0.0011,34.6439,0.0,-0.0001,0.3464,0.0013,-0.0002,78.1007,0.0001,-0.0,0.781,0.0019,0.0004,129.6392,0.0002,0.0,1.2964,0.0057,0.0042,317.0074,0.0006,0.0004,3.1701,0.002,0.0005,122.8278,0.0002,0.0,1.2283,0.0013,-0.0002,101.8443,0.0001,-0.0,1.0184,0.0003,-0.0013,7.2055,0.0,-0.0001,0.0721,0.005,0.0035,417.7912,0.0005,0.0004,4.1779,0.0013,-0.0002,85.7228,0.0001,-0.0,0.8572,0.0012,-0.0003,72.4744,0.0001,-0.0,0.7247,e93a2b3,,18992fa,2026-09-04T19:21:08+00:00
49130,21.2577,0.0004,0.0,0.0004,0.0007,0.0003,241.0088,0.0001,0.0,2.4101,0.001,0.0006,249.0419,0.0001,0.0001,2.4904,0.0002,-0.0002,40.4887,0.0,-0.0,0.4049,0.0008,0.0004,232.7929,0.0001,0.0,2.3279,0.0005,0.0001,154.8325,0.0001,0.0,1.5483,0.0006,0.0002,190.8165,0.0001,0.0,1.9082,0.0002,-0.0002,71.683,0.0,-0.0,0.7168,0.0,-0.0004,1.0251,0.0,-0.0,0.0103,0.0015,0.0011,495.6202,0.0002,0.0001,4.9562,0.0002,-0.0001,51.9971,0.0,-0.0,0.52,0.0001,-0.0003,14.2094,0.0,-0.0,0.1421,e93a2b3,,18992fa,2026-09-04T19:21:08+00:00
49140,27.1451,0.0007,0.0001,0.0007,0.0079,0.0072,470.501,0.0008,0.0008,4.705,0.0016,0.0009,339.4419,0.0002,0.0001,3.3944,0.0002,-0.0005,18.4814,0.0,-0.0001,0.1848,0.002,0.0013,513.6014,0.0002,0.0001,5.136,0.0069,0.0062,365.6439,0.0007,0.0007,3.6564,0.0032,0.0026,208.7488,0.0003,0.0003,2.0875,0.0002,-0.0005,43.2997,0.0,-0.0,0.433,0.0,-0.0007,1.4344,0.0,-0.0001,0.0143,0.0016,0.0009,388.023,0.0002,0.0001,3.8802,0.0004,-0.0003,42.3054,0.0,-0.0,0.4231,0.0001,-0.0006,6.4412,0.0,-0.0001,0.0644,e93a2b3,,18992fa,2026-09-04T19:21:08+00:00
49150,26.4115,0.0013,0.0001,0.0013,0.0014,0.0001,125.1831,0.0001,0.0,1.2518,0.0035,0.0022,564.1399,0.0004,0.0002,5.6414,0.0025,0.0012,124.9831,0.0003,0.0001,1.2498,0.0048,0.0035,658.3272,0.0005,0.0004,6.5833,0.0166,0.0153,571.2925,0.0017,0.0016,5.7129,0.0041,0.0028,110.5609,0.0004,0.0003,1.1056,0.001,-0.0003,83.1548,0.0001,-0.0,0.8315,0.0002,-0.0011,7.3909,0.0,-0.0001,0.0739,0.004,0.0026,432.9821,0.0004,0.0003,4.3298,0.002,0.0007,50.6787,0.0002,0.0001,0.5068,0.0002,-0.0012,5.1019,0.0,-0.0001,0.051,e93a2b3,,18992fa,2026-09-04T19:21:08+00:00
49160,27.1283,0.0027,0.0003,0.0027,0.0014,-0.0013,69.2504,0.0001,-0.0001,0.6925,0.0081,0.0054,426.8305,0.0009,0.0006,4.2683,0.0033,0.0006,94.6174,0.0003,0.0001,0.9462,0.007,0.0043,473.1488,0.0007,0.0005,4.7315,0.0489,0.0462,2021.3534,0.0052,0.0049,20.2135,0.0048,0.0021,102.5566,0.0005,0.0002,1.0256,0.0032,0.0005,182.575,0.0003,0.0001,1.8258,0.0,-0.0027,1.0798,0.0,-0.0003,0.0108,0.0079,0.0053,376.3763,0.0008,0.0006,3.7638,0.0135,0.0108,287.9885,0.0014,0.0011,2.8799,0.0001,-0.0026,1.9674,0.0,-0.0003,0.0197,e93a2b3,,18992fa,2026-09-04T19:21:08+00:00
49170,37.6087,0.0028,0.0003,0.0028,0.0032,0.0004,133.7664,0.0003,0.0,1.3377,0.001,-0.0019,53.0229,0.0001,-0.0002,0.5302,0.0035,0.0007,107.9854,0.0004,0.0001,1.0799,0.0058,0.0029,370.9254,0.0006,0.0003,3.7093,0.0128,0.01,383.16,0.0013,0.001,3.8316,0.0048,0.002,119.5963,0.0005,0.0002,1.196,0.0016,-0.0012,71.0894,0.0002,-0.0001,0.7109,0.0007,-0.0022,19.6279,0.0001,-0.0002,0.1963,0.0058,0.003,330.2169,0.0006,0.0003,3.3022,0.0041,0.0013,109.7041,0.0004,0.0001,1.097,0.0013,-0.0016,44.6837,0.0001,-0.0002,0.4468,e93a2b3,,18992fa,2026-09-04T19:21:08+00:00
49201,53.2145,0.0018,0.0002,0.0018,0.0015,-0.0003,87.4115,0.0002,-0.0,0.8741,0.0003,-0.0015,18.3596,0.0,-0.0002,0.1836,0.0021,0.0003,103.4542,0.0002,0.0,1.0345,0.0024,0.0006,138.6412,0.0002,0.0001,1.3864,0.0028,0.001,144.0996,0.0003,0.0001,1.441,0.0021,0.0003,129.0711,0.0002,0.0,1.2907,0.0022,0.0003,130.3341,0.0002,0.0,1.3033,0.0002,-0.0016,8.5146,0.0,-0.0002,0.0851,0.007,0.0052,472.3634,0.0007,0.0005,4.7236,0.0013,-0.0005,80.2732,0.0001,-0.0001,0.8027,0.0011,-0.0007,47.7676,0.0001,-0.0001,0.4777,e93a2b3,,18992fa,2026-09-04T19:21:08+00:00
49202,63.764,0.0027,0.0003,0.0027,0.0021,-0.0007,78.4825,0.0002,-0.0001,0.7848,0.0008,-0.0019,27.555,0.0001,-0.0002,0.2755,0.0025,-0.0002,92.7305,0.0003,-0.0,0.9273,0.0021,-0.0006,73.8183,0.0002,-0.0001,0.7382,0.0037,0.001,138.0845,0.0004,0.0001,1.3808,0.0045,0.0017,173.8539,0.0005,0.0002,1.7385,0.0037,0.001,152.1616,0.0004,0.0001,1.5216,0.0003,-0.0025,8.5185,0.0,-0.0002,0.0852,0.0089,0.0061,367.6974,0.0009,0.0006,3.677,0.0026,-0.0002,96.6992,0.0003,-0.0,0.967,0.0043,0.0016,151.5613,0.0004,0.0002,1.5156,e93a2b3,,18992fa,2026-09-04T19:21:08+00:00
49203,64.8413,0.0037,0.0004,0.0037,0.0024,-0.0013,61.1116,0.0002,-0.0001,0.6111,0.0007,-0.0029,19.6491,0.0001,-0.0003,0.1965,0.0045,0.0009,122.9422,0.0005,0.0001,1.2294,0.0039,0.0003,108.1253,0.0004,0.0,1.0813,0.0091,0.0054,233.3274,0.0009,0.0005,2.3333,0.0067,0.003,176.8116,0.0007,0.0003,1.7681,0.0051,0.0014,152.7927,0.0005,0.0001,1.5279,0.001,-0.0027,27.4025,0.0001,-0.0003,0.274,0.0071,0.0035,210.3224,0.0007,0.0004,2.1032,0.0032,-0.0004,90.5297,0.0003,-0.0,0.9053,0.0032,-0.0005,81.5908,0.0003,-0.0,0.8159,e93a2b3,,18992fa,2026-09-04T19:21:08+00:00
49204,53.4831,0.0046,0.0005,0.0046,0.0039,-0.0007,80.5378,0.0004,-0.0001,0.8054,0.0005,-0.0041,11.0488,0.0001,-0.0004,0.1105,0.0046,0.0,99.521,0.0005,0.0,0.9952,0.0072,0.0025,167.1207,0.0007,0.0003,1.6712,0.0125,0.0079,255.2682,0.0013,0.0008,2.5527,0.0069,0.0023,142.3894,0.0007,0.0002,1.4239,0.0051,0.0004,113.9966,0.0005,0.0,1.14,0.001,-0.0037,21.4053,0.0001,-0.0004,0.2141,0.0087,0.0041,203.2862,0.0009,0.0004,2.0329,0.0045,-0.0002,97.7756,0.0005,-0.0,0.9778,0.0023,-0.0023,48.3196,0.0002,-0.0002,0.4832,e93a2b3,,18992fa,2026-09-04T19:21:08+00:00
49205,64.4818,0.0069,0.0007,0.0069,0.0065,-0.0004,91.075,0.0006,-0.0,0.9108,0.0015,-0.0054,21.3272,0.0002,-0.0005,0.2133,0.0075,0.0006,109.5106,0.0008,0.0001,1.0951,0.0076,0.0007,112.0548,0.0008,0.0001,1.1205,0.0168,0.0099,240.593,0.0017,0.001,2.4059,0.0173,0.0104,253.4655,0.0017,0.001,2.5347,0.0089,0.002,132.8198,0.0009,0.0002,1.3282,0.0011,-0.0057,16.7369,0.0001,-0.0006,0.1674,0.007,0.0002,107.8798,0.0007,0.0,1.0788,0.007,0.0001,100.1988,0.0007,0.0,1.002,0.0038,-0.0031,55.5288,0.0004,-0.0003,0.5553,e93a2b3,,18992fa,2026-09-04T19:21:08+00:00
49206,48.5967,0.0056,0.0006,0.0056,0.0051,-0.0005,85.6336,0.0005,-0.0001,0.8563,0.0009,-0.0047,14.3649,0.0001,-0.0005,0.1436,0.0067,0.0011,117.4395,0.0007,0.0001,1.1744,0.0069,0.0012,127.5805,0.0007,0.0001,1.2758,0.0185,0.0129,315.1237,0.0019,0.0013,3.1512,0.0089,0.0033,149.5168,0.0009,0.0003,1.4952,0.0041,-0.0016,77.8007,0.0004,-0.0002,0.778,0.0014,-0.0043,25.1185,0.0001,-0.0004,0.2512,0.0096,0.004,184.8134,0.001,0.0004,1.8481,0.0055,-0.0002,98.4095,0.0006,-0.0,0.9841,0.0025,-0.0031,45.7159,0.0003,-0.0003,0.4572,e93a2b3,,18992fa,2026-09-04T19:21:08+00:00
49207,56.4719,0.0077,0.0008,0.0077,0.0089,0.0012,108.0987,0.0009,0.0001,1.081,0.0016,-0.0061,19.4364,0.0002,-0.0006,0.1944,0.0096,0.0019,120.4687,0.001,0.0002,1.2047,0.0088,0.0012,118.6094,0.0009,0.0001,1.1861,0.0227,0.015,293.5571,0.0023,0.0015,2.9356,0.0146,0.0069,172.6008,0.0015,0.0007,1.726,0.0078,0.0001,108.4324,0.0008,0.0,1.0843,0.0019,-0.0058,25.3947,0.0002,-0.0006,0.2539,0.009,0.0013,122.4732,0.0009,0.0001,1.2247,0.0077,0.0,97.0768,0.0008,0.0,0.9708,0.0037,-0.004,46.954,0.0004,-0.0004,0.4695,e93a2b3,,18992fa,2026-09-04T19:21:08+00:00
51501,,,,,,,,,,,,,,,,,,,,,,,,,,,,,,,,,,,,,,,,,,,,,,,,,,,,,,,,,,,,,,,,,,,,,,,e93a2b3,,18992fa,2026-09-04T19:21:08+00:00
53159,0.0008,,,,,,,,,,,,,,,,,,,,,,,,,,,,,,,,,,,,,,,,,,,,,,,,,,,,,,,,,,,,,,,,,,,,,,e93a2b3,,18992fa,2026-09-04T19:21:08+00:00
56396,3.8976,0.0,0.0,0.0,0.0,-0.0,36.8409,0.0,-0.0,0.3684,0.0022,0.0021,7195.3813,0.0002,0.0002,71.9538,0.0002,0.0001,245.7526,0.0,0.0,2.4575,0.0002,0.0002,3265.7332,0.0,0.0,32.6573,0.0,-0.0,38.6503,0.0,-0.0,0.3865,0.0002,0.0002,621.5283,0.0,0.0,6.2153,0.0,-0.0,17.4809,0.0,-0.0,0.1748,0.0,-0.0001,1.4257,0.0,-0.0,0.0143,,,,,,,0.0,-0.0,106.2347,0.0,-0.0,1.0623,0.0,0.0,43.7022,0.0,0.0,0.437,e93a2b3,,18992fa,2026-09-04T19:21:08+00:00
56397,0.4675,0.0,0.0,0.0,0.0,-0.0,25.0923,0.0,-0.0,0.2509,0.0002,0.0002,1141.2526,0.0,0.0,11.4125,,,,,,,0.0001,0.0001,1072.9043,0.0,0.0,10.729,0.0,-0.0,12.5285,0.0,-0.0,0.1253,0.0001,0.0001,665.3505,0.0,0.0,6.6535,0.0,-0.0,5.7024,0.0,-0.0,0.057,,,,,,,,,,,,,0.0,-0.0,12.8156,0.0,-0.0,0.1282,0.0,-0.0,80.6798,0.0,-0.0,0.8068,e93a2b3,,18992fa,2026-09-04T19:21:08+00:00
56424,0.9103,0.0,0.0,0.0,0.0,-0.0,31.684,0.0,-0.0,0.3168,0.0013,0.0012,5194.8667,0.0001,0.0001,51.9487,0.0001,0.0001,194.5658,0.0,0.0,1.9457,0.0002,0.0002,1747.2087,0.0,0.0,17.4721,0.0,-0.0,12.1207,0.0,-0.0,0.1212,0.0002,0.0001,1071.5,0.0,0.0,10.715,0.0,-0.0,7.1368,0.0,-0.0,0.0714,0.0,-0.0001,1.0788,0.0,-0.0,0.0108,,,,,,,0.0,-0.0,29.5902,0.0,-0.0,0.2959,0.0,-0.0,112.9911,0.0,-0.0,1.1299,e93a2b3,,18992fa,2026-09-04T19:21:08+00:00
56428,5.1185,0.0001,0.0,0.0001,0.0,-0.0,4.4596,0.0,-0.0,0.0446,0.0036,0.0035,16500.0352,0.0004,0.0004,165.0003,0.0001,0.0,168.1226,0.0,0.0,1.6812,0.0,-0.0,100.4378,0.0,-0.0,1.0044,0.0,-0.0,8.1977,0.0,-0.0,0.082,0.0003,0.0003,1238.0125,0.0,0.0,12.3801,0.0,-0.0,9.449,0.0,-0.0,0.0945,0.0,-0.0,1.2337,0.0,-0.0,0.0123,,,,,,,0.0,-0.0,70.8458,0.0,-0.0,0.7085,0.0001,0.0,126.3089,0.0,0.0,1.2631,e93a2b3,,18992fa,2026-09-04T19:21:08+00:00
56900,1.756,0.0,0.0,0.0,0.0,-0.0001,16.1795,0.0,-0.0,0.1618,0.0008,0.0007,1733.9924,0.0001,0.0001,17.3399,0.0006,0.0006,2560.9141,0.0001,0.0001,25.6091,0.0001,0.0,162.9897,0.0,0.0,1.6299,0.0001,-0.0,63.3532,0.0,-0.0,0.6335,0.0001,0.0,97.1576,0.0,0.0,0.9716,0.0,-0.0,140.4357,0.0,-0.0,1.4044,0.0,-0.0001,33.5183,0.0,-0.0,0.3352,0.0,-0.0002,2.7548,0.0,-0.0,0.0275,0.0,-0.0001,8.352,0.0,-0.0,0.0835,0.0001,0.0,89.4079,0.0,0.0,0.8941,e93a2b3,,18992fa,2026-09-04T19:21:08+00:00
57101,0.149,0.0,0.0,0.0,,,,,,,,,,,,,,,,,,,,,,,,,,,,,,,0.0,0.0,100.0,0.0,0.0,1.0,,,,,,,,,,,,,,,,,,,,,,,,,,,,,,,e93a2b3,,18992fa,2026-09-04T19:21:08+00:00
57102,0.3071,0.0,0.0,0.0,,,,,,,,,,,,,,,,,,,,,,,,,0.0,-0.0,85.5043,0.0,-0.0,0.855,0.0,0.0,488.545,0.0,0.0,4.8854,0.0,-0.0,6.5828,0.0,-0.0,0.0658,,,,,,,0.0,-0.0,82.012,0.0,-0.0,0.8201,,,,,,,,,,,,,e93a2b3,,18992fa,2026-09-04T19:21:08+00:00
57104,2.9911,0.0002,0.0,0.0002,0.0,-0.0004,3.0848,0.0,-0.0,0.0308,,,,,,,0.0003,-0.0,74.1954,0.0,-0.0,0.742,0.0,-0.0003,3.1378,0.0,-0.0,0.0314,0.0005,0.0002,211.9557,0.0,0.0,2.1196,0.0006,0.0004,214.7538,0.0001,0.0,2.1475,0.0001,-0.0002,22.9368,0.0,-0.0,0.2294,,,,,,,0.0007,0.0004,222.0766,0.0001,0.0,2.2208,,,,,,,,,,,,,e93a2b3,,18992fa,2026-09-04T19:21:08+00:00
57105,1.1861,0.0001,0.0,0.0001,0.0,-0.0003,0.0615,0.0,-0.0,0.0006,,,,,,,0.0002,-0.0,66.9455,0.0,-0.0,0.6695,0.0,-0.0002,1.4171,0.0,-0.0,0.0142,0.0002,0.0001,248.5963,0.0,0.0,2.486,0.0002,0.0002,185.4882,0.0,0.0,1.8549,0.0,-0.0001,11.6098,0.0,-0.0,0.1161,,,,,,,0.0004,0.0002,196.9823,0.0,0.0,1.9698,,,,,,,,,,,,,e93a2b3,,18992fa,2026-09-04T19:21:08+00:00
57106,0.3531,0.0001,0.0,0.0001,0.0,-0.0002,0.4282,0.0,-0.0,0.0043,,,,,,,0.0001,-0.0,77.0109,0.0,-0.0,0.7701,0.0,-0.0002,2.9058,0.0,-0.0,0.0291,0.0001,0.0001,306.6465,0.0,0.0,3.0665,0.0002,0.0001,123.2564,0.0,0.0,1.2326,0.0,-0.0001,21.2968,0.0,-0.0,0.213,,,,,,,0.0002,0.0001,186.0813,0.0,0.0,1.8608,,,,,,,,,,,,,e93a2b3,,18992fa,2026-09-04T19:21:08+00:00
57107,0.0153,,,,,,,,,,,,,,,,,,,,,,,,,,,,,,,,,,,,,,,,,,,,,,,,,,,,,,,,,,,,,,,,,,,,,,e93a2b3,,18992fa,2026-09-04T19:21:08+00:00
57108,0.4179,0.0002,0.0,0.0002,0.0,-0.0004,0.8102,0.0,-0.0,0.0081,,,,,,,0.0004,0.0,100.0,0.0,0.0,1.0,0.0,-0.0004,2.7296,0.0,-0.0,0.0273,0.0007,0.0002,162.467,0.0001,0.0,1.6247,0.0006,0.0004,188.4489,0.0001,0.0,1.8845,0.0,-0.0004,6.6618,0.0,-0.0,0.0666,,,,,,,0.0009,0.0005,195.5901,0.0001,0.0,1.9559,,,,,,,,,,,,,e93a2b3,,18992fa,2026-09-04T19:21:08+00:00
57109,0.3871,0.0,0.0,0.0,0.0,-0.0001,17.7702,0.0,-0.0,0.1777,0.0,-0.0002,0.1124,0.0,-0.0,0.0011,0.0001,0.0,88.1367,0.0,0.0,0.8814,0.0,-0.0001,6.1408,0.0,-0.0,0.0614,0.0001,0.0001,184.2416,0.0,0.0,1.8424,0.0001,0.0001,169.5163,0.0,0.0,1.6952,0.0,-0.0001,37.827,0.0,-0.0,0.3783,,,,,,,0.0002,0.0001,366.2774,0.0,0.0,3.6628,,,,,,,,,,,,,e93a2b3,,18992fa,2026-09-04T19:21:08+00:00
57201,5.249,0.0007,0.0001,0.0007,0.0929,0.0894,1745.0387,0.0081,0.0078,17.4504,0.0011,-0.0056,14.017,0.0001,-0.0005,0.1402,0.0,-0.003,0.3508,0.0,-0.0003,0.0035,0.0024,0.0011,109.8736,0.0002,0.0001,1.0987,0.0014,0.0005,277.8436,0.0001,0.0,2.7784,0.0027,0.002,2993.1714,0.0002,0.0002,29.9317,0.0003,-0.0008,46.2664,0.0,-0.0001,0.4627,0.0002,-0.0013,20.0541,0.0,-0.0001,0.2005,0.0009,-0.0,56.0941,0.0001,-0.0,0.5609,0.0025,0.0009,43.6446,0.0002,0.0001,0.4364,0.0031,0.0024,923.8665,0.0003,0.0002,9.2387,e93a2b3,,18992fa,2026-09-04T19:21:08+00:00
57202,7.6448,0.0014,0.0001,0.0014,0.0206,0.0188,314.911,0.0018,0.0016,3.1491,0.0004,-0.0066,4.918,0.0,-0.0006,0.0492,0.0002,-0.0015,16.9455,0.0,-0.0001,0.1695,0.0011,-0.0004,120.5141,0.0001,-0.0,1.2051,0.0043,0.0029,751.7341,0.0004,0.0003,7.5173,0.0113,0.0099,2780.4045,0.001,0.0009,27.8041,0.0006,-0.0008,57.2601,0.0001,-0.0001,0.5726,0.0,-0.0014,8.9439,0.0,-0.0001,0.0894,0.0016,0.0002,131.5717,0.0001,0.0,1.3157,0.0073,0.0058,128.0659,0.0006,0.0005,1.2807,0.0199,0.0184,1705.7467,0.0017,0.0016,17.0575,e93a2b3,,18992fa,2026-09-04T19:21:08+00:00
57203,5.0293,0.0244,0.0022,0.0244,0.0723,0.0348,346.4159,0.0065,0.0031,3.4642,0.0503,-0.0099,11.7866,0.0045,-0.0009,0.1179,0.0339,-0.0015,43.8811,0.003,-0.0001,0.4388,0.0302,0.0013,39.7496,0.0027,0.0001,0.3975,0.0245,-0.0011,1006.6256,0.0022,-0.0001,10.0663,0.0282,0.0037,5022.2432,0.0025,0.0003,50.2224,0.026,0.0,90.7666,0.0023,0.0,0.9077,0.0359,0.0033,164.9908,0.0032,0.0003,1.6499,0.024,-0.0022,231.1023,0.0021,-0.0002,2.311,0.0373,0.0079,109.8732,0.0033,0.0007,1.0987,0.0431,0.0169,1812.8455,0.0038,0.0015,18.1285,e93a2b3,,18992fa,2026-09-04T19:21:08+00:00
57204,4.8632,0.0002,0.0,0.0002,0.0,-0.0002,5.2338,0.0,-0.0,0.0523,0.0001,-0.0002,23.2248,0.0,-0.0,0.2322,0.0001,-0.0002,24.2604,0.0,-0.0,0.2426,0.0001,-0.0,53.6066,0.0,-0.0,0.5361,0.0009,0.0007,2904.718,0.0001,0.0001,29.0472,0.0089,0.0088,39009.043,0.0008,0.0008,390.0904,0.0001,-0.0,95.7591,0.0,-0.0,0.9576,0.0002,0.0001,113.6304,0.0,0.0,1.1363,0.0008,0.0007,599.264,0.0001,0.0001,5.9926,0.0,-0.0001,5.2214,0.0,-0.0,0.0522,0.0015,0.0014,744.0168,0.0001,0.0001,7.4402,e93a2b3,,18992fa,2026-09-04T19:21:08+00:00
57205,7.8206,0.015,0.0013,0.015,0.0502,0.0175,217.8195,0.0045,0.0016,2.1782,0.0393,-0.0067,13.9023,0.0035,-0.0006,0.139,0.0441,0.0039,54.1541,0.004,0.0004,0.5415,0.02,-0.0022,14.0036,0.0018,-0.0002,0.14,0.0164,-0.001,781.5823,0.0015,-0.0001,7.8158,0.0175,0.0005,2289.3674,0.0016,0.0,22.8937,0.0212,0.0013,45.8573,0.0019,0.0001,0.4586,0.0291,0.0093,862.0685,0.0026,0.0008,8.6207,0.0177,-0.0027,320.0756,0.0016,-0.0002,3.2008,0.0654,0.001,16.4939,0.0059,0.0001,0.1649,0.0213,0.0043,2354.2712,0.0019,0.0004,23.5427,e93a2b3,,18992fa,2026-09-04T19:21:08+00:00
57206,15.5696,0.2756,0.0247,0.2756,0.4835,0.0763,280.438,0.0433,0.0068,2.8044,0.4942,-0.0821,20.4585,0.0443,-0.0073,0.2046,0.4734,0.0051,79.6163,0.0424,0.0005,0.7962,0.2722,-0.0097,33.2474,0.0244,-0.0009,0.3325,0.2504,-0.0252,862.7466,0.0224,-0.0022,8.6275,0.2511,-0.0245,365.3757,0.0225,-0.0022,3.6538,0.3009,0.0212,76.1146,0.027,0.0019,0.7611,0.3186,0.0325,302.7206,0.0285,0.0029,3.0272,0.2442,-0.0355,121.2102,0.0219,-0.0032,1.2121,0.4478,0.0268,105.0943,0.0401,0.0024,1.0509,0.3049,0.0293,517.5153,0.0273,0.0026,5.1752,e93a2b3,,18992fa,2026-09-04T19:21:08+00:00
57207,5.4164,0.0001,0.0,0.0001,0.0,-0.0003,0.1419,0.0,-0.0,0.0014,,,,,,,,,,,,,0.0,-0.0001,13.4329,0.0,-0.0,0.1343,0.0007,0.0006,369.4892,0.0001,0.0,3.6949,0.0012,0.0011,3152.7458,0.0001,0.0001,31.5275,0.0001,-0.0001,49.1662,0.0,-0.0,0.4917,0.0001,-0.0,69.9507,0.0,-0.0,0.6995,0.0001,-0.0,88.912,0.0,-0.0,0.8891,0.0,-0.0002,1.4965,0.0,-0.0,0.015,0.0017,0.0016,3213.6006,0.0001,0.0001,32.136,e93a2b3,,18992fa,2026-09-04T19:21:08+00:00
57208,14.3918,0.0241,0.0021,0.0241,0.2083,0.1703,2465.666,0.0183,0.015,24.6567,0.0253,-0.025,23.4594,0.0022,-0.0022,0.2346,0.0258,-0.0076,26.8451,0.0023,-0.0007,0.2685,0.0452,0.0205,90.3477,0.004,0.0018,0.9035,0.0203,-0.0039,405.6806,0.0018,-0.0003,4.0568,0.017,-0.0072,3839.178,0.0015,-0.0006,38.3918,0.0212,-0.0035,56.1494,0.0019,-0.0003,0.5615,0.0271,0.002,73.3191,0.0024,0.0002,0.7332,0.0219,-0.0025,223.09,0.0019,-0.0002,2.2309,0.0629,0.0358,425.2969,0.0055,0.0032,4.253,0.0561,0.032,1713.0486,0.0049,0.0028,17.1305,e93a2b3,,18992fa,2026-09-04T19:21:08+00:00
57209,0.6888,0.0002,0.0,0.0002,,,,,,,,,,,,,,,,,,,0.0,-0.0,25.0,0.0,-0.0,0.25,0.0,0.0,100.0,0.0,0.0,1.0,0.0005,0.0003,78161.9922,0.0,0.0,781.6199,0.0,-0.0,87.5,0.0,-0.0,0.875,,,,,,,,,,,,,,,,,,,0.0002,-0.0,22700.5078,0.0,-0.0,227.0051,e93a2b3,,18992fa,2026-09-04T19:21:08+00:00
57300,0.1854,0.0003,0.0,0.0003,,,,,,,,,,,,,,,,,,,,,,,,,,,,,,,0.0004,0.0001,279.764,0.0,0.0,2.7976,,,,,,,,,,,,,0.0,-0.0002,1.2754,0.0,-0.0,0.0128,,,,,,,0.0003,0.0001,121.8124,0.0,0.0,1.2181,e93a2b3,,18992fa,2026-09-04T19:21:08+00:00
61204,0.0115,,,,,,,,,,,,,,,,,,,,,,,,,,,,,,,,,,,,,,,,,,,,,,,,,,,,,,,,,,,,,,,,,,,,,,e93a2b3,,18992fa,2026-09-04T19:21:08+00:00
61206,0.0041,,,,,,,,,,,,,,,,,,,,,,,,,,,,,,,,,,,,,,,,,,,,,,,,,,,,,,,,,,,,,,,,,,,,,,e93a2b3,,18992fa,2026-09-04T19:21:08+00:00
61208,0.0087,,,,,,,,,,,,,,,,,,,,,,,,,,,,,,,,,,,,,,,,,,,,,,,,,,,,,,,,,,,,,,,,,,,,,,e93a2b3,,18992fa,2026-09-04T19:21:08+00:00
61209,0.0093,,,,,,,,,,,,,,,,,,,,,,,,,,,,,,,,,,,,,,,,,,,,,,,,,,,,,,,,,,,,,,,,,,,,,,e93a2b3,,18992fa,2026-09-04T19:21:08+00:00
61301,0.005,,,,,,,,,,,,,,,,,,,,,,,,,,,,,,,,,,,,,,,,,,,,,,,,,,,,,,,,,,,,,,,,,,,,,,e93a2b3,,18992fa,2026-09-04T19:21:08+00:00
61550,0.017,,,,,,,,,,,,,,,,,,,,,,,,,,,,,,,,,,,,,,,,,,,,,,,,,,,,,,,,,,,,,,,,,,,,,,e93a2b3,,18992fa,2026-09-04T19:21:08+00:00
61562,0.0036,,,,,,,,,,,,,,,,,,,,,,,,,,,,,,,,,,,,,,,,,,,,,,,,,,,,,,,,,,,,,,,,,,,,,,e93a2b3,,18992fa,2026-09-04T19:21:08+00:00
62266,5.0043,0.0001,0.0,0.0001,0.0002,0.0001,108.8606,0.0,0.0,1.0886,0.0002,-0.0,157.566,0.0,-0.0,1.5757,0.0,-0.0001,37.4793,0.0,-0.0,0.3748,0.0,-0.0002,24.2131,0.0,-0.0,0.2421,0.0002,0.0,150.0296,0.0,0.0,1.5003,0.0005,0.0004,628.1358,0.0001,0.0,6.2814,0.0003,0.0001,165.4743,0.0,0.0,1.6547,0.0003,0.0001,396.86,0.0,0.0,3.9686,0.0002,-0.0,79.0137,0.0,-0.0,0.7901,0.0001,-0.0001,57.412,0.0,-0.0,0.5741,0.0005,0.0004,2500.4495,0.0001,0.0,25.0045,e93a2b3,,18992fa,2026-09-04T19:21:08+00:00
62297,0.0472,0.0002,0.0,0.0002,,,,,,,,,,,,,,,,,,,,,,,,,,,,,,,0.0,-0.0,42.5704,0.0,-0.0,0.4257,0.0,-0.0,70.2546,0.0,-0.0,0.7025,0.0003,0.0001,4736.6514,0.0,0.0,47.3665,,,,,,,,,,,,,,,,,,,e93a2b3,,18992fa,2026-09-04T19:21:08+00:00
62298,0.9062,0.0001,0.0,0.0001,0.0001,0.0,157.2912,0.0,0.0,1.5729,0.0001,-0.0,132.7525,0.0,-0.0,1.3275,0.0,-0.0001,12.3029,0.0,-0.0,0.123,0.0,-0.0,71.2029,0.0,-0.0,0.712,0.0,-0.0,56.7458,0.0,-0.0,0.5675,0.0002,0.0002,679.3369,0.0,0.0,6.7934,0.0,0.0,105.5615,0.0,0.0,1.0556,0.0008,0.0008,4653.9946,0.0001,0.0001,46.5399,0.0,-0.0,20.3286,0.0,-0.0,0.2033,0.0,-0.0,74.4786,0.0,-0.0,0.7448,0.0003,0.0003,774.4974,0.0,0.0,7.745,e93a2b3,,18992fa,2026-09-04T19:21:08+00:00
62299,8.0803,0.0002,0.0,0.0002,0.0002,-0.0001,239.6443,0.0,-0.0,2.3964,0.0002,-0.0,84.0316,0.0,-0.0,0.8403,0.0,-0.0003,5.9031,0.0,-0.0,0.059,0.0001,-0.0001,38.8392,0.0,-0.0,0.3884,0.0003,0.0001,541.222,0.0,0.0,5.4122,0.001,0.0009,765.1274,0.0001,0.0001,7.6513,0.0004,0.0001,192.2353,0.0,0.0,1.9224,0.0008,0.0006,1827.1055,0.0001,0.0001,18.2711,0.0002,-0.0001,56.9031,0.0,-0.0,0.569,0.0003,0.0001,201.0432,0.0,0.0,2.0104,0.0012,0.001,1253.2521,0.0001,0.0001,12.5325,e93a2b3,,18992fa,2026-09-04T19:21:08+00:00
64229,3.1468,0.0001,0.0,0.0001,0.0001,0.0,234.2103,0.0,0.0,2.3421,0.0002,0.0002,700.97,0.0,0.0,7.0097,0.0,-0.0,195.9296,0.0,-0.0,1.9593,0.0,-0.0,1.6129,0.0,-0.0,0.0161,0.0,-0.0001,8.8138,0.0,-0.0,0.0881,0.0,-0.0,53.6226,0.0,-0.0,0.5362,0.0,-0.0,63.2163,0.0,-0.0,0.6322,0.0044,0.0042,36114.6133,0.0005,0.0005,361.1461,0.0,-0.0001,47.4304,0.0,-0.0,0.4743,0.0,-0.0,36.3167,0.0,-0.0,0.3632,0.0011,0.0011,3648.2319,0.0001,0.0001,36.4823,e93a2b3,,18992fa,2026-09-04T19:21:08+00:00
64240,4.5313,0.0,0.0,0.0,0.0,0.0,114.4323,0.0,0.0,1.1443,0.0001,0.0001,376.8228,0.0,0.0,3.7682,0.0,-0.0,88.3667,0.0,-0.0,0.8837,0.0,-0.0,15.753,0.0,-0.0,0.1575,0.0,-0.0,23.3351,0.0,-0.0,0.2334,0.0,-0.0,104.1226,0.0,-0.0,1.0412,0.0,-0.0,13.0178,0.0,-0.0,0.1302,0.0,0.0,283.2297,0.0,0.0,2.8323,,,,,,,0.0,-0.0,17.343,0.0,-0.0,0.1734,0.0002,0.0002,1507.7146,0.0,0.0,15.0771,e93a2b3,,18992fa,2026-09-04T19:21:08+00:00
64242,0.5587,0.0001,0.0,0.0001,0.0001,-0.0,65.6558,0.0,-0.0,0.6566,0.0001,0.0001,223.4285,0.0,0.0,2.2343,0.0,-0.0001,20.7591,0.0,-0.0,0.2076,,,,,,,0.0,-0.0001,0.9822,0.0,-0.0,0.0098,0.0,-0.0,65.879,0.0,-0.0,0.6588,0.0,-0.0,14.9889,0.0,-0.0,0.1499,0.0005,0.0004,6512.6255,0.0001,0.0,65.1263,0.0,-0.0,4.301,0.0,-0.0,0.043,0.0,-0.0,11.1438,0.0,-0.0,0.1114,0.0003,0.0003,572.1764,0.0,0.0,5.7218,e93a2b3,,18992fa,2026-09-04T19:21:08+00:00
64244,2.5508,0.0,0.0,0.0,0.0,-0.0,89.2475,0.0,-0.0,0.8925,0.0,0.0,104.1051,0.0,0.0,1.0411,0.0,0.0,334.9053,0.0,0.0,3.3491,0.0,-0.0,151.1438,0.0,-0.0,1.5114,0.0,-0.0,35.7235,0.0,-0.0,0.3572,0.0,0.0,225.7248,0.0,0.0,2.2572,0.0,-0.0,49.5057,0.0,-0.0,0.4951,0.0,0.0,133.6385,0.0,0.0,1.3364,,,,,,,0.0,-0.0,7.5463,0.0,-0.0,0.0755,0.0001,0.0001,881.7587,0.0,0.0,8.8176,e93a2b3,,18992fa,2026-09-04T19:21:08+00:00
64401,0.1485,0.0001,0.0,0.0001,,,,,,,,,,,,,0.0001,0.0,114.9227,0.0,0.0,1.1492,0.0001,0.0,100.0,0.0,0.0,1.0,,,,,,,0.0,-0.0,19.6288,0.0,-0.0,0.1963,,,,,,,0.0014,0.0013,3468.3357,0.0002,0.0001,34.6834,0.0,-0.0,24.8756,0.0,-0.0,0.2488,0.0,-0.0001,2.7574,0.0,-0.0,0.0276,,,,,,,e93a2b3,,18992fa,2026-09-04T19:21:08+00:00
64402,4.5215,0.0062,0.0007,0.0062,0.0337,0.0121,745.3981,0.0037,0.0013,7.454,0.0874,0.0544,387.9762,0.0096,0.006,3.8798,0.0197,0.0065,190.2029,0.0022,0.0007,1.902,0.0079,-0.0241,67.0127,0.0009,-0.0026,0.6701,0.0057,-0.0148,43.6915,0.0006,-0.0016,0.4369,0.0278,-0.003,55.906,0.0031,-0.0003,0.5591,0.0065,-0.0355,9.878,0.0007,-0.0039,0.0988,0.0117,0.0046,33013.0625,0.0013,0.0005,330.1306,0.0,-0.0048,81.2,0.0,-0.0005,0.812,0.022,0.0048,86.5304,0.0024,0.0005,0.8653,0.0055,-0.0083,1279.6548,0.0006,-0.0009,12.7965,e93a2b3,,18992fa,2026-09-04T19:21:08+00:00
65200,10.6122,0.0103,0.001,0.0103,0.0183,0.0051,669.0267,0.0018,0.0005,6.6903,0.0332,-0.0096,62.8651,0.0033,-0.001,0.6287,0.0294,-0.0004,247.8336,0.003,-0.0,2.4783,0.0118,0.0007,878.2596,0.0012,0.0001,8.7826,0.0058,-0.0051,3659.7854,0.0006,-0.0005,36.5978,0.0299,0.0093,37.4008,0.003,0.0009,0.374,0.0302,-0.0178,30.0582,0.003,-0.0018,0.3006,0.0769,-0.0103,34.1731,0.0077,-0.001,0.3417,0.0584,0.0386,206.0791,0.0059,0.0039,2.0608,0.0605,0.0306,161.5821,0.0061,0.0031,1.6158,0.0707,-0.0195,28.7598,0.0071,-0.002,0.2876,e93a2b3,,18992fa,2026-09-04T19:21:08+00:00
65220,24.7852,0.2188,0.022,0.2188,0.2548,0.0361,219.6172,0.0256,0.0036,2.1962,0.2165,-0.1031,31.2511,0.0218,-0.0103,0.3125,0.2558,0.0041,294.2586,0.0257,0.0004,2.9426,0.2493,0.0083,184.991,0.025,0.0008,1.8499,0.1248,-0.0994,263.8059,0.0125,-0.01,2.6381,0.3156,0.0424,111.3411,0.0317,0.0043,1.1134,0.1799,-0.1053,44.3111,0.0181,-0.0106,0.4431,0.3885,-0.0248,75.2582,0.039,-0.0025,0.7526,0.6675,0.3588,537.273,0.067,0.036,5.3727,0.4478,0.1679,594.8488,0.0449,0.0168,5.9485,0.3149,-0.0604,57.7377,0.0316,-0.006,0.5774,e93a2b3,,18992fa,2026-09-04T19:21:08+00:00
65240,20.5056,0.1315,0.0134,0.1315,0.3003,0.0636,84.6797,0.0306,0.0065,0.8468,0.5401,0.1477,103.1689,0.055,0.015,1.0317,0.2973,-0.0075,324.3683,0.0302,-0.0008,3.2437,0.1228,-0.0087,3999.1643,0.0125,-0.0009,39.9916,0.0974,-0.0618,1093.8523,0.0099,-0.0063,10.9385,0.4155,0.0745,119.712,0.0423,0.0076,1.1971,0.2691,-0.1461,67.1464,0.0274,-0.0149,0.6715,0.3737,-0.0355,74.4764,0.038,-0.0036,0.7448,0.5679,0.3166,1122.9037,0.0578,0.0322,11.229,0.4638,0.1744,759.1551,0.0472,0.0177,7.5916,0.351,-0.0361,69.296,0.0357,-0.0037,0.693,e93a2b3,,18992fa,2026-09-04T19:21:08+00:00
65250,5.48,0.0586,0.006,0.0586,0.1993,0.0677,146.0788,0.0205,0.007,1.4608,0.2285,0.0783,100.3514,0.0235,0.008,1.0035,0.1015,-0.0099,717.9701,0.0104,-0.001,7.1797,0.0573,-0.0013,1420.7419,0.0059,-0.0001,14.2074,0.0666,-0.035,445.1082,0.0069,-0.0036,4.4511,0.1913,0.0342,86.7146,0.0197,0.0035,0.8671,0.1012,-0.0506,73.5476,0.0104,-0.0052,0.7355,0.1393,-0.0093,65.2392,0.0143,-0.001,0.6524,0.3641,0.2259,651.3225,0.0374,0.0232,6.5132,0.2879,0.144,1196.1249,0.0296,0.0148,11.9612,0.1213,-0.0227,68.6207,0.0125,-0.0023,0.6862,e93a2b3,,18992fa,2026-09-04T19:21:08+00:00
65260,33.3815,0.0868,0.0091,0.0868,0.2156,0.1052,1113.7493,0.0226,0.0111,11.1375,0.2944,0.1431,214.5414,0.0309,0.015,2.1454,0.1119,0.0032,329.3905,0.0117,0.0003,3.2939,0.0943,0.0007,1211.2772,0.0099,0.0001,12.1128,0.0516,-0.0601,192.862,0.0054,-0.0063,1.9286,0.0823,-0.0315,49.1418,0.0086,-0.0033,0.4914,0.0441,-0.0858,22.9475,0.0046,-0.009,0.2295,0.1164,0.0218,2386.3469,0.0122,0.0023,23.8635,0.1571,0.0615,156.4626,0.0164,0.0064,1.5646,0.2646,0.1357,469.5455,0.0277,0.0142,4.6955,0.0968,-0.0108,435.2773,0.0101,-0.0011,4.3528,e93a2b3,,18992fa,2026-09-04T19:21:08+00:00
65280,8.7739,0.0027,0.0003,0.0027,0.011,0.0062,1123.3781,0.0012,0.0007,11.2338,0.0622,0.0385,1529.4302,0.0068,0.0042,15.2943,0.0068,0.0029,218.4205,0.0007,0.0003,2.1842,0.0033,-0.0235,11.1893,0.0004,-0.0026,0.1119,0.0038,-0.0055,27.4728,0.0004,-0.0006,0.2747,0.0076,0.0001,28.9234,0.0008,0.0,0.2892,0.001,-0.0089,32.5861,0.0001,-0.001,0.3259,0.0096,0.0069,18487.4141,0.001,0.0008,184.8741,0.0,-0.0043,98.8321,0.0,-0.0005,0.9883,0.02,0.0097,486.4721,0.0022,0.0011,4.8647,0.0012,-0.0035,614.3377,0.0001,-0.0004,6.1434,e93a2b3,,18992fa,2026-09-04T19:21:08+00:00
65290,35.3217,0.0402,0.0043,0.0402,0.1394,0.0923,14352.9863,0.015,0.01,143.5299,0.2154,0.1506,2422.199,0.0233,0.0163,24.222,0.0895,0.0386,528.7443,0.0097,0.0042,5.2874,0.0207,-0.0336,29.206,0.0022,-0.0037,0.2921,0.0293,-0.0252,55.9329,0.0032,-0.0027,0.5593,0.0303,-0.0292,40.4135,0.0033,-0.0031,0.4041,0.0078,-0.0454,26.3348,0.0008,-0.0049,0.2633,0.0956,0.055,11357.792,0.0103,0.0059,113.5779,0.0086,-0.0398,32.8264,0.0009,-0.0043,0.3283,0.158,0.0986,6247.0015,0.0171,0.0106,62.47,0.0223,-0.0286,743.3056,0.0024,-0.0031,7.4331,e93a2b3,,18992fa,2026-09-04T19:21:08+00:00
65302,12.6525,0.0002,0.0,0.0002,0.0003,0.0001,194.1863,0.0,0.0,1.9419,0.0001,-0.0001,33.4184,0.0,-0.0,0.3342,0.0,-0.0002,4.5521,0.0,-0.0,0.0455,0.0002,-0.0,112.0502,0.0,-0.0,1.1205,0.0,-0.0002,13.2913,0.0,-0.0,0.1329,0.0005,0.0003,343.8985,0.0,0.0,3.439,,,,,,,0.0,-0.0003,1.9364,0.0,-0.0,0.0194,0.0,-0.0002,3.854,0.0,-0.0,0.0385,0.0017,0.0015,1196.8545,0.0002,0.0001,11.9685,,,,,,,e93a2b3,,18992fa,2026-09-04T19:21:08+00:00
65303,22.9722,0.0002,0.0,0.0002,0.0001,-0.0,83.2541,0.0,-0.0,0.8325,0.0006,0.0004,471.9493,0.0001,0.0,4.7195,0.0,-0.0002,6.4059,0.0,-0.0,0.0641,0.0012,0.001,729.7431,0.0001,0.0001,7.2974,0.0001,-0.0001,25.1804,0.0,-0.0,0.2518,0.0002,0.0,125.0348,0.0,0.0,1.2503,0.0,-0.0002,0.295,0.0,-0.0,0.003,0.0,-0.0002,6.4555,0.0,-0.0,0.0646,0.0001,-0.0001,22.6746,0.0,-0.0,0.2267,0.0015,0.0013,946.0339,0.0001,0.0001,9.4603,0.0,-0.0002,1.3545,0.0,-0.0,0.0135,e93a2b3,,18992fa,2026-09-04T19:21:08+00:00
65305,23.0876,0.0001,0.0,0.0001,0.0003,0.0001,267.4414,0.0,0.0,2.6744,0.0,-0.0002,16.7494,0.0,-0.0,0.1675,0.0,-0.0001,24.7426,0.0,-0.0,0.2474,0.0019,0.0017,2368.4426,0.0002,0.0002,23.6844,0.0003,0.0001,270.459,0.0,0.0,2.7046,0.0008,0.0006,826.9612,0.0001,0.0001,8.2696,0.0,-0.0001,10.7154,0.0,-0.0,0.1072,0.0,-0.0002,5.4858,0.0,-0.0,0.0549,0.0001,-0.0,39.6865,0.0,-0.0,0.3969,0.0008,0.0006,642.8406,0.0001,0.0001,6.4284,0.0,-0.0001,21.3601,0.0,-0.0,0.2136,e93a2b3,,18992fa,2026-09-04T19:21:08+00:00
65306,22.2507,0.0001,0.0,0.0001,0.0001,0.0,103.5258,0.0,0.0,1.0353,0.0001,-0.0001,66.5628,0.0,-0.0,0.6656,0.0001,-0.0001,45.5615,0.0,-0.0,0.4556,0.0016,0.0015,4315.6504,0.0001,0.0001,43.1565,0.0001,0.0001,164.9499,0.0,0.0,1.6495,0.0003,0.0003,455.4885,0.0,0.0,4.5549,0.0,-0.0001,8.2779,0.0,-0.0,0.0828,0.0,-0.0002,9.7058,0.0,-0.0,0.0971,0.0003,0.0002,74.9279,0.0,0.0,0.7493,0.0007,0.0006,584.3756,0.0001,0.0001,5.8438,0.0,-0.0002,16.621,0.0,-0.0,0.1662,e93a2b3,,18992fa,2026-09-04T19:21:08+00:00
65322,30.9771,0.1528,0.0151,0.1528,0.1838,0.0146,71.5667,0.0181,0.0014,0.7157,0.0362,-0.2438,11.7345,0.0036,-0.024,0.1173,0.2601,0.0518,359.9482,0.0257,0.0051,3.5995,0.1503,-0.003,697.6349,0.0148,-0.0003,6.9763,0.1351,-0.029,872.3145,0.0133,-0.0029,8.7231,0.2623,0.0617,333.5728,0.0258,0.0061,3.3357,0.0834,-0.1303,30.6521,0.0082,-0.0128,0.3065,0.3139,-0.0045,106.8294,0.031,-0.0005,1.0683,0.357,0.095,95.6323,0.0353,0.0094,0.9563,0.3228,0.1127,406.136,0.0318,0.0111,4.0614,0.1522,-0.1724,25.3513,0.0151,-0.0169,0.2535,e93a2b3,,18992fa,2026-09-04T19:21:08+00:00
65324,15.7884,0.004,0.0004,0.004,0.0071,-0.0003,62.7441,0.0007,-0.0,0.6274,0.0001,-0.0147,6.8771,0.0,-0.0014,0.0688,0.0036,-0.0062,113.2307,0.0003,-0.0006,1.1323,0.0038,-0.0002,3118.1257,0.0004,-0.0,31.1813,0.0155,0.0088,4971.9331,0.0015,0.0008,49.7193,0.0189,0.0115,184.6712,0.0018,0.0011,1.8467,0.0004,-0.0074,71.5265,0.0,-0.0007,0.7153,0.0756,0.0268,214.999,0.0073,0.0026,2.15,0.0228,0.0044,64.3708,0.0022,0.0004,0.6437,0.014,0.0053,144.269,0.0013,0.0005,1.4427,0.0,-0.0245,0.6536,0.0,-0.0024,0.0065,e93a2b3,,18992fa,2026-09-04T19:21:08+00:00
65325,12.41,0.0,0.0,0.0,0.0,-0.0,71.4972,0.0,-0.0,0.715,0.0,-0.0001,13.5872,0.0,-0.0,0.1359,0.0003,0.0002,217.6096,0.0,0.0,2.1761,0.0005,0.0005,2257.9409,0.0,0.0,22.5794,0.0002,0.0002,650.7546,0.0,0.0,6.5075,0.0,-0.0,39.5233,0.0,-0.0,0.3952,0.0,-0.0,26.436,0.0,-0.0,0.2644,,,,,,,0.0,-0.0001,2.4056,0.0,-0.0,0.0241,0.0001,-0.0,70.3943,0.0,-0.0,0.7039,0.0,-0.0003,1.2613,0.0,-0.0,0.0126,e93a2b3,,18992fa,2026-09-04T19:21:08+00:00
65326,20.5637,0.0,0.0,0.0,0.0,-0.0,42.1441,0.0,-0.0,0.4214,0.0,-0.0,14.7937,0.0,-0.0,0.1479,0.0,-0.0,59.5011,0.0,-0.0,0.595,0.0017,0.0017,6949.4434,0.0002,0.0002,69.4944,0.0002,0.0002,836.1638,0.0,0.0,8.3616,0.0001,0.0001,439.4691,0.0,0.0,4.3947,0.0,-0.0,46.9796,0.0,-0.0,0.4698,0.0,-0.0,10.2591,0.0,-0.0,0.1026,0.0,-0.0,23.6338,0.0,-0.0,0.2363,0.0001,0.0001,198.8642,0.0,0.0,1.9886,0.0,-0.0,56.6469,0.0,-0.0,0.5665,e93a2b3,,18992fa,2026-09-04T19:21:08+00:00
65328,35.3463,0.1964,0.0184,0.1964,0.1687,-0.0374,48.6573,0.0158,-0.0035,0.4866,0.0496,-0.1766,10.7329,0.0046,-0.0165,0.1073,0.2177,0.0176,125.4099,0.0204,0.0016,1.2541,0.1384,-0.0579,2741.7676,0.0129,-0.0054,27.4177,0.2118,0.0154,521.5576,0.0198,0.0014,5.2156,0.3232,0.1269,908.4025,0.0302,0.0119,9.084,0.0628,-0.1413,39.6836,0.0059,-0.0132,0.3968,0.28,0.0719,181.6429,0.0262,0.0067,1.8164,0.2554,0.0493,101.334,0.0239,0.0046,1.0133,0.3225,0.1261,417.2509,0.0302,0.0118,4.1725,0.0166,-0.1936,18.9807,0.0016,-0.0181,0.1898,e93a2b3,,18992fa,2026-09-04T19:21:08+00:00
65329,34.9046,0.1815,0.0173,0.1815,0.2166,-0.0063,66.3289,0.0207,-0.0006,0.6633,0.025,-0.2207,5.8129,0.0024,-0.0211,0.0581,0.2014,-0.0053,110.4271,0.0192,-0.0005,1.1043,0.127,-0.0544,858.6182,0.0121,-0.0052,8.5862,0.2166,0.0351,579.4934,0.0207,0.0034,5.7949,0.2938,0.1113,353.0028,0.028,0.0106,3.53,0.0492,-0.1548,31.8359,0.0047,-0.0148,0.3184,0.3063,0.0625,168.7614,0.0292,0.006,1.6876,0.2419,0.0252,91.4849,0.0231,0.0024,0.9148,0.3139,0.1292,224.6183,0.0299,0.0123,2.2462,0.0145,-0.2053,5.3834,0.0014,-0.0196,0.0538,e93a2b3,,18992fa,2026-09-04T19:21:08+00:00
65340,18.2647,0.0001,0.0,0.0001,0.0001,0.0,190.9435,0.0,0.0,1.9094,,,,,,,0.0,-0.0001,13.2278,0.0,-0.0,0.1323,0.0011,0.001,2150.2695,0.0001,0.0001,21.5027,0.0001,-0.0001,105.6349,0.0,-0.0,1.0563,0.0008,0.0007,1916.558,0.0001,0.0001,19.1656,0.0,-0.0001,28.2063,0.0,-0.0,0.2821,0.0,-0.0001,10.0173,0.0,-0.0,0.1002,0.0,-0.0001,9.3608,0.0,-0.0,0.0936,0.0024,0.0023,7125.1108,0.0002,0.0002,71.2511,0.0,-0.0001,30.1995,0.0,-0.0,0.302,e93a2b3,,18992fa,2026-09-04T19:21:08+00:00
65342,18.8387,0.0128,0.0012,0.0128,0.0123,-0.004,75.1727,0.0011,-0.0004,0.7517,0.0135,-0.1074,3.5497,0.0012,-0.0099,0.0355,0.0341,0.0051,87.3904,0.0031,0.0005,0.8739,0.0136,-0.0007,1394.0187,0.0012,-0.0001,13.9402,0.0204,0.0033,381.5261,0.0019,0.0003,3.8153,0.0227,0.0098,374.5165,0.0021,0.0009,3.7452,0.0019,-0.0223,41.5446,0.0002,-0.0021,0.4154,0.0773,0.0462,721.3126,0.0071,0.0042,7.2131,0.0317,0.006,28.4134,0.0029,0.0006,0.2841,0.0167,0.0038,819.3202,0.0015,0.0004,8.1932,0.0008,-0.0253,47.9888,0.0001,-0.0023,0.4799,e93a2b3,,18992fa,2026-09-04T19:21:08+00:00
65345,15.6187,0.0001,0.0,0.0001,0.0001,0.0,84.5601,0.0,0.0,0.8456,,,,,,,,,,,,,0.0,-0.0,120.1738,0.0,-0.0,1.2017,0.0,-0.0001,11.5105,0.0,-0.0,0.1151,0.0008,0.0007,2659.0652,0.0001,0.0001,26.5906,0.0,-0.0,46.3613,0.0,-0.0,0.4636,0.0,-0.0,14.3276,0.0,-0.0,0.1433,0.0,-0.0001,3.929,0.0,-0.0,0.0393,0.002,0.0019,8802.2646,0.0002,0.0002,88.0226,0.0,-0.0001,13.2477,0.0,-0.0,0.1325,e93a2b3,,18992fa,2026-09-04T19:21:08+00:00
65346,24.7019,0.0024,0.0002,0.0024,0.0002,-0.0023,7.575,0.0,-0.0002,0.0758,0.0,-0.0115,0.037,0.0,-0.001,0.0004,0.0042,0.0004,19.5507,0.0004,0.0,0.1955,0.0041,0.0018,231.931,0.0004,0.0002,2.3193,0.0011,-0.0013,76.0232,0.0001,-0.0001,0.7602,0.0069,0.0045,1087.8678,0.0006,0.0004,10.8787,0.0007,-0.0017,97.8524,0.0001,-0.0001,0.9785,0.0084,0.0033,60.2239,0.0007,0.0003,0.6022,0.0035,-0.0,23.94,0.0003,-0.0,0.2394,0.0051,0.0027,742.3454,0.0004,0.0002,7.4235,0.0018,-0.0007,100.1197,0.0002,-0.0001,1.0012,e93a2b3,,18992fa,2026-09-04T19:21:08+00:00
65347,18.4015,0.0005,0.0,0.0005,0.0001,-0.0004,43.1475,0.0,-0.0,0.4315,0.0,-0.0121,0.0141,0.0,-0.0011,0.0001,0.0028,0.0004,23.8375,0.0002,0.0,0.2384,0.001,0.0006,370.7012,0.0001,0.0001,3.707,0.0003,-0.0002,26.1422,0.0,-0.0,0.2614,0.0022,0.0017,1377.1498,0.0002,0.0002,13.7715,0.0003,-0.0002,83.4031,0.0,-0.0,0.834,0.0054,0.0025,47.7353,0.0005,0.0002,0.4774,0.0003,-0.0009,7.1436,0.0,-0.0001,0.0714,0.0015,0.001,1017.7176,0.0001,0.0001,10.1772,0.0011,0.0002,50.105,0.0001,0.0,0.501,e93a2b3,,18992fa,2026-09-04T19:21:08+00:00
65348,29.4599,0.076,0.0067,0.076,0.0614,-0.0147,52.1788,0.0054,-0.0013,0.5218,0.0529,-0.2191,8.8187,0.0046,-0.0192,0.0882,0.1223,0.03,72.353,0.0107,0.0026,0.7235,0.0795,0.0034,588.049,0.007,0.0003,5.8805,0.0634,-0.0126,91.8233,0.0056,-0.0011,0.9182,0.0838,0.0078,336.4142,0.0073,0.0007,3.3641,0.0323,-0.0471,101.7173,0.0028,-0.0041,1.0172,0.1289,0.0262,107.6874,0.0113,0.0023,1.0769,0.1116,0.0277,58.4181,0.0098,0.0024,0.5842,0.0806,0.0046,443.8429,0.0071,0.0004,4.4384,0.0308,-0.0476,69.4697,0.0027,-0.0042,0.6947,e93a2b3,,18992fa,2026-09-04T19:21:08+00:00
65349,24.172,0.0022,0.0002,0.0022,0.0005,-0.0016,146.7595,0.0,-0.0001,1.4676,0.0,-0.0172,0.0154,0.0,-0.0015,0.0002,0.004,0.0017,32.861,0.0004,0.0002,0.3286,0.0034,0.0013,1029.1244,0.0003,0.0001,10.2912,0.0024,0.0003,131.2509,0.0002,0.0,1.3125,0.005,0.0028,428.8625,0.0004,0.0003,4.2886,0.0005,-0.0018,50.2016,0.0,-0.0002,0.502,0.0182,0.0158,428.2556,0.0016,0.0014,4.2826,0.0022,-0.0001,16.0292,0.0002,-0.0,0.1603,0.0074,0.0053,1155.1163,0.0007,0.0005,11.5512,0.0007,-0.0015,66.4831,0.0001,-0.0001,0.6648,e93a2b3,,18992fa,2026-09-04T19:21:08+00:00
65360,20.2299,0.0045,0.0004,0.0045,0.0083,0.0011,25.6781,0.0007,0.0001,0.2568,0.0018,-0.0149,19.884,0.0002,-0.0013,0.1988,0.0233,0.0092,59.4164,0.002,0.0008,0.5942,0.0045,-0.0,1179.161,0.0004,-0.0,11.7916,0.0044,-0.0009,108.9439,0.0004,-0.0001,1.0894,0.0093,0.0048,2109.8811,0.0008,0.0004,21.0988,0.0045,-0.0052,57.8632,0.0004,-0.0004,0.5786,0.0293,-0.0106,23.6826,0.0025,-0.0009,0.2368,0.0528,0.0367,577.2316,0.0045,0.0031,5.7723,0.0091,0.0044,1371.689,0.0008,0.0004,13.7169,0.0097,-0.0009,76.5628,0.0008,-0.0001,0.7656,e93a2b3,,18992fa,2026-09-04T19:21:08+00:00
65370,21.0268,0.002,0.0002,0.002,0.0051,0.0018,59.5291,0.0004,0.0002,0.5953,0.0001,-0.0053,6.4541,0.0,-0.0004,0.0645,0.0033,-0.0002,38.2896,0.0003,-0.0,0.3829,0.0033,0.0013,1132.6486,0.0003,0.0001,11.3265,0.0017,-0.0004,257.5364,0.0001,-0.0,2.5754,0.0033,0.0013,500.1452,0.0003,0.0001,5.0015,0.0026,-0.0006,104.8789,0.0002,-0.0001,1.0488,0.0169,-0.0255,11.1519,0.0014,-0.0021,0.1115,0.0137,0.0091,174.7159,0.0011,0.0008,1.7472,0.0036,0.0016,249.1243,0.0003,0.0001,2.4912,0.0037,-0.0015,24.1944,0.0003,-0.0001,0.2419,e93a2b3,,18992fa,2026-09-04T19:21:08+00:00
65378,29.0677,0.0416,0.0034,0.0416,0.0829,0.0198,81.5133,0.0068,0.0016,0.8151,0.0119,-0.0463,8.4545,0.001,-0.0038,0.0845,0.0558,0.008,91.2067,0.0046,0.0007,0.9121,0.043,0.0015,262.8717,0.0035,0.0001,2.6287,0.0275,-0.0141,195.9378,0.0023,-0.0012,1.9594,0.0482,0.0066,648.4847,0.004,0.0005,6.4848,0.0406,-0.0037,95.0655,0.0033,-0.0003,0.9507,0.0705,-0.023,24.4903,0.0058,-0.0019,0.2449,0.1016,0.0391,595.1865,0.0083,0.0032,5.9519,0.0613,0.0197,756.0282,0.005,0.0016,7.5603,0.0499,-0.0036,77.1129,0.0041,-0.0003,0.7711,e93a2b3,,18992fa,2026-09-04T19:21:08+00:00
65380,38.211,1.9381,0.1546,1.9381,2.2592,0.0628,87.7636,0.1801,0.005,0.8776,3.2024,-0.1206,45.4482,0.2554,-0.0096,0.4545,2.1778,0.029,173.3133,0.1737,0.0023,1.7331,1.9544,0.0163,277.8918,0.1559,0.0013,2.7789,1.9148,-0.0233,72.9381,0.1527,-0.0019,0.7294,1.943,0.0049,194.8381,0.155,0.0004,1.9484,2.1515,-0.0243,68.6067,0.1716,-0.0019,0.6861,2.6506,-0.0105,76.4168,0.2114,-0.0008,0.7642,2.0974,0.0134,269.1985,0.1673,0.0011,2.692,1.9719,0.0338,393.599,0.1572,0.0027,3.936,2.3743,-0.0449,84.4755,0.1894,-0.0036,0.8448,e93a2b3,,18992fa,2026-09-04T19:21:08+00:00
65390,14.8971,0.0063,0.0005,0.0063,0.0375,0.0269,152.4595,0.0029,0.0021,1.5246,0.0003,-0.0467,0.4465,0.0,-0.0036,0.0045,0.0046,-0.0024,95.1145,0.0004,-0.0002,0.9511,0.0092,0.0028,705.9622,0.0007,0.0002,7.0596,0.0049,-0.0015,215.9805,0.0004,-0.0001,2.1598,0.0095,0.0032,456.1783,0.0007,0.0002,4.5618,0.0033,-0.0056,29.9009,0.0003,-0.0004,0.299,0.0119,-0.0099,21.0634,0.0009,-0.0008,0.2106,0.0202,0.0134,145.7652,0.0016,0.001,1.4577,0.0211,0.0147,983.4271,0.0016,0.0011,9.8343,0.0041,-0.0055,53.9497,0.0003,-0.0004,0.5395,e93a2b3,,18992fa,2026-09-04T19:21:08+00:00
65400,5.7113,0.0012,0.0001,0.0012,0.0,-0.0012,1.6082,0.0,-0.0001,0.0161,,,,,,,0.001,-0.0002,84.8382,0.0001,-0.0,0.8484,0.0023,0.0011,215.0461,0.0002,0.0001,2.1505,0.0004,-0.0008,35.5417,0.0,-0.0001,0.3554,0.0027,0.0015,261.6016,0.0002,0.0001,2.616,,,,,,,,,,,,,0.0,-0.0011,0.14,0.0,-0.0001,0.0014,0.0019,0.0007,171.9078,0.0001,0.0001,1.7191,,,,,,,e93a2b3,,18992fa,2026-09-04T19:21:08+00:00
66100,19.8324,0.5706,0.0409,0.5706,0.7277,0.0966,735.5173,0.0521,0.0069,7.3552,1.4781,-0.0911,34.3462,0.1059,-0.0065,0.3435,0.5937,0.0101,41.715,0.0425,0.0007,0.4171,0.5759,0.0054,713.8734,0.0413,0.0004,7.1387,0.5764,0.0058,396.5033,0.0413,0.0004,3.965,0.5728,0.0023,903.6945,0.041,0.0002,9.0369,0.6485,-0.0288,48.7728,0.0465,-0.0021,0.4877,0.8542,-0.0089,45.2609,0.0612,-0.0006,0.4526,0.6386,0.0075,85.6625,0.0457,0.0005,0.8566,0.5949,0.0243,1091.1045,0.0426,0.0017,10.911,0.5682,-0.0241,61.8011,0.0407,-0.0017,0.618,e93a2b3,,18992fa,2026-09-04T19:21:08+00:00
66110,23.6679,1.6369,0.1301,1.6369,1.8955,0.159,566.8809,0.1503,0.0122,5.6688,2.2968,-0.1748,29.7834,0.1828,-0.0137,0.2978,1.8266,-0.0038,55.7736,0.1452,-0.0003,0.5577,1.656,0.0191,541.5344,0.1316,0.0015,5.4153,1.6208,-0.0177,97.3383,0.1289,-0.0014,0.9734,1.688,0.0428,397.4387,0.1342,0.0034,3.9744,1.5969,-0.0584,73.255,0.127,-0.0046,0.7325,1.8863,-0.0014,73.8313,0.15,-0.0001,0.7383,1.6941,0.0572,296.2281,0.1346,0.0045,2.9623,1.713,0.0761,552.6246,0.1361,0.0059,5.5262,1.5826,-0.0643,60.5235,0.1258,-0.0051,0.6052,e93a2b3,,18992fa,2026-09-04T19:21:08+00:00
66120,58.3977,2.7243,0.2226,2.7243,2.8425,0.1182,129.4919,0.2323,0.0097,1.2949,2.4782,-0.246,50.6923,0.2024,-0.0202,0.5069,2.8127,0.0884,113.8348,0.2298,0.0073,1.1383,2.7631,0.0389,103.605,0.2258,0.0032,1.036,2.6507,-0.0735,80.4871,0.2166,-0.006,0.8049,2.7406,0.0163,117.6436,0.2239,0.0013,1.1764,2.6826,-0.0416,92.3149,0.2192,-0.0034,0.9231,2.6987,-0.0255,93.6657,0.2205,-0.0021,0.9367,2.765,0.0407,139.221,0.2259,0.0033,1.3922,2.7479,0.0236,136.533,0.2245,0.0019,1.3653,2.7064,-0.0179,96.7561,0.2211,-0.0015,0.9676,e93a2b3,,18992fa,2026-09-04T19:21:08+00:00
66130,45.2339,1.608,0.1332,1.608,2.0234,0.4154,131.3671,0.1675,0.0344,1.3137,1.2475,-0.3605,46.2595,0.1033,-0.0298,0.4626,1.7522,0.1442,103.2561,0.1451,0.0119,1.0326,1.6898,0.0818,116.0096,0.1399,0.0068,1.1601,1.5925,-0.0155,98.0443,0.1319,-0.0013,0.9804,1.688,0.0799,152.8037,0.1398,0.0066,1.528,1.4919,-0.1161,85.5904,0.1236,-0.0096,0.8559,1.5551,-0.053,114.6211,0.1288,-0.0044,1.1462,1.6676,0.0596,165.3454,0.1381,0.0049,1.6535,1.6638,0.0557,138.328,0.1378,0.0046,1.3833,1.4652,-0.1428,84.3558,0.1213,-0.0118,0.8436,e93a2b3,,18992fa,2026-09-04T19:21:08+00:00
66140,44.0651,1.2509,0.1056,1.2509,1.3885,0.0956,101.163,0.1172,0.008,1.0116,1.0432,-0.3033,30.2889,0.0881,-0.0256,0.3029,1.461,0.152,148.2223,0.1234,0.0128,1.4822,1.2537,0.0028,122.7397,0.1058,0.0002,1.2274,1.2233,-0.0277,105.8954,0.1033,-0.0024,1.059,1.3242,0.0733,421.0399,0.1118,0.0062,4.2104,1.1772,-0.0737,69.9706,0.0994,-0.0062,0.6997,1.3053,-0.0202,93.9983,0.1102,-0.0017,0.94,1.4094,0.1359,373.0916,0.119,0.0115,3.7309,1.2461,-0.0048,173.3784,0.1052,-0.0004,1.7338,1.1915,-0.0594,102.7949,0.1006,-0.005,1.0279,e93a2b3,,18992fa,2026-09-04T19:21:08+00:00
66150,13.9986,1.248,0.1055,1.248,1.9388,0.0299,68.945,0.1639,0.0025,0.6894,2.8725,-0.263,38.9769,0.2427,-0.0224,0.3898,1.7702,0.0453,55.0723,0.1497,0.0039,0.5507,1.2544,0.0063,2554.6843,0.106,0.0005,25.5468,1.3106,-0.0199,464.4653,0.1108,-0.0017,4.6447,1.6448,0.0456,115.8425,0.1391,0.0039,1.1584,1.2491,-0.0389,397.3383,0.1056,-0.0033,3.9734,2.1379,0.029,101.6762,0.1808,0.0025,1.0168,1.6581,0.0482,186.2644,0.1402,0.0041,1.8626,1.3327,0.0308,342.254,0.1127,0.0026,3.4225,1.5942,-0.0945,38.9152,0.1347,-0.008,0.3892,e93a2b3,,18992fa,2026-09-04T19:21:08+00:00
66160,38.1112,0.4605,0.0399,0.4605,0.3807,-0.0798,64.7453,0.033,-0.0069,0.6475,0.0802,-0.3835,7.4126,0.0069,-0.0333,0.0741,0.6136,0.1531,139.3107,0.0532,0.0133,1.3931,0.468,0.0075,123.9496,0.0406,0.0007,1.2395,0.3627,-0.0977,74.031,0.0314,-0.0085,0.7403,0.5632,0.1027,170.4709,0.0488,0.0089,1.7047,0.2653,-0.1952,41.8469,0.023,-0.0169,0.4185,0.5531,0.0926,150.4709,0.0479,0.008,1.5047,0.5998,0.1393,134.525,0.052,0.0121,1.3453,0.5137,0.0532,149.4825,0.0445,0.0046,1.4948,0.1861,-0.2744,47.3144,0.0161,-0.0238,0.4731,e93a2b3,,18992fa,2026-09-04T19:21:08+00:00
66170,23.7007,0.332,0.0292,0.332,0.2801,-0.0714,51.4295,0.0246,-0.0063,0.5143,0.0729,-0.407,8.7912,0.0064,-0.0358,0.0879,0.4882,0.1367,120.5895,0.0429,0.012,1.2059,0.3445,0.0125,675.8849,0.0303,0.0011,6.7589,0.2791,-0.0529,198.3017,0.0245,-0.0046,1.983,0.3983,0.0663,176.4106,0.035,0.0058,1.7641,0.1697,-0.1647,83.8755,0.0149,-0.0145,0.8388,0.443,0.0914,151.7843,0.0389,0.008,1.5178,0.4533,0.1043,124.1825,0.0398,0.0092,1.2418,0.3953,0.061,204.1324,0.0348,0.0054,2.0413,0.1085,-0.243,24.1688,0.0095,-0.0214,0.2417,e93a2b3,,18992fa,2026-09-04T19:21:08+00:00
66180,37.7602,0.466,0.0415,0.466,0.3724,-0.0936,67.7259,0.0332,-0.0083,0.6773,0.0856,-0.4031,11.0984,0.0076,-0.0359,0.111,0.6299,0.1639,148.2071,0.0561,0.0146,1.4821,0.4664,0.0004,130.0912,0.0415,0.0,1.3009,0.4381,-0.0279,101.5559,0.039,-0.0025,1.0156,0.5431,0.0771,140.3463,0.0484,0.0069,1.4035,0.2252,-0.2408,40.9252,0.02,-0.0215,0.4093,0.6132,0.1472,267.9882,0.0546,0.0131,2.6799,0.6075,0.1415,132.7608,0.0541,0.0126,1.3276,0.5789,0.1129,173.5826,0.0516,0.0101,1.7358,0.1327,-0.3333,28.5459,0.0118,-0.0297,0.2855,e93a2b3,,18992fa,2026-09-04T19:21:08+00:00
66190,20.8983,0.2935,0.0268,0.2935,0.3603,-0.0558,63.259,0.0329,-0.0051,0.6326,0.121,-0.4109,15.5453,0.0111,-0.0376,0.1555,0.4836,0.0792,125.1671,0.0442,0.0072,1.2517,0.2651,-0.0284,858.7036,0.0242,-0.0026,8.587,0.3195,0.0022,276.6475,0.0292,0.0002,2.7665,0.4196,0.107,206.1575,0.0384,0.0098,2.0616,0.1646,-0.2277,54.1415,0.015,-0.0208,0.5414,0.582,0.1647,265.158,0.0532,0.015,2.6516,0.4964,0.1009,101.6875,0.0454,0.0092,1.0169,0.5444,0.1531,166.0036,0.0498,0.014,1.66,0.0546,-0.3325,14.4176,0.005,-0.0304,0.1442,e93a2b3,,18992fa,2026-09-04T19:21:08+00:00
66210,6.3803,0.0501,0.0048,0.0501,0.1288,-0.0118,47.5294,0.0123,-0.0011,0.4753,0.009,-0.1626,5.374,0.0009,-0.0155,0.0537,0.1944,0.0562,210.3067,0.0185,0.0054,2.1031,0.0344,-0.0169,1195.1714,0.0033,-0.0016,11.9517,0.075,0.0165,721.5402,0.0071,0.0016,7.2154,0.1693,0.0808,417.659,0.0161,0.0077,4.1766,0.0254,-0.0768,37.5073,0.0024,-0.0073,0.3751,0.2158,0.0712,189.5126,0.0206,0.0068,1.8951,0.1303,-0.0094,48.0996,0.0124,-0.0009,0.481,0.2001,0.0873,164.4005,0.0191,0.0083,1.644,0.0069,-0.1129,12.9774,0.0007,-0.0107,0.1298,e93a2b3,,18992fa,2026-09-04T19:21:08+00:00
66220,20.5783,0.2047,0.02,0.2047,0.3183,0.0035,73.5766,0.031,0.0003,0.7358,0.0166,-0.3244,3.7501,0.0016,-0.0316,0.0375,0.3684,0.0872,180.167,0.036,0.0085,1.8017,0.1832,-0.0336,490.0409,0.0179,-0.0033,4.9004,0.2281,0.0223,703.2086,0.0222,0.0022,7.0321,0.3603,0.1009,169.9751,0.0351,0.0098,1.6998,0.0755,-0.1974,26.9083,0.0074,-0.0192,0.2691,0.4141,0.0531,175.3868,0.0404,0.0052,1.7539,0.2871,-0.0305,63.5849,0.028,-0.003,0.6358,0.403,0.1239,176.5044,0.0393,0.0121,1.765,0.0547,-0.3063,8.9177,0.0054,-0.0298,0.0892,e93a2b3,,18992fa,2026-09-04T19:21:08+00:00
66230,7.7051,0.0863,0.0086,0.0863,0.1619,0.0239,66.2535,0.016,0.0024,0.6625,0.0058,-0.1434,13.5969,0.0006,-0.0142,0.136,0.2504,0.1052,517.9366,0.0248,0.0104,5.1794,0.0734,-0.0235,983.4078,0.0073,-0.0023,9.8341,0.0664,-0.0199,1521.2224,0.0066,-0.002,15.2122,0.1799,0.0757,229.4486,0.0178,0.0075,2.2945,0.0619,-0.1005,38.7771,0.0061,-0.01,0.3878,0.2499,0.0378,130.9022,0.0248,0.0037,1.309,0.144,0.0156,48.4165,0.0143,0.0015,0.4842,0.1879,0.0796,308.9063,0.0186,0.0079,3.0891,0.0717,-0.1008,16.6223,0.0071,-0.01,0.1662,e93a2b3,,18992fa,2026-09-04T19:21:08+00:00
66240,22.2897,0.3124,0.0313,0.3124,0.4515,0.0717,84.2189,0.0452,0.0072,0.8422,0.1736,-0.3044,22.3813,0.0174,-0.0305,0.2238,0.4032,0.0511,525.8842,0.0404,0.0051,5.2588,0.3246,-0.0243,318.7446,0.0325,-0.0024,3.1874,0.2055,-0.1068,1282.1252,0.0206,-0.0107,12.8212,0.4908,0.0996,193.111,0.0491,0.01,1.9311,0.2877,-0.1963,44.1939,0.0288,-0.0196,0.4419,0.5488,0.0035,116.2702,0.055,0.0004,1.1627,0.5992,0.2195,97.2722,0.06,0.022,0.9727,0.5372,0.1883,286.423,0.0538,0.0189,2.8642,0.3266,-0.1037,46.5238,0.0327,-0.0104,0.4652,e93a2b3,,18992fa,2026-09-04T19:21:08+00:00
66251,18.304,0.3805,0.0384,0.3805,0.5202,0.0963,113.5133,0.0526,0.0097,1.1351,0.2983,-0.1804,34.6016,0.0301,-0.0182,0.346,0.5055,0.0558,346.5927,0.0511,0.0056,3.4659,0.4107,-0.039,196.8026,0.0415,-0.0039,1.968,0.2344,-0.1461,210.2389,0.0237,-0.0148,2.1024,0.5515,0.1018,130.2679,0.0557,0.0103,1.3027,0.338,-0.1407,47.4357,0.0341,-0.0142,0.4744,0.5906,-0.0027,98.0415,0.0597,-0.0003,0.9804,0.8425,0.3479,145.4344,0.0851,0.0351,1.4543,0.6757,0.212,192.05,0.0683,0.0214,1.9205,0.3785,-0.0712,49.0607,0.0382,-0.0072,0.4906,e93a2b3,,18992fa,2026-09-04T19:21:08+00:00
66252,25.167,0.4112,0.0419,0.4112,0.4867,0.0755,254.6673,0.0496,0.0077,2.5467,0.6217,0.0283,80.5569,0.0634,0.0029,0.8056,0.4605,0.0304,962.1977,0.0469,0.0031,9.622,0.3778,-0.0524,472.7183,0.0385,-0.0053,4.7272,0.2626,-0.1675,503.5657,0.0268,-0.0171,5.0357,0.4822,0.0313,93.3474,0.0491,0.0032,0.9335,0.3805,-0.2019,50.5345,0.0388,-0.0206,0.5053,0.5892,-0.032,131.3169,0.06,-0.0033,1.3132,0.8051,0.3146,107.1294,0.082,0.0321,1.0713,0.7567,0.2085,154.0643,0.0771,0.0213,1.5406,0.3965,-0.0545,53.5537,0.0404,-0.0056,0.5355,e93a2b3,,18992fa,2026-09-04T19:21:08+00:00
66254,36.3287,0.3169,0.0326,0.3169,0.3907,0.0704,159.6516,0.0402,0.0072,1.5965,0.643,0.1616,107.9234,0.0661,0.0166,1.0792,0.3382,0.0213,2548.5286,0.0348,0.0022,25.4853,0.2778,-0.0424,785.1016,0.0286,-0.0044,7.851,0.1951,-0.1218,1690.3287,0.0201,-0.0125,16.9033,0.3726,0.0189,83.2616,0.0383,0.0019,0.8326,0.3016,-0.1591,55.1558,0.031,-0.0164,0.5516,0.4013,-0.0271,162.317,0.0413,-0.0028,1.6232,0.623,0.2693,113.5083,0.0641,0.0277,1.1351,0.7017,0.2733,412.9785,0.0722,0.0281,4.1298,0.2851,-0.042,67.4075,0.0293,-0.0043,0.6741,e93a2b3,,18992fa,2026-09-04T19:21:08+00:00
66255,21.5133,0.0611,0.0064,0.0611,0.1435,0.073,855.8043,0.015,0.0076,8.558,0.2025,0.0479,78.245,0.0211,0.005,0.7825,0.1017,0.037,2136.0938,0.0106,0.0039,21.3609,0.0748,-0.0123,215.6231,0.0078,-0.0013,2.1562,0.02,-0.0411,415.6673,0.0021,-0.0043,4.1567,0.0665,-0.0281,28.0095,0.0069,-0.0029,0.2801,0.0431,-0.0709,20.2723,0.0045,-0.0074,0.2027,0.1495,0.0475,770.8229,0.0156,0.005,7.7082,0.2379,0.0718,90.5196,0.0248,0.0075,0.9052,0.214,0.1194,409.597,0.0223,0.0125,4.096,0.0862,0.0086,98.9483,0.009,0.0009,0.9895,e93a2b3,,18992fa,2026-09-04T19:21:08+00:00
66256,30.113,0.0388,0.0041,0.0388,0.1454,0.0913,2748.9973,0.0154,0.0097,27.49,0.2015,0.1312,300.4651,0.0214,0.0139,3.0047,0.1103,0.063,2059.9626,0.0117,0.0067,20.5996,0.0523,-0.0048,79.6904,0.0056,-0.0005,0.7969,0.0201,-0.0231,437.9929,0.0021,-0.0025,4.3799,0.0409,-0.0264,61.014,0.0043,-0.0028,0.6101,0.0329,-0.0359,33.5012,0.0035,-0.0038,0.335,0.1568,0.0924,3013.3914,0.0167,0.0098,30.1339,0.0404,-0.0733,21.9,0.0043,-0.0078,0.219,0.1344,0.0773,437.9828,0.0143,0.0082,4.3798,0.051,-0.0061,58.5852,0.0054,-0.0007,0.5859,e93a2b3,,18992fa,2026-09-04T19:21:08+00:00
66257,24.998,0.0255,0.0027,0.0255,0.1702,0.138,7330.8818,0.0182,0.0148,73.3088,0.2082,0.1647,692.0983,0.0223,0.0176,6.921,0.0527,0.0269,1977.4731,0.0056,0.0029,19.7747,0.0284,-0.012,38.2634,0.003,-0.0013,0.3826,0.0301,-0.0026,669.1667,0.0032,-0.0003,6.6917,0.0017,-0.0387,298.2644,0.0002,-0.0041,2.9826,0.0004,-0.0354,20.1579,0.0,-0.0038,0.2016,0.1434,0.1076,3512.208,0.0154,0.0115,35.1221,0.0445,-0.0181,58.4895,0.0048,-0.0019,0.5849,0.1831,0.1404,754.2555,0.0196,0.015,7.5426,0.0246,-0.0144,42.4273,0.0026,-0.0015,0.4243,e93a2b3,,18992fa,2026-09-04T19:21:08+00:00
66258,47.3373,0.0267,0.0029,0.0267,0.1282,0.1015,9128.458,0.0138,0.011,91.2846,0.1434,0.0983,586.6996,0.0155,0.0106,5.867,0.0818,0.055,1411.4242,0.0088,0.006,14.1142,0.0006,-0.0402,1.6882,0.0001,-0.0043,0.0169,0.003,-0.0265,163.6386,0.0003,-0.0029,1.6364,0.006,-0.0455,4.786,0.0006,-0.0049,0.0479,0.0005,-0.0299,18.1831,0.0001,-0.0032,0.1818,0.0675,0.0395,849.835,0.0073,0.0043,8.4983,0.0019,-0.0548,3.4694,0.0002,-0.0059,0.0347,0.1281,0.0851,695.1638,0.0138,0.0092,6.9516,0.0153,-0.0151,72.85,0.0017,-0.0016,0.7285,e93a2b3,,18992fa,2026-09-04T19:21:08+00:00
66259,13.6097,0.0,0.0,0.0,0.0006,0.0005,414.7839,0.0001,0.0001,4.1478,,,,,,,0.0026,0.0025,990.3149,0.0003,0.0003,9.9031,,,,,,,0.0001,0.0,233.9601,0.0,0.0,2.3396,,,,,,,0.0,-0.0001,1.3754,0.0,-0.0,0.0138,0.0,-0.0,53.687,0.0,-0.0,0.5369,,,,,,,,,,,,,0.0001,-0.0,22.6003,0.0,-0.0,0.226,e93a2b3,,18992fa,2026-09-04T19:21:08+00:00
66260,43.2414,0.0154,0.0017,0.0154,0.0568,0.04,4439.1885,0.0062,0.0044,44.3919,0.1446,0.1073,486.0162,0.0158,0.0117,4.8602,0.1058,0.0902,40425.7305,0.0115,0.0098,404.2575,0.0079,-0.0664,5.8906,0.0009,-0.0072,0.0589,0.0019,-0.0145,65.3359,0.0002,-0.0016,0.6534,0.0425,-0.0104,55.9464,0.0046,-0.0011,0.5595,0.0055,-0.0281,5.7924,0.0006,-0.0031,0.0579,0.0249,0.0066,90.0743,0.0027,0.0007,0.9007,0.0,-0.0522,0.2617,0.0,-0.0057,0.0026,0.1044,0.0486,169.6068,0.0114,0.0053,1.6961,0.0245,0.001,411.1193,0.0027,0.0001,4.1112,e93a2b3,,18992fa,2026-09-04T19:21:08+00:00
66270,11.0849,0.0017,0.0002,0.0017,0.0063,0.0039,506.779,0.0007,0.0004,5.0678,0.0495,0.0344,218.3227,0.0055,0.0038,2.1832,0.0133,0.0105,1396.3882,0.0015,0.0012,13.9639,0.0004,-0.0264,1.5642,0.0,-0.0029,0.0156,0.0,-0.0023,68.3072,0.0,-0.0002,0.6831,0.0115,-0.0109,51.1814,0.0013,-0.0012,0.5118,0.0,-0.0294,0.086,0.0,-0.0033,0.0009,0.0045,0.0021,120.8721,0.0005,0.0002,1.2087,,,,,,,0.0,-0.0116,0.7352,0.0,-0.0013,0.0074,0.0009,-0.002,97.6654,0.0001,-0.0002,0.9767,e93a2b3,,18992fa,2026-09-04T19:21:08+00:00
66280,3.2783,0.0,0.0,0.0,,,,,,,0.0,-0.0,2.7829,0.0,-0.0,0.0278,0.0,0.0,81.7899,0.0,0.0,0.8179,,,,,,,0.0,-0.0,110.3544,0.0,-0.0,1.1035,0.0001,0.0001,512.9694,0.0,0.0,5.1297,,,,,,,,,,,,,,,,,,,,,,,,,,,,,,,e93a2b3,,18992fa,2026-09-04T19:21:08+00:00
66290,2.8812,0.0,0.0,0.0,,,,,,,0.0,-0.0,25.3971,0.0,-0.0,0.254,,,,,,,0.0,-0.0,14.1892,0.0,-0.0,0.1419,0.0,0.0,229.2768,0.0,0.0,2.2928,0.0,-0.0,93.4242,0.0,-0.0,0.9342,0.0,-0.0,16.7667,0.0,-0.0,0.1677,,,,,,,,,,,,,,,,,,,0.0,-0.0,82.1729,0.0,-0.0,0.8217,e93a2b3,,18992fa,2026-09-04T19:21:08+00:00
66401,75.3431,0.0687,0.0076,0.0687,0.1113,0.0426,3854.2788,0.0122,0.0047,38.5428,0.2172,0.1485,317.783,0.0239,0.0163,3.1778,0.168,0.0993,3854.0259,0.0185,0.0109,38.5403,0.024,-0.0657,21.6727,0.0026,-0.0072,0.2167,0.0092,-0.0595,17.2555,0.001,-0.0065,0.1726,0.0843,-0.0036,91.3176,0.0093,-0.0004,0.9132,0.0125,-0.073,10.0203,0.0014,-0.008,0.1002,0.0891,0.0204,123.147,0.0098,0.0022,1.2315,0.0,-0.0986,0.0049,0.0,-0.0108,0.0,0.1114,0.0167,109.858,0.0122,0.0018,1.0986,0.0445,-0.0261,59.8131,0.0049,-0.0029,0.5981,e93a2b3,,18992fa,2026-09-04T19:21:08+00:00
66402,29.8364,0.0009,0.0001,0.0009,0.0089,0.006,1514.8182,0.001,0.0007,15.1482,0.0212,0.017,1928.9772,0.0023,0.0019,19.2898,0.0027,0.0017,799.3946,0.0003,0.0002,7.9939,0.0064,-0.0242,11.8757,0.0007,-0.0027,0.1188,0.0,-0.0013,84.0979,0.0,-0.0001,0.841,0.007,-0.0006,163.0639,0.0008,-0.0001,1.6306,0.0002,-0.0195,19.6501,0.0,-0.0021,0.1965,0.0097,0.0067,2533.1711,0.0011,0.0007,25.3317,0.0,-0.0005,1.6302,0.0,-0.0001,0.0163,0.0041,-0.0009,25.6469,0.0004,-0.0001,0.2565,0.0009,-0.0005,570.3063,0.0001,-0.0,5.7031,e93a2b3,,18992fa,2026-09-04T19:21:08+00:00
66403,19.9623,0.0002,0.0,0.0002,,,,,,,,,,,,,0.0004,0.0002,2744.0835,0.0,0.0,27.4408,,,,,,,0.0,-0.0003,59.678,0.0,-0.0,0.5968,0.0,-0.0008,60.0079,0.0,-0.0001,0.6001,,,,,,,,,,,,,,,,,,,,,,,,,0.0007,0.0003,82.0952,0.0001,0.0,0.821,e93a2b3,,18992fa,2026-09-04T19:21:08+00:00
66404,7.3598,0.0,0.0,0.0,0.0,0.0,100.0,0.0,0.0,1.0,0.0,-0.0,134.2782,0.0,-0.0,1.3428,0.0,0.0,595.5346,0.0,0.0,5.9553,0.0,0.0,100.0,0.0,0.0,1.0,0.0,-0.0,107.5895,0.0,-0.0,1.0759,0.0,0.0,231.144,0.0,0.0,2.3114,0.0,-0.0,72.9564,0.0,-0.0,0.7296,,,,,,,,,,,,,,,,,,,0.0,0.0,257.3274,0.0,0.0,2.5733,e93a2b3,,18992fa,2026-09-04T19:21:08+00:00
66405,8.4119,0.0001,0.0,0.0001,0.0002,0.0,133.0708,0.0,0.0,1.3307,0.0001,-0.0,76.291,0.0,-0.0,0.7629,0.0,-0.0001,54.1917,0.0,-0.0,0.5419,0.0,-0.0001,40.4551,0.0,-0.0,0.4046,0.0001,-0.0,160.0086,0.0,-0.0,1.6001,0.001,0.0008,3648.4773,0.0001,0.0001,36.4848,0.0006,0.0004,1223.2769,0.0001,0.0,12.2328,0.0001,0.0,104.059,0.0,0.0,1.0406,0.0001,0.0,143.3474,0.0,0.0,1.4335,0.0001,-0.0001,118.746,0.0,-0.0,1.1875,0.0009,0.0008,3592.8301,0.0001,0.0001,35.9283,e93a2b3,,18992fa,2026-09-04T19:21:08+00:00
67101,11.5865,0.0,0.0,0.0,,,,,,,0.0,-0.0,48.7714,0.0,-0.0,0.4877,0.0,-0.0,1.9329,0.0,-0.0,0.0193,0.0,-0.0001,3.3386,0.0,-0.0,0.0334,0.0001,0.0001,533.2004,0.0,0.0,5.332,0.0014,0.0014,4302.2144,0.0002,0.0002,43.0222,0.0002,0.0001,280.4767,0.0,0.0,2.8048,0.0,-0.0,3.9789,0.0,-0.0,0.0398,0.0001,0.0001,368.8323,0.0,0.0,3.6883,0.0,-0.0,55.3886,0.0,-0.0,0.5539,0.0001,0.0,207.8191,0.0,0.0,2.0782,e93a2b3,,18992fa,2026-09-04T19:21:08+00:00
67102,10.5743,0.0001,0.0,0.0001,0.0,-0.0002,0.1548,0.0,-0.0,0.0015,0.0,-0.0001,3.3674,0.0,-0.0,0.0337,,,,,,,0.0,-0.0001,0.8029,0.0,-0.0,0.008,0.0001,0.0,174.1509,0.0,0.0,1.7415,0.0013,0.0012,2225.4338,0.0002,0.0001,22.2543,0.0001,0.0,119.2748,0.0,0.0,1.1927,0.0,-0.0002,0.4643,0.0,-0.0,0.0046,0.0001,0.0,101.7309,0.0,0.0,1.0173,0.0001,-0.0,76.5944,0.0,-0.0,0.7659,0.0002,0.0001,147.3048,0.0,0.0,1.473,e93a2b3,,18992fa,2026-09-04T19:21:08+00:00
67104,20.4637,0.0003,0.0,0.0003,0.0,-0.0003,1.0139,0.0,-0.0,0.0101,0.0001,-0.0002,18.9488,0.0,-0.0,0.1895,0.0,-0.0004,1.0282,0.0,-0.0001,0.0103,0.0,-0.0005,0.4814,0.0,-0.0001,0.0048,0.0002,-0.0001,123.0614,0.0,-0.0,1.2306,0.0033,0.003,1252.2054,0.0004,0.0004,12.5221,0.0009,0.0005,237.056,0.0001,0.0001,2.3706,0.0,-0.0005,1.9357,0.0,-0.0001,0.0194,0.0006,0.0003,146.1385,0.0001,0.0,1.4614,0.0007,0.0004,180.9717,0.0001,0.0,1.8097,0.0014,0.0011,467.088,0.0002,0.0001,4.6709,e93a2b3,,18992fa,2026-09-04T19:21:08+00:00
67106,15.1775,0.0002,0.0,0.0002,0.0,-0.0002,24.395,0.0,-0.0,0.244,0.0002,-0.0001,54.2012,0.0,-0.0,0.542,0.0,-0.0003,12.7569,0.0,-0.0,0.1276,0.0,-0.0005,0.9622,0.0,-0.0001,0.0096,0.0003,0.0001,313.176,0.0,0.0,3.1318,0.0024,0.0021,2126.9233,0.0003,0.0003,21.2692,0.0004,0.0001,135.2924,0.0001,0.0,1.3529,0.0001,-0.0002,54.6941,0.0,-0.0,0.5469,0.0011,0.0008,297.8091,0.0001,0.0001,2.9781,0.0006,0.0003,174.7946,0.0001,0.0,1.7479,0.0024,0.0022,3398.6946,0.0003,0.0003,33.9869,e93a2b3,,18992fa,2026-09-04T19:21:08+00:00
67107,3.7833,0.0002,0.0,0.0002,0.0003,0.0001,156.7818,0.0,0.0,1.5678,0.0002,0.0,100.5274,0.0,0.0,1.0053,0.0,-0.0003,8.2972,0.0,-0.0,0.083,0.0001,-0.0001,40.7995,0.0,-0.0,0.408,0.0002,0.0,163.6215,0.0,0.0,1.6362,0.0004,0.0002,567.7957,0.0,0.0,5.678,0.0002,0.0,118.656,0.0,0.0,1.1866,0.0007,0.0005,2323.6804,0.0001,0.0001,23.2368,0.0,-0.0003,13.4298,0.0,-0.0,0.1343,0.0001,-0.0001,78.8183,0.0,-0.0,0.7882,0.001,0.0008,442.3024,0.0001,0.0001,4.423,e93a2b3,,18992fa,2026-09-04T19:21:08+00:00
67202,0.0249,0.0,0.0,0.0,,,,,,,,,,,,,,,,,,,,,,,,,,,,,,,0.0,0.0,100.0,0.0,0.0,1.0,,,,,,,,,,,,,,,,,,,,,,,,,,,,,,,e93a2b3,,18992fa,2026-09-04T19:21:08+00:00
67204,0.0518,0.0002,0.0,0.0002,,,,,,,,,,,,,,,,,,,,,,,,,,,,,,,0.0,-0.0001,23.974,0.0,-0.0,0.2397,,,,,,,0.0002,0.0,126.3167,0.0,0.0,1.2632,,,,,,,,,,,,,,,,,,,e93a2b3,,18992fa,2026-09-04T19:21:08+00:00
67206,0.0011,,,,,,,,,,,,,,,,,,,,,,,,,,,,,,,,,,,,,,,,,,,,,,,,,,,,,,,,,,,,,,,,,,,,,,e93a2b3,,18992fa,2026-09-04T19:21:08+00:00
67208,,,,,,,,,,,,,,,,,,,,,,,,,,,,,,,,,,,,,,,,,,,,,,,,,,,,,,,,,,,,,,,,,,,,,,,e93a2b3,,18992fa,2026-09-04T19:21:08+00:00
71110,41.8082,0.117,0.0073,0.117,0.1225,0.0056,104.4268,0.0076,0.0003,1.0443,0.144,0.027,123.517,0.009,0.0017,1.2352,0.1679,0.0509,144.1124,0.0105,0.0032,1.4411,0.1239,0.0069,105.0707,0.0077,0.0004,1.0507,0.0795,-0.0374,68.2659,0.005,-0.0023,0.6827,0.1247,0.0078,107.2196,0.0078,0.0005,1.0722,0.1,-0.017,85.8051,0.0062,-0.0011,0.8581,0.1053,-0.0117,90.551,0.0066,-0.0007,0.9055,0.0954,-0.0216,81.7453,0.006,-0.0013,0.8175,0.1112,-0.0057,95.5406,0.0069,-0.0004,0.9554,0.1278,0.0108,109.8541,0.008,0.0007,1.0985,e93a2b3,,18992fa,2026-09-04T19:21:08+00:00
71120,42.5292,0.131,0.0082,0.131,0.1444,0.0133,109.7428,0.009,0.0008,1.0974,0.1445,0.0135,110.4464,0.0091,0.0008,1.1045,0.1845,0.0535,141.1159,0.0116,0.0034,1.4112,0.1767,0.0457,134.0757,0.0111,0.0029,1.3408,0.0879,-0.0431,67.0381,0.0055,-0.0027,0.6704,0.1359,0.0048,103.852,0.0085,0.0003,1.0385,0.1145,-0.0166,87.3822,0.0072,-0.001,0.8738,0.1098,-0.0213,84.0412,0.0069,-0.0013,0.8404,0.1068,-0.0242,81.5341,0.0067,-0.0015,0.8153,0.1204,-0.0106,92.0799,0.0075,-0.0007,0.9208,0.1341,0.0031,102.6367,0.0084,0.0002,1.0264,e93a2b3,,18992fa,2026-09-04T19:21:08+00:00
71130,40.845,0.1201,0.0076,0.1201,0.1078,-0.0123,89.677,0.0068,-0.0008,0.8968,0.1335,0.0134,111.2698,0.0085,0.0008,1.1127,0.1872,0.0671,155.808,0.0119,0.0043,1.5581,0.1328,0.0127,110.2569,0.0084,0.0008,1.1026,0.0787,-0.0414,65.6073,0.005,-0.0026,0.6561,0.1312,0.0111,109.3881,0.0083,0.0007,1.0939,0.1085,-0.0116,90.3439,0.0069,-0.0007,0.9034,0.1108,-0.0093,92.4497,0.007,-0.0006,0.9245,0.1018,-0.0183,84.7393,0.0064,-0.0012,0.8474,0.1206,0.0005,100.4451,0.0076,0.0,1.0045,0.133,0.0129,110.9064,0.0084,0.0008,1.1091,e93a2b3,,18992fa,2026-09-04T19:21:08+00:00
71140,39.507,0.1306,0.0084,0.1306,0.1044,-0.0262,79.5836,0.0067,-0.0017,0.7958,0.1257,-0.0049,96.245,0.0081,-0.0003,0.9624,0.2003,0.0697,153.5201,0.0129,0.0045,1.5352,0.1895,0.0589,145.3017,0.0122,0.0038,1.453,0.0969,-0.0337,74.2056,0.0062,-0.0022,0.7421,0.1492,0.0187,114.548,0.0096,0.0012,1.1455,0.139,0.0084,106.6413,0.0089,0.0005,1.0664,0.1158,-0.0148,88.8843,0.0074,-0.0009,0.8888,0.1185,-0.0121,90.8018,0.0076,-0.0008,0.908,0.1275,-0.0031,97.6707,0.0082,-0.0002,0.9767,0.1409,0.0104,108.1755,0.0091,0.0007,1.0818,e93a2b3,,18992fa,2026-09-04T19:21:08+00:00
71150,39.7796,0.1195,0.0076,0.1195,0.0969,-0.0225,81.1829,0.0062,-0.0014,0.8118,0.1301,0.0107,109.1536,0.0083,0.0007,1.0915,0.1856,0.0661,155.5819,0.0118,0.0042,1.5558,0.119,-0.0004,99.7181,0.0076,-0.0,0.9972,0.0806,-0.0388,67.5716,0.0051,-0.0025,0.6757,0.1364,0.017,114.4758,0.0087,0.0011,1.1448,0.1088,-0.0107,91.207,0.0069,-0.0007,0.9121,0.1099,-0.0096,92.1773,0.007,-0.0006,0.9218,0.1026,-0.0168,86.0248,0.0065,-0.0011,0.8602,0.1241,0.0046,104.0492,0.0079,0.0003,1.0405,0.1367,0.0172,114.6155,0.0087,0.0011,1.1462,e93a2b3,,18992fa,2026-09-04T19:21:08+00:00
71160,39.5221,0.1247,0.0081,0.1247,0.0889,-0.0358,71.1604,0.0058,-0.0023,0.7116,0.1191,-0.0056,95.4814,0.0077,-0.0004,0.9548,0.2195,0.0948,176.4422,0.0143,0.0062,1.7644,0.1614,0.0366,129.2779,0.0105,0.0024,1.2928,0.0895,-0.0352,71.776,0.0058,-0.0023,0.7178,0.1342,0.0095,107.6662,0.0087,0.0006,1.0767,0.1218,-0.0029,97.7522,0.0079,-0.0002,0.9775,0.1026,-0.0221,82.2584,0.0067,-0.0014,0.8226,0.1202,-0.0045,96.4892,0.0078,-0.0003,0.9649,0.1296,0.0049,103.9608,0.0084,0.0003,1.0396,0.1275,0.0027,102.2504,0.0083,0.0002,1.0225,e93a2b3,,18992fa,2026-09-04T19:21:08+00:00
71170,39.5762,0.1197,0.0077,0.1197,0.1,-0.0198,83.2881,0.0064,-0.0013,0.8329,0.1269,0.0071,105.9528,0.0082,0.0005,1.0595,0.1957,0.0759,163.5544,0.0126,0.0049,1.6355,0.1175,-0.0022,98.1927,0.0076,-0.0001,0.9819,0.0929,-0.0269,77.5351,0.006,-0.0017,0.7754,0.147,0.0272,122.8068,0.0095,0.0018,1.2281,0.1182,-0.0016,98.6886,0.0076,-0.0001,0.9869,0.1073,-0.0125,89.5373,0.0069,-0.0008,0.8954,0.1138,-0.0059,95.0918,0.0073,-0.0004,0.9509,0.1311,0.0114,109.5136,0.0084,0.0007,1.0951,0.1402,0.0205,117.065,0.009,0.0013,1.1707,e93a2b3,,18992fa,2026-09-04T19:21:08+00:00
71181,34.662,0.122,0.0083,0.122,0.0719,-0.0501,59.1551,0.0049,-0.0034,0.5916,0.1008,-0.0212,82.5908,0.0068,-0.0014,0.8259,0.2097,0.0877,172.8466,0.0142,0.0059,1.7285,0.1326,0.0106,108.6676,0.009,0.0007,1.0867,0.0906,-0.0314,74.365,0.0061,-0.0021,0.7436,0.1206,-0.0014,98.8224,0.0082,-0.0001,0.9882,0.1499,0.0279,123.193,0.0102,0.0019,1.2319,0.1182,-0.0038,96.8132,0.008,-0.0002,0.9681,0.1438,0.0218,118.3541,0.0098,0.0015,1.1835,0.1059,-0.0161,87.2253,0.0071,-0.0011,0.8723,0.1394,0.0174,113.9133,0.0095,0.0012,1.1391,e93a2b3,,18992fa,2026-09-04T19:21:08+00:00
71182,34.2288,0.123,0.0082,0.123,0.0774,-0.0456,63.1501,0.0051,-0.003,0.6315,0.1057,-0.0172,85.882,0.007,-0.0011,0.8588,0.14,0.0171,113.4869,0.0093,0.0011,1.1349,0.1499,0.027,121.5632,0.0099,0.0018,1.2156,0.0814,-0.0416,66.291,0.0054,-0.0028,0.6629,0.1286,0.0057,104.6554,0.0085,0.0004,1.0466,0.1462,0.0233,119.1539,0.0097,0.0015,1.1915,0.1379,0.015,112.3646,0.0092,0.001,1.1236,0.1119,-0.0111,91.1424,0.0075,-0.0007,0.9114,0.0942,-0.0287,76.6643,0.0063,-0.0019,0.7666,0.1663,0.0434,135.4064,0.0111,0.0029,1.3541,e93a2b3,,18992fa,2026-09-04T19:21:08+00:00
71183,28.913,0.1103,0.0077,0.1103,0.0617,-0.0487,55.7985,0.0043,-0.0034,0.558,0.087,-0.0233,78.8417,0.0061,-0.0016,0.7884,0.0935,-0.0168,84.6343,0.0066,-0.0012,0.8463,0.1245,0.0142,112.9495,0.0087,0.001,1.1295,0.0615,-0.0489,55.6505,0.0043,-0.0034,0.5565,0.1103,0.0,100.0,0.0077,0.0,1.0,0.1242,0.0139,112.5629,0.0087,0.001,1.1256,0.1555,0.0451,141.0179,0.0109,0.0032,1.4102,0.1256,0.0153,113.9222,0.0088,0.0011,1.1392,0.0636,-0.0467,57.6268,0.0045,-0.0033,0.5763,0.1324,0.0221,119.9987,0.0093,0.0015,1.2,e93a2b3,,18992fa,2026-09-04T19:21:08+00:00
71184,28.007,0.0852,0.0061,0.0852,0.0467,-0.0385,54.8069,0.0033,-0.0027,0.5481,0.07,-0.0152,83.0063,0.005,-0.0011,0.8301,0.0651,-0.0202,76.1331,0.0047,-0.0014,0.7613,0.1126,0.0274,133.8267,0.0081,0.002,1.3383,0.0598,-0.0254,70.5137,0.0043,-0.0018,0.7051,0.1023,0.017,121.7236,0.0073,0.0012,1.2172,0.09,0.0048,104.9677,0.0064,0.0003,1.0497,0.1645,0.0793,197.0558,0.0118,0.0057,1.9706,0.1142,0.029,136.4099,0.0082,0.0021,1.3641,0.0418,-0.0435,49.0618,0.003,-0.0031,0.4906,0.0958,0.0105,112.946,0.0068,0.0008,1.1295,e93a2b3,,18992fa,2026-09-04T19:21:08+00:00
71185,28.8018,0.0966,0.0067,0.0966,0.0498,-0.0467,49.9748,0.0034,-0.0032,0.4997,0.0728,-0.0238,74.8024,0.005,-0.0016,0.748,0.076,-0.0205,78.2957,0.0053,-0.0014,0.783,0.1233,0.0268,128.8755,0.0085,0.0019,1.2888,0.0632,-0.0334,66.2855,0.0044,-0.0023,0.6629,0.1059,0.0094,110.541,0.0073,0.0007,1.1054,0.1154,0.0188,119.0604,0.008,0.0013,1.1906,0.1496,0.053,159.5313,0.0104,0.0037,1.5953,0.1062,0.0096,112.1236,0.0074,0.0007,1.1212,0.0651,-0.0314,66.4297,0.0045,-0.0022,0.6643,0.1131,0.0166,115.3847,0.0078,0.0011,1.1538,e93a2b3,,18992fa,2026-09-04T19:21:08+00:00
71186,27.0749,0.0563,0.0039,0.0563,0.0226,-0.0337,38.1818,0.0016,-0.0023,0.3818,0.0444,-0.0119,82.68,0.0031,-0.0008,0.8268,0.0293,-0.027,52.3549,0.002,-0.0019,0.5235,0.1014,0.045,203.6701,0.007,0.0031,2.0367,0.0429,-0.0134,80.7605,0.003,-0.0009,0.8076,0.0843,0.028,170.4734,0.0059,0.002,1.7047,0.057,0.0007,100.3003,0.0039,0.0,1.003,0.124,0.0676,257.2191,0.0086,0.0047,2.5722,0.0913,0.035,185.9781,0.0063,0.0024,1.8598,0.0345,-0.0218,59.3007,0.0024,-0.0015,0.593,0.0693,0.013,127.286,0.0048,0.0009,1.2729,e93a2b3,,18992fa,2026-09-04T19:21:08+00:00
71187,26.0891,0.0532,0.0038,0.0532,0.0181,-0.0351,34.76,0.0013,-0.0025,0.3476,0.0399,-0.0133,76.4464,0.0028,-0.0009,0.7645,0.0366,-0.0166,68.4591,0.0026,-0.0012,0.6846,0.0836,0.0303,160.0505,0.0059,0.0022,1.6005,0.0434,-0.0098,81.8228,0.0031,-0.0007,0.8182,0.08,0.0268,155.142,0.0057,0.0019,1.5514,0.0639,0.0107,120.0693,0.0045,0.0008,1.2007,0.1451,0.0919,283.1965,0.0103,0.0065,2.832,0.0856,0.0324,165.7173,0.0061,0.0023,1.6572,0.0298,-0.0234,55.4822,0.0021,-0.0017,0.5548,0.053,-0.0003,99.3626,0.0038,-0.0,0.9936,e93a2b3,,18992fa,2026-09-04T19:21:08+00:00
71188,26.4782,0.0368,0.0026,0.0368,0.0154,-0.0214,41.3929,0.0011,-0.0015,0.4139,0.0421,0.0053,121.6509,0.003,0.0004,1.2165,0.017,-0.0198,44.0218,0.0012,-0.0014,0.4402,0.0857,0.0489,249.0629,0.0061,0.0035,2.4906,0.0285,-0.0083,75.7253,0.002,-0.0006,0.7573,0.0825,0.0457,242.4621,0.0059,0.0033,2.4246,0.0332,-0.0036,88.8538,0.0024,-0.0003,0.8885,0.1273,0.0905,368.4761,0.0091,0.0065,3.6848,0.0862,0.0494,257.0024,0.0062,0.0035,2.57,0.0164,-0.0204,44.4344,0.0012,-0.0015,0.4443,0.0372,0.0004,101.2185,0.0027,0.0,1.0122,e93a2b3,,18992fa,2026-09-04T19:21:08+00:00
71189,25.8455,0.0261,0.0019,0.0261,0.0129,-0.0133,48.4962,0.0009,-0.001,0.485,0.0419,0.0158,178.8618,0.003,0.0011,1.7886,0.0061,-0.02,18.7844,0.0004,-0.0014,0.1878,0.0834,0.0573,407.1222,0.006,0.0041,4.0712,0.017,-0.0091,64.4416,0.0012,-0.0007,0.6444,0.0874,0.0612,423.4497,0.0063,0.0044,4.2345,0.0174,-0.0087,63.4119,0.0013,-0.0006,0.6341,0.124,0.0979,579.4868,0.009,0.0071,5.7949,0.0941,0.068,457.3589,0.0068,0.0049,4.5736,0.0117,-0.0144,45.1875,0.0008,-0.001,0.4519,0.0248,-0.0013,100.2521,0.0018,-0.0001,1.0025,e93a2b3,,18992fa,2026-09-04T19:21:08+00:00
71190,39.3467,0.1179,0.0078,0.1179,0.081,-0.0369,68.3528,0.0053,-0.0024,0.6835,0.1141,-0.0038,96.8689,0.0075,-0.0002,0.9687,0.2254,0.1075,192.5228,0.0149,0.0071,1.9252,0.0999,-0.018,84.6211,0.0066,-0.0012,0.8462,0.0976,-0.0203,82.7986,0.0064,-0.0013,0.828,0.1244,0.0065,105.2355,0.0082,0.0004,1.0524,0.1389,0.021,118.2019,0.0092,0.0014,1.182,0.0857,-0.0322,72.2775,0.0056,-0.0021,0.7228,0.1443,0.0264,123.161,0.0095,0.0018,1.2316,0.1264,0.0085,107.4939,0.0083,0.0006,1.0749,0.1242,0.0063,105.435,0.0082,0.0004,1.0543,e93a2b3,,18992fa,2026-09-04T19:21:08+00:00
71200,28.7693,0.0006,0.0,0.0006,0.0,-0.0009,1.0949,0.0,-0.0001,0.0109,0.0004,-0.0003,42.1795,0.0,-0.0,0.4218,0.0,-0.0009,0.3343,0.0,-0.0001,0.0033,0.0108,0.0101,1946.1002,0.0009,0.0008,19.461,0.0002,-0.0004,38.4272,0.0,-0.0,0.3843,0.0014,0.0008,156.7996,0.0001,0.0001,1.568,0.0061,0.0055,1366.1088,0.0005,0.0004,13.6611,0.0003,-0.0003,67.9391,0.0,-0.0,0.6794,0.0112,0.0105,1177.3721,0.0009,0.0008,11.7737,0.0031,0.0024,573.8381,0.0002,0.0002,5.7384,0.0005,-0.0001,83.3897,0.0,-0.0,0.8339,e93a2b3,,18992fa,2026-09-04T19:21:08+00:00
71211,35.8396,0.1004,0.0068,0.1004,0.0614,-0.039,61.1112,0.0042,-0.0027,0.6111,0.0903,-0.0101,89.6904,0.0062,-0.0007,0.8969,0.1843,0.0839,183.4589,0.0126,0.0057,1.8346,0.0867,-0.0136,86.565,0.0059,-0.0009,0.8656,0.0771,-0.0233,76.6596,0.0053,-0.0016,0.7666,0.1026,0.0022,102.2373,0.007,0.0002,1.0224,0.1413,0.0409,140.9883,0.0096,0.0028,1.4099,0.0818,-0.0186,81.7798,0.0056,-0.0013,0.8178,0.1495,0.0491,148.9613,0.0102,0.0034,1.4896,0.1175,0.0171,117.0169,0.008,0.0012,1.1702,0.1015,0.0012,101.1713,0.0069,0.0001,1.0117,e93a2b3,,18992fa,2026-09-04T19:21:08+00:00
71212,32.36,0.1261,0.0088,0.1261,0.0609,-0.0652,48.3558,0.0042,-0.0045,0.4836,0.0777,-0.0484,61.6058,0.0054,-0.0034,0.6161,0.1783,0.0522,141.5245,0.0124,0.0036,1.4152,0.1249,-0.0012,99.0724,0.0087,-0.0001,0.9907,0.0815,-0.0446,64.6323,0.0057,-0.0031,0.6463,0.1226,-0.0035,97.2767,0.0085,-0.0002,0.9728,0.1713,0.0452,135.9959,0.0119,0.0031,1.36,0.135,0.0089,107.1672,0.0094,0.0006,1.0717,0.1696,0.0435,134.658,0.0118,0.003,1.3466,0.0863,-0.0398,68.5929,0.006,-0.0028,0.6859,0.1329,0.0068,105.4668,0.0093,0.0005,1.0547,e93a2b3,,18992fa,2026-09-04T19:21:08+00:00
71213,34.0395,0.0539,0.0037,0.0539,0.0271,-0.0268,50.2057,0.0019,-0.0019,0.5021,0.0328,-0.0211,60.8847,0.0023,-0.0015,0.6088,0.0886,0.0347,164.3356,0.0061,0.0024,1.6434,0.0539,0.0,100.0,0.0037,0.0,1.0,0.0361,-0.0178,67.0351,0.0025,-0.0012,0.6704,0.0545,0.0006,101.1369,0.0038,0.0,1.0114,0.0781,0.0242,144.8285,0.0054,0.0017,1.4483,0.0527,-0.0012,97.7972,0.0036,-0.0001,0.978,0.0768,0.0229,142.4906,0.0053,0.0016,1.4249,0.0525,-0.0014,97.4799,0.0036,-0.0001,0.9748,0.0556,0.0017,103.1483,0.0038,0.0001,1.0315,e93a2b3,,18992fa,2026-09-04T19:21:08+00:00
71214,30.6849,0.1193,0.0084,0.1193,0.0606,-0.0587,50.794,0.0043,-0.0042,0.5079,0.0646,-0.0547,54.0862,0.0046,-0.0039,0.5409,0.1232,0.0039,102.5702,0.0087,0.0003,1.0257,0.1194,0.0001,100.0672,0.0085,0.0,1.0007,0.0747,-0.0447,62.4208,0.0053,-0.0032,0.6242,0.1288,0.0095,108.45,0.0091,0.0007,1.0845,0.1608,0.0414,134.7104,0.0114,0.0029,1.3471,0.1403,0.0209,118.2223,0.0099,0.0015,1.1822,0.1554,0.036,130.2704,0.011,0.0025,1.3027,0.0753,-0.044,62.6702,0.0053,-0.0031,0.6267,0.1295,0.0102,109.0705,0.0092,0.0007,1.0907,e93a2b3,,18992fa,2026-09-04T19:21:08+00:00
71215,31.4745,0.1144,0.0081,0.1144,0.0636,-0.0507,55.7729,0.0045,-0.0036,0.5577,0.0556,-0.0588,48.3398,0.0039,-0.0042,0.4834,0.1174,0.003,102.2374,0.0083,0.0002,1.0224,0.1186,0.0043,103.8567,0.0084,0.0003,1.0386,0.0758,-0.0385,66.3528,0.0053,-0.0027,0.6635,0.1297,0.0153,113.932,0.0092,0.0011,1.1393,0.1587,0.0443,138.7815,0.0112,0.0031,1.3878,0.1268,0.0124,111.4359,0.009,0.0009,1.1144,0.1453,0.031,127.0899,0.0103,0.0022,1.2709,0.0939,-0.0205,81.7091,0.0066,-0.0015,0.8171,0.1147,0.0004,100.556,0.0081,0.0,1.0056,e93a2b3,,18992fa,2026-09-04T19:21:08+00:00
71216,28.8962,0.1007,0.0073,0.1007,0.0501,-0.0506,50.3184,0.0036,-0.0037,0.5032,0.0389,-0.0619,38.9266,0.0028,-0.0045,0.3893,0.0761,-0.0246,75.4945,0.0055,-0.0018,0.7549,0.1007,0.0,100.0,0.0073,0.0,1.0,0.0471,-0.0536,47.6524,0.0034,-0.0039,0.4765,0.1334,0.0327,132.8789,0.0096,0.0024,1.3288,0.1234,0.0227,122.6152,0.0089,0.0016,1.2262,0.1357,0.035,134.6152,0.0098,0.0025,1.3462,0.1211,0.0204,119.8712,0.0087,0.0015,1.1987,0.0621,-0.0387,62.103,0.0045,-0.0028,0.621,0.1214,0.0207,120.2573,0.0088,0.0015,1.2026,e93a2b3,,18992fa,2026-09-04T19:21:08+00:00
71217,27.597,0.0975,0.0071,0.0975,0.0661,-0.0314,68.1826,0.0048,-0.0023,0.6818,0.0428,-0.0547,44.7436,0.0031,-0.004,0.4474,0.0499,-0.0476,51.7087,0.0036,-0.0035,0.5171,0.1099,0.0124,112.6629,0.008,0.0009,1.1266,0.0586,-0.0389,60.3665,0.0043,-0.0028,0.6037,0.1241,0.0266,128.1669,0.009,0.0019,1.2817,0.1162,0.0187,118.7853,0.0085,0.0014,1.1879,0.128,0.0305,133.0693,0.0093,0.0022,1.3307,0.1052,0.0077,108.5559,0.0077,0.0006,1.0856,0.0741,-0.0234,75.9353,0.0054,-0.0017,0.7594,0.105,0.0075,109.5444,0.0077,0.0006,1.0954,e93a2b3,,18992fa,2026-09-04T19:21:08+00:00
71218,26.1525,0.1001,0.0075,0.1001,0.091,-0.0091,90.3785,0.0068,-0.0007,0.9038,0.048,-0.0521,47.2688,0.0036,-0.0039,0.4727,0.0239,-0.0762,23.2913,0.0018,-0.0057,0.2329,0.1226,0.0225,122.6249,0.0092,0.0017,1.2262,0.0654,-0.0347,65.1936,0.0049,-0.0026,0.6519,0.1059,0.0058,106.2265,0.0079,0.0004,1.0623,0.0893,-0.0108,89.4699,0.0067,-0.0008,0.8947,0.1453,0.0452,145.8976,0.0109,0.0034,1.459,0.1018,0.0017,102.1312,0.0076,0.0001,1.0213,0.1044,0.0043,103.6546,0.0078,0.0003,1.0365,0.1188,0.0187,119.119,0.0089,0.0014,1.1912,e93a2b3,,18992fa,2026-09-04T19:21:08+00:00
71220,26.0557,0.0144,0.0011,0.0144,0.0018,-0.0126,7.05,0.0001,-0.001,0.0705,0.0083,-0.0061,51.8366,0.0006,-0.0005,0.5184,0.0003,-0.0141,1.7602,0.0,-0.0011,0.0176,0.0783,0.0639,804.8582,0.006,0.0049,8.0486,0.0014,-0.013,9.9225,0.0001,-0.001,0.0992,0.023,0.0086,140.0831,0.0018,0.0007,1.4008,0.006,-0.0084,58.2379,0.0005,-0.0006,0.5824,0.0875,0.0731,851.1541,0.0067,0.0056,8.5115,0.114,0.0996,1293.5142,0.0087,0.0076,12.9351,0.0177,0.0033,172.0183,0.0014,0.0003,1.7202,0.1085,0.0941,1249.0087,0.0083,0.0072,12.4901,e93a2b3,,18992fa,2026-09-04T19:21:08+00:00
71221,25.7897,0.0462,0.0035,0.0462,0.0316,-0.0146,69.1933,0.0024,-0.0011,0.6919,0.0206,-0.0256,43.3848,0.0016,-0.0019,0.4338,0.0297,-0.0165,65.6791,0.0022,-0.0012,0.6568,0.0824,0.0362,187.2605,0.0062,0.0027,1.8726,0.0309,-0.0153,69.083,0.0023,-0.0012,0.6908,0.0491,0.0029,105.5512,0.0037,0.0002,1.0555,0.0281,-0.0181,62.2445,0.0021,-0.0014,0.6224,0.1349,0.0887,308.0519,0.0102,0.0067,3.0805,0.0843,0.0381,191.6111,0.0064,0.0029,1.9161,0.0547,0.0085,124.3235,0.0041,0.0006,1.2432,0.1033,0.0571,232.8321,0.0078,0.0043,2.3283,e93a2b3,,18992fa,2026-09-04T19:21:08+00:00
71222,25.8458,0.0424,0.0032,0.0424,0.0174,-0.025,35.2419,0.0013,-0.0019,0.3524,0.0362,-0.0062,66.6438,0.0027,-0.0005,0.6664,0.0247,-0.0178,61.476,0.0019,-0.0013,0.6148,0.0905,0.0481,278.1294,0.0069,0.0037,2.7813,0.0221,-0.0203,56.6013,0.0017,-0.0015,0.566,0.0419,-0.0006,85.9995,0.0032,-0.0001,0.86,0.0182,-0.0243,52.0052,0.0014,-0.0018,0.5201,0.1266,0.0842,514.9885,0.0096,0.0064,5.1499,0.0918,0.0494,431.3158,0.007,0.0038,4.3132,0.0506,0.0082,174.8831,0.0039,0.0007,1.7488,0.0926,0.0502,298.9603,0.007,0.0038,2.9896,e93a2b3,,18992fa,2026-09-04T19:21:08+00:00
71223,25.1498,0.0827,0.0063,0.0827,0.0782,-0.0045,87.9967,0.006,-0.0003,0.88,0.0455,-0.0372,49.3473,0.0035,-0.0028,0.4935,0.0403,-0.0424,44.6755,0.0031,-0.0032,0.4468,0.1095,0.0268,153.543,0.0084,0.0021,1.5354,0.0693,-0.0134,86.1937,0.0053,-0.001,0.8619,0.0802,-0.0025,93.7302,0.0061,-0.0002,0.9373,0.0504,-0.0322,60.1149,0.0039,-0.0025,0.6011,0.1481,0.0654,248.4882,0.0114,0.005,2.4849,0.0849,0.0022,129.7151,0.0065,0.0002,1.2972,0.1015,0.0188,141.2162,0.0078,0.0014,1.4122,0.1158,0.0331,170.3615,0.0089,0.0025,1.7036,e93a2b3,,18992fa,2026-09-04T19:21:08+00:00
71224,24.1944,0.0832,0.0067,0.0832,0.0652,-0.0179,65.1535,0.0052,-0.0015,0.6515,0.0413,-0.0419,43.6825,0.0033,-0.0034,0.4368,0.0406,-0.0426,39.2237,0.0032,-0.0034,0.3922,0.1124,0.0292,155.9812,0.009,0.0023,1.5598,0.1014,0.0182,151.0332,0.0081,0.0015,1.5103,0.0937,0.0105,128.1014,0.0075,0.0009,1.281,0.019,-0.0642,20.014,0.0015,-0.0051,0.2001,0.1539,0.0707,228.394,0.0123,0.0057,2.2839,0.1261,0.0429,201.2068,0.0102,0.0035,2.0121,0.0618,-0.0214,74.8318,0.0049,-0.0017,0.7483,0.0973,0.0142,119.3745,0.0078,0.0011,1.1937,e93a2b3,,18992fa,2026-09-04T19:21:08+00:00
71225,22.0262,0.0075,0.0006,0.0075,0.0006,-0.0069,6.7286,0.0,-0.0005,0.0673,0.0017,-0.0058,21.3307,0.0001,-0.0005,0.2133,0.0005,-0.007,5.6191,0.0,-0.0006,0.0562,0.0146,0.0071,196.4311,0.0012,0.0006,1.9643,0.0194,0.0119,296.2758,0.0015,0.001,2.9628,0.0048,-0.0027,52.1015,0.0004,-0.0002,0.521,0.002,-0.0055,40.7728,0.0002,-0.0004,0.4077,0.1025,0.095,2262.6372,0.0081,0.0075,22.6264,0.0552,0.0477,1314.3584,0.0044,0.0038,13.1436,0.0096,0.0021,165.6093,0.0008,0.0002,1.6561,0.0178,0.0103,301.3849,0.0014,0.0008,3.0138,e93a2b3,,18992fa,2026-09-04T19:21:08+00:00
71226,21.0576,0.0045,0.0004,0.0045,0.0002,-0.0043,2.8177,0.0,-0.0004,0.0282,0.0007,-0.0038,25.5704,0.0001,-0.0003,0.2557,0.0004,-0.0053,8.7715,0.0,-0.0004,0.0877,0.0239,0.0194,761.3421,0.002,0.0016,7.6134,0.0396,0.0351,1405.514,0.0033,0.0029,14.0551,0.0051,0.0006,55.4713,0.0004,0.0,0.5547,0.0006,-0.0039,22.0248,0.0,-0.0003,0.2202,0.0187,0.0142,546.8813,0.0015,0.0012,5.4688,0.1143,0.1098,4714.7412,0.0095,0.0091,47.1474,0.0056,0.0011,151.3645,0.0005,0.0001,1.5136,0.0032,-0.0013,91.6803,0.0003,-0.0001,0.9168,e93a2b3,,18992fa,2026-09-04T19:21:08+00:00
71227,23.4957,0.0028,0.0002,0.0028,0.0001,-0.0027,4.7562,0.0,-0.0002,0.0476,0.0011,-0.0017,35.9615,0.0001,-0.0001,0.3596,0.0013,-0.0015,37.4039,0.0001,-0.0001,0.374,0.0079,0.0051,251.6358,0.0006,0.0004,2.5164,0.0026,-0.0002,92.2993,0.0002,-0.0,0.923,0.0004,-0.0024,13.4889,0.0,-0.0002,0.1349,0.0025,-0.0003,92.2155,0.0002,-0.0,0.9222,0.0548,0.0521,2351.0889,0.0044,0.0042,23.5109,0.0752,0.0724,2846.2629,0.006,0.0058,28.4626,0.0044,0.0016,167.6134,0.0003,0.0001,1.6761,0.0128,0.01,466.4231,0.001,0.0008,4.6642,e93a2b3,,18992fa,2026-09-04T19:21:08+00:00
71228,25.6779,0.0113,0.0009,0.0113,0.0019,-0.0101,4.8883,0.0001,-0.0008,0.0489,0.0068,-0.0045,53.7976,0.0005,-0.0004,0.538,0.0049,-0.0074,22.3367,0.0004,-0.0006,0.2234,0.0562,0.0449,1015.4892,0.0044,0.0035,10.1549,0.0031,-0.0083,13.2781,0.0002,-0.0006,0.1328,0.0101,-0.0013,70.2629,0.0008,-0.0001,0.7026,0.005,-0.0063,108.9695,0.0004,-0.0005,1.0897,0.0574,0.046,694.347,0.0045,0.0036,6.9435,0.0873,0.0759,2108.9368,0.0068,0.0059,21.0894,0.0322,0.0208,380.962,0.0025,0.0016,3.8096,0.0671,0.0557,1367.4274,0.0052,0.0043,13.6743,e93a2b3,,18992fa,2026-09-04T19:21:08+00:00
71229,24.8195,0.0028,0.0002,0.0028,0.0001,-0.003,1.8365,0.0,-0.0002,0.0184,0.0022,-0.0005,83.1063,0.0002,-0.0,0.8311,0.0015,-0.0015,30.0588,0.0001,-0.0001,0.3006,0.031,0.0282,1552.8915,0.0025,0.0023,15.5289,0.0021,-0.0007,50.5212,0.0002,-0.0001,0.5052,0.0023,-0.0004,98.3718,0.0002,-0.0,0.9837,0.0015,-0.0012,76.2588,0.0001,-0.0001,0.7626,0.0086,0.0058,211.5642,0.0007,0.0005,2.1156,0.0762,0.0735,3952.6191,0.0062,0.0059,39.5262,0.004,0.0012,171.8964,0.0003,0.0001,1.719,0.0114,0.0086,373.0115,0.0009,0.0007,3.7301,e93a2b3,,18992fa,2026-09-04T19:21:08+00:00
71230,27.147,0.08,0.0058,0.08,0.0279,-0.0521,32.9943,0.002,-0.0038,0.3299,0.0686,-0.0114,86.6639,0.005,-0.0008,0.8666,0.0557,-0.0243,66.0277,0.004,-0.0018,0.6603,0.1162,0.0362,171.2112,0.0085,0.0027,1.7121,0.0392,-0.0408,48.6639,0.0028,-0.003,0.4866,0.0969,0.0169,137.6629,0.0071,0.0012,1.3766,0.0742,-0.0058,88.0366,0.0054,-0.0004,0.8804,0.1454,0.0654,210.8832,0.0106,0.0048,2.1088,0.1237,0.0437,184.2639,0.009,0.0032,1.8426,0.034,-0.046,43.1885,0.0025,-0.0033,0.4319,0.1141,0.0341,165.8931,0.0083,0.0025,1.6589,e93a2b3,,18992fa,2026-09-04T19:21:08+00:00
71240,26.1864,0.0041,0.0003,0.0041,0.0006,-0.0035,6.924,0.0,-0.0003,0.0692,0.0002,-0.0039,4.0919,0.0,-0.0003,0.0409,0.0,-0.0058,0.0536,0.0,-0.0004,0.0005,0.0489,0.0448,1534.9452,0.0037,0.0034,15.3495,0.0005,-0.0036,8.4943,0.0,-0.0003,0.0849,0.0157,0.0116,375.7986,0.0012,0.0009,3.758,0.0025,-0.0016,99.851,0.0002,-0.0001,0.9985,0.0125,0.0084,310.527,0.0009,0.0006,3.1053,0.0937,0.0896,3558.4053,0.0071,0.0068,35.584,0.0025,-0.0016,63.8801,0.0002,-0.0001,0.6388,0.0143,0.0102,395.2249,0.0011,0.0008,3.9522,e93a2b3,,18992fa,2026-09-04T19:21:08+00:00
71241,26.7,0.0219,0.0016,0.0219,0.0089,-0.0133,24.0015,0.0007,-0.001,0.24,0.0287,0.0068,107.5623,0.0021,0.0005,1.0756,0.0052,-0.0178,10.3688,0.0004,-0.0013,0.1037,0.065,0.0431,634.1163,0.0048,0.0032,6.3412,0.0085,-0.0134,27.1908,0.0006,-0.001,0.2719,0.0631,0.0412,285.6987,0.0047,0.0031,2.857,0.0088,-0.0131,206.6409,0.0007,-0.001,2.0664,0.0941,0.0722,425.8869,0.007,0.0053,4.2589,0.1009,0.079,2366.3984,0.0076,0.0059,23.664,0.0145,-0.0074,90.6064,0.0011,-0.0005,0.9061,0.0285,0.0067,256.5564,0.0021,0.0005,2.5656,e93a2b3,,18992fa,2026-09-04T19:21:08+00:00
71242,26.9849,0.0122,0.0009,0.0122,0.0002,-0.012,0.6821,0.0,-0.0009,0.0068,0.0004,-0.0118,5.5956,0.0,-0.0009,0.056,0.0,-0.0144,0.0743,0.0,-0.0011,0.0007,0.0509,0.0387,727.5855,0.0039,0.0029,7.2759,0.0006,-0.0115,4.0499,0.0,-0.0009,0.0405,0.0208,0.0086,125.2564,0.0016,0.0007,1.2526,0.0035,-0.0087,70.7907,0.0003,-0.0007,0.7079,0.0211,0.0089,171.1392,0.0016,0.0007,1.7114,0.0978,0.0856,1655.1741,0.0074,0.0065,16.5517,0.0135,0.0013,136.6929,0.001,0.0001,1.3669,0.029,0.0168,378.37,0.0022,0.0013,3.7837,e93a2b3,,18992fa,2026-09-04T19:21:08+00:00
71243,26.9749,0.0214,0.0016,0.0214,0.0015,-0.0199,6.4605,0.0001,-0.0015,0.0646,0.0032,-0.0182,15.4417,0.0002,-0.0014,0.1544,0.0,-0.0214,0.0656,0.0,-0.0016,0.0007,0.0667,0.0453,325.8589,0.005,0.0034,3.2586,0.0025,-0.0189,12.6196,0.0002,-0.0014,0.1262,0.0688,0.0474,335.1115,0.0052,0.0036,3.3511,0.002,-0.0194,10.1493,0.0001,-0.0015,0.1015,0.0575,0.0362,275.8521,0.0043,0.0027,2.7585,0.1075,0.0861,528.38,0.0081,0.0065,5.2838,0.0214,0.0,100.0,0.0016,0.0,1.0,0.0373,0.0159,185.2106,0.0028,0.0012,1.8521,e93a2b3,,18992fa,2026-09-04T19:21:08+00:00
71244,25.4438,0.005,0.0004,0.005,0.0011,-0.0039,21.9413,0.0001,-0.0003,0.2194,0.0012,-0.0039,11.4082,0.0001,-0.0003,0.1141,0.0001,-0.005,1.3444,0.0,-0.0004,0.0134,0.048,0.043,1763.5446,0.0036,0.0032,17.6354,0.0014,-0.0036,34.2074,0.0001,-0.0003,0.3421,0.0637,0.0587,2520.5454,0.0048,0.0044,25.2055,0.0016,-0.0034,64.1743,0.0001,-0.0003,0.6417,0.0375,0.0325,1369.1444,0.0028,0.0024,13.6914,0.0628,0.0578,2660.9722,0.0047,0.0043,26.6097,0.0047,-0.0004,87.3809,0.0003,-0.0,0.8738,0.0216,0.0166,892.4458,0.0016,0.0012,8.9245,e93a2b3,,18992fa,2026-09-04T19:21:08+00:00
71245,26.1319,0.0341,0.0025,0.0341,0.0259,-0.0082,62.8696,0.0019,-0.0006,0.6287,0.0532,0.0191,168.137,0.0039,0.0014,1.6814,0.001,-0.0331,2.1883,0.0001,-0.0024,0.0219,0.0845,0.0504,313.8445,0.0062,0.0037,3.1384,0.0093,-0.0247,27.2886,0.0007,-0.0018,0.2729,0.094,0.0599,344.1857,0.0069,0.0044,3.4419,0.0045,-0.0296,12.8363,0.0003,-0.0022,0.1284,0.1135,0.0794,394.8696,0.0084,0.0059,3.9487,0.1108,0.0768,421.0997,0.0082,0.0057,4.211,0.0159,-0.0182,48.5345,0.0012,-0.0013,0.4853,0.0233,-0.0108,86.2923,0.0017,-0.0008,0.8629,e93a2b3,,18992fa,2026-09-04T19:21:08+00:00
71246,25.0574,0.0056,0.0004,0.0056,0.0007,-0.0048,16.1347,0.0001,-0.0004,0.1613,0.0019,-0.0037,20.3394,0.0001,-0.0003,0.2034,0.0003,-0.0053,5.084,0.0,-0.0004,0.0508,0.0685,0.0629,1487.1528,0.005,0.0046,14.8715,0.0044,-0.0012,83.4354,0.0003,-0.0001,0.8344,0.0815,0.0759,1929.4561,0.006,0.0056,19.2946,0.0027,-0.0029,62.5278,0.0002,-0.0002,0.6253,0.1109,0.1053,2535.9077,0.0082,0.0078,25.3591,0.0839,0.0783,1815.7845,0.0062,0.0058,18.1578,0.0023,-0.0033,49.6703,0.0002,-0.0002,0.4967,0.0194,0.0139,449.8159,0.0014,0.001,4.4982,e93a2b3,,18992fa,2026-09-04T19:21:08+00:00
71247,24.6922,0.0081,0.0006,0.0081,0.0026,-0.0055,40.3386,0.0002,-0.0004,0.4034,0.0044,-0.0037,25.1664,0.0003,-0.0003,0.2517,0.0009,-0.0073,9.0022,0.0001,-0.0005,0.09,0.0714,0.0633,1392.4023,0.0052,0.0046,13.924,0.0055,-0.0026,74.422,0.0004,-0.0002,0.7442,0.0811,0.0729,1596.3839,0.0059,0.0053,15.9638,0.0027,-0.0054,44.7274,0.0002,-0.0004,0.4473,0.0759,0.0678,1407.7424,0.0055,0.005,14.0774,0.0485,0.0404,763.1596,0.0035,0.003,7.6316,0.0039,-0.0043,64.1878,0.0003,-0.0003,0.6419,0.0203,0.0121,370.9433,0.0015,0.0009,3.7094,e93a2b3,,18992fa,2026-09-04T19:21:08+00:00
71248,40.5736,0.1311,0.0098,0.1311,0.1243,-0.0068,68.3562,0.0093,-0.0005,0.6836,0.0835,-0.0476,40.2352,0.0063,-0.0036,0.4024,0.1183,-0.0127,92.807,0.0089,-0.001,0.9281,0.1884,0.0573,268.7927,0.0141,0.0043,2.6879,0.1198,-0.0113,62.7189,0.009,-0.0008,0.6272,0.2102,0.0791,308.259,0.0158,0.0059,3.0826,0.132,0.0009,76.1474,0.0099,0.0001,0.7615,0.1518,0.0207,122.8252,0.0114,0.0016,1.2283,0.1409,0.0098,195.1519,0.0106,0.0007,1.9515,0.1034,-0.0277,79.8041,0.0078,-0.0021,0.798,0.1225,-0.0085,125.1931,0.0092,-0.0006,1.2519,e93a2b3,,18992fa,2026-09-04T19:21:08+00:00
71249,43.6539,0.1963,0.0149,0.1963,0.1852,-0.0111,63.3448,0.0141,-0.0008,0.6334,0.1546,-0.0417,45.5032,0.0118,-0.0032,0.455,0.1857,-0.0105,70.9679,0.0141,-0.0008,0.7097,0.2643,0.068,447.322,0.0201,0.0052,4.4732,0.1888,-0.0075,69.5494,0.0144,-0.0006,0.6955,0.2712,0.0749,407.7591,0.0206,0.0057,4.0776,0.2099,0.0136,87.2977,0.016,0.001,0.873,0.2283,0.0321,121.709,0.0174,0.0024,1.2171,0.2104,0.0142,323.1745,0.016,0.0011,3.2317,0.1696,-0.0267,106.0889,0.0129,-0.002,1.0609,0.177,-0.0193,121.6441,0.0135,-0.0015,1.2164,e93a2b3,,18992fa,2026-09-04T19:21:08+00:00
71250,26.7546,0.0066,0.0005,0.0066,0.0006,-0.0073,3.0052,0.0,-0.0005,0.0301,0.0046,-0.002,31.6414,0.0003,-0.0002,0.3164,0.0002,-0.0092,0.5396,0.0,-0.0007,0.0054,0.0364,0.0298,1333.0853,0.0028,0.0023,13.3309,0.0009,-0.0057,11.2869,0.0001,-0.0004,0.1129,0.0179,0.0112,161.0409,0.0013,0.0008,1.6104,0.0061,-0.0006,476.8399,0.0005,-0.0,4.7684,0.027,0.0204,286.8373,0.002,0.0015,2.8684,0.0748,0.0682,4249.3604,0.0057,0.0052,42.4936,0.0046,-0.002,134.2371,0.0004,-0.0001,1.3424,0.0219,0.0153,370.3474,0.0017,0.0012,3.7035,e93a2b3,,18992fa,2026-09-04T19:21:08+00:00
71260,27.2239,0.0102,0.0008,0.0102,0.0058,-0.0047,8.4776,0.0004,-0.0004,0.0848,0.0048,-0.0057,4.6935,0.0004,-0.0004,0.0469,0.0147,-0.0057,13.8666,0.0011,-0.0004,0.1387,0.0594,0.0492,1963.4097,0.0046,0.0038,19.6341,0.0073,-0.0029,18.4131,0.0006,-0.0002,0.1841,0.0346,0.0244,657.3379,0.0026,0.0019,6.5734,0.0102,-0.0,121.9584,0.0008,-0.0,1.2196,0.0115,0.0012,138.5724,0.0009,0.0001,1.3857,0.0451,0.0348,1764.1746,0.0035,0.0027,17.6417,0.0138,0.0036,248.1702,0.0011,0.0003,2.4817,0.0112,0.001,170.2926,0.0009,0.0001,1.7029,e93a2b3,,18992fa,2026-09-04T19:21:08+00:00
71270,29.5135,0.0009,0.0001,0.0009,0.0002,-0.001,15.8774,0.0,-0.0001,0.1588,0.0001,-0.0008,9.5211,0.0,-0.0001,0.0952,0.0,-0.0015,0.1214,0.0,-0.0001,0.0012,0.0119,0.011,1325.9774,0.001,0.0009,13.2598,0.0001,-0.0008,8.9697,0.0,-0.0001,0.0897,0.0026,0.0018,250.9092,0.0002,0.0001,2.5091,0.0037,0.0028,626.2714,0.0003,0.0002,6.2627,0.0003,-0.0006,53.9324,0.0,-0.0,0.5393,0.0129,0.0121,1286.0977,0.001,0.001,12.861,0.0073,0.0064,1158.6722,0.0006,0.0005,11.5867,0.0006,-0.0003,69.2638,0.0,-0.0,0.6926,e93a2b3,,18992fa,2026-09-04T19:21:08+00:00
71280,37.2239,0.0409,0.0033,0.0409,0.0291,-0.0178,17.1346,0.0023,-0.0014,0.1713,0.0354,-0.0055,26.959,0.0029,-0.0004,0.2696,0.0765,0.0071,69.1053,0.0062,0.0006,0.6911,0.0995,0.0586,1549.4331,0.008,0.0047,15.4943,0.0312,-0.0097,38.8867,0.0025,-0.0008,0.3889,0.073,0.0321,394.1966,0.0059,0.0026,3.942,0.0461,0.0052,206.7548,0.0037,0.0004,2.0675,0.0377,-0.0032,38.6538,0.003,-0.0003,0.3865,0.0744,0.0335,510.364,0.006,0.0027,5.1036,0.0527,0.0118,1322.2872,0.0042,0.0009,13.2229,0.0341,-0.0068,82.07,0.0028,-0.0005,0.8207,e93a2b3,,18992fa,2026-09-04T19:21:08+00:00
71290,37.2305,0.0796,0.0062,0.0796,0.0783,-0.0147,33.8164,0.0061,-0.0011,0.3382,0.0613,-0.0183,29.9012,0.0048,-0.0014,0.299,0.1223,-0.0056,59.5226,0.0095,-0.0004,0.5952,0.1381,0.0584,1538.4783,0.0107,0.0046,15.3848,0.0651,-0.0146,39.998,0.0051,-0.0011,0.4,0.1247,0.0451,463.924,0.0097,0.0035,4.6392,0.0915,0.0119,184.0973,0.0071,0.0009,1.841,0.0909,0.0112,81.8553,0.0071,0.0009,0.8186,0.1049,0.0253,661.1157,0.0082,0.002,6.6112,0.0922,0.0126,696.4026,0.0072,0.001,6.964,0.0677,-0.012,103.8666,0.0053,-0.0009,1.0387,e93a2b3,,18992fa,2026-09-04T19:21:08+00:00
71300,34.5142,0.1384,0.0103,0.1384,0.157,0.0185,113.4446,0.0117,0.0014,1.1344,0.073,-0.0654,52.6571,0.0054,-0.0049,0.5266,0.1281,-0.0104,92.4431,0.0095,-0.0008,0.9244,0.1499,0.0114,108.1794,0.0112,0.0009,1.0818,0.1734,0.035,125.2335,0.0129,0.0026,1.2523,0.1274,-0.011,92.021,0.0095,-0.0008,0.9202,0.1338,-0.0047,96.4754,0.01,-0.0003,0.9648,0.1378,-0.0007,99.5256,0.0103,-0.0001,0.9953,0.1823,0.0438,131.7133,0.0136,0.0033,1.3171,0.129,-0.0094,92.9805,0.0096,-0.0007,0.9298,0.1652,0.0267,119.2707,0.0123,0.002,1.1927,e93a2b3,,18992fa,2026-09-04T19:21:08+00:00
71310,37.8184,0.1105,0.0074,0.1105,0.0883,-0.0222,79.925,0.006,-0.0015,0.7993,0.1297,0.0193,117.4424,0.0087,0.0013,1.1744,0.1976,0.0872,178.8642,0.0133,0.0059,1.7886,0.0844,-0.0261,76.3625,0.0057,-0.0018,0.7636,0.1056,-0.0049,95.5867,0.0071,-0.0003,0.9559,0.1105,-0.0,99.9776,0.0074,-0.0,0.9998,0.1476,0.0371,133.5632,0.01,0.0025,1.3356,0.0706,-0.0399,63.9119,0.0048,-0.0027,0.6391,0.1616,0.0511,146.2224,0.0109,0.0034,1.4622,0.1458,0.0354,132.0,0.0098,0.0024,1.32,0.1095,-0.001,99.1356,0.0074,-0.0001,0.9914,e93a2b3,,18992fa,2026-09-04T19:21:08+00:00
71321,36.2026,0.1054,0.0072,0.1054,0.0717,-0.0336,67.8792,0.0049,-0.0023,0.6788,0.1152,0.0098,109.1092,0.0079,0.0007,1.0911,0.1467,0.0413,139.0082,0.01,0.0028,1.3901,0.0817,-0.0237,77.5548,0.0056,-0.0016,0.7755,0.0889,-0.0165,84.1597,0.0061,-0.0011,0.8416,0.108,0.0026,102.6332,0.0074,0.0002,1.0263,0.1333,0.0279,126.6381,0.0091,0.0019,1.2664,0.0748,-0.0305,71.2278,0.0051,-0.0021,0.7123,0.153,0.0476,145.2471,0.0105,0.0033,1.4525,0.1318,0.0264,124.9728,0.009,0.0018,1.2497,0.0945,-0.0109,89.6014,0.0065,-0.0007,0.896,e93a2b3,,18992fa,2026-09-04T19:21:08+00:00
71322,32.326,0.1058,0.0075,0.1058,0.0701,-0.0358,66.2623,0.0049,-0.0025,0.6626,0.0773,-0.0285,73.2301,0.0054,-0.002,0.7323,0.1083,0.0024,102.4429,0.0076,0.0001,1.0244,0.1113,0.0054,105.1878,0.0079,0.0004,1.0519,0.0779,-0.028,73.683,0.0055,-0.002,0.7368,0.1331,0.0273,125.9977,0.0094,0.0019,1.26,0.1584,0.0526,149.7398,0.0112,0.0037,1.4974,0.1101,0.0042,104.101,0.0078,0.0003,1.041,0.1324,0.0266,125.2768,0.0093,0.0019,1.2528,0.109,0.0031,103.0694,0.0077,0.0002,1.0307,0.0986,-0.0072,93.2344,0.007,-0.0005,0.9323,e93a2b3,,18992fa,2026-09-04T19:21:08+00:00
71323,35.1212,0.1114,0.0077,0.1114,0.0811,-0.0303,72.9041,0.0056,-0.0021,0.729,0.1211,0.0097,108.9241,0.0084,0.0007,1.0892,0.126,0.0146,113.2079,0.0087,0.001,1.1321,0.0934,-0.018,83.8719,0.0065,-0.0012,0.8387,0.0941,-0.0173,84.599,0.0065,-0.0012,0.846,0.1136,0.0022,101.8465,0.0079,0.0002,1.0185,0.1437,0.0323,128.966,0.01,0.0022,1.2897,0.0833,-0.0281,74.7271,0.0058,-0.0019,0.7473,0.1436,0.0322,129.115,0.0099,0.0022,1.2912,0.1427,0.0313,128.3624,0.0099,0.0022,1.2836,0.0858,-0.0256,77.1218,0.0059,-0.0018,0.7712,e93a2b3,,18992fa,2026-09-04T19:21:08+00:00
71324,34.1867,0.108,0.0076,0.108,0.0861,-0.0219,79.5641,0.0061,-0.0015,0.7956,0.1175,0.0096,108.9798,0.0083,0.0007,1.0898,0.1125,0.0045,104.1183,0.0079,0.0003,1.0412,0.1089,0.001,100.8105,0.0077,0.0001,1.0081,0.0985,-0.0094,91.2838,0.0069,-0.0007,0.9128,0.1171,0.0091,108.1248,0.0082,0.0007,1.0812,0.1549,0.0469,143.284,0.0109,0.0033,1.4328,0.0883,-0.0197,81.6829,0.0062,-0.0014,0.8168,0.1299,0.022,120.6499,0.0091,0.0015,1.2065,0.1522,0.0443,141.3402,0.0107,0.0031,1.4134,0.0891,-0.0189,82.4164,0.0063,-0.0013,0.8242,e93a2b3,,18992fa,2026-09-04T19:21:08+00:00
71325,33.7647,0.1092,0.0077,0.1092,0.0775,-0.0317,70.992,0.0054,-0.0022,0.7099,0.1121,0.0029,102.6824,0.0079,0.0002,1.0268,0.1096,0.0005,100.4369,0.0077,0.0,1.0044,0.0998,-0.0093,91.4882,0.007,-0.0007,0.9149,0.0918,-0.0174,84.1084,0.0064,-0.0012,0.8411,0.1205,0.0113,110.3373,0.0084,0.0008,1.1034,0.1514,0.0423,138.7393,0.0106,0.003,1.3874,0.0868,-0.0223,79.5536,0.0061,-0.0016,0.7955,0.1326,0.0235,121.5254,0.0093,0.0016,1.2153,0.1403,0.0311,128.6026,0.0098,0.0022,1.286,0.078,-0.0312,71.4205,0.0055,-0.0022,0.7142,e93a2b3,,18992fa,2026-09-04T19:21:08+00:00
71326,32.1076,0.1149,0.0083,0.1149,0.1005,-0.0144,87.2724,0.0072,-0.001,0.8727,0.1048,-0.0101,91.3908,0.0075,-0.0007,0.9139,0.1009,-0.0139,88.1842,0.0073,-0.001,0.8818,0.1311,0.0162,113.9237,0.0094,0.0012,1.1392,0.0954,-0.0195,83.0774,0.0069,-0.0014,0.8308,0.1518,0.037,132.1137,0.0109,0.0027,1.3211,0.1803,0.0654,157.0841,0.013,0.0047,1.5708,0.1122,-0.0027,97.6171,0.0081,-0.0002,0.9762,0.1213,0.0065,105.8347,0.0087,0.0005,1.0583,0.1398,0.025,121.7231,0.0101,0.0018,1.2172,0.0957,-0.0192,83.3457,0.0069,-0.0014,0.8335,e93a2b3,,18992fa,2026-09-04T19:21:08+00:00
71327,31.7337,0.1021,0.0073,0.1021,0.079,-0.023,77.5959,0.0056,-0.0016,0.776,0.0905,-0.0116,88.6026,0.0064,-0.0008,0.886,0.0986,-0.0035,96.9177,0.007,-0.0003,0.9692,0.1077,0.0057,105.6485,0.0077,0.0004,1.0565,0.0823,-0.0198,80.5665,0.0059,-0.0014,0.8057,0.1302,0.0282,127.6918,0.0093,0.002,1.2769,0.1591,0.0571,156.2525,0.0113,0.0041,1.5625,0.098,-0.0041,96.1714,0.007,-0.0003,0.9617,0.1157,0.0136,113.3,0.0082,0.001,1.133,0.1164,0.0143,113.7912,0.0083,0.001,1.1379,0.0856,-0.0164,84.0959,0.0061,-0.0012,0.841,e93a2b3,,18992fa,2026-09-04T19:21:08+00:00
71328,29.9766,0.1057,0.0076,0.1057,0.0826,-0.0231,78.2079,0.006,-0.0017,0.7821,0.0671,-0.0386,63.3358,0.0048,-0.0028,0.6334,0.0795,-0.0262,75.0,0.0057,-0.0019,0.75,0.1343,0.0287,127.5591,0.0097,0.0021,1.2756,0.075,-0.0307,70.9969,0.0054,-0.0022,0.71,0.1534,0.0477,145.3564,0.0111,0.0034,1.4536,0.162,0.0563,153.4305,0.0117,0.0041,1.5343,0.125,0.0194,118.7391,0.009,0.0014,1.1874,0.118,0.0124,111.7838,0.0085,0.0009,1.1178,0.1016,-0.0041,96.1101,0.0073,-0.0003,0.9611,0.1016,-0.0041,96.3351,0.0073,-0.0003,0.9634,e93a2b3,,18992fa,2026-09-04T19:21:08+00:00
71329,29.7038,0.1137,0.0083,0.1137,0.1055,-0.0082,92.5737,0.0077,-0.0006,0.9257,0.0738,-0.0399,64.8822,0.0054,-0.0029,0.6488,0.07,-0.0437,61.3517,0.0051,-0.0032,0.6135,0.1454,0.0317,128.2105,0.0106,0.0023,1.2821,0.0826,-0.031,72.544,0.006,-0.0023,0.7254,0.1468,0.0331,129.062,0.0107,0.0024,1.2906,0.159,0.0453,139.8167,0.0116,0.0033,1.3982,0.1243,0.0106,109.7433,0.0091,0.0008,1.0974,0.1145,0.0008,100.8798,0.0084,0.0001,1.0088,0.1223,0.0086,107.0795,0.0089,0.0006,1.0708,0.1013,-0.0124,89.38,0.0074,-0.0009,0.8938,e93a2b3,,18992fa,2026-09-04T19:21:08+00:00
71330,38.5898,0.1185,0.0081,0.1185,0.1017,-0.0168,85.7192,0.0069,-0.0011,0.8572,0.1425,0.024,120.4189,0.0097,0.0016,1.2042,0.1534,0.0349,129.385,0.0105,0.0024,1.2939,0.1002,-0.0183,84.7055,0.0068,-0.0012,0.8471,0.1171,-0.0014,98.8632,0.008,-0.0001,0.9886,0.1048,-0.0137,88.4962,0.0072,-0.0009,0.885,0.1497,0.0312,126.3385,0.0102,0.0021,1.2634,0.0837,-0.0348,70.5892,0.0057,-0.0024,0.7059,0.1536,0.0351,129.8208,0.0105,0.0024,1.2982,0.1649,0.0464,139.3384,0.0113,0.0032,1.3934,0.1064,-0.012,89.8545,0.0073,-0.0008,0.8985,e93a2b3,,18992fa,2026-09-04T19:21:08+00:00
71341,37.4995,0.1183,0.0082,0.1183,0.0838,-0.0344,70.8891,0.0058,-0.0024,0.7089,0.1167,-0.0016,98.6687,0.0081,-0.0001,0.9867,0.1187,0.0004,100.3254,0.0082,0.0,1.0033,0.119,0.0007,100.6,0.0082,0.0,1.006,0.1183,0.0,100.0,0.0082,0.0,1.0,0.0905,-0.0277,76.5623,0.0063,-0.0019,0.7656,0.1518,0.0336,128.3703,0.0105,0.0023,1.2837,0.0821,-0.0362,69.396,0.0057,-0.0025,0.694,0.1506,0.0323,127.312,0.0104,0.0022,1.2731,0.1606,0.0423,135.761,0.0111,0.0029,1.3576,0.1074,-0.0109,90.7951,0.0074,-0.0008,0.908,e93a2b3,,18992fa,2026-09-04T19:21:08+00:00
71342,36.3912,0.1103,0.0077,0.1103,0.0812,-0.0291,73.5728,0.0057,-0.002,0.7357,0.1143,0.0041,103.6675,0.008,0.0003,1.0367,0.1119,0.0016,101.4028,0.0078,0.0001,1.014,0.1178,0.0075,106.907,0.0082,0.0005,1.0691,0.1072,-0.0031,97.1352,0.0075,-0.0002,0.9714,0.0986,-0.0117,89.6075,0.0069,-0.0008,0.8961,0.1491,0.0389,135.4131,0.0104,0.0027,1.3541,0.0873,-0.023,79.2566,0.0061,-0.0016,0.7926,0.1451,0.0348,131.6416,0.0101,0.0024,1.3164,0.1659,0.0557,150.7073,0.0116,0.0039,1.5071,0.1008,-0.0095,91.383,0.007,-0.0007,0.9138,e93a2b3,,18992fa,2026-09-04T19:21:08+00:00
71343,36.6632,0.126,0.0089,0.126,0.098,-0.0279,77.7014,0.0069,-0.002,0.777,0.1207,-0.0052,95.914,0.0085,-0.0004,0.9591,0.1064,-0.0196,84.7814,0.0075,-0.0014,0.8478,0.1431,0.0171,113.6513,0.0101,0.0012,1.1365,0.1347,0.0087,106.9043,0.0095,0.0006,1.069,0.1178,-0.0082,93.4015,0.0083,-0.0006,0.934,0.1661,0.0401,131.9917,0.0117,0.0028,1.3199,0.0951,-0.0308,75.6439,0.0067,-0.0022,0.7564,0.1601,0.0342,127.4907,0.0113,0.0024,1.2749,0.1798,0.0538,143.3415,0.0126,0.0038,1.4334,0.1254,-0.0006,99.5461,0.0088,-0.0,0.9955,e93a2b3,,18992fa,2026-09-04T19:21:08+00:00
71344,33.3478,0.127,0.0092,0.127,0.105,-0.022,82.8216,0.0076,-0.0016,0.8282,0.0879,-0.0391,69.2927,0.0064,-0.0028,0.6929,0.1005,-0.0265,79.2418,0.0073,-0.0019,0.7924,0.1448,0.0178,114.1761,0.0105,0.0013,1.1418,0.1264,-0.0006,99.4358,0.0091,-0.0,0.9944,0.1372,0.0102,108.2494,0.0099,0.0007,1.0825,0.1649,0.0379,130.0561,0.0119,0.0027,1.3006,0.1031,-0.0239,81.3263,0.0075,-0.0017,0.8133,0.137,0.0099,107.926,0.0099,0.0007,1.0793,0.1809,0.0539,142.6503,0.0131,0.0039,1.4265,0.1259,-0.0011,99.1764,0.0091,-0.0001,0.9918,e93a2b3,,18992fa,2026-09-04T19:21:08+00:00
71345,35.08,0.1136,0.008,0.1136,0.0856,-0.028,75.2965,0.0061,-0.002,0.753,0.0968,-0.0168,85.4439,0.0069,-0.0012,0.8544,0.0941,-0.0195,83.1077,0.0067,-0.0014,0.8311,0.131,0.0174,115.4177,0.0093,0.0012,1.1542,0.1128,-0.0008,99.3221,0.008,-0.0001,0.9932,0.1207,0.0071,106.317,0.0085,0.0005,1.0632,0.1559,0.0423,137.6181,0.011,0.003,1.3762,0.0897,-0.0239,79.2101,0.0064,-0.0017,0.7921,0.1392,0.0256,122.8915,0.0099,0.0018,1.2289,0.1766,0.063,155.8804,0.0125,0.0045,1.5588,0.1112,-0.0024,97.8718,0.0079,-0.0002,0.9787,e93a2b3,,18992fa,2026-09-04T19:21:08+00:00
71346,32.7901,0.1139,0.0082,0.1139,0.0981,-0.0158,85.6077,0.0071,-0.0011,0.8561,0.091,-0.023,80.5983,0.0065,-0.0017,0.806,0.1041,-0.0099,91.6379,0.0075,-0.0007,0.9164,0.1319,0.018,115.7212,0.0095,0.0013,1.1572,0.1004,-0.0135,88.3321,0.0072,-0.001,0.8833,0.1398,0.0259,122.4133,0.0101,0.0019,1.2241,0.1702,0.0563,149.6658,0.0123,0.004,1.4967,0.1026,-0.0113,89.8106,0.0074,-0.0008,0.8981,0.1237,0.0098,109.1131,0.0089,0.0007,1.0911,0.1668,0.0529,146.947,0.012,0.0038,1.4695,0.1055,-0.0084,92.7503,0.0076,-0.0006,0.9275,e93a2b3,,18992fa,2026-09-04T19:21:08+00:00
71347,32.3021,0.1264,0.0092,0.1264,0.1116,-0.0149,88.125,0.0081,-0.0011,0.8813,0.0807,-0.0457,64.0035,0.0059,-0.0033,0.64,0.1058,-0.0207,83.6558,0.0077,-0.0015,0.8366,0.1443,0.0179,114.1717,0.0105,0.0013,1.1417,0.1151,-0.0113,91.0085,0.0084,-0.0008,0.9101,0.1493,0.0228,118.066,0.0109,0.0017,1.1807,0.1672,0.0407,132.4123,0.0122,0.003,1.3241,0.1146,-0.0118,90.5694,0.0084,-0.0009,0.9057,0.1294,0.003,102.5072,0.0094,0.0002,1.0251,0.182,0.0556,144.1465,0.0133,0.004,1.4415,0.122,-0.0044,96.5662,0.0089,-0.0003,0.9657,e93a2b3,,18992fa,2026-09-04T19:21:08+00:00
71348,30.2689,0.1337,0.01,0.1337,0.1408,0.007,105.1973,0.0106,0.0005,1.052,0.0718,-0.062,53.5704,0.0054,-0.0047,0.5357,0.1048,-0.0289,78.2888,0.0079,-0.0022,0.7829,0.1565,0.0227,117.0081,0.0118,0.0017,1.1701,0.1258,-0.0079,94.1598,0.0095,-0.0006,0.9416,0.1512,0.0174,113.2164,0.0114,0.0013,1.1322,0.1222,-0.0115,91.733,0.0092,-0.0009,0.9173,0.1433,0.0096,107.0717,0.0108,0.0007,1.0707,0.1209,-0.0129,90.4296,0.0091,-0.001,0.9043,0.1664,0.0327,124.531,0.0125,0.0025,1.2453,0.1279,-0.0058,95.6015,0.0096,-0.0004,0.956,e93a2b3,,18992fa,2026-09-04T19:21:08+00:00
71349,28.7968,0.1245,0.0093,0.1245,0.1285,0.004,103.0803,0.0096,0.0003,1.0308,0.0652,-0.0593,52.4119,0.0049,-0.0044,0.5241,0.0665,-0.058,53.1251,0.005,-0.0043,0.5313,0.1497,0.0251,120.2299,0.0112,0.0019,1.2023,0.0929,-0.0317,74.4256,0.0069,-0.0024,0.7443,0.1409,0.0164,113.1975,0.0105,0.0012,1.132,0.1274,0.0029,102.7488,0.0095,0.0002,1.0275,0.1398,0.0153,112.31,0.0105,0.0011,1.1231,0.1134,-0.0111,91.2108,0.0085,-0.0008,0.9121,0.1367,0.0121,109.5917,0.0102,0.0009,1.0959,0.1166,-0.0079,93.6356,0.0087,-0.0006,0.9364,e93a2b3,,18992fa,2026-09-04T19:21:08+00:00
71351,37.1653,0.134,0.0094,0.134,0.1031,-0.031,76.8972,0.0072,-0.0022,0.769,0.1148,-0.0192,85.8815,0.008,-0.0013,0.8588,0.1107,-0.0233,82.8757,0.0078,-0.0016,0.8288,0.1468,0.0128,109.5873,0.0103,0.0009,1.0959,0.1405,0.0065,104.8853,0.0098,0.0005,1.0489,0.1129,-0.0211,84.2558,0.0079,-0.0015,0.8426,0.1611,0.0271,120.4408,0.0113,0.0019,1.2044,0.0978,-0.0362,72.8972,0.0069,-0.0025,0.729,0.1767,0.0426,131.8373,0.0124,0.003,1.3184,0.1708,0.0368,127.9204,0.012,0.0026,1.2792,0.1341,0.0,100.0177,0.0094,0.0,1.0002,e93a2b3,,18992fa,2026-09-04T19:21:08+00:00
71352,33.3366,0.14,0.0103,0.14,0.1223,-0.0177,87.5503,0.009,-0.0013,0.8755,0.0868,-0.0532,61.9616,0.0064,-0.0039,0.6196,0.1084,-0.0316,77.6393,0.008,-0.0023,0.7764,0.1572,0.0172,112.3523,0.0115,0.0013,1.1235,0.1504,0.0104,107.3964,0.011,0.0008,1.074,0.1284,-0.0117,92.0539,0.0094,-0.0008,0.9205,0.1501,0.0101,107.2433,0.011,0.0007,1.0724,0.1159,-0.0241,82.9923,0.0085,-0.0018,0.8299,0.1567,0.0167,111.6412,0.0115,0.0012,1.1164,0.164,0.024,117.5183,0.0121,0.0018,1.1752,0.1369,-0.0031,97.7143,0.0101,-0.0002,0.9771,e93a2b3,,18992fa,2026-09-04T19:21:08+00:00
71353,35.7626,0.1325,0.0095,0.1325,0.1085,-0.0241,82.2633,0.0078,-0.0017,0.8226,0.1076,-0.0249,80.8945,0.0077,-0.0018,0.8089,0.1026,-0.0299,77.9581,0.0074,-0.0021,0.7796,0.1484,0.0158,112.1076,0.0107,0.0011,1.1211,0.1603,0.0278,121.7329,0.0115,0.002,1.2173,0.1015,-0.031,76.8589,0.0073,-0.0022,0.7686,0.1477,0.0152,110.9771,0.0106,0.0011,1.1098,0.126,-0.0065,95.7488,0.0091,-0.0005,0.9575,0.2018,0.0693,153.2613,0.0145,0.005,1.5326,0.1274,-0.0051,95.691,0.0092,-0.0004,0.9569,0.1523,0.0197,114.9743,0.0109,0.0014,1.1497,e93a2b3,,18992fa,2026-09-04T19:21:08+00:00
71354,33.752,0.1361,0.01,0.1361,0.1256,-0.0105,92.6076,0.0092,-0.0008,0.9261,0.0897,-0.0464,65.6066,0.0066,-0.0034,0.6561,0.1026,-0.0335,75.6411,0.0075,-0.0025,0.7564,0.1525,0.0163,112.0514,0.0112,0.0012,1.1205,0.1688,0.0327,124.4147,0.0124,0.0024,1.2441,0.11,-0.0261,81.0475,0.0081,-0.0019,0.8105,0.1387,0.0026,101.5936,0.0102,0.0002,1.0159,0.1211,-0.015,89.5789,0.0089,-0.0011,0.8958,0.1745,0.0384,128.7954,0.0128,0.0028,1.288,0.1382,0.0021,101.3878,0.0102,0.0002,1.0139,0.141,0.0049,103.7196,0.0104,0.0004,1.0372,e93a2b3,,18992fa,2026-09-04T19:21:08+00:00
71355,32.411,0.1198,0.0089,0.1198,0.1204,0.0006,100.4797,0.0089,0.0,1.0048,0.0486,-0.0713,40.4704,0.0036,-0.0053,0.4047,0.0958,-0.0241,79.9383,0.0071,-0.0018,0.7994,0.1314,0.0115,109.6323,0.0098,0.0009,1.0963,0.1467,0.0269,122.3922,0.0109,0.002,1.2239,0.1025,-0.0174,85.5492,0.0076,-0.0013,0.8555,0.0979,-0.0219,81.7272,0.0073,-0.0016,0.8173,0.1212,0.0014,101.1719,0.009,0.0001,1.0117,0.1757,0.0558,146.6917,0.0131,0.0041,1.4669,0.1014,-0.0184,84.5455,0.0075,-0.0014,0.8455,0.1229,0.003,102.5785,0.0091,0.0002,1.0258,e93a2b3,,18992fa,2026-09-04T19:21:08+00:00
71356,31.917,0.1358,0.0103,0.1358,0.146,0.0101,107.472,0.011,0.0008,1.0747,0.0827,-0.0531,60.8804,0.0063,-0.004,0.6088,0.1173,-0.0185,86.3105,0.0089,-0.0014,0.8631,0.1536,0.0177,113.0187,0.0116,0.0013,1.1302,0.1587,0.0228,116.9085,0.012,0.0017,1.1691,0.1184,-0.0174,87.2213,0.009,-0.0013,0.8722,0.1066,-0.0293,78.6249,0.008,-0.0022,0.7862,0.1352,-0.0006,99.5848,0.0102,-0.0,0.9958,0.1596,0.0238,117.6979,0.0121,0.0018,1.177,0.1442,0.0083,106.0517,0.0109,0.0006,1.0605,0.1345,-0.0013,99.0616,0.0102,-0.0001,0.9906,e93a2b3,,18992fa,2026-09-04T19:21:08+00:00
71357,31.8898,0.1265,0.0095,0.1265,0.1423,0.0158,112.4802,0.0107,0.0012,1.1248,0.0615,-0.0651,48.5467,0.0046,-0.0049,0.4855,0.1035,-0.0231,81.7633,0.0078,-0.0017,0.8176,0.1452,0.0187,114.782,0.0109,0.0014,1.1478,0.1511,0.0245,119.3999,0.0114,0.0018,1.194,0.1065,-0.02,84.198,0.008,-0.0015,0.842,0.0967,-0.0298,76.4582,0.0073,-0.0022,0.7646,0.1292,0.0027,102.1402,0.0097,0.0002,1.0214,0.1702,0.0437,134.5309,0.0128,0.0033,1.3453,0.1095,-0.017,86.5348,0.0082,-0.0013,0.8653,0.1274,0.0009,100.6846,0.0096,0.0001,1.0068,e93a2b3,,18992fa,2026-09-04T19:21:08+00:00
71358,31.3191,0.1279,0.0097,0.1279,0.1553,0.0274,121.3924,0.0118,0.0021,1.2139,0.0738,-0.0541,57.5921,0.0056,-0.0041,0.5759,0.1157,-0.0122,90.4097,0.0088,-0.0009,0.9041,0.1618,0.0339,126.5039,0.0123,0.0026,1.265,0.1475,0.0196,115.3004,0.0112,0.0015,1.153,0.1191,-0.0088,93.0805,0.0091,-0.0007,0.9308,0.0929,-0.035,72.5992,0.0071,-0.0027,0.726,0.1288,0.0009,100.6801,0.0098,0.0001,1.0068,0.1765,0.0486,138.0219,0.0134,0.0037,1.3802,0.1056,-0.0223,82.5066,0.008,-0.0017,0.8251,0.131,0.0031,102.4562,0.01,0.0002,1.0246,e93a2b3,,18992fa,2026-09-04T19:21:08+00:00
71359,32.2604,0.1242,0.0094,0.1242,0.1568,0.0326,126.2264,0.0118,0.0025,1.2623,0.0595,-0.0647,47.8777,0.0045,-0.0049,0.4788,0.1184,-0.0058,95.3378,0.0089,-0.0004,0.9534,0.1457,0.0215,117.2434,0.011,0.0016,1.1724,0.1397,0.0155,112.5262,0.0106,0.0012,1.1253,0.1169,-0.0073,94.0906,0.0088,-0.0006,0.9409,0.0982,-0.026,79.0437,0.0074,-0.002,0.7904,0.1219,-0.0023,98.1659,0.0092,-0.0002,0.9817,0.1801,0.0559,145.0087,0.0136,0.0042,1.4501,0.102,-0.0223,82.021,0.0077,-0.0017,0.8202,0.1354,0.0112,109.0187,0.0102,0.0008,1.0902,e93a2b3,,18992fa,2026-09-04T19:21:08+00:00
71361,,,,,,,,,,,,,,,,,,,,,,,,,,,,,,,,,,,,,,,,,,,,,,,,,,,,,,,,,,,,,,,,,,,,,,,e93a2b3,,18992fa,2026-09-04T19:21:08+00:00
71362,31.3905,0.1428,0.011,0.1428,0.1757,0.0329,123.2506,0.0135,0.0025,1.2325,0.0743,-0.0684,52.0511,0.0057,-0.0053,0.5205,0.1419,-0.0009,99.3298,0.0109,-0.0001,0.9933,0.1712,0.0284,120.0023,0.0132,0.0022,1.2,0.1414,-0.0014,99.0612,0.0109,-0.0001,0.9906,0.1526,0.0099,106.7361,0.0117,0.0008,1.0674,0.1006,-0.0422,70.5363,0.0077,-0.0032,0.7054,0.132,-0.0108,92.4927,0.0101,-0.0008,0.9249,0.1808,0.038,126.978,0.0139,0.0029,1.2698,0.1052,-0.0375,73.8297,0.0081,-0.0029,0.7383,0.1471,0.0044,103.1576,0.0113,0.0003,1.0316,e93a2b3,,18992fa,2026-09-04T19:21:08+00:00
71363,31.049,0.1389,0.0107,0.1389,0.1744,0.0355,125.7352,0.0134,0.0027,1.2574,0.0771,-0.0618,55.5735,0.0059,-0.0048,0.5557,0.135,-0.0039,97.0813,0.0104,-0.0003,0.9708,0.1767,0.0379,127.5275,0.0136,0.0029,1.2753,0.14,0.0011,100.9356,0.0108,0.0001,1.0094,0.1475,0.0086,105.9392,0.0114,0.0007,1.0594,0.0972,-0.0417,70.0876,0.0075,-0.0032,0.7009,0.1341,-0.0048,96.5728,0.0103,-0.0004,0.9657,0.1832,0.0444,132.3335,0.0141,0.0034,1.3233,0.1008,-0.0381,72.8442,0.0078,-0.0029,0.7284,0.144,0.0052,103.8088,0.0111,0.0004,1.0381,e93a2b3,,18992fa,2026-09-04T19:21:08+00:00
71364,30.8933,0.1496,0.0117,0.1496,0.1866,0.037,124.8707,0.0146,0.0029,1.2487,0.082,-0.0676,54.9022,0.0064,-0.0053,0.549,0.1515,0.0018,101.1758,0.0118,0.0001,1.0118,0.1816,0.032,121.6708,0.0142,0.0025,1.2167,0.1463,-0.0033,97.7859,0.0114,-0.0003,0.9779,0.1737,0.0241,116.0771,0.0136,0.0019,1.1608,0.1016,-0.048,67.8601,0.0079,-0.0037,0.6786,0.1477,-0.0019,98.7901,0.0115,-0.0001,0.9879,0.1867,0.0371,125.063,0.0146,0.0029,1.2506,0.0917,-0.0579,61.3234,0.0072,-0.0045,0.6132,0.1507,0.001,100.7811,0.0118,0.0001,1.0078,e93a2b3,,18992fa,2026-09-04T19:21:08+00:00
71365,30.3749,0.1373,0.0106,0.1373,0.1719,0.0346,125.2389,0.0133,0.0027,1.2524,0.0817,-0.0556,59.5464,0.0063,-0.0043,0.5955,0.1354,-0.0019,98.6236,0.0105,-0.0001,0.9862,0.1841,0.0468,134.2152,0.0143,0.0036,1.3422,0.1366,-0.0007,99.5655,0.0106,-0.0001,0.9957,0.1467,0.0095,106.811,0.0114,0.0007,1.0681,0.0926,-0.0447,67.4412,0.0072,-0.0035,0.6744,0.139,0.0018,101.3256,0.0108,0.0001,1.0133,0.1849,0.0476,134.7939,0.0143,0.0037,1.3479,0.0848,-0.0524,61.8274,0.0066,-0.0041,0.6183,0.1372,-0.0001,99.9399,0.0106,-0.0,0.9994,e93a2b3,,18992fa,2026-09-04T19:21:08+00:00
71366,31.3848,0.1497,0.0119,0.1497,0.1768,0.0271,118.5938,0.014,0.0021,1.1859,0.0865,-0.0632,57.5989,0.0069,-0.005,0.576,0.1377,-0.012,92.2547,0.0109,-0.001,0.9225,0.1805,0.0308,120.956,0.0143,0.0024,1.2096,0.1514,0.0017,101.1257,0.012,0.0001,1.0113,0.1751,0.0254,116.7545,0.0139,0.002,1.1675,0.0992,-0.0505,66.17,0.0079,-0.004,0.6617,0.1599,0.0102,106.9566,0.0127,0.0008,1.0696,0.204,0.0543,136.4924,0.0162,0.0043,1.3649,0.0805,-0.0692,53.9385,0.0064,-0.0055,0.5394,0.1324,-0.0173,88.7094,0.0105,-0.0014,0.8871,e93a2b3,,18992fa,2026-09-04T19:21:08+00:00
71367,31.3521,0.1317,0.0101,0.1317,0.16,0.0282,121.4422,0.0123,0.0022,1.2144,0.0906,-0.0411,68.8005,0.007,-0.0032,0.688,0.1262,-0.0056,95.7488,0.0097,-0.0004,0.9575,0.1694,0.0377,128.6097,0.013,0.0029,1.2861,0.164,0.0322,124.5313,0.0126,0.0025,1.2453,0.127,-0.0047,96.3955,0.0098,-0.0004,0.964,0.0946,-0.0372,71.7576,0.0073,-0.0029,0.7176,0.1388,0.007,105.3491,0.0107,0.0005,1.0535,0.1856,0.0539,140.9548,0.0143,0.0041,1.4095,0.1145,-0.0172,87.0146,0.0088,-0.0013,0.8701,0.1301,-0.0016,98.7978,0.01,-0.0001,0.988,e93a2b3,,18992fa,2026-09-04T19:21:08+00:00
71368,30.771,0.1472,0.0115,0.1472,0.1615,0.0143,109.8965,0.0127,0.0011,1.099,0.0869,-0.0604,59.0899,0.0068,-0.0047,0.5909,0.1411,-0.0061,95.7981,0.0111,-0.0005,0.958,0.1701,0.0228,115.676,0.0133,0.0018,1.1568,0.1542,0.0069,105.0473,0.0121,0.0005,1.0505,0.1286,-0.0187,87.5817,0.0101,-0.0015,0.8758,0.076,-0.0712,51.6363,0.006,-0.0056,0.5164,0.184,0.0368,125.0233,0.0144,0.0029,1.2502,0.1953,0.048,133.0685,0.0153,0.0038,1.3307,0.139,-0.0082,94.0899,0.0109,-0.0006,0.9409,0.1437,-0.0035,97.7962,0.0113,-0.0003,0.978,e93a2b3,,18992fa,2026-09-04T19:21:08+00:00
71369,30.2494,0.1436,0.0111,0.1436,0.1591,0.0156,110.8997,0.0123,0.0012,1.109,0.0886,-0.055,61.7887,0.0069,-0.0043,0.6179,0.1357,-0.0079,94.442,0.0105,-0.0006,0.9444,0.168,0.0244,117.0133,0.013,0.0019,1.1701,0.1529,0.0094,106.4892,0.0118,0.0007,1.0649,0.1234,-0.0202,86.134,0.0095,-0.0016,0.8613,0.0742,-0.0694,51.4722,0.0057,-0.0054,0.5147,0.1728,0.0292,120.8532,0.0134,0.0023,1.2085,0.1601,0.0165,111.0464,0.0124,0.0013,1.1105,0.1534,0.0098,107.1435,0.0119,0.0008,1.0714,0.1399,-0.0037,97.6652,0.0108,-0.0003,0.9767,e93a2b3,,18992fa,2026-09-04T19:21:08+00:00
71370,32.2056,0.1477,0.0113,0.1477,0.1836,0.0359,124.4107,0.0141,0.0027,1.2441,0.0776,-0.0701,52.5038,0.0059,-0.0054,0.525,0.1547,0.007,104.7667,0.0119,0.0005,1.0477,0.1607,0.013,108.812,0.0123,0.001,1.0881,0.1416,-0.0062,95.9317,0.0108,-0.0005,0.9593,0.1638,0.0161,110.8459,0.0126,0.0012,1.1085,0.1057,-0.0421,71.54,0.0081,-0.0032,0.7154,0.1254,-0.0223,84.9723,0.0096,-0.0017,0.8497,0.1806,0.0329,122.4985,0.0138,0.0025,1.225,0.094,-0.0537,63.683,0.0072,-0.0041,0.6368,0.1521,0.0043,103.0101,0.0116,0.0003,1.0301,e93a2b3,,18992fa,2026-09-04T19:21:08+00:00
71381,31.9471,0.1726,0.0135,0.1726,0.2043,0.0317,119.6024,0.016,0.0025,1.196,0.1072,-0.0654,61.0488,0.0084,-0.0051,0.6105,0.1772,0.0046,102.8105,0.0139,0.0004,1.0281,0.1883,0.0157,109.8797,0.0148,0.0012,1.0988,0.164,-0.0086,94.8717,0.0129,-0.0007,0.9487,0.2017,0.029,117.5457,0.0158,0.0023,1.1755,0.1019,-0.0707,60.1024,0.008,-0.0056,0.601,0.1573,-0.0153,90.8731,0.0123,-0.0012,0.9087,0.1876,0.015,109.8868,0.0147,0.0012,1.0989,0.1005,-0.0722,58.1702,0.0079,-0.0057,0.5817,0.1775,0.0049,102.9378,0.0139,0.0004,1.0294,e93a2b3,,18992fa,2026-09-04T19:21:08+00:00
71382,30.366,0.1773,0.0144,0.1773,0.2093,0.0319,119.1128,0.0169,0.0026,1.1911,0.1411,-0.0362,79.8364,0.0114,-0.0029,0.7984,0.1728,-0.0045,97.1473,0.014,-0.0004,0.9715,0.1723,-0.0051,97.2497,0.0139,-0.0004,0.9725,0.2055,0.0282,116.6414,0.0167,0.0023,1.1664,0.2267,0.0494,128.702,0.0184,0.004,1.287,0.0462,-0.1312,25.6787,0.0037,-0.0107,0.2568,0.218,0.0406,124.0649,0.0177,0.0033,1.2406,0.1734,-0.004,98.0174,0.014,-0.0003,0.9802,0.0964,-0.081,53.8299,0.0078,-0.0066,0.5383,0.1939,0.0166,110.2679,0.0157,0.0014,1.1027,e93a2b3,,18992fa,2026-09-04T19:21:08+00:00
71383,30.6774,0.1459,0.0114,0.1459,0.1869,0.041,128.1972,0.0146,0.0032,1.282,0.0818,-0.064,56.0714,0.0064,-0.005,0.5607,0.1504,0.0045,103.192,0.0117,0.0004,1.0319,0.1666,0.0208,114.3773,0.013,0.0016,1.1438,0.1347,-0.0112,92.4175,0.0105,-0.0009,0.9242,0.1872,0.0414,128.5126,0.0146,0.0032,1.2851,0.0916,-0.0542,62.864,0.0071,-0.0042,0.6286,0.1325,-0.0134,90.9548,0.0103,-0.001,0.9095,0.1642,0.0183,112.731,0.0128,0.0014,1.1273,0.0793,-0.0666,54.439,0.0062,-0.0052,0.5444,0.148,0.0021,101.373,0.0115,0.0002,1.0137,e93a2b3,,18992fa,2026-09-04T19:21:08+00:00
71384,31.576,0.1478,0.0119,0.1478,0.1882,0.0404,127.6611,0.0151,0.0032,1.2766,0.0971,-0.0506,65.9416,0.0078,-0.0041,0.6594,0.1345,-0.0132,90.9926,0.0108,-0.0011,0.9099,0.1521,0.0044,103.0268,0.0122,0.0003,1.0303,0.156,0.0082,105.7949,0.0125,0.0007,1.0579,0.2166,0.0688,146.9781,0.0174,0.0055,1.4698,0.0648,-0.0829,43.6709,0.0052,-0.0067,0.4367,0.1586,0.0108,107.5684,0.0127,0.0009,1.0757,0.1803,0.0325,122.0817,0.0145,0.0026,1.2208,0.0477,-0.1,32.1457,0.0038,-0.0081,0.3215,0.1343,-0.0135,90.9864,0.0108,-0.0011,0.9099,e93a2b3,,18992fa,2026-09-04T19:21:08+00:00
71385,31.4005,0.1567,0.0124,0.1567,0.2074,0.0507,132.6081,0.0164,0.004,1.3261,0.0966,-0.0601,61.4473,0.0076,-0.0048,0.6145,0.161,0.0043,102.8415,0.0127,0.0003,1.0284,0.1743,0.0176,111.2852,0.0138,0.0014,1.1129,0.1499,-0.0068,95.523,0.0119,-0.0005,0.9552,0.2064,0.0497,132.0101,0.0163,0.0039,1.3201,0.0897,-0.067,57.1233,0.0071,-0.0053,0.5712,0.1528,-0.0039,97.4124,0.0121,-0.0003,0.9741,0.1818,0.0251,116.0513,0.0144,0.002,1.1605,0.0727,-0.084,46.1968,0.0058,-0.0066,0.462,0.1531,-0.0036,97.883,0.0121,-0.0003,0.9788,e93a2b3,,18992fa,2026-09-04T19:21:08+00:00
71386,31.049,0.1543,0.0126,0.1543,0.1896,0.0354,123.391,0.0154,0.0029,1.2339,0.1139,-0.0403,74.211,0.0093,-0.0033,0.7421,0.1252,-0.0291,81.1706,0.0102,-0.0024,0.8117,0.1482,-0.0061,95.9963,0.0121,-0.0005,0.96,0.1767,0.0224,114.8123,0.0144,0.0018,1.1481,0.2308,0.0765,149.9034,0.0188,0.0063,1.499,0.0331,-0.1212,21.4635,0.0027,-0.0099,0.2146,0.1833,0.0291,119.2242,0.0149,0.0024,1.1922,0.1669,0.0127,108.4358,0.0136,0.001,1.0844,0.0354,-0.1189,22.7923,0.0029,-0.0097,0.2279,0.1538,-0.0005,99.579,0.0125,-0.0,0.9958,e93a2b3,,18992fa,2026-09-04T19:21:08+00:00
71387,32.0094,0.1766,0.0141,0.1766,0.217,0.0404,122.8782,0.0173,0.0032,1.2288,0.1202,-0.0564,68.0881,0.0096,-0.0045,0.6809,0.1709,-0.0057,96.7713,0.0136,-0.0005,0.9677,0.1935,0.0169,109.5953,0.0154,0.0014,1.096,0.1766,0.0,100.0,0.0141,0.0,1.0,0.2177,0.0411,123.284,0.0174,0.0033,1.2328,0.0997,-0.0769,56.4449,0.008,-0.0061,0.5644,0.1799,0.0033,101.8788,0.0144,0.0003,1.0188,0.2033,0.0267,115.114,0.0162,0.0021,1.1511,0.0871,-0.0895,49.3265,0.007,-0.0071,0.4933,0.1589,-0.0177,89.9654,0.0127,-0.0014,0.8997,e93a2b3,,18992fa,2026-09-04T19:21:08+00:00
71388,30.361,0.1603,0.0132,0.1603,0.1963,0.036,122.5626,0.0161,0.003,1.2256,0.1263,-0.0339,78.9221,0.0104,-0.0028,0.7892,0.1262,-0.0341,78.5594,0.0104,-0.0028,0.7856,0.1424,-0.0178,88.7489,0.0117,-0.0015,0.8875,0.2014,0.0411,126.0489,0.0166,0.0034,1.2605,0.2332,0.0729,145.8699,0.0192,0.006,1.4587,0.0195,-0.1407,11.8134,0.0016,-0.0116,0.1181,0.2095,0.0493,131.158,0.0172,0.0041,1.3116,0.1636,0.0034,101.9815,0.0134,0.0003,1.0198,0.0485,-0.1118,30.1387,0.004,-0.0092,0.3014,0.1916,0.0314,119.9942,0.0158,0.0026,1.1999,e93a2b3,,18992fa,2026-09-04T19:21:08+00:00
71389,30.6214,0.1564,0.0129,0.1564,0.1874,0.031,119.8994,0.0154,0.0025,1.199,0.1144,-0.0419,73.258,0.0094,-0.0035,0.7326,0.1146,-0.0418,73.272,0.0094,-0.0034,0.7327,0.1426,-0.0138,91.214,0.0117,-0.0011,0.9121,0.191,0.0346,122.1802,0.0157,0.0029,1.2218,0.2399,0.0836,153.4476,0.0197,0.0069,1.5345,0.0125,-0.1439,7.9791,0.001,-0.0118,0.0798,0.1998,0.0435,127.9044,0.0164,0.0036,1.279,0.1588,0.0024,101.5868,0.0131,0.0002,1.0159,0.0326,-0.1237,20.8482,0.0027,-0.0102,0.2085,0.1804,0.024,115.2853,0.0149,0.002,1.1529,e93a2b3,,18992fa,2026-09-04T19:21:08+00:00
71390,32.6886,0.1497,0.0116,0.1497,0.197,0.0473,131.6269,0.0152,0.0037,1.3163,0.0881,-0.0616,58.8775,0.0068,-0.0048,0.5888,0.1497,0.0,100.0,0.0116,0.0,1.0,0.1597,0.01,106.6759,0.0123,0.0008,1.0668,0.1403,-0.0094,93.7435,0.0108,-0.0007,0.9374,0.1883,0.0386,125.7685,0.0146,0.003,1.2577,0.1063,-0.0434,70.986,0.0082,-0.0034,0.7099,0.1328,-0.0169,88.7205,0.0103,-0.0013,0.8872,0.18,0.0304,120.2812,0.0139,0.0023,1.2028,0.0785,-0.0712,52.4341,0.0061,-0.0055,0.5243,0.1763,0.0267,117.8079,0.0136,0.0021,1.1781,e93a2b3,,18992fa,2026-09-04T19:21:08+00:00
72100,34.8988,0.1852,0.0141,0.1852,0.219,0.0338,118.2635,0.0167,0.0026,1.1826,0.1121,-0.0731,60.5179,0.0085,-0.0056,0.6052,0.1583,-0.0269,85.5051,0.0121,-0.002,0.8551,0.1852,0.0,100.0,0.0141,0.0,1.0,0.1956,0.0104,105.5998,0.0149,0.0008,1.056,0.2165,0.0313,116.9313,0.0165,0.0024,1.1693,0.1498,-0.0354,80.8754,0.0114,-0.0027,0.8088,0.1653,-0.0199,89.2786,0.0126,-0.0015,0.8928,0.1953,0.0101,105.4699,0.0149,0.0008,1.0547,0.1239,-0.0613,66.9097,0.0094,-0.0047,0.6691,0.2005,0.0153,108.2878,0.0153,0.0012,1.0829,e93a2b3,,18992fa,2026-09-04T19:21:08+00:00
72110,31.9356,0.2071,0.0165,0.2071,0.2093,0.0022,101.4612,0.0167,0.0002,1.0146,0.1512,-0.0559,72.7424,0.0121,-0.0044,0.7274,0.2202,0.0131,106.1906,0.0175,0.001,1.0619,0.2123,0.0052,102.6109,0.0169,0.0004,1.0261,0.2199,0.0128,105.8512,0.0175,0.001,1.0585,0.2398,0.0328,115.7703,0.0191,0.0026,1.1577,0.0859,-0.1212,41.9921,0.0068,-0.0097,0.4199,0.2084,0.0013,100.3178,0.0166,0.0001,1.0032,0.2001,-0.007,96.8831,0.0159,-0.0006,0.9688,0.1273,-0.0798,61.2739,0.0101,-0.0064,0.6127,0.2125,0.0054,102.8118,0.0169,0.0004,1.0281,e93a2b3,,18992fa,2026-09-04T19:21:08+00:00
72120,31.0475,0.2357,0.019,0.2357,0.1966,-0.0391,83.722,0.0158,-0.0032,0.8372,0.2017,-0.0339,85.2455,0.0162,-0.0027,0.8525,0.2554,0.0198,108.2957,0.0205,0.0016,1.083,0.2553,0.0196,108.1461,0.0205,0.0016,1.0815,0.283,0.0473,119.988,0.0228,0.0038,1.1999,0.3177,0.0821,134.624,0.0256,0.0066,1.3462,0.1243,-0.1114,52.4822,0.01,-0.009,0.5248,0.2456,0.01,104.2943,0.0198,0.0008,1.0429,0.2334,-0.0023,98.912,0.0188,-0.0002,0.9891,0.157,-0.0786,66.3567,0.0126,-0.0063,0.6636,0.2312,-0.0045,98.1687,0.0186,-0.0004,0.9817,e93a2b3,,18992fa,2026-09-04T19:21:08+00:00
72130,32.599,0.2292,0.0179,0.2292,0.2203,-0.0089,96.3725,0.0172,-0.0007,0.9637,0.1781,-0.0512,77.6446,0.0139,-0.004,0.7764,0.2417,0.0125,105.4121,0.0189,0.001,1.0541,0.2814,0.0522,122.4876,0.022,0.0041,1.2249,0.2646,0.0354,115.3396,0.0207,0.0028,1.1534,0.2617,0.0325,114.0139,0.0205,0.0025,1.1401,0.164,-0.0652,71.7827,0.0128,-0.0051,0.7178,0.2199,-0.0093,96.0267,0.0172,-0.0007,0.9603,0.2406,0.0114,104.8906,0.0188,0.0009,1.0489,0.1796,-0.0496,78.3266,0.0141,-0.0039,0.7833,0.225,-0.0042,98.1552,0.0176,-0.0003,0.9816,e93a2b3,,18992fa,2026-09-04T19:21:08+00:00
72140,34.3156,0.2485,0.0192,0.2485,0.2437,-0.0048,98.0634,0.0188,-0.0004,0.9806,0.2115,-0.037,83.7625,0.0164,-0.0029,0.8376,0.2451,-0.0034,98.8863,0.019,-0.0003,0.9889,0.3165,0.0679,127.6125,0.0245,0.0053,1.2761,0.3014,0.0529,121.1489,0.0233,0.0041,1.2115,0.2677,0.0191,108.4785,0.0207,0.0015,1.0848,0.1997,-0.0488,80.2646,0.0154,-0.0038,0.8026,0.2482,-0.0003,99.6138,0.0192,-0.0,0.9961,0.2502,0.0017,101.5155,0.0193,0.0001,1.0152,0.2384,-0.0101,95.3343,0.0184,-0.0008,0.9533,0.2412,-0.0073,97.1898,0.0187,-0.0006,0.9719,e93a2b3,,18992fa,2026-09-04T19:21:08+00:00
72150,33.2895,0.214,0.0164,0.214,0.236,0.022,110.362,0.0181,0.0017,1.1036,0.1614,-0.0526,75.4036,0.0123,-0.004,0.754,0.209,-0.005,97.6847,0.016,-0.0004,0.9768,0.2585,0.0445,120.8064,0.0198,0.0034,1.2081,0.2507,0.0367,117.191,0.0192,0.0028,1.1719,0.226,0.012,105.6222,0.0173,0.0009,1.0562,0.2009,-0.0131,93.8966,0.0154,-0.001,0.939,0.2031,-0.0109,94.9291,0.0155,-0.0008,0.9493,0.2221,0.0081,103.7935,0.017,0.0006,1.0379,0.1866,-0.0274,87.1401,0.0143,-0.0021,0.8714,0.203,-0.011,94.8796,0.0155,-0.0008,0.9488,e93a2b3,,18992fa,2026-09-04T19:21:08+00:00
72160,35.0836,0.2378,0.018,0.2378,0.2411,0.0033,101.584,0.0182,0.0003,1.0158,0.2139,-0.0239,88.9361,0.0162,-0.0018,0.8894,0.2178,-0.02,91.608,0.0165,-0.0015,0.9161,0.2944,0.0566,123.2699,0.0222,0.0043,1.2327,0.3049,0.0671,127.8754,0.023,0.0051,1.2788,0.2363,-0.0014,99.7207,0.0179,-0.0001,0.9972,0.2409,0.0031,101.6409,0.0182,0.0002,1.0164,0.2354,-0.0024,98.9319,0.0178,-0.0002,0.9893,0.2221,-0.0156,93.801,0.0168,-0.0012,0.938,0.2568,0.019,107.769,0.0194,0.0014,1.0777,0.2206,-0.0172,92.6175,0.0167,-0.0013,0.9262,e93a2b3,,18992fa,2026-09-04T19:21:08+00:00
72170,35.3646,0.2053,0.0153,0.2053,0.224,0.0187,109.0446,0.0167,0.0014,1.0904,0.1612,-0.0441,78.8013,0.012,-0.0033,0.788,0.1713,-0.034,83.6596,0.0127,-0.0025,0.8366,0.242,0.0367,118.0549,0.018,0.0027,1.1805,0.2208,0.0155,107.6873,0.0164,0.0012,1.0769,0.1999,-0.0054,97.2791,0.0149,-0.0004,0.9728,0.2385,0.0332,116.6817,0.0177,0.0025,1.1668,0.1924,-0.0129,93.8591,0.0143,-0.001,0.9386,0.2066,0.0013,100.6312,0.0154,0.0001,1.0063,0.2345,0.0292,114.721,0.0174,0.0022,1.1472,0.1733,-0.032,84.4629,0.0129,-0.0024,0.8446,e93a2b3,,18992fa,2026-09-04T19:21:08+00:00
72180,36.9662,0.2151,0.0158,0.2151,0.2114,-0.0037,98.4807,0.0155,-0.0003,0.9848,0.2101,-0.005,96.7554,0.0154,-0.0004,0.9676,0.189,-0.0262,88.1699,0.0139,-0.0019,0.8817,0.2452,0.0301,113.678,0.018,0.0022,1.1368,0.2652,0.0501,122.5962,0.0195,0.0037,1.226,0.2013,-0.0139,94.1918,0.0148,-0.001,0.9419,0.2479,0.0327,115.7724,0.0182,0.0024,1.1577,0.2123,-0.0029,98.627,0.0156,-0.0002,0.9863,0.1816,-0.0335,85.2386,0.0133,-0.0025,0.8524,0.2695,0.0544,126.121,0.0197,0.004,1.2612,0.2043,-0.0108,94.7471,0.015,-0.0008,0.9475,e93a2b3,,18992fa,2026-09-04T19:21:08+00:00
72190,42.2329,0.1554,0.0107,0.1554,0.1213,-0.0341,77.7843,0.0083,-0.0023,0.7778,0.148,-0.0074,96.0077,0.0102,-0.0005,0.9601,0.1169,-0.0385,75.6915,0.008,-0.0026,0.7569,0.1943,0.0388,125.4952,0.0134,0.0027,1.255,0.1564,0.001,100.594,0.0108,0.0001,1.0059,0.1468,-0.0086,94.1425,0.0101,-0.0006,0.9414,0.182,0.0266,117.5187,0.0125,0.0018,1.1752,0.1572,0.0018,101.0467,0.0108,0.0001,1.0105,0.2004,0.045,129.4496,0.0138,0.0031,1.2945,0.2316,0.0762,149.214,0.0159,0.0052,1.4921,0.1321,-0.0233,85.2205,0.0091,-0.0016,0.8522,e93a2b3,,18992fa,2026-09-04T19:21:08+00:00
72191,37.5342,0.1796,0.0129,0.1796,0.1731,-0.0065,96.2795,0.0125,-0.0005,0.9628,0.1662,-0.0134,92.5897,0.012,-0.001,0.9259,0.1362,-0.0434,75.6944,0.0098,-0.0031,0.7569,0.2159,0.0363,120.2821,0.0155,0.0026,1.2028,0.2016,0.0219,112.3617,0.0145,0.0016,1.1236,0.1712,-0.0084,95.2897,0.0123,-0.0006,0.9529,0.2246,0.045,125.0112,0.0162,0.0032,1.2501,0.1787,-0.001,99.5068,0.0128,-0.0001,0.9951,0.1891,0.0095,105.5646,0.0136,0.0007,1.0556,0.2606,0.081,145.1091,0.0187,0.0058,1.4511,0.1458,-0.0338,81.0484,0.0105,-0.0024,0.8105,e93a2b3,,18992fa,2026-09-04T19:21:08+00:00
72192,39.7106,0.2129,0.0151,0.2129,0.1834,-0.0294,85.6433,0.013,-0.0021,0.8564,0.2291,0.0162,107.4915,0.0162,0.0011,1.0749,0.1908,-0.0221,89.7151,0.0135,-0.0016,0.8972,0.2209,0.008,103.7594,0.0156,0.0006,1.0376,0.22,0.0071,103.4791,0.0156,0.0005,1.0348,0.1764,-0.0365,83.4549,0.0125,-0.0026,0.8345,0.2384,0.0255,111.8318,0.0169,0.0018,1.1183,0.2103,-0.0025,98.9365,0.0149,-0.0002,0.9894,0.1765,-0.0364,83.9115,0.0125,-0.0026,0.8391,0.2848,0.0719,134.7033,0.0202,0.0051,1.347,0.2139,0.0011,100.2469,0.0152,0.0001,1.0025,e93a2b3,,18992fa,2026-09-04T19:21:08+00:00
72193,42.3344,0.2115,0.0148,0.2115,0.1835,-0.028,86.7617,0.0128,-0.002,0.8676,0.2152,0.0037,101.4665,0.015,0.0003,1.0147,0.1475,-0.064,69.5967,0.0103,-0.0045,0.696,0.2578,0.0463,121.7934,0.018,0.0032,1.2179,0.2279,0.0164,107.7922,0.0159,0.0011,1.0779,0.2031,-0.0084,95.9897,0.0142,-0.0006,0.9599,0.2495,0.038,117.79,0.0174,0.0027,1.1779,0.2101,-0.0014,99.3482,0.0147,-0.0001,0.9935,0.2131,0.0016,100.9293,0.0149,0.0001,1.0093,0.3557,0.1442,167.8944,0.0248,0.0101,1.6789,0.1986,-0.0129,93.693,0.0139,-0.0009,0.9369,e93a2b3,,18992fa,2026-09-04T19:21:08+00:00
72194,40.429,0.2088,0.0146,0.2088,0.1595,-0.0492,76.3444,0.0111,-0.0034,0.7634,0.2304,0.0217,110.2959,0.0161,0.0015,1.103,0.2026,-0.0061,97.1368,0.0141,-0.0004,0.9714,0.2125,0.0037,101.8351,0.0148,0.0003,1.0184,0.1985,-0.0102,95.1586,0.0139,-0.0007,0.9516,0.1728,-0.036,82.761,0.0121,-0.0025,0.8276,0.2247,0.0159,107.5556,0.0157,0.0011,1.0756,0.2104,0.0016,100.6982,0.0147,0.0001,1.007,0.1714,-0.0374,82.4141,0.012,-0.0026,0.8241,0.2773,0.0685,133.0449,0.0193,0.0048,1.3304,0.2245,0.0157,107.4199,0.0157,0.0011,1.0742,e93a2b3,,18992fa,2026-09-04T19:21:08+00:00
72195,41.768,0.1947,0.0134,0.1947,0.1491,-0.0456,76.4963,0.0103,-0.0031,0.765,0.2067,0.0121,106.505,0.0142,0.0008,1.0651,0.1921,-0.0025,98.9557,0.0132,-0.0002,0.9896,0.2181,0.0234,111.8386,0.015,0.0016,1.1184,0.1794,-0.0152,92.1592,0.0123,-0.001,0.9216,0.1617,-0.0329,82.5986,0.0111,-0.0023,0.826,0.2174,0.0227,111.1793,0.0149,0.0016,1.1118,0.1848,-0.0099,94.7372,0.0127,-0.0007,0.9474,0.1731,-0.0215,88.9896,0.0119,-0.0015,0.8899,0.2816,0.087,144.0347,0.0194,0.006,1.4403,0.1996,0.0049,102.4483,0.0137,0.0003,1.0245,e93a2b3,,18992fa,2026-09-04T19:21:08+00:00
72196,41.9741,0.1945,0.0133,0.1945,0.134,-0.0605,68.8635,0.0091,-0.0041,0.6886,0.2116,0.0171,108.8782,0.0144,0.0012,1.0888,0.2078,0.0133,106.9337,0.0142,0.0009,1.0693,0.2034,0.0089,104.4611,0.0139,0.0006,1.0446,0.1682,-0.0262,86.5109,0.0115,-0.0018,0.8651,0.1562,-0.0383,80.1876,0.0106,-0.0026,0.8019,0.213,0.0186,109.4203,0.0145,0.0013,1.0942,0.1855,-0.0089,95.4475,0.0126,-0.0006,0.9545,0.1652,-0.0292,84.9805,0.0113,-0.002,0.8498,0.2538,0.0594,130.2914,0.0173,0.004,1.3029,0.2023,0.0079,104.0553,0.0138,0.0005,1.0406,e93a2b3,,18992fa,2026-09-04T19:21:08+00:00
72197,44.7883,0.1716,0.0111,0.1716,0.109,-0.0626,63.3854,0.007,-0.004,0.6339,0.2048,0.0331,119.8078,0.0132,0.0021,1.1981,0.1778,0.0062,103.5779,0.0115,0.0004,1.0358,0.1796,0.0079,104.3527,0.0116,0.0005,1.0435,0.163,-0.0087,95.3384,0.0105,-0.0006,0.9534,0.1414,-0.0303,82.2949,0.0091,-0.002,0.8229,0.1997,0.0281,116.3186,0.0129,0.0018,1.1632,0.1583,-0.0133,92.1777,0.0102,-0.0009,0.9218,0.1484,-0.0233,86.3223,0.0096,-0.0015,0.8632,0.231,0.0594,134.2686,0.0149,0.0038,1.3427,0.1702,-0.0014,99.2761,0.011,-0.0001,0.9928,e93a2b3,,18992fa,2026-09-04T19:21:08+00:00
72198,49.4273,0.173,0.0105,0.173,0.1233,-0.0497,71.1579,0.0075,-0.003,0.7116,0.1897,0.0167,109.9573,0.0115,0.001,1.0996,0.1633,-0.0097,94.507,0.0099,-0.0006,0.9451,0.1749,0.0019,100.9079,0.0106,0.0001,1.0091,0.1836,0.0105,106.087,0.0111,0.0006,1.0609,0.1456,-0.0274,84.2654,0.0088,-0.0017,0.8427,0.2188,0.0458,126.362,0.0133,0.0028,1.2636,0.1265,-0.0465,73.349,0.0077,-0.0028,0.7335,0.1396,-0.0334,80.5297,0.0085,-0.002,0.8053,0.228,0.055,131.9799,0.0139,0.0033,1.3198,0.182,0.009,105.3513,0.0111,0.0006,1.0535,e93a2b3,,18992fa,2026-09-04T19:21:08+00:00
72199,53.6467,0.1705,0.01,0.1705,0.1394,-0.031,81.7654,0.0082,-0.0018,0.8177,0.19,0.0195,111.689,0.0112,0.0011,1.1169,0.1776,0.0071,104.4348,0.0104,0.0004,1.0443,0.1505,-0.0199,88.3437,0.0088,-0.0012,0.8834,0.1921,0.0216,112.7868,0.0113,0.0013,1.1279,0.1483,-0.0222,87.1906,0.0087,-0.0013,0.8719,0.2289,0.0584,134.3015,0.0134,0.0034,1.343,0.1296,-0.0409,76.1278,0.0076,-0.0024,0.7613,0.1417,-0.0287,83.0504,0.0083,-0.0017,0.8305,0.226,0.0556,132.8958,0.0133,0.0033,1.329,0.1747,0.0042,102.4169,0.0103,0.0002,1.0242,e93a2b3,,18992fa,2026-09-04T19:21:08+00:00
72200,57.4564,0.2213,0.0135,0.2213,0.1612,-0.0601,72.6744,0.0098,-0.0037,0.7267,0.2318,0.0105,104.8122,0.0142,0.0006,1.0481,0.1887,-0.0326,85.264,0.0115,-0.002,0.8526,0.2292,0.0079,103.5832,0.014,0.0005,1.0358,0.1836,-0.0377,82.9257,0.0112,-0.0023,0.8293,0.1536,-0.0677,69.1892,0.0094,-0.0041,0.6919,0.2487,0.0275,112.5464,0.0152,0.0017,1.1255,0.1764,-0.0449,79.5919,0.0108,-0.0027,0.7959,0.2213,0.0,100.0,0.0135,0.0,1.0,0.2681,0.0468,121.2355,0.0164,0.0029,1.2124,0.2594,0.0381,117.3206,0.0158,0.0023,1.1732,e93a2b3,,18992fa,2026-09-04T19:21:08+00:00
72210,58.5604,0.1963,0.0117,0.1963,0.1391,-0.0572,70.6624,0.0083,-0.0034,0.7066,0.1964,0.0002,100.2086,0.0118,0.0,1.0021,0.1464,-0.0499,74.7465,0.0088,-0.003,0.7475,0.2404,0.0441,122.1496,0.0144,0.0026,1.2215,0.2007,0.0044,102.176,0.012,0.0002,1.0218,0.1388,-0.0575,70.822,0.0083,-0.0034,0.7082,0.2732,0.0769,139.0751,0.0164,0.0046,1.3908,0.1455,-0.0508,74.2298,0.0087,-0.003,0.7423,0.1928,-0.0035,98.0939,0.0115,-0.0002,0.9809,0.2428,0.0465,123.7971,0.0145,0.0028,1.238,0.2308,0.0345,117.6129,0.0138,0.0021,1.1761,e93a2b3,,18992fa,2026-09-04T19:21:08+00:00
72220,49.9557,0.1828,0.0113,0.1828,0.1041,-0.0787,56.8861,0.0064,-0.0049,0.5689,0.1917,0.0089,105.0229,0.0119,0.0006,1.0502,0.1506,-0.0322,82.5063,0.0093,-0.002,0.8251,0.199,0.0162,108.8565,0.0123,0.001,1.0886,0.1839,0.0011,100.6089,0.0114,0.0001,1.0061,0.1376,-0.0452,75.3346,0.0085,-0.0028,0.7533,0.2288,0.046,124.9663,0.0141,0.0028,1.2497,0.1402,-0.0426,76.8574,0.0087,-0.0026,0.7686,0.151,-0.0318,82.6992,0.0093,-0.002,0.827,0.2266,0.0437,123.8856,0.014,0.0027,1.2389,0.1995,0.0167,109.1862,0.0123,0.001,1.0919,e93a2b3,,18992fa,2026-09-04T19:21:08+00:00
72230,50.4958,0.1785,0.0112,0.1785,0.1026,-0.0759,57.4844,0.0065,-0.0048,0.5748,0.191,0.0125,107.1734,0.012,0.0008,1.0717,0.142,-0.0365,79.835,0.0089,-0.0023,0.7984,0.1984,0.02,111.2464,0.0125,0.0013,1.1125,0.1599,-0.0186,89.728,0.0101,-0.0012,0.8973,0.1172,-0.0613,65.8109,0.0074,-0.0039,0.6581,0.2245,0.046,125.8546,0.0141,0.0029,1.2585,0.1519,-0.0265,85.2976,0.0096,-0.0017,0.853,0.1778,-0.0006,99.6547,0.0112,-0.0,0.9965,0.2057,0.0273,115.4073,0.0129,0.0017,1.1541,0.2141,0.0356,120.0887,0.0135,0.0022,1.2009,e93a2b3,,18992fa,2026-09-04T19:21:08+00:00
72240,44.7824,0.1826,0.012,0.1826,0.0967,-0.0859,52.9877,0.0063,-0.0056,0.5299,0.2097,0.0271,114.9818,0.0137,0.0018,1.1498,0.1893,0.0067,103.3031,0.0124,0.0005,1.033,0.1917,0.0091,105.4218,0.0126,0.0006,1.0542,0.1589,-0.0237,87.3727,0.0104,-0.0016,0.8737,0.1415,-0.0411,77.5463,0.0093,-0.0027,0.7755,0.2012,0.0186,110.7588,0.0132,0.0012,1.1076,0.1697,-0.0129,93.0731,0.0111,-0.0008,0.9307,0.1687,-0.0139,92.6876,0.011,-0.0009,0.9269,0.222,0.0394,121.8906,0.0145,0.0026,1.2189,0.2018,0.0192,110.9893,0.0132,0.0012,1.1099,e93a2b3,,18992fa,2026-09-04T19:21:08+00:00
72250,46.7824,0.1758,0.0114,0.1758,0.1007,-0.075,57.5684,0.0065,-0.0049,0.5757,0.2043,0.0285,116.4224,0.0133,0.0018,1.1642,0.1762,0.0004,100.1853,0.0114,0.0,1.0019,0.1824,0.0066,103.8708,0.0118,0.0004,1.0387,0.1498,-0.026,85.4207,0.0097,-0.0017,0.8542,0.1242,-0.0516,70.659,0.0081,-0.0033,0.7066,0.2052,0.0294,116.9159,0.0133,0.0019,1.1692,0.1665,-0.0092,94.9149,0.0108,-0.0006,0.9491,0.1635,-0.0123,93.2198,0.0106,-0.0008,0.9322,0.1967,0.0209,112.0229,0.0128,0.0014,1.1202,0.2115,0.0357,120.3657,0.0137,0.0023,1.2037,e93a2b3,,18992fa,2026-09-04T19:21:08+00:00
72261,45.5012,0.174,0.0114,0.174,0.1097,-0.0644,63.1099,0.0072,-0.0042,0.6311,0.2159,0.0418,124.1648,0.0142,0.0028,1.2416,0.1948,0.0208,112.1131,0.0128,0.0014,1.1211,0.1712,-0.0029,98.3357,0.0113,-0.0002,0.9834,0.1472,-0.0268,84.6672,0.0097,-0.0018,0.8467,0.1349,-0.0391,77.6226,0.0089,-0.0026,0.7762,0.2063,0.0322,118.6077,0.0136,0.0021,1.1861,0.1694,-0.0046,97.4196,0.0111,-0.0003,0.9742,0.1533,-0.0207,88.1333,0.0101,-0.0014,0.8813,0.1908,0.0168,109.6661,0.0125,0.0011,1.0967,0.2149,0.0408,123.522,0.0141,0.0027,1.2352,e93a2b3,,18992fa,2026-09-04T19:21:08+00:00
72262,43.1015,0.2042,0.0138,0.2042,0.1445,-0.0597,70.0424,0.0098,-0.004,0.7004,0.2372,0.033,116.1365,0.0161,0.0022,1.1614,0.2256,0.0214,111.037,0.0153,0.0014,1.1104,0.2043,0.0001,100.0087,0.0139,0.0,1.0001,0.1737,-0.0305,84.7826,0.0118,-0.0021,0.8478,0.1641,-0.0401,80.3943,0.0111,-0.0027,0.8039,0.2294,0.0251,112.3906,0.0155,0.0017,1.1239,0.1993,-0.0049,97.5553,0.0135,-0.0003,0.9756,0.1572,-0.047,77.334,0.0106,-0.0032,0.7733,0.2409,0.0367,117.773,0.0163,0.0025,1.1777,0.2376,0.0334,116.6452,0.0161,0.0023,1.1665,e93a2b3,,18992fa,2026-09-04T19:21:08+00:00
72263,44.0506,0.1813,0.0121,0.1813,0.1395,-0.0418,76.8218,0.0093,-0.0028,0.7682,0.2402,0.0589,132.4722,0.0161,0.0039,1.3247,0.2088,0.0275,115.1995,0.014,0.0018,1.152,0.172,-0.0093,94.8793,0.0115,-0.0006,0.9488,0.1531,-0.0282,84.4982,0.0102,-0.0019,0.845,0.1503,-0.031,82.9416,0.0101,-0.0021,0.8294,0.2171,0.0358,119.7588,0.0145,0.0024,1.1976,0.1813,0.0,100.0,0.0121,0.0,1.0,0.1425,-0.0388,78.7395,0.0095,-0.0026,0.7874,0.1979,0.0166,109.1965,0.0132,0.0011,1.092,0.2267,0.0454,125.0318,0.0152,0.003,1.2503,e93a2b3,,18992fa,2026-09-04T19:21:08+00:00
72264,44.6315,0.2165,0.0149,0.2165,0.2266,0.0101,104.2255,0.0156,0.0007,1.0423,0.2942,0.0777,136.288,0.0203,0.0053,1.3629,0.2194,0.0029,101.7863,0.0151,0.0002,1.0179,0.2066,-0.0099,95.1106,0.0143,-0.0007,0.9511,0.2046,-0.012,93.9674,0.0141,-0.0008,0.9397,0.1653,-0.0512,76.5515,0.0114,-0.0035,0.7655,0.2803,0.0638,129.0511,0.0193,0.0044,1.2905,0.2097,-0.0068,96.9462,0.0145,-0.0005,0.9695,0.1623,-0.0542,74.8323,0.0112,-0.0037,0.7483,0.242,0.0255,111.6164,0.0167,0.0018,1.1162,0.2369,0.0204,109.8673,0.0163,0.0014,1.0987,e93a2b3,,18992fa,2026-09-04T19:21:08+00:00
72265,43.4625,0.2195,0.0152,0.2195,0.2294,0.01,104.4387,0.0159,0.0007,1.0444,0.2774,0.058,126.6094,0.0192,0.004,1.2661,0.2187,-0.0008,100.0449,0.0152,-0.0001,1.0004,0.2134,-0.0061,97.0807,0.0148,-0.0004,0.9708,0.2002,-0.0193,90.8069,0.0139,-0.0013,0.9081,0.1595,-0.06,72.7631,0.0111,-0.0042,0.7276,0.265,0.0456,120.5732,0.0184,0.0032,1.2057,0.2159,-0.0035,98.3673,0.015,-0.0002,0.9837,0.1504,-0.0691,68.5089,0.0104,-0.0048,0.6851,0.2508,0.0314,114.1471,0.0174,0.0022,1.1415,0.2394,0.0199,109.3238,0.0166,0.0014,1.0932,e93a2b3,,18992fa,2026-09-04T19:21:08+00:00
72266,45.7062,0.2528,0.018,0.2528,0.2367,-0.0161,93.799,0.0168,-0.0012,0.938,0.2923,0.0394,115.6611,0.0208,0.0028,1.1566,0.246,-0.0069,97.254,0.0175,-0.0005,0.9725,0.2559,0.003,101.1889,0.0182,0.0002,1.0119,0.2594,0.0065,102.5135,0.0184,0.0005,1.0251,0.1842,-0.0686,72.8513,0.0131,-0.0049,0.7285,0.3137,0.0609,124.1134,0.0223,0.0043,1.2411,0.2491,-0.0037,98.5262,0.0177,-0.0003,0.9853,0.1857,-0.0671,73.4152,0.0132,-0.0048,0.7342,0.287,0.0342,113.5056,0.0204,0.0024,1.1351,0.2525,-0.0004,99.932,0.0179,-0.0,0.9993,e93a2b3,,18992fa,2026-09-04T19:21:08+00:00
72267,44.5406,0.248,0.0176,0.248,0.2479,-0.0001,100.0848,0.0175,-0.0,1.0008,0.2873,0.0393,115.9365,0.0203,0.0028,1.1594,0.2321,-0.0159,93.6081,0.0164,-0.0011,0.9361,0.2535,0.0055,102.1861,0.018,0.0004,1.0219,0.2443,-0.0038,98.4594,0.0173,-0.0003,0.9846,0.1742,-0.0738,70.2521,0.0123,-0.0052,0.7025,0.2999,0.0518,120.9538,0.0212,0.0037,1.2095,0.2455,-0.0026,98.9705,0.0174,-0.0002,0.9897,0.1697,-0.0784,68.3959,0.012,-0.0055,0.684,0.2857,0.0376,115.1254,0.0202,0.0027,1.1513,0.2533,0.0053,102.1525,0.0179,0.0004,1.0215,e93a2b3,,18992fa,2026-09-04T19:21:08+00:00
72268,44.6017,0.2427,0.0175,0.2427,0.2223,-0.0203,91.8268,0.016,-0.0015,0.9183,0.2695,0.0268,111.0528,0.0194,0.0019,1.1105,0.2349,-0.0078,96.7571,0.0169,-0.0006,0.9676,0.2548,0.0121,105.3187,0.0183,0.0009,1.0532,0.2697,0.027,110.5045,0.0194,0.0019,1.105,0.179,-0.0637,73.5736,0.0129,-0.0046,0.7357,0.2792,0.0365,115.299,0.0201,0.0026,1.153,0.2424,-0.0003,99.8415,0.0175,-0.0,0.9984,0.178,-0.0647,73.1603,0.0128,-0.0047,0.7316,0.2819,0.0392,116.2104,0.0203,0.0028,1.1621,0.2267,-0.016,93.7045,0.0163,-0.0012,0.937,e93a2b3,,18992fa,2026-09-04T19:21:08+00:00
72269,42.2112,0.2485,0.0183,0.2485,0.2383,-0.0102,95.9541,0.0175,-0.0008,0.9595,0.2675,0.019,107.6542,0.0197,0.0014,1.0765,0.2503,0.0018,100.6307,0.0184,0.0001,1.0063,0.2777,0.0291,111.7116,0.0204,0.0021,1.1171,0.3187,0.0701,127.5686,0.0235,0.0052,1.2757,0.204,-0.0445,81.6572,0.015,-0.0033,0.8166,0.2578,0.0093,103.9408,0.019,0.0007,1.0394,0.2381,-0.0104,95.8123,0.0175,-0.0008,0.9581,0.1913,-0.0572,76.663,0.0141,-0.0042,0.7666,0.2747,0.0262,110.7062,0.0202,0.0019,1.1071,0.2383,-0.0102,95.9167,0.0175,-0.0007,0.9592,e93a2b3,,18992fa,2026-09-04T19:21:08+00:00
72270,46.6668,0.2183,0.0147,0.2183,0.2079,-0.0104,94.6837,0.0141,-0.0007,0.9468,0.2998,0.0815,137.8329,0.0202,0.0055,1.3783,0.2204,0.0021,101.5586,0.0149,0.0001,1.0156,0.2076,-0.0107,94.7822,0.014,-0.0007,0.9478,0.2188,0.0005,99.8277,0.0148,0.0,0.9983,0.1651,-0.0532,76.0394,0.0111,-0.0036,0.7604,0.2723,0.054,124.5879,0.0184,0.0037,1.2459,0.2027,-0.0156,93.2936,0.0137,-0.001,0.9329,0.1888,-0.0295,86.4605,0.0127,-0.002,0.8646,0.261,0.0427,119.3098,0.0176,0.0029,1.1931,0.2383,0.02,109.9505,0.016,0.0013,1.0995,e93a2b3,,18992fa,2026-09-04T19:21:08+00:00
72280,50.5043,0.2591,0.0177,0.2591,0.2311,-0.028,90.1682,0.0158,-0.0019,0.9017,0.3184,0.0593,123.4039,0.0217,0.0041,1.234,0.2493,-0.0098,96.8365,0.017,-0.0006,0.9684,0.2705,0.0114,104.8778,0.0185,0.0008,1.0488,0.2909,0.0318,112.188,0.0198,0.0022,1.1219,0.1873,-0.0718,72.4426,0.0128,-0.0049,0.7244,0.334,0.0749,129.2343,0.0228,0.0051,1.2923,0.2173,-0.0418,84.4218,0.0148,-0.0028,0.8442,0.2323,-0.0268,89.259,0.0158,-0.0019,0.8926,0.3111,0.052,119.5135,0.0211,0.0035,1.1951,0.2638,0.0047,101.1439,0.0179,0.0003,1.0114,e93a2b3,,18992fa,2026-09-04T19:21:08+00:00
72290,59.9785,0.4245,0.0271,0.4245,0.2933,-0.1312,69.4787,0.0187,-0.0084,0.6948,0.4488,0.0242,106.5675,0.0286,0.0015,1.0657,0.3664,-0.0581,86.533,0.0233,-0.0037,0.8653,0.4452,0.0207,104.1685,0.0284,0.0013,1.0417,0.4791,0.0545,113.3264,0.0305,0.0035,1.1333,0.2883,-0.1362,68.6859,0.0184,-0.0087,0.6869,0.517,0.0924,122.3577,0.033,0.0059,1.2236,0.2877,-0.1369,68.6258,0.0183,-0.0087,0.6863,0.3912,-0.0334,92.4359,0.0249,-0.0021,0.9244,0.454,0.0295,108.2827,0.0289,0.0019,1.0828,0.487,0.0625,115.826,0.031,0.004,1.1583,e93a2b3,,18992fa,2026-09-04T19:21:08+00:00
72301,34.1164,0.3004,0.0247,0.3004,0.415,0.1145,142.9204,0.0341,0.0094,1.4292,0.2626,-0.0379,88.4491,0.0216,-0.0031,0.8845,0.4176,0.1172,143.027,0.0343,0.0096,1.4303,0.2956,-0.0049,98.559,0.0243,-0.0004,0.9856,0.3942,0.0938,133.6371,0.0324,0.0077,1.3364,0.3834,0.083,131.7692,0.0315,0.0068,1.3177,0.2094,-0.091,70.9123,0.0172,-0.0075,0.7091,0.374,0.0735,125.4634,0.0307,0.006,1.2546,0.2437,-0.0568,79.7977,0.02,-0.0047,0.798,0.1859,-0.1146,62.1196,0.0153,-0.0094,0.6212,0.114,-0.1864,36.9896,0.0094,-0.0153,0.3699,e93a2b3,,18992fa,2026-09-04T19:21:08+00:00
72302,37.9799,0.3587,0.029,0.3587,0.4107,0.052,114.9829,0.0332,0.0042,1.1498,0.2228,-0.1359,61.5466,0.018,-0.011,0.6155,0.4084,0.0497,115.0063,0.0331,0.004,1.1501,0.3089,-0.0498,85.4774,0.025,-0.004,0.8548,0.3728,0.0141,104.2118,0.0302,0.0011,1.0421,0.379,0.0203,105.6412,0.0307,0.0017,1.0564,0.1896,-0.1691,52.6899,0.0153,-0.0137,0.5269,0.3931,0.0344,108.4695,0.0318,0.0028,1.0847,0.4059,0.0472,113.1012,0.0328,0.0038,1.131,0.2145,-0.1442,59.8525,0.0174,-0.0117,0.5985,0.1653,-0.1934,44.8842,0.0134,-0.0157,0.4488,e93a2b3,,18992fa,2026-09-04T19:21:08+00:00
72303,40.1214,0.3354,0.0266,0.3354,0.3717,0.0363,113.9483,0.0295,0.0029,1.1395,0.2031,-0.1323,59.1771,0.0161,-0.0105,0.5918,0.4229,0.0875,135.9981,0.0335,0.0069,1.36,0.3336,-0.0017,99.4049,0.0264,-0.0002,0.994,0.3801,0.0447,115.0642,0.0301,0.0035,1.1506,0.3556,0.0203,110.0028,0.0282,0.0016,1.1,0.2024,-0.133,64.2659,0.016,-0.0106,0.6427,0.4402,0.1048,130.8668,0.0348,0.0082,1.3087,0.3564,0.021,108.7145,0.0283,0.0017,1.0871,0.2084,-0.1269,63.4089,0.0165,-0.01,0.6341,0.1691,-0.1663,47.4828,0.0134,-0.0132,0.4748,e93a2b3,,18992fa,2026-09-04T19:21:08+00:00
72304,35.6766,0.2421,0.0198,0.2421,0.3006,0.0586,127.7737,0.0246,0.0048,1.2777,0.1487,-0.0934,59.3594,0.0122,-0.0076,0.5936,0.3763,0.1342,166.0272,0.0307,0.011,1.6603,0.2045,-0.0376,84.9418,0.0167,-0.0031,0.8494,0.2891,0.047,121.3204,0.0236,0.0038,1.2132,0.3229,0.0808,140.9795,0.0264,0.0066,1.4098,0.1739,-0.0682,75.0874,0.0142,-0.0056,0.7509,0.246,0.004,100.582,0.0201,0.0003,1.0058,0.297,0.0549,126.5367,0.0243,0.0045,1.2654,0.1569,-0.0852,67.1077,0.0128,-0.007,0.6711,0.0831,-0.159,31.0027,0.0068,-0.013,0.31,e93a2b3,,18992fa,2026-09-04T19:21:08+00:00
72305,33.8936,0.1429,0.0116,0.1429,0.2117,0.0688,152.8507,0.0171,0.0056,1.5285,0.0746,-0.0683,53.9693,0.006,-0.0055,0.5397,0.326,0.1832,232.618,0.0264,0.0148,2.3262,0.1122,-0.0306,80.2616,0.0091,-0.0025,0.8026,0.1442,0.0013,98.5331,0.0117,0.0001,0.9853,0.279,0.1362,200.4568,0.0226,0.011,2.0046,0.1683,0.0254,120.9956,0.0136,0.0021,1.21,0.1293,-0.0135,89.6884,0.0105,-0.0011,0.8969,0.1565,0.0136,108.9937,0.0127,0.0011,1.0899,0.1125,-0.0304,76.3784,0.0091,-0.0025,0.7638,0.0302,-0.1127,22.1959,0.0024,-0.0091,0.222,e93a2b3,,18992fa,2026-09-04T19:21:08+00:00
72306,34.4624,0.1476,0.012,0.1476,0.2271,0.0795,155.1419,0.0185,0.0065,1.5514,0.0762,-0.0714,51.593,0.0062,-0.0058,0.5159,0.3423,0.1948,233.7567,0.028,0.0159,2.3376,0.11,-0.0376,74.7801,0.009,-0.0031,0.7478,0.1716,0.024,116.4273,0.014,0.002,1.1643,0.2984,0.1508,203.9589,0.0244,0.0123,2.0396,0.1454,-0.0021,99.0553,0.0119,-0.0002,0.9906,0.1285,-0.0191,86.6122,0.0105,-0.0016,0.8661,0.1743,0.0267,118.2868,0.0142,0.0022,1.1829,0.1289,-0.0187,87.2136,0.0105,-0.0015,0.8721,0.0231,-0.1245,15.6658,0.0019,-0.0102,0.1567,e93a2b3,,18992fa,2026-09-04T19:21:08+00:00
72307,27.2065,0.0858,0.0071,0.0858,0.1919,0.1062,536.1779,0.0159,0.0088,5.3618,0.0503,-0.0355,52.1831,0.0041,-0.0029,0.5218,0.2567,0.1709,429.1271,0.0212,0.0141,4.2913,0.0573,-0.0284,61.9696,0.0047,-0.0023,0.6197,0.0906,0.0048,91.2792,0.0075,0.0004,0.9128,0.3009,0.2151,1097.8053,0.0249,0.0179,10.9781,0.0693,-0.0165,85.1161,0.0057,-0.0014,0.8512,0.0592,-0.0266,79.3374,0.0049,-0.0022,0.7934,0.1335,0.0477,334.8168,0.011,0.004,3.3482,0.0895,0.0037,97.7789,0.0074,0.0003,0.9778,0.0125,-0.0733,22.9896,0.001,-0.006,0.2299,e93a2b3,,18992fa,2026-09-04T19:21:08+00:00
72308,31.4806,0.187,0.0154,0.187,0.2798,0.0928,155.6683,0.0231,0.0077,1.5567,0.1343,-0.0527,73.579,0.0111,-0.0043,0.7358,0.3519,0.1649,195.3464,0.029,0.0136,1.9535,0.1674,-0.0196,90.7238,0.0138,-0.0016,0.9072,0.2433,0.0564,132.6407,0.0201,0.0046,1.3264,0.3082,0.1212,172.3394,0.0254,0.01,1.7234,0.1561,-0.0309,84.0587,0.0129,-0.0025,0.8406,0.2044,0.0175,110.1167,0.0168,0.0014,1.1012,0.1919,0.0049,101.5542,0.0158,0.0004,1.0155,0.1424,-0.0446,77.4792,0.0117,-0.0037,0.7748,0.0517,-0.1353,26.9277,0.0043,-0.0111,0.2693,e93a2b3,,18992fa,2026-09-04T19:21:08+00:00
72309,28.2713,0.2164,0.0179,0.2164,0.3386,0.1222,163.6693,0.0281,0.0101,1.6367,0.1829,-0.0335,84.527,0.0152,-0.0028,0.8453,0.3887,0.1723,187.6297,0.0322,0.0143,1.8763,0.213,-0.0034,97.8835,0.0177,-0.0003,0.9788,0.3069,0.0906,142.2007,0.0254,0.0075,1.422,0.3523,0.136,173.9818,0.0292,0.0113,1.7398,0.1765,-0.0399,82.9084,0.0146,-0.0033,0.8291,0.247,0.0306,113.2119,0.0205,0.0025,1.1321,0.1729,-0.0435,80.2942,0.0143,-0.0036,0.8029,0.1489,-0.0675,69.3376,0.0123,-0.0056,0.6934,0.0721,-0.1442,31.5816,0.006,-0.012,0.3158,e93a2b3,,18992fa,2026-09-04T19:21:08+00:00
72311,61.7484,0.3299,0.0217,0.3299,0.2484,-0.0815,76.3137,0.0164,-0.0053,0.7631,0.3418,0.0119,103.8114,0.0225,0.0008,1.0381,0.2864,-0.0436,87.7353,0.0189,-0.0028,0.8774,0.3685,0.0386,110.8803,0.0242,0.0025,1.1088,0.3643,0.0344,110.2668,0.0239,0.0023,1.1027,0.2329,-0.097,71.287,0.0153,-0.0063,0.7129,0.3986,0.0687,120.6306,0.0262,0.0045,1.2063,0.23,-0.0999,71.0718,0.0152,-0.0065,0.7107,0.3108,-0.0191,94.2314,0.0204,-0.0013,0.9423,0.3479,0.0179,106.0279,0.0229,0.0012,1.0603,0.3744,0.0444,113.3865,0.0246,0.0029,1.1339,e93a2b3,,18992fa,2026-09-04T19:21:08+00:00
72312,51.7793,0.2628,0.0181,0.2628,0.2281,-0.0346,86.8922,0.0157,-0.0024,0.8689,0.2939,0.0312,112.1581,0.0203,0.0021,1.1216,0.2683,0.0056,102.1191,0.0185,0.0004,1.0212,0.2813,0.0186,106.7108,0.0194,0.0013,1.0671,0.3052,0.0424,115.7114,0.021,0.0029,1.1571,0.1912,-0.0716,72.4691,0.0132,-0.0049,0.7247,0.3318,0.069,125.9886,0.0229,0.0048,1.2599,0.2259,-0.0369,85.7435,0.0156,-0.0025,0.8574,0.2216,-0.0412,84.3182,0.0153,-0.0028,0.8432,0.2727,0.01,104.1726,0.0188,0.0007,1.0417,0.2652,0.0024,100.4247,0.0183,0.0002,1.0042,e93a2b3,,18992fa,2026-09-04T19:21:08+00:00
72313,54.0076,0.2697,0.0186,0.2697,0.2274,-0.0423,84.3491,0.0157,-0.0029,0.8435,0.2871,0.0173,106.5076,0.0198,0.0012,1.0651,0.2756,0.0058,102.2034,0.019,0.0004,1.022,0.3638,0.094,134.8476,0.0251,0.0065,1.3485,0.4395,0.1698,163.1717,0.0303,0.0117,1.6317,0.2517,-0.0181,93.3359,0.0173,-0.0012,0.9334,0.3728,0.103,138.1379,0.0257,0.0071,1.3814,0.262,-0.0077,97.0975,0.0181,-0.0005,0.971,0.2284,-0.0413,84.646,0.0157,-0.0028,0.8465,0.2626,-0.0071,97.4073,0.0181,-0.0005,0.9741,0.3031,0.0334,112.1556,0.0209,0.0023,1.1216,e93a2b3,,18992fa,2026-09-04T19:21:08+00:00
72314,54.6164,0.2832,0.0197,0.2832,0.2466,-0.0366,87.1801,0.0172,-0.0025,0.8718,0.3064,0.0232,108.8037,0.0213,0.0016,1.088,0.2871,0.0039,101.3555,0.02,0.0003,1.0136,0.3363,0.0532,118.5942,0.0234,0.0037,1.1859,0.3639,0.0808,128.174,0.0253,0.0056,1.2817,0.2313,-0.0518,81.3922,0.0161,-0.0036,0.8139,0.3813,0.0981,134.5359,0.0265,0.0068,1.3454,0.2602,-0.023,91.7243,0.0181,-0.0016,0.9172,0.2377,-0.0455,83.8653,0.0165,-0.0032,0.8387,0.2585,-0.0247,91.5793,0.018,-0.0017,0.9158,0.3135,0.0304,110.1202,0.0218,0.0021,1.1012,e93a2b3,,18992fa,2026-09-04T19:21:08+00:00
72315,56.6866,0.3067,0.0214,0.3067,0.2752,-0.0315,89.8709,0.0192,-0.0022,0.8987,0.3221,0.0153,105.1388,0.0225,0.0011,1.0514,0.3045,-0.0022,99.2468,0.0213,-0.0002,0.9925,0.3992,0.0924,130.1288,0.0279,0.0065,1.3013,0.4799,0.1732,156.9339,0.0335,0.0121,1.5693,0.2928,-0.014,95.5281,0.0205,-0.001,0.9553,0.4271,0.1204,139.2717,0.0298,0.0084,1.3927,0.3052,-0.0015,99.5555,0.0213,-0.0001,0.9956,0.2648,-0.042,86.0982,0.0185,-0.0029,0.861,0.2759,-0.0309,89.9281,0.0193,-0.0022,0.8993,0.3277,0.021,106.2326,0.0229,0.0015,1.0623,e93a2b3,,18992fa,2026-09-04T19:21:08+00:00
72316,54.6741,0.3018,0.0213,0.3018,0.2853,-0.0166,94.4041,0.0202,-0.0012,0.944,0.314,0.0121,104.6779,0.0222,0.0009,1.0468,0.3029,0.0011,100.4055,0.0214,0.0001,1.0041,0.3711,0.0693,123.0244,0.0262,0.0049,1.2302,0.4128,0.111,136.5028,0.0292,0.0079,1.365,0.2624,-0.0395,86.7449,0.0185,-0.0028,0.8674,0.4363,0.1345,144.31,0.0308,0.0095,1.4431,0.2992,-0.0026,99.0211,0.0212,-0.0002,0.9902,0.2655,-0.0363,87.8881,0.0188,-0.0026,0.8789,0.2637,-0.0381,87.7163,0.0186,-0.0027,0.8772,0.3053,0.0034,101.0094,0.0216,0.0002,1.0101,e93a2b3,,18992fa,2026-09-04T19:21:08+00:00
72317,53.2136,0.3117,0.0221,0.3117,0.3083,-0.0034,98.8705,0.0219,-0.0002,0.9887,0.3208,0.0091,102.9864,0.0228,0.0006,1.0299,0.2928,-0.0189,93.8623,0.0208,-0.0013,0.9386,0.4036,0.0919,129.5629,0.0286,0.0065,1.2956,0.5182,0.2065,166.4095,0.0368,0.0147,1.6641,0.3095,-0.0022,99.3108,0.022,-0.0002,0.9931,0.4302,0.1185,137.9144,0.0305,0.0084,1.3791,0.3235,0.0118,103.7885,0.023,0.0008,1.0379,0.2398,-0.0719,76.8476,0.017,-0.0051,0.7685,0.2429,-0.0688,77.8818,0.0172,-0.0049,0.7788,0.2422,-0.0695,77.5529,0.0172,-0.0049,0.7755,e93a2b3,,18992fa,2026-09-04T19:21:08+00:00
72318,49.6283,0.2789,0.0199,0.2789,0.2716,-0.0074,97.2656,0.0194,-0.0005,0.9727,0.3006,0.0217,108.4417,0.0215,0.0015,1.0844,0.2832,0.0043,101.7322,0.0202,0.0003,1.0173,0.3438,0.0649,123.2808,0.0246,0.0046,1.2328,0.3862,0.1073,137.633,0.0276,0.0077,1.3763,0.2416,-0.0373,86.1806,0.0173,-0.0027,0.8618,0.4023,0.1234,144.2872,0.0288,0.0088,1.4429,0.2807,0.0018,100.5265,0.0201,0.0001,1.0053,0.2359,-0.043,84.7435,0.0169,-0.0031,0.8474,0.2415,-0.0374,87.2065,0.0173,-0.0027,0.8721,0.2402,-0.0388,86.2408,0.0172,-0.0028,0.8624,e93a2b3,,18992fa,2026-09-04T19:21:08+00:00
72319,52.4652,0.3635,0.0261,0.3635,0.3738,0.0103,103.4261,0.0269,0.0007,1.0343,0.3572,-0.0063,98.3598,0.0256,-0.0005,0.9836,0.3053,-0.0582,84.141,0.0219,-0.0042,0.8414,0.4418,0.0782,121.8833,0.0317,0.0056,1.2188,0.5758,0.2123,158.6199,0.0413,0.0152,1.5862,0.3736,0.0101,102.4277,0.0268,0.0007,1.0243,0.4475,0.084,123.0509,0.0321,0.006,1.2305,0.3809,0.0174,105.0232,0.0274,0.0013,1.0502,0.2453,-0.1182,67.1222,0.0176,-0.0085,0.6712,0.241,-0.1225,65.6319,0.0173,-0.0088,0.6563,0.2492,-0.1143,67.9696,0.0179,-0.0082,0.6797,e93a2b3,,18992fa,2026-09-04T19:21:08+00:00
72320,48.6905,0.3142,0.0228,0.3142,0.3184,0.0042,101.3891,0.0232,0.0003,1.0139,0.3048,-0.0095,97.1488,0.0222,-0.0007,0.9715,0.3081,-0.0062,98.1016,0.0224,-0.0005,0.981,0.3805,0.0663,121.2307,0.0277,0.0048,1.2123,0.4746,0.1604,151.1039,0.0345,0.0117,1.511,0.3106,-0.0036,98.7249,0.0226,-0.0003,0.9872,0.4231,0.1089,134.7887,0.0308,0.0079,1.3479,0.3213,0.0071,102.2422,0.0234,0.0005,1.0224,0.2377,-0.0765,75.7401,0.0173,-0.0056,0.7574,0.2058,-0.1084,65.613,0.015,-0.0079,0.6561,0.241,-0.0733,76.5591,0.0175,-0.0053,0.7656,e93a2b3,,18992fa,2026-09-04T19:21:08+00:00
72330,46.0738,0.3295,0.0243,0.3295,0.3444,0.0148,104.5435,0.0254,0.0011,1.0454,0.3082,-0.0214,93.6143,0.0227,-0.0016,0.9361,0.3041,-0.0255,92.2737,0.0224,-0.0019,0.9227,0.3917,0.0621,118.898,0.0288,0.0046,1.189,0.4809,0.1513,145.9388,0.0354,0.0111,1.4594,0.3267,-0.0029,99.1132,0.0241,-0.0002,0.9911,0.4227,0.0931,128.2624,0.0311,0.0069,1.2826,0.3477,0.0182,105.4987,0.0256,0.0013,1.055,0.2299,-0.0997,69.7871,0.0169,-0.0073,0.6979,0.1981,-0.1314,60.1158,0.0146,-0.0097,0.6012,0.238,-0.0916,72.1428,0.0175,-0.0067,0.7214,e93a2b3,,18992fa,2026-09-04T19:21:08+00:00
72340,44.1612,0.2639,0.0195,0.2639,0.2624,-0.0015,98.7112,0.0194,-0.0001,0.9871,0.2779,0.014,106.2527,0.0205,0.001,1.0625,0.2599,-0.004,99.3249,0.0192,-0.0003,0.9932,0.3117,0.0478,117.8767,0.023,0.0035,1.1788,0.3651,0.1012,137.7751,0.027,0.0075,1.3778,0.2514,-0.0125,94.6172,0.0186,-0.0009,0.9462,0.3062,0.0423,116.672,0.0226,0.0031,1.1667,0.2591,-0.0048,97.2647,0.0191,-0.0003,0.9726,0.2143,-0.0496,81.6707,0.0158,-0.0037,0.8167,0.2123,-0.0516,82.0902,0.0156,-0.0038,0.8209,0.231,-0.0329,88.7941,0.017,-0.0024,0.8879,e93a2b3,,18992fa,2026-09-04T19:21:08+00:00
72350,46.8552,0.3735,0.028,0.3735,0.418,0.0445,113.0592,0.0314,0.0034,1.1306,0.3091,-0.0644,82.9443,0.0232,-0.0048,0.8294,0.3487,-0.0247,95.6031,0.0262,-0.0018,0.956,0.4227,0.0492,114.9791,0.0317,0.0037,1.1498,0.4982,0.1248,133.7435,0.0373,0.0093,1.3374,0.3741,0.0006,99.8146,0.028,0.0,0.9981,0.3903,0.0168,103.9632,0.0292,0.0012,1.0396,0.4697,0.0963,128.1576,0.0353,0.0073,1.2816,0.259,-0.1145,69.6569,0.0194,-0.0086,0.6966,0.2009,-0.1726,53.5826,0.0151,-0.0129,0.5358,0.3091,-0.0644,82.9393,0.0232,-0.0048,0.8294,e93a2b3,,18992fa,2026-09-04T19:21:08+00:00
72360,43.9574,0.33,0.0251,0.33,0.4024,0.0724,121.9839,0.0306,0.0055,1.2198,0.3171,-0.0129,96.0477,0.0241,-0.001,0.9605,0.2968,-0.0332,90.5382,0.0226,-0.0025,0.9054,0.4236,0.0936,128.6942,0.0322,0.0071,1.2869,0.4356,0.1056,132.3021,0.0331,0.008,1.323,0.3271,-0.0029,99.1421,0.0249,-0.0002,0.9914,0.3685,0.0385,111.5592,0.028,0.0029,1.1156,0.4151,0.0851,126.1216,0.0316,0.0065,1.2612,0.2483,-0.0817,75.2938,0.0189,-0.0062,0.7529,0.2297,-0.1003,69.653,0.0175,-0.0076,0.6965,0.2697,-0.0603,81.8219,0.0205,-0.0046,0.8182,e93a2b3,,18992fa,2026-09-04T19:21:08+00:00
72370,38.1878,0.2901,0.0226,0.2901,0.3735,0.0835,129.7373,0.0291,0.0065,1.2974,0.2693,-0.0207,92.1201,0.021,-0.0016,0.9212,0.3477,0.0576,123.8551,0.0272,0.0045,1.2386,0.3983,0.1082,138.363,0.0311,0.0085,1.3836,0.3747,0.0846,131.0036,0.0292,0.0066,1.31,0.2815,-0.0085,97.5534,0.022,-0.0007,0.9755,0.2576,-0.0324,86.5228,0.0201,-0.0026,0.8652,0.4076,0.1175,143.8997,0.0318,0.0092,1.439,0.2134,-0.0766,72.7192,0.0166,-0.006,0.7272,0.2037,-0.0864,69.9543,0.0159,-0.0067,0.6995,0.253,-0.0371,86.481,0.0197,-0.0029,0.8648,e93a2b3,,18992fa,2026-09-04T19:21:08+00:00
72380,43.1588,0.3199,0.0245,0.3199,0.3737,0.0538,116.8445,0.0286,0.0041,1.1684,0.3166,-0.0033,98.7551,0.0242,-0.0003,0.9876,0.295,-0.0249,92.658,0.0226,-0.0019,0.9266,0.4171,0.0972,130.2965,0.0319,0.0075,1.303,0.4133,0.0934,129.6023,0.0316,0.0071,1.296,0.2963,-0.0236,92.9405,0.0227,-0.0018,0.9294,0.3526,0.0327,110.1197,0.027,0.0025,1.1012,0.3924,0.0726,122.8803,0.0301,0.0056,1.2288,0.2695,-0.0504,84.1261,0.0206,-0.0039,0.8413,0.2507,-0.0692,78.1169,0.0192,-0.0053,0.7812,0.2773,-0.0426,86.6181,0.0212,-0.0033,0.8662,e93a2b3,,18992fa,2026-09-04T19:21:08+00:00
72390,41.145,0.307,0.0239,0.307,0.3416,0.0346,111.5824,0.0266,0.0027,1.1158,0.2909,-0.0161,93.3219,0.0226,-0.0013,0.9332,0.3079,0.0009,102.1637,0.024,0.0001,1.0216,0.3891,0.0821,127.1074,0.0303,0.0064,1.2711,0.3829,0.0759,125.6143,0.0298,0.0059,1.2561,0.2806,-0.0264,92.3643,0.0218,-0.002,0.9236,0.2915,-0.0155,93.8052,0.0226,-0.0013,0.9381,0.3593,0.0523,118.168,0.028,0.0041,1.1817,0.2802,-0.0268,90.4619,0.0218,-0.0021,0.9046,0.2286,-0.0784,73.2113,0.0177,-0.0061,0.7321,0.2523,-0.0547,81.1726,0.0196,-0.0043,0.8117,e93a2b3,,18992fa,2026-09-04T19:21:08+00:00
72401,39.9236,0.3152,0.0247,0.3152,0.3315,0.0164,105.0358,0.026,0.0013,1.0504,0.3367,0.0215,105.5736,0.0264,0.0017,1.0557,0.3071,-0.008,98.8721,0.0241,-0.0006,0.9887,0.3964,0.0812,127.205,0.0311,0.0064,1.2721,0.3837,0.0685,122.7507,0.0301,0.0054,1.2275,0.2963,-0.0189,94.9888,0.0232,-0.0015,0.9499,0.3083,-0.0069,97.2881,0.0241,-0.0005,0.9729,0.3519,0.0367,112.6323,0.0276,0.0029,1.1263,0.2935,-0.0217,92.9253,0.023,-0.0017,0.9293,0.2303,-0.0849,71.7572,0.018,-0.0067,0.7176,0.2566,-0.0585,80.8169,0.0201,-0.0046,0.8082,e93a2b3,,18992fa,2026-09-04T19:21:08+00:00
72402,40.8828,0.2713,0.0208,0.2713,0.2766,0.0053,102.019,0.0212,0.0004,1.0202,0.3039,0.0326,112.0634,0.0233,0.0025,1.1206,0.2672,-0.004,98.7106,0.0205,-0.0003,0.9871,0.3223,0.051,119.2002,0.0247,0.0039,1.192,0.3741,0.1028,138.9152,0.0287,0.0079,1.3892,0.2891,0.0179,106.9468,0.0222,0.0014,1.0695,0.2568,-0.0145,94.3927,0.0197,-0.0011,0.9439,0.2738,0.0025,100.6647,0.021,0.0002,1.0066,0.2489,-0.0223,91.6356,0.0191,-0.0017,0.9164,0.2322,-0.0391,85.561,0.0178,-0.003,0.8556,0.2364,-0.0348,87.3959,0.0181,-0.0027,0.874,e93a2b3,,18992fa,2026-09-04T19:21:08+00:00
72403,39.58,0.2892,0.0228,0.2892,0.2716,-0.0176,93.8965,0.0213,-0.0014,0.939,0.3016,0.0124,104.1707,0.0237,0.0009,1.0417,0.3123,0.0231,108.6197,0.0246,0.0019,1.0862,0.3475,0.0583,120.8229,0.0274,0.0046,1.2082,0.3936,0.1044,136.4534,0.031,0.0082,1.3645,0.2943,0.0052,102.3387,0.0231,0.0004,1.0234,0.2327,-0.0565,80.3553,0.0183,-0.0045,0.8036,0.3287,0.0395,114.0263,0.0259,0.0031,1.1403,0.2841,-0.0051,98.3442,0.0224,-0.0004,0.9834,0.2448,-0.0444,84.0612,0.0192,-0.0035,0.8406,0.273,-0.0162,94.0233,0.0215,-0.0013,0.9402,e93a2b3,,18992fa,2026-09-04T19:21:08+00:00
72404,38.7822,0.2678,0.0206,0.2678,0.2632,-0.0046,98.3871,0.0203,-0.0004,0.9839,0.3049,0.0372,113.8867,0.0235,0.0029,1.1389,0.2622,-0.0056,97.8372,0.0202,-0.0004,0.9784,0.3088,0.0411,115.449,0.0238,0.0032,1.1545,0.3643,0.0965,136.0302,0.0281,0.0074,1.3603,0.2674,-0.0004,99.8171,0.0206,-0.0,0.9982,0.2269,-0.0409,84.7026,0.0174,-0.0032,0.847,0.2804,0.0126,104.6136,0.0216,0.001,1.0461,0.2476,-0.0201,92.4901,0.0191,-0.0015,0.9249,0.2591,-0.0086,96.7647,0.0199,-0.0007,0.9676,0.2607,-0.0071,97.3823,0.0201,-0.0006,0.9738,e93a2b3,,18992fa,2026-09-04T19:21:08+00:00
72405,37.6333,0.2674,0.0209,0.2674,0.2512,-0.0163,93.8677,0.0196,-0.0013,0.9387,0.2913,0.0239,108.6873,0.0227,0.0019,1.0869,0.2763,0.0089,103.4403,0.0216,0.0007,1.0344,0.2984,0.0309,111.6411,0.0233,0.0024,1.1164,0.35,0.0826,130.9012,0.0273,0.0065,1.309,0.2629,-0.0045,98.3235,0.0205,-0.0003,0.9832,0.178,-0.0894,66.4082,0.0139,-0.007,0.6641,0.2842,0.0168,106.3886,0.0222,0.0013,1.0639,0.2533,-0.0141,94.89,0.0198,-0.0011,0.9489,0.2371,-0.0303,88.5817,0.0185,-0.0024,0.8858,0.2664,-0.001,99.5201,0.0208,-0.0001,0.9952,e93a2b3,,18992fa,2026-09-04T19:21:08+00:00
72406,36.0959,0.2971,0.0237,0.2971,0.2522,-0.0449,84.8556,0.0201,-0.0036,0.8486,0.3094,0.0123,104.0199,0.0247,0.001,1.0402,0.3168,0.0197,107.0855,0.0253,0.0016,1.0709,0.3205,0.0234,108.0236,0.0256,0.0019,1.0802,0.36,0.0629,121.3142,0.0288,0.005,1.2131,0.2994,0.0023,100.62,0.0239,0.0002,1.0062,0.1473,-0.1498,49.357,0.0117,-0.012,0.4936,0.3322,0.0351,111.9746,0.0266,0.0028,1.1197,0.2787,-0.0184,94.0064,0.0223,-0.0015,0.9401,0.2127,-0.0844,71.4223,0.017,-0.0068,0.7142,0.2616,-0.0355,88.0857,0.0209,-0.0029,0.8809,e93a2b3,,18992fa,2026-09-04T19:21:08+00:00
72407,36.8863,0.2921,0.0238,0.2921,0.2055,-0.0866,70.0276,0.0167,-0.0071,0.7003,0.3008,0.0087,102.9466,0.0245,0.0007,1.0295,0.3569,0.0647,122.7148,0.0291,0.0053,1.2271,0.3134,0.0213,107.3946,0.0255,0.0017,1.0739,0.3553,0.0632,121.9529,0.0289,0.0051,1.2195,0.2866,-0.0055,98.1534,0.0234,-0.0004,0.9815,0.0946,-0.1976,32.0432,0.0077,-0.0161,0.3204,0.3226,0.0304,110.6755,0.0263,0.0025,1.1068,0.2814,-0.0107,96.2113,0.0229,-0.0009,0.9621,0.1671,-0.1251,56.9192,0.0136,-0.0102,0.5692,0.2162,-0.076,73.5404,0.0176,-0.0062,0.7354,e93a2b3,,18992fa,2026-09-04T19:21:08+00:00
72408,33.0307,0.2802,0.0224,0.2802,0.2224,-0.0578,79.0305,0.0177,-0.0047,0.7903,0.2924,0.0122,105.2369,0.0234,0.001,1.0524,0.3053,0.0251,109.8366,0.0245,0.002,1.0984,0.3046,0.0244,108.5507,0.0243,0.0019,1.0855,0.3282,0.048,117.6441,0.0263,0.0038,1.1764,0.3229,0.0427,116.0299,0.0259,0.0034,1.1603,0.1325,-0.1478,46.3428,0.0105,-0.0119,0.4634,0.3026,0.0224,108.263,0.0242,0.0018,1.0826,0.2612,-0.019,93.2056,0.0209,-0.0015,0.9321,0.1895,-0.0907,66.2944,0.0151,-0.0074,0.6629,0.238,-0.0422,84.496,0.019,-0.0034,0.845,e93a2b3,,18992fa,2026-09-04T19:21:08+00:00
72409,33.8016,0.3174,0.0265,0.3174,0.2233,-0.0941,70.7679,0.0187,-0.0078,0.7077,0.3565,0.039,112.5198,0.0298,0.0033,1.1252,0.4133,0.0959,131.922,0.0345,0.008,1.3192,0.3052,-0.0122,96.4934,0.0255,-0.001,0.9649,0.4127,0.0952,131.2227,0.0345,0.008,1.3122,0.3568,0.0393,112.5201,0.0298,0.0033,1.1252,0.1208,-0.1966,36.6294,0.0101,-0.0164,0.3663,0.3624,0.0449,114.2725,0.0303,0.0038,1.1427,0.3124,-0.005,98.2865,0.0261,-0.0004,0.9829,0.1675,-0.1499,51.3664,0.014,-0.0125,0.5137,0.2037,-0.1138,62.7546,0.017,-0.0095,0.6275,e93a2b3,,18992fa,2026-09-04T19:21:08+00:00
72510,26.583,0.2049,0.0173,0.2049,0.1911,-0.0137,108.9593,0.0162,-0.0011,1.0896,0.1478,-0.0571,57.5022,0.0124,-0.0049,0.575,0.2751,0.0703,144.5082,0.0233,0.006,1.4451,0.2137,0.0088,112.6155,0.0181,0.0008,1.1262,0.2942,0.0894,161.4321,0.0249,0.0076,1.6143,0.2292,0.0243,109.4422,0.0194,0.002,1.0944,0.0434,-0.1614,15.8952,0.0037,-0.0137,0.159,0.2101,0.0052,95.5622,0.0177,0.0004,0.9556,0.2401,0.0352,135.0692,0.0204,0.003,1.3507,0.0756,-0.1293,29.8063,0.0064,-0.011,0.2981,0.0856,-0.1193,31.62,0.0072,-0.0101,0.3162,e93a2b3,,18992fa,2026-09-04T19:21:08+00:00
72520,30.3863,0.2526,0.021,0.2526,0.1651,-0.0875,65.8859,0.0137,-0.0073,0.6589,0.2856,0.033,112.8989,0.0237,0.0027,1.129,0.3025,0.0499,120.3301,0.0251,0.0042,1.2033,0.2278,-0.0248,90.4726,0.0189,-0.0021,0.9047,0.3166,0.064,126.1796,0.0263,0.0053,1.2618,0.3131,0.0605,124.2368,0.026,0.005,1.2424,0.0683,-0.1843,27.0263,0.0056,-0.0153,0.2703,0.2759,0.0233,109.015,0.0229,0.0019,1.0902,0.258,0.0054,102.608,0.0214,0.0005,1.0261,0.1035,-0.1491,40.8843,0.0086,-0.0124,0.4088,0.169,-0.0836,66.6091,0.014,-0.007,0.6661,e93a2b3,,18992fa,2026-09-04T19:21:08+00:00
72530,23.0873,0.0468,0.004,0.0468,0.123,0.0762,1594.0225,0.0107,0.0067,15.9402,0.0225,-0.0243,17.787,0.0019,-0.0021,0.1779,0.0988,0.0519,1035.1908,0.0086,0.0045,10.3519,0.0706,0.0237,312.3141,0.0061,0.0021,3.1231,0.1358,0.0889,912.5173,0.0118,0.0077,9.1252,0.0517,0.0049,79.6456,0.0045,0.0004,0.7965,0.0069,-0.0399,44.3605,0.0006,-0.0034,0.4436,0.0311,-0.0157,41.9843,0.0027,-0.0014,0.4198,0.1342,0.0874,1480.9301,0.0117,0.0076,14.8093,0.0119,-0.0349,35.844,0.001,-0.003,0.3584,0.0165,-0.0304,32.9165,0.0014,-0.0026,0.3292,e93a2b3,,18992fa,2026-09-04T19:21:08+00:00
72541,23.452,0.1008,0.0086,0.1008,0.1011,0.0003,602.7317,0.0087,0.0001,6.0273,0.103,0.0022,67.5097,0.0088,0.0002,0.6751,0.1568,0.056,599.9651,0.0134,0.0048,5.9997,0.0958,-0.005,110.0687,0.0082,-0.0004,1.1007,0.1987,0.0979,696.1985,0.017,0.0084,6.962,0.1177,0.0169,92.5435,0.0101,0.0014,0.9254,0.0155,-0.0853,17.5901,0.0013,-0.0073,0.1759,0.0945,-0.0063,80.8913,0.0081,-0.0005,0.8089,0.2006,0.0998,1269.4186,0.0172,0.0086,12.6942,0.0157,-0.0851,9.5127,0.0013,-0.0073,0.0951,0.0553,-0.0455,65.7526,0.0047,-0.0039,0.6575,e93a2b3,,18992fa,2026-09-04T19:21:08+00:00
72542,26.9961,0.2031,0.0171,0.2031,0.1493,-0.0539,79.661,0.0126,-0.0045,0.7966,0.2272,0.024,114.4477,0.0192,0.002,1.1445,0.2436,0.0405,129.3309,0.0206,0.0035,1.2933,0.1778,-0.0253,89.8537,0.015,-0.0021,0.8985,0.2951,0.092,160.7769,0.025,0.0078,1.6078,0.2467,0.0435,124.4778,0.0208,0.0037,1.2448,0.0323,-0.1708,13.0436,0.0027,-0.0144,0.1304,0.2054,0.0023,97.7963,0.0173,0.0002,0.978,0.259,0.0559,143.4971,0.0219,0.0048,1.435,0.0426,-0.1605,16.3459,0.0036,-0.0136,0.1635,0.1302,-0.0729,61.3347,0.011,-0.0062,0.6133,e93a2b3,,18992fa,2026-09-04T19:21:08+00:00
72543,21.8664,0.0399,0.0034,0.0399,0.0837,0.0438,344.0161,0.0072,0.0038,3.4402,0.0282,-0.0117,67.1523,0.0024,-0.001,0.6715,0.1311,0.0913,501.7502,0.0113,0.0079,5.0175,0.0411,0.0012,113.0977,0.0036,0.0001,1.131,0.1552,0.1153,570.2337,0.0134,0.01,5.7023,0.0503,0.0104,114.9294,0.0043,0.0009,1.1493,0.001,-0.0389,3.4407,0.0001,-0.0034,0.0344,0.0208,-0.019,52.2389,0.0018,-0.0016,0.5224,0.1807,0.1408,750.9988,0.0156,0.0122,7.51,0.0004,-0.0395,1.2479,0.0,-0.0034,0.0125,0.0111,-0.0288,34.8116,0.001,-0.0025,0.3481,e93a2b3,,18992fa,2026-09-04T19:21:08+00:00
72544,27.5851,0.1986,0.0167,0.1986,0.1441,-0.0544,82.0466,0.0121,-0.0045,0.8205,0.2181,0.0196,111.137,0.0183,0.0017,1.1114,0.2405,0.0419,133.7829,0.0202,0.0036,1.3378,0.1729,-0.0257,87.3698,0.0145,-0.0022,0.8737,0.2699,0.0713,155.771,0.0227,0.0061,1.5577,0.2506,0.052,129.0418,0.0211,0.0044,1.2904,0.0509,-0.1476,21.4212,0.0043,-0.0124,0.2142,0.1998,0.0013,93.6364,0.0168,0.0001,0.9364,0.2487,0.0501,146.3412,0.021,0.0043,1.4634,0.0509,-0.1477,20.3724,0.0042,-0.0124,0.2037,0.1395,-0.059,64.6938,0.0117,-0.005,0.6469,e93a2b3,,18992fa,2026-09-04T19:21:08+00:00
72545,21.5998,0.011,0.001,0.011,0.0512,0.0402,749.6837,0.0045,0.0035,7.4968,0.0041,-0.0068,17.1433,0.0004,-0.0006,0.1714,0.0489,0.038,575.5204,0.0043,0.0033,5.7552,0.0127,0.0018,123.8096,0.0011,0.0002,1.2381,0.0623,0.0513,694.413,0.0054,0.0045,6.9441,0.0115,0.0006,58.2075,0.001,0.0,0.5821,0.0008,-0.0102,13.1362,0.0001,-0.0009,0.1314,0.0046,-0.0063,42.116,0.0004,-0.0006,0.4212,0.1253,0.1143,1743.7657,0.0109,0.01,17.4377,0.0004,-0.0106,5.5743,0.0,-0.0009,0.0557,0.0075,-0.0034,92.5718,0.0007,-0.0003,0.9257,e93a2b3,,18992fa,2026-09-04T19:21:08+00:00
72546,25.5998,0.0558,0.0048,0.0558,0.086,0.0302,212.7739,0.0075,0.0026,2.1277,0.0456,-0.0101,63.7749,0.004,-0.0009,0.6377,0.12,0.0643,298.2428,0.0104,0.0056,2.9824,0.0424,-0.0134,82.3558,0.0037,-0.0012,0.8236,0.1872,0.1315,462.2506,0.0163,0.0114,4.6225,0.0838,0.028,183.8247,0.0073,0.0024,1.8382,0.0155,-0.0403,17.7632,0.0013,-0.0035,0.1776,0.0376,-0.0182,66.3952,0.0033,-0.0016,0.664,0.2103,0.1545,570.3526,0.0183,0.0134,5.7035,0.0016,-0.0542,2.9864,0.0001,-0.0047,0.0299,0.0463,-0.0094,82.493,0.004,-0.0008,0.8249,e93a2b3,,18992fa,2026-09-04T19:21:08+00:00
72547,26.3936,0.1349,0.0115,0.1349,0.1269,-0.008,113.4167,0.0108,-0.0007,1.1342,0.1543,0.0194,113.3149,0.0131,0.0017,1.1331,0.1797,0.0448,162.6438,0.0153,0.0038,1.6264,0.1145,-0.0204,81.7227,0.0097,-0.0017,0.8172,0.2501,0.1152,230.8863,0.0213,0.0098,2.3089,0.1695,0.0346,138.3696,0.0144,0.0029,1.3837,0.0399,-0.095,25.5777,0.0034,-0.0081,0.2558,0.1166,-0.0182,76.756,0.0099,-0.0016,0.7676,0.2202,0.0853,226.1152,0.0188,0.0073,2.2612,0.0064,-0.1285,3.7534,0.0005,-0.0109,0.0375,0.1086,-0.0263,76.0599,0.0092,-0.0022,0.7606,e93a2b3,,18992fa,2026-09-04T19:21:08+00:00
72548,28.9608,0.1667,0.0139,0.1667,0.1799,0.0132,108.3554,0.015,0.0011,1.0836,0.1656,-0.0011,99.1571,0.0139,-0.0001,0.9916,0.1406,-0.026,84.4295,0.0118,-0.0022,0.8443,0.1358,-0.0309,81.4729,0.0114,-0.0026,0.8147,0.2344,0.0677,140.7641,0.0196,0.0057,1.4076,0.2346,0.0679,141.0539,0.0196,0.0057,1.4105,0.0169,-0.1497,10.0935,0.0014,-0.0125,0.1009,0.1914,0.0247,115.1166,0.016,0.0021,1.1512,0.1697,0.0031,102.0704,0.0142,0.0003,1.0207,0.0336,-0.1331,20.2709,0.0028,-0.0111,0.2027,0.1981,0.0314,119.1397,0.0166,0.0026,1.1914,e93a2b3,,18992fa,2026-09-04T19:21:08+00:00
72549,28.8909,0.2015,0.0167,0.2015,0.1775,-0.0241,90.1796,0.0147,-0.002,0.9018,0.1937,-0.0079,96.1466,0.0161,-0.0006,0.9615,0.2091,0.0076,102.9887,0.0174,0.0006,1.0299,0.1899,-0.0117,93.576,0.0158,-0.001,0.9358,0.2646,0.063,133.0644,0.022,0.0052,1.3306,0.2849,0.0834,141.8424,0.0237,0.0069,1.4184,0.0585,-0.143,27.1103,0.0049,-0.0119,0.2711,0.2399,0.0384,119.2712,0.0199,0.0032,1.1927,0.2021,0.0005,100.0923,0.0168,0.0,1.0009,0.0718,-0.1297,34.4362,0.006,-0.0108,0.3444,0.203,0.0015,102.2747,0.0169,0.0001,1.0227,e93a2b3,,18992fa,2026-09-04T19:21:08+00:00
72551,21.6485,0.0151,0.0013,0.0151,0.0923,0.0772,2353.6677,0.0082,0.0068,23.5367,0.0004,-0.0147,6.6676,0.0,-0.0013,0.0667,0.047,0.0319,1005.2267,0.0042,0.0028,10.0523,0.0295,0.0144,439.0846,0.0026,0.0013,4.3908,0.0609,0.0458,925.6123,0.0054,0.004,9.2561,0.0124,-0.0027,35.2126,0.0011,-0.0002,0.3521,0.0043,-0.0108,66.4171,0.0004,-0.001,0.6642,0.0048,-0.0104,43.0043,0.0004,-0.0009,0.43,0.0816,0.0665,1802.9293,0.0072,0.0059,18.0293,0.0025,-0.0127,26.2372,0.0002,-0.0011,0.2624,0.014,-0.0011,69.2844,0.0012,-0.0001,0.6928,e93a2b3,,18992fa,2026-09-04T19:21:08+00:00
72552,20.3312,0.0156,0.0014,0.0156,0.0516,0.036,1494.9591,0.0045,0.0032,14.9496,0.0059,-0.0097,11.4691,0.0005,-0.0008,0.1147,0.037,0.0214,585.5372,0.0032,0.0019,5.8554,0.0126,-0.003,95.8068,0.0011,-0.0003,0.9581,0.0627,0.0471,814.7374,0.0055,0.0041,8.1474,0.0148,-0.0008,47.0669,0.0013,-0.0001,0.4707,0.0035,-0.0121,19.3338,0.0003,-0.0011,0.1933,0.0154,-0.0002,108.8195,0.0014,-0.0,1.0882,0.1019,0.0863,1779.3387,0.0089,0.0076,17.7934,0.0011,-0.0145,22.3167,0.0001,-0.0013,0.2232,0.0169,0.0013,104.2437,0.0015,0.0001,1.0424,e93a2b3,,18992fa,2026-09-04T19:21:08+00:00
72553,20.9091,0.017,0.0015,0.017,0.1539,0.1369,3985.2532,0.0138,0.0122,39.8525,0.0002,-0.0168,3.2466,0.0,-0.0015,0.0325,0.0371,0.0201,376.8624,0.0033,0.0018,3.7686,0.0436,0.0266,484.0224,0.0039,0.0024,4.8402,0.0813,0.0643,916.5452,0.0073,0.0057,9.1655,0.0144,-0.0026,37.9839,0.0013,-0.0002,0.3798,0.005,-0.012,73.5875,0.0004,-0.0011,0.7359,0.0027,-0.0143,34.7334,0.0002,-0.0013,0.3473,0.0698,0.0528,846.1371,0.0062,0.0047,8.4614,0.0032,-0.0138,41.5613,0.0003,-0.0012,0.4156,0.0148,-0.0022,44.1523,0.0013,-0.0002,0.4415,e93a2b3,,18992fa,2026-09-04T19:21:08+00:00
72554,18.6098,0.0015,0.0001,0.0015,0.0819,0.0804,6630.5796,0.0074,0.0073,66.3058,0.0,-0.0014,2.074,0.0,-0.0001,0.0207,0.0036,0.0022,200.4348,0.0003,0.0002,2.0043,0.0111,0.0096,624.1597,0.001,0.0009,6.2416,0.0077,0.0062,569.8803,0.0007,0.0006,5.6988,0.0001,-0.0014,3.0022,0.0,-0.0001,0.03,0.0019,0.0004,176.5412,0.0002,0.0,1.7654,0.0004,-0.0011,35.7069,0.0,-0.0001,0.3571,0.0056,0.0042,277.2324,0.0005,0.0004,2.7723,0.0007,-0.0008,43.8123,0.0001,-0.0001,0.4381,0.0002,-0.0013,11.9165,0.0,-0.0001,0.1192,e93a2b3,,18992fa,2026-09-04T19:21:08+00:00
72555,15.3203,0.0006,0.0001,0.0006,0.0199,0.0194,3278.6411,0.0018,0.0018,32.7864,0.0,-0.0006,4.3828,0.0,-0.0001,0.0438,0.002,0.0013,427.712,0.0002,0.0001,4.2771,0.0023,0.0018,299.4742,0.0002,0.0002,2.9947,0.0094,0.0089,3805.0049,0.0009,0.0008,38.05,0.0,-0.0007,1.5767,0.0,-0.0001,0.0158,0.0006,0.0,142.8962,0.0001,0.0,1.429,0.0006,0.0,154.9244,0.0001,0.0,1.5492,0.0036,0.0029,469.928,0.0003,0.0003,4.6993,0.0003,-0.0004,38.9415,0.0,-0.0,0.3894,0.0001,-0.0005,18.8574,0.0,-0.0,0.1886,e93a2b3,,18992fa,2026-09-04T19:21:08+00:00
72557,16.3454,0.0006,0.0001,0.0006,0.0086,0.0081,2085.7393,0.0008,0.0007,20.8574,0.0001,-0.0006,5.8625,0.0,-0.0001,0.0586,0.0018,0.0011,274.6206,0.0002,0.0001,2.7462,0.0009,0.0004,94.4426,0.0001,0.0,0.9444,0.007,0.0064,2865.7375,0.0006,0.0006,28.6574,0.0,-0.001,1.0911,0.0,-0.0001,0.0109,0.0008,0.0003,408.9943,0.0001,0.0,4.0899,0.0008,0.0003,208.0577,0.0001,0.0,2.0806,0.0018,0.0012,161.6352,0.0002,0.0001,1.6164,0.0001,-0.0005,14.1513,0.0,-0.0,0.1415,0.0001,-0.0005,9.8963,0.0,-0.0,0.099,e93a2b3,,18992fa,2026-09-04T19:21:08+00:00
72558,17.5632,0.0018,0.0002,0.0018,0.0046,0.0029,1069.6377,0.0004,0.0003,10.6964,0.0003,-0.0015,10.9811,0.0,-0.0001,0.1098,0.0058,0.0041,832.6019,0.0005,0.0004,8.326,0.0016,-0.0002,79.2242,0.0001,-0.0,0.7922,0.0097,0.0079,1138.3318,0.0009,0.0007,11.3833,0.0001,-0.0023,2.0103,0.0,-0.0002,0.0201,0.0007,-0.001,203.0898,0.0001,-0.0001,2.0309,0.002,0.0003,139.208,0.0002,0.0,1.3921,0.0108,0.009,416.591,0.0009,0.0008,4.1659,0.0001,-0.0016,10.7761,0.0,-0.0001,0.1078,0.0016,-0.0003,42.4765,0.0001,-0.0,0.4248,e93a2b3,,18992fa,2026-09-04T19:21:08+00:00
72559,22.4975,0.0027,0.0002,0.0027,0.0555,0.0528,2087.6086,0.0049,0.0047,20.8761,0.0003,-0.0024,10.6802,0.0,-0.0002,0.1068,0.0041,0.0014,149.022,0.0004,0.0001,1.4902,0.004,0.0013,141.8808,0.0004,0.0001,1.4188,0.0205,0.0178,731.7122,0.0018,0.0016,7.3171,0.0001,-0.0026,3.0183,0.0,-0.0002,0.0302,0.0008,-0.0019,30.3297,0.0001,-0.0002,0.3033,0.0028,0.0001,106.3792,0.0003,0.0,1.0638,0.0257,0.023,850.2204,0.0023,0.002,8.5022,0.0007,-0.002,24.677,0.0001,-0.0002,0.2468,0.0008,-0.0019,28.9644,0.0001,-0.0002,0.2896,e93a2b3,,18992fa,2026-09-04T19:21:08+00:00
72560,23.1189,0.067,0.0057,0.067,0.1038,0.0368,492.1994,0.0089,0.0032,4.922,0.0665,-0.0005,70.5946,0.0057,-0.0001,0.7059,0.0763,0.0093,145.8586,0.0065,0.0008,1.4586,0.0589,-0.0081,101.8813,0.005,-0.0007,1.0188,0.1592,0.0922,458.5879,0.0137,0.0079,4.5859,0.0576,-0.0094,54.9336,0.0049,-0.0008,0.5493,0.0106,-0.0564,18.087,0.0009,-0.0048,0.1809,0.0623,-0.0048,102.0692,0.0053,-0.0004,1.0207,0.1316,0.0646,577.2981,0.0113,0.0056,5.773,0.0043,-0.0627,14.5174,0.0004,-0.0054,0.1452,0.0729,0.0059,104.4567,0.0062,0.0005,1.0446,e93a2b3,,18992fa,2026-09-04T19:21:08+00:00
72570,24.5979,0.1137,0.0096,0.1137,0.1184,0.0047,105.9172,0.01,0.0004,1.0592,0.0997,-0.0141,86.846,0.0084,-0.0012,0.8685,0.1007,-0.013,102.7184,0.0085,-0.0011,1.0272,0.0879,-0.0258,81.6129,0.0074,-0.0022,0.8161,0.1746,0.0609,201.0525,0.0148,0.0052,2.0105,0.1449,0.0311,102.45,0.0123,0.0026,1.0245,0.009,-0.1048,8.0872,0.0008,-0.0089,0.0809,0.1195,0.0058,104.9003,0.0101,0.0005,1.049,0.1421,0.0283,191.9854,0.0121,0.0024,1.9199,0.0143,-0.0994,11.6482,0.0012,-0.0084,0.1165,0.1436,0.0299,126.6352,0.0122,0.0025,1.2664,e93a2b3,,18992fa,2026-09-04T19:21:08+00:00
72581,22.6069,0.0412,0.0035,0.0412,0.05,0.0087,139.0538,0.0043,0.0008,1.3905,0.0087,-0.0325,29.3991,0.0007,-0.0028,0.294,0.0161,-0.0252,56.7099,0.0014,-0.0022,0.5671,0.0426,0.0014,107.8394,0.0037,0.0001,1.0784,0.0853,0.044,302.6012,0.0073,0.0038,3.026,0.0455,0.0043,73.365,0.0039,0.0004,0.7336,0.0018,-0.0394,6.3016,0.0002,-0.0034,0.063,0.0606,0.0194,166.6512,0.0052,0.0017,1.6665,0.0838,0.0425,313.919,0.0072,0.0037,3.1392,0.0022,-0.0391,6.6276,0.0002,-0.0034,0.0663,0.0366,-0.0046,107.0264,0.0032,-0.0004,1.0703,e93a2b3,,18992fa,2026-09-04T19:21:08+00:00
72582,20.0763,0.0202,0.0017,0.0202,0.0156,-0.0047,71.7678,0.0013,-0.0004,0.7177,0.0034,-0.0169,32.8523,0.0003,-0.0014,0.3285,0.002,-0.0182,38.8619,0.0002,-0.0016,0.3886,0.0294,0.0092,305.3872,0.0025,0.0008,3.0539,0.0554,0.0352,369.7085,0.0048,0.003,3.6971,0.0543,0.034,147.6628,0.0047,0.0029,1.4766,0.0013,-0.019,17.4184,0.0001,-0.0016,0.1742,0.0471,0.0269,731.3278,0.0041,0.0023,7.3133,0.0842,0.0639,1297.3961,0.0073,0.0055,12.974,0.003,-0.0172,27.0819,0.0003,-0.0015,0.2708,0.0218,0.0016,518.7812,0.0019,0.0001,5.1878,e93a2b3,,18992fa,2026-09-04T19:21:08+00:00
72583,19.3078,0.0026,0.0002,0.0026,0.005,0.0024,210.8111,0.0004,0.0002,2.1081,0.0008,-0.0018,43.0742,0.0001,-0.0002,0.4307,0.0027,0.0,144.8348,0.0002,0.0,1.4483,0.0043,0.0017,178.5606,0.0004,0.0001,1.7856,0.0107,0.0081,296.6579,0.0009,0.0007,2.9666,0.0004,-0.0022,9.1101,0.0,-0.0002,0.0911,0.0005,-0.0021,30.5031,0.0,-0.0002,0.305,0.0095,0.0069,721.9864,0.0008,0.0006,7.2199,0.0171,0.0145,765.3,0.0015,0.0013,7.653,0.0003,-0.0024,13.8336,0.0,-0.0002,0.1383,0.0029,0.0003,167.6691,0.0003,0.0,1.6767,e93a2b3,,18992fa,2026-09-04T19:21:08+00:00
72584,18.5984,0.003,0.0003,0.003,0.0052,0.0021,231.8153,0.0005,0.0002,2.3182,0.0003,-0.0027,6.9703,0.0,-0.0002,0.0697,0.0063,0.0033,333.6038,0.0006,0.0003,3.336,0.0031,0.0,93.8351,0.0003,0.0,0.9384,0.0087,0.0057,217.4861,0.0008,0.0005,2.1749,0.0004,-0.0026,5.8629,0.0,-0.0002,0.0586,0.0003,-0.0027,15.8907,0.0,-0.0002,0.1589,0.0064,0.0034,620.7132,0.0006,0.0003,6.2071,0.0166,0.0136,439.9338,0.0015,0.0012,4.3993,0.0002,-0.0028,8.8356,0.0,-0.0003,0.0884,0.0012,-0.0018,45.2067,0.0001,-0.0002,0.4521,e93a2b3,,18992fa,2026-09-04T19:21:08+00:00
72586,15.2246,0.0001,0.0,0.0001,0.0006,0.0005,765.2728,0.0001,0.0,7.6527,0.0,-0.0001,2.6667,0.0,-0.0,0.0267,0.0005,0.0004,275.7725,0.0,0.0,2.7577,0.0001,-0.0,43.2106,0.0,-0.0,0.4321,0.0008,0.0007,1123.0602,0.0001,0.0001,11.2306,0.0,-0.0001,1.4267,0.0,-0.0,0.0143,0.0,-0.0001,69.0012,0.0,-0.0,0.69,0.0009,0.0008,1328.38,0.0001,0.0001,13.2838,0.0003,0.0002,364.4255,0.0,0.0,3.6443,0.0,-0.0001,29.6656,0.0,-0.0,0.2967,0.0,-0.0001,41.2057,0.0,-0.0,0.4121,e93a2b3,,18992fa,2026-09-04T19:21:08+00:00
72587,15.4786,0.0001,0.0,0.0001,0.0002,0.0001,392.324,0.0,0.0,3.9232,0.0001,-0.0002,25.0185,0.0,-0.0,0.2502,0.0002,-0.0,37.7956,0.0,-0.0,0.378,0.0002,0.0,52.2956,0.0,0.0,0.523,0.0003,0.0002,490.1832,0.0,0.0,4.9018,0.0,-0.0002,2.7624,0.0,-0.0,0.0276,0.0001,-0.0,79.5991,0.0,-0.0,0.796,0.0026,0.0025,2231.395,0.0002,0.0002,22.3139,0.0008,0.0007,371.7169,0.0001,0.0001,3.7172,0.0,-0.0001,9.5179,0.0,-0.0,0.0952,0.0003,0.0002,163.912,0.0,0.0,1.6391,e93a2b3,,18992fa,2026-09-04T19:21:08+00:00
72591,27.0346,0.147,0.0123,0.147,0.1679,0.021,113.8881,0.0141,0.0018,1.1389,0.0756,-0.0714,46.6291,0.0063,-0.006,0.4663,0.117,-0.03,74.8933,0.0098,-0.0025,0.7489,0.1408,-0.0062,95.484,0.0118,-0.0005,0.9548,0.1802,0.0332,129.2413,0.0151,0.0028,1.2924,0.2044,0.0575,137.7539,0.0171,0.0048,1.3775,0.0219,-0.1251,13.4925,0.0018,-0.0105,0.1349,0.1795,0.0326,124.5074,0.015,0.0027,1.2451,0.1583,0.0114,114.8897,0.0133,0.001,1.1489,0.0194,-0.1276,11.8436,0.0016,-0.0107,0.1184,0.1616,0.0146,109.4259,0.0135,0.0012,1.0943,e93a2b3,,18992fa,2026-09-04T19:21:08+00:00
72592,29.9414,0.1629,0.0132,0.1629,0.1767,0.0139,108.6734,0.0144,0.0011,1.0867,0.0936,-0.0692,57.2737,0.0076,-0.0056,0.5727,0.1034,-0.0594,63.2139,0.0084,-0.0048,0.6321,0.1757,0.0128,107.7363,0.0143,0.001,1.0774,0.168,0.0051,103.1579,0.0137,0.0004,1.0316,0.2279,0.0651,139.6461,0.0185,0.0053,1.3965,0.0893,-0.0736,55.1852,0.0072,-0.006,0.5519,0.1708,0.0079,104.7629,0.0139,0.0006,1.0476,0.1905,0.0277,117.6086,0.0155,0.0022,1.1761,0.04,-0.1228,24.8976,0.0032,-0.01,0.249,0.1286,-0.0343,78.944,0.0105,-0.0028,0.7894,e93a2b3,,18992fa,2026-09-04T19:21:08+00:00
72594,28.2982,0.0978,0.0083,0.0978,0.0797,-0.0181,82.4661,0.0067,-0.0015,0.8247,0.0253,-0.0725,27.7611,0.0021,-0.0061,0.2776,0.0277,-0.0701,30.3217,0.0023,-0.0059,0.3032,0.1028,0.005,105.1351,0.0087,0.0004,1.0514,0.1353,0.0375,138.3788,0.0114,0.0032,1.3838,0.1777,0.0799,180.8569,0.015,0.0068,1.8086,0.0054,-0.0924,5.7365,0.0005,-0.0078,0.0574,0.1476,0.0498,150.8596,0.0125,0.0042,1.5086,0.152,0.0542,154.643,0.0129,0.0046,1.5464,0.0123,-0.0855,12.6467,0.001,-0.0072,0.1265,0.1028,0.005,105.362,0.0087,0.0004,1.0536,e93a2b3,,18992fa,2026-09-04T19:21:08+00:00
72595,27.5423,0.1468,0.0119,0.1468,0.1597,0.0129,109.9901,0.0129,0.001,1.0999,0.09,-0.0568,61.4272,0.0073,-0.0046,0.6143,0.1024,-0.0444,69.6189,0.0083,-0.0036,0.6962,0.1545,0.0077,104.6521,0.0125,0.0006,1.0465,0.1573,0.0105,108.4831,0.0127,0.0009,1.0848,0.2,0.0532,137.0974,0.0162,0.0043,1.371,0.111,-0.0359,75.2219,0.009,-0.0029,0.7522,0.1695,0.0227,116.6631,0.0137,0.0018,1.1666,0.1869,0.0401,126.4471,0.0151,0.0032,1.2645,0.0511,-0.0958,34.2616,0.0041,-0.0078,0.3426,0.1217,-0.0251,83.7524,0.0099,-0.002,0.8375,e93a2b3,,18992fa,2026-09-04T19:21:08+00:00
72596,29.5848,0.1408,0.0113,0.1408,0.1499,0.009,106.8056,0.012,0.0007,1.0681,0.0826,-0.0582,59.2265,0.0066,-0.0047,0.5923,0.1259,-0.0149,89.3088,0.0101,-0.0012,0.8931,0.1619,0.0211,114.6111,0.013,0.0017,1.1461,0.145,0.0042,103.3222,0.0116,0.0003,1.0332,0.152,0.0112,107.5805,0.0122,0.0009,1.0758,0.0898,-0.0511,62.353,0.0072,-0.0041,0.6235,0.1799,0.039,129.2667,0.0144,0.0031,1.2927,0.2076,0.0667,149.0744,0.0166,0.0053,1.4907,0.0886,-0.0522,64.0429,0.0071,-0.0042,0.6404,0.1353,-0.0055,96.5673,0.0108,-0.0004,0.9657,e93a2b3,,18992fa,2026-09-04T19:21:08+00:00
72597,27.2443,0.0777,0.0063,0.0777,0.0831,0.0054,105.6572,0.0068,0.0004,1.0566,0.0475,-0.0302,62.5527,0.0039,-0.0025,0.6255,0.0411,-0.0365,52.0689,0.0034,-0.003,0.5207,0.0751,-0.0026,96.3457,0.0061,-0.0002,0.9635,0.1001,0.0224,129.5169,0.0082,0.0018,1.2952,0.098,0.0204,123.827,0.008,0.0017,1.2383,0.0507,-0.027,64.7158,0.0041,-0.0022,0.6472,0.1029,0.0252,132.699,0.0084,0.0021,1.327,0.1103,0.0327,141.0041,0.009,0.0027,1.41,0.0291,-0.0486,38.8322,0.0024,-0.004,0.3883,0.077,-0.0007,99.5249,0.0063,-0.0001,0.9952,e93a2b3,,18992fa,2026-09-04T19:21:08+00:00
72598,27.8266,0.103,0.0084,0.103,0.1,-0.003,96.9851,0.0082,-0.0002,0.9699,0.0872,-0.0158,86.7751,0.0071,-0.0013,0.8678,0.0747,-0.0283,66.7565,0.0061,-0.0023,0.6676,0.1036,0.0006,99.3425,0.0084,0.0,0.9934,0.1276,0.0246,128.293,0.0104,0.002,1.2829,0.1438,0.0407,145.4492,0.0117,0.0033,1.4545,0.048,-0.055,44.5709,0.0039,-0.0045,0.4457,0.1534,0.0504,154.7959,0.0125,0.0041,1.548,0.1776,0.0746,175.9568,0.0145,0.0061,1.7596,0.0455,-0.0575,45.0186,0.0037,-0.0047,0.4502,0.1016,-0.0014,99.1017,0.0083,-0.0001,0.991,e93a2b3,,18992fa,2026-09-04T19:21:08+00:00
72599,24.7035,0.0533,0.0045,0.0533,0.0266,-0.0267,37.1572,0.0022,-0.0023,0.3716,0.0208,-0.0325,34.7016,0.0017,-0.0028,0.347,0.013,-0.0403,18.8431,0.0011,-0.0034,0.1884,0.0738,0.0206,145.937,0.0062,0.0017,1.4594,0.0963,0.043,194.0807,0.0081,0.0036,1.9408,0.1308,0.0775,273.7321,0.011,0.0065,2.7373,0.0072,-0.0461,12.859,0.0006,-0.0039,0.1286,0.1117,0.0584,230.6339,0.0094,0.0049,2.3063,0.1881,0.1348,439.6361,0.0159,0.0114,4.3964,0.031,-0.0223,76.2111,0.0026,-0.0019,0.7621,0.0433,-0.0099,71.1011,0.0037,-0.0008,0.711,e93a2b3,,18992fa,2026-09-04T19:21:08+00:00
72600,24.916,0.0507,0.0043,0.0507,0.2642,0.2135,1700.8889,0.0226,0.0183,17.0089,0.0383,-0.0125,75.7673,0.0033,-0.0011,0.7577,0.1336,0.0829,523.283,0.0114,0.0071,5.2328,0.0475,-0.0032,124.855,0.004,-0.0003,1.2485,0.0458,-0.0049,41.4376,0.0039,-0.0004,0.4144,0.1836,0.1329,1017.9781,0.0157,0.0114,10.1798,0.0229,-0.0278,25.9238,0.0019,-0.0024,0.2592,0.0608,0.0101,113.3417,0.0052,0.0009,1.1334,0.099,0.0483,486.5283,0.0084,0.0041,4.8653,0.0262,-0.0245,26.7247,0.0022,-0.0021,0.2672,0.0111,-0.0397,35.0566,0.0009,-0.0034,0.3506,e93a2b3,,18992fa,2026-09-04T19:21:08+00:00
72601,35.2951,0.2947,0.0242,0.2947,0.2694,-0.0253,89.1896,0.0221,-0.0021,0.8919,0.2436,-0.0511,84.2282,0.02,-0.0042,0.8423,0.3579,0.0632,123.9124,0.0294,0.0052,1.2391,0.3362,0.0416,113.5647,0.0276,0.0034,1.1356,0.3393,0.0447,117.7736,0.0279,0.0037,1.1777,0.2853,-0.0094,98.8881,0.0234,-0.0007,0.9889,0.1203,-0.1744,38.4204,0.0098,-0.0143,0.3842,0.3331,0.0384,114.0991,0.0273,0.0032,1.141,0.312,0.0173,105.1927,0.0256,0.0014,1.0519,0.1577,-0.137,51.4916,0.0129,-0.0113,0.5149,0.1688,-0.1259,54.8444,0.0138,-0.0104,0.5484,e93a2b3,,18992fa,2026-09-04T19:21:08+00:00
72602,35.4818,0.3374,0.0276,0.3374,0.3367,-0.0007,99.5883,0.0275,-0.0001,0.9959,0.3217,-0.0158,95.3252,0.0263,-0.0013,0.9533,0.372,0.0346,110.5157,0.0304,0.0028,1.1052,0.4038,0.0664,120.4154,0.033,0.0054,1.2042,0.3772,0.0398,112.3119,0.0309,0.0033,1.1231,0.3255,-0.012,96.6875,0.0266,-0.001,0.9669,0.1623,-0.1751,47.9243,0.0133,-0.0143,0.4792,0.4097,0.0722,121.5594,0.0335,0.0059,1.2156,0.3426,0.0052,101.6497,0.028,0.0004,1.0165,0.1908,-0.1466,56.1969,0.0156,-0.012,0.562,0.2316,-0.1059,67.7425,0.0189,-0.0087,0.6774,e93a2b3,,18992fa,2026-09-04T19:21:08+00:00
72603,32.7409,0.3163,0.0261,0.3163,0.286,-0.0303,90.2413,0.0236,-0.0025,0.9024,0.3102,-0.0061,98.0358,0.0256,-0.0005,0.9804,0.3517,0.0354,111.3809,0.029,0.0029,1.1138,0.3949,0.0787,125.0928,0.0325,0.0065,1.2509,0.3584,0.0421,113.4635,0.0295,0.0035,1.1346,0.3222,0.0059,102.0042,0.0265,0.0005,1.02,0.1254,-0.1909,39.3918,0.0103,-0.0157,0.3939,0.3724,0.0562,117.7808,0.0307,0.0046,1.1778,0.3151,-0.0011,99.6377,0.026,-0.0001,0.9964,0.1418,-0.1744,44.6492,0.0117,-0.0144,0.4465,0.1706,-0.1456,53.4285,0.0141,-0.012,0.5343,e93a2b3,,18992fa,2026-09-04T19:21:08+00:00
72604,32.6747,0.2896,0.024,0.2896,0.2233,-0.0663,76.8901,0.0185,-0.0055,0.7689,0.271,-0.0186,93.3795,0.0224,-0.0015,0.9338,0.321,0.0314,110.686,0.0266,0.0026,1.1069,0.3424,0.0528,118.3623,0.0284,0.0044,1.1836,0.3018,0.0122,104.1538,0.025,0.001,1.0415,0.3001,0.0105,103.7332,0.0249,0.0009,1.0373,0.0822,-0.2074,28.0632,0.0068,-0.0172,0.2806,0.325,0.0355,112.1943,0.0269,0.0029,1.1219,0.2956,0.006,102.1377,0.0245,0.0005,1.0214,0.1207,-0.1689,41.4713,0.01,-0.014,0.4147,0.1395,-0.1501,47.4627,0.0115,-0.0125,0.4746,e93a2b3,,18992fa,2026-09-04T19:21:08+00:00
72605,32.6706,0.2595,0.0217,0.2595,0.2787,0.0192,109.9585,0.0233,0.0016,1.0996,0.171,-0.0885,63.9209,0.0143,-0.0074,0.6392,0.2912,0.0318,112.9253,0.0243,0.0027,1.1293,0.3147,0.0552,120.488,0.0263,0.0046,1.2049,0.3004,0.0409,116.6793,0.0251,0.0034,1.1668,0.2421,-0.0174,92.8437,0.0202,-0.0014,0.9284,0.0796,-0.1799,30.5869,0.0066,-0.015,0.3059,0.2716,0.0121,104.6537,0.0227,0.001,1.0465,0.2983,0.0388,115.4,0.0249,0.0032,1.154,0.1189,-0.1406,45.4659,0.0099,-0.0117,0.4547,0.0631,-0.1964,22.6067,0.0053,-0.0164,0.2261,e93a2b3,,18992fa,2026-09-04T19:21:08+00:00
72606,29.7588,0.2089,0.0177,0.2089,0.2512,0.0423,126.1147,0.0213,0.0036,1.2611,0.1323,-0.0766,58.5505,0.0112,-0.0065,0.5855,0.2359,0.027,113.3293,0.02,0.0023,1.1333,0.2617,0.0528,125.7544,0.0222,0.0045,1.2575,0.2653,0.0564,127.4908,0.0225,0.0048,1.2749,0.211,0.002,100.8745,0.0179,0.0002,1.0087,0.0531,-0.1558,23.6215,0.0045,-0.0132,0.2362,0.1709,-0.038,77.4795,0.0145,-0.0032,0.7748,0.2488,0.0398,121.7723,0.0211,0.0034,1.2177,0.0946,-0.1144,42.8446,0.008,-0.0097,0.4284,0.0569,-0.1521,24.1307,0.0048,-0.0129,0.2413,e93a2b3,,18992fa,2026-09-04T19:21:08+00:00
72607,21.0803,0.0162,0.0014,0.0162,0.2425,0.2263,10810.6445,0.0211,0.0197,108.1065,0.0061,-0.0101,31.8307,0.0005,-0.0009,0.3183,0.0589,0.0427,2343.6729,0.0051,0.0037,23.4367,0.0378,0.0216,743.9429,0.0033,0.0019,7.4394,0.0145,-0.0018,32.9775,0.0012,-0.0002,0.3298,0.0547,0.0384,1364.4183,0.0047,0.0033,13.6442,0.0016,-0.0148,4.6434,0.0001,-0.0013,0.0464,0.0125,-0.0037,78.9609,0.0011,-0.0003,0.7896,0.0486,0.0324,690.6912,0.0042,0.0028,6.9069,0.0024,-0.0141,17.2282,0.0002,-0.0012,0.1723,0.0036,-0.0126,68.0051,0.0003,-0.0011,0.6801,e93a2b3,,18992fa,2026-09-04T19:21:08+00:00
72608,27.6124,0.1698,0.0143,0.1698,0.2027,0.0329,399.7899,0.0172,0.0029,3.9979,0.1255,-0.0443,65.4889,0.0106,-0.0038,0.6549,0.2136,0.0438,167.7678,0.0181,0.0037,1.6777,0.1929,0.0231,168.5885,0.0163,0.002,1.6859,0.2207,0.0509,129.3188,0.0187,0.0043,1.2932,0.1853,0.0155,118.983,0.0157,0.0013,1.1898,0.0306,-0.1391,13.9951,0.0026,-0.0118,0.14,0.1602,-0.0096,81.006,0.0135,-0.0008,0.8101,0.2005,0.0308,183.2097,0.017,0.0026,1.8321,0.071,-0.0988,37.3387,0.006,-0.0083,0.3734,0.0438,-0.126,28.8603,0.0037,-0.0107,0.2886,e93a2b3,,18992fa,2026-09-04T19:21:08+00:00
72609,,,,,,,,,,,,,,,,,,,,,,,,,,,,,,,,,,,,,,,,,,,,,,,,,,,,,,,,,,,,,,,,,,,,,,,e93a2b3,,18992fa,2026-09-04T19:21:08+00:00
73100,7.4516,0.0003,0.0,0.0003,0.0026,0.0023,13818.5244,0.0002,0.0002,138.1853,0.0,-0.0001,3.7543,0.0,-0.0,0.0375,0.0005,0.0002,1215.9264,0.0,0.0,12.1593,0.0003,0.0001,2018.0446,0.0,0.0,20.1804,0.0,-0.0002,13.9034,0.0,-0.0,0.139,0.0,-0.0,11.8974,0.0,-0.0,0.119,,,,,,,0.0,-0.0002,30.5239,0.0,-0.0,0.3052,0.0,-0.0,6.5954,0.0,-0.0,0.066,,,,,,,,,,,,,e93a2b3,,18992fa,2026-09-04T19:21:08+00:00
73111,20.1253,0.0166,0.0014,0.0166,0.1879,0.1713,3655.2842,0.0164,0.015,36.5529,0.0025,-0.0141,20.5352,0.0002,-0.0012,0.2054,0.0552,0.0386,699.9378,0.0048,0.0034,6.9994,0.0541,0.0374,655.7269,0.0047,0.0033,6.5573,0.0277,0.0111,95.1391,0.0024,0.001,0.9514,0.0192,0.0026,177.795,0.0017,0.0002,1.7779,0.0005,-0.0161,2.0771,0.0,-0.0014,0.0208,0.0067,-0.0099,30.0238,0.0006,-0.0009,0.3002,0.0355,0.0189,248.5307,0.0031,0.0016,2.4853,0.0091,-0.0075,73.7431,0.0008,-0.0007,0.7374,0.0047,-0.012,51.8592,0.0004,-0.001,0.5186,e93a2b3,,18992fa,2026-09-04T19:21:08+00:00
73112,24.9447,0.1144,0.0099,0.1144,0.197,0.0827,436.3035,0.017,0.0072,4.363,0.0443,-0.0701,25.2416,0.0038,-0.006,0.2524,0.1855,0.0712,261.7065,0.016,0.0062,2.6171,0.1387,0.0243,186.9682,0.012,0.0021,1.8697,0.2079,0.0935,194.1257,0.0179,0.0081,1.9413,0.1162,0.0018,103.2823,0.01,0.0002,1.0328,0.0186,-0.0957,10.1934,0.0016,-0.0083,0.1019,0.0751,-0.0393,46.588,0.0065,-0.0034,0.4659,0.155,0.0406,171.0548,0.0134,0.0035,1.7105,0.068,-0.0464,69.0087,0.0059,-0.004,0.6901,0.0223,-0.0921,21.2762,0.0019,-0.0079,0.2128,e93a2b3,,18992fa,2026-09-04T19:21:08+00:00
73113,17.6634,0.0041,0.0004,0.0041,0.1271,0.123,3267.1685,0.0113,0.0109,32.6717,0.0001,-0.004,2.6836,0.0,-0.0004,0.0268,0.0458,0.0417,1139.2219,0.0041,0.0037,11.3922,0.0286,0.0245,708.748,0.0025,0.0022,7.0875,0.0005,-0.0036,12.9103,0.0,-0.0003,0.1291,0.007,0.0029,174.9911,0.0006,0.0003,1.7499,0.0,-0.0038,0.2175,0.0,-0.0003,0.0022,0.0003,-0.0038,7.1173,0.0,-0.0003,0.0712,0.011,0.0069,269.116,0.001,0.0006,2.6912,0.0015,-0.0026,36.029,0.0001,-0.0002,0.3603,0.0033,-0.0008,80.5302,0.0003,-0.0001,0.8053,e93a2b3,,18992fa,2026-09-04T19:21:08+00:00
73114,25.3776,0.1138,0.0099,0.1138,0.1998,0.086,548.8254,0.0175,0.0076,5.4883,0.0161,-0.0977,9.0628,0.0014,-0.0085,0.0906,0.1845,0.0706,348.5741,0.0161,0.0062,3.4857,0.1326,0.0187,219.7777,0.0116,0.0016,2.1978,0.2267,0.1128,256.8195,0.0198,0.0099,2.5682,0.1147,0.0008,97.9891,0.01,0.0001,0.9799,0.0169,-0.0997,9.136,0.0015,-0.0087,0.0914,0.0593,-0.0545,34.084,0.0052,-0.0048,0.3408,0.1682,0.0544,248.3856,0.0147,0.0048,2.4839,0.0762,-0.0376,72.5806,0.0067,-0.0033,0.7258,0.0349,-0.0789,36.7473,0.0031,-0.0069,0.3675,e93a2b3,,18992fa,2026-09-04T19:21:08+00:00
73115,18.7346,0.0117,0.001,0.0117,0.1172,0.1055,2432.2822,0.0104,0.0094,24.3228,0.0001,-0.0117,0.7774,0.0,-0.001,0.0078,0.0861,0.0744,1314.231,0.0077,0.0066,13.1423,0.0415,0.0298,669.8915,0.0037,0.0027,6.6989,0.0582,0.0464,318.9826,0.0052,0.0041,3.1898,0.0112,-0.0005,94.7352,0.001,-0.0,0.9474,0.0001,-0.0124,0.3559,0.0,-0.0011,0.0036,0.0005,-0.0113,3.4568,0.0,-0.001,0.0346,0.049,0.0373,402.4447,0.0044,0.0033,4.0244,0.0081,-0.0036,70.0399,0.0007,-0.0003,0.7004,0.0058,-0.006,88.2554,0.0005,-0.0005,0.8826,e93a2b3,,18992fa,2026-09-04T19:21:08+00:00
73116,22.2855,0.0524,0.0047,0.0524,0.1667,0.1144,1305.1881,0.0148,0.0102,13.0519,0.0003,-0.0521,0.5137,0.0,-0.0046,0.0051,0.131,0.0787,787.6874,0.0117,0.007,7.8769,0.0806,0.0283,419.5279,0.0072,0.0025,4.1953,0.1511,0.0987,425.9693,0.0134,0.0088,4.2597,0.053,0.0006,91.7781,0.0047,0.0001,0.9178,0.0023,-0.0501,1.5425,0.0002,-0.0044,0.0154,0.0138,-0.0385,10.5202,0.0012,-0.0034,0.1052,0.12,0.0677,541.7329,0.0107,0.006,5.4173,0.0271,-0.0252,71.6431,0.0024,-0.0022,0.7164,0.0247,-0.0276,69.1483,0.0022,-0.0025,0.6915,e93a2b3,,18992fa,2026-09-04T19:21:08+00:00
73117,17.0506,0.0012,0.0001,0.0012,0.0993,0.0981,13083.7441,0.0089,0.0088,130.8374,0.0,-0.0012,0.6298,0.0,-0.0001,0.0063,0.0445,0.0433,5562.8276,0.004,0.0039,55.6283,0.0235,0.0223,2597.3198,0.0021,0.002,25.9732,0.0004,-0.0008,13.9389,0.0,-0.0001,0.1394,0.002,0.0007,188.6337,0.0002,0.0001,1.8863,0.0,-0.0013,0.138,0.0,-0.0001,0.0014,0.0001,-0.0012,5.379,0.0,-0.0001,0.0538,0.0091,0.0078,609.0074,0.0008,0.0007,6.0901,0.0009,-0.0003,78.8805,0.0001,-0.0,0.7888,0.0011,-0.0001,81.2502,0.0001,-0.0,0.8125,e93a2b3,,18992fa,2026-09-04T19:21:08+00:00
73118,19.4024,0.0127,0.0011,0.0127,0.1084,0.0956,16590.793,0.0098,0.0086,165.9079,0.0001,-0.0127,0.4665,0.0,-0.0011,0.0047,0.0637,0.0509,7262.5283,0.0057,0.0046,72.6253,0.0357,0.0229,2472.012,0.0032,0.0021,24.7201,0.0397,0.027,144.5201,0.0035,0.0024,1.4452,0.012,-0.0007,159.1255,0.0011,-0.0001,1.5913,0.0007,-0.0138,2.5972,0.0001,-0.0012,0.026,0.0037,-0.009,7.2615,0.0003,-0.0008,0.0726,0.0498,0.0371,925.6393,0.0045,0.0033,9.2564,0.0079,-0.0048,100.479,0.0007,-0.0004,1.0048,0.0073,-0.0057,31.7933,0.0006,-0.0005,0.3179,e93a2b3,,18992fa,2026-09-04T19:21:08+00:00
73119,11.6142,0.0001,0.0,0.0001,0.0584,0.0583,230061.0469,0.0054,0.0054,2300.6103,0.0,-0.0001,4.1762,0.0,-0.0,0.0418,0.0092,0.0091,24171.3906,0.0008,0.0008,241.7139,0.0043,0.0043,17259.7285,0.0004,0.0004,172.5974,0.0,-0.0001,16.2432,0.0,-0.0,0.1624,0.0,-0.0,38.4119,0.0,-0.0,0.3841,0.0,-0.0,0.8608,0.0,-0.0,0.0086,0.0,-0.0001,25.0457,0.0,-0.0,0.2505,0.0001,0.0,180.3927,0.0,0.0,1.8039,0.0001,0.0,323.2992,0.0,0.0,3.233,0.0,-0.0001,3.7193,0.0,-0.0,0.0372,e93a2b3,,18992fa,2026-09-04T19:21:08+00:00
73120,20.4183,0.0328,0.0029,0.0328,0.1405,0.1077,32611.1895,0.0126,0.0097,326.1118,0.0008,-0.0368,1.0771,0.0001,-0.0032,0.0108,0.0712,0.0383,6906.9448,0.0063,0.0034,69.0695,0.0564,0.0236,2313.4143,0.005,0.0021,23.1341,0.0891,0.0562,265.4985,0.0079,0.005,2.655,0.0295,-0.0033,100.6424,0.0026,-0.0003,1.0064,0.0036,-0.0346,8.976,0.0003,-0.0031,0.0898,0.0109,-0.0219,11.9083,0.001,-0.0019,0.1191,0.0836,0.0508,1093.5668,0.0074,0.0045,10.9357,0.0185,-0.0154,83.4641,0.0016,-0.0014,0.8346,0.0155,-0.0204,23.1052,0.0014,-0.0018,0.2311,e93a2b3,,18992fa,2026-09-04T19:21:08+00:00
73130,12.0359,0.0002,0.0,0.0002,0.0411,0.0409,46868.6484,0.0038,0.0038,468.6866,0.0,-0.0005,0.649,0.0,-0.0,0.0065,0.0085,0.0083,4435.9443,0.0008,0.0008,44.3595,0.0099,0.0097,6701.5249,0.0009,0.0009,67.0153,0.0001,-0.0001,29.2607,0.0,-0.0,0.2926,0.0003,0.0001,103.9324,0.0,0.0,1.0393,0.0001,-0.0003,17.3782,0.0,-0.0,0.1738,0.0,-0.0002,29.6742,0.0,-0.0,0.2967,0.0035,0.0033,627.7856,0.0003,0.0003,6.2779,0.0002,-0.0,55.1666,0.0,-0.0,0.5517,0.0,-0.0004,0.6559,0.0,-0.0,0.0066,e93a2b3,,18992fa,2026-09-04T19:21:08+00:00
73140,18.3487,0.0104,0.0009,0.0104,0.0877,0.0773,24747.9922,0.0079,0.007,247.4799,0.0001,-0.0133,1.0422,0.0,-0.0012,0.0104,0.0361,0.0257,4820.8955,0.0032,0.0023,48.209,0.0266,0.0163,5416.9512,0.0024,0.0015,54.1695,0.0431,0.0328,294.173,0.0039,0.0029,2.9417,0.0075,-0.0029,46.6622,0.0007,-0.0003,0.4666,0.0022,-0.0098,62.0267,0.0002,-0.0009,0.6203,0.0009,-0.0095,21.4665,0.0001,-0.0008,0.2147,0.0485,0.0381,1041.3717,0.0044,0.0034,10.4137,0.0042,-0.0062,161.767,0.0004,-0.0006,1.6177,0.0095,-0.0031,18.6024,0.0009,-0.0003,0.186,e93a2b3,,18992fa,2026-09-04T19:21:08+00:00
73150,8.8083,0.0002,0.0,0.0002,0.0149,0.0147,14086.2051,0.0014,0.0014,140.8621,0.0,-0.0017,1.3719,0.0,-0.0002,0.0137,0.0028,0.0025,989.9946,0.0003,0.0002,9.8999,0.0054,0.0051,3853.2253,0.0005,0.0005,38.5323,0.0005,0.0,54.212,0.0,0.0,0.5421,0.0,-0.0006,12.3675,0.0,-0.0001,0.1237,0.0015,0.0009,1117.0674,0.0001,0.0001,11.1707,0.0,-0.0002,47.2467,0.0,-0.0,0.4725,0.0025,0.002,176.7517,0.0002,0.0002,1.7675,0.0002,-0.0004,25.1618,0.0,-0.0,0.2516,0.0,-0.0012,0.6782,0.0,-0.0001,0.0068,e93a2b3,,18992fa,2026-09-04T19:21:08+00:00
73160,14.5494,0.0005,0.0,0.0005,0.0265,0.026,9939.1895,0.0024,0.0024,99.392,0.0,-0.0013,1.7186,0.0,-0.0001,0.0172,0.0022,0.0016,429.9993,0.0002,0.0001,4.3,0.0051,0.0046,988.8997,0.0005,0.0004,9.889,0.0007,0.0001,73.7837,0.0001,0.0,0.7378,0.0,-0.0007,6.1403,0.0,-0.0001,0.0614,0.0013,0.0007,594.0223,0.0001,0.0001,5.9402,0.0002,-0.0004,60.1383,0.0,-0.0,0.6014,0.0015,0.0008,127.8501,0.0001,0.0001,1.2785,0.0004,-0.0004,31.022,0.0,-0.0,0.3102,0.0,-0.0009,1.7697,0.0,-0.0001,0.0177,e93a2b3,,18992fa,2026-09-04T19:21:08+00:00
73180,10.1033,0.0001,0.0,0.0001,0.0003,0.0002,735.9293,0.0,0.0,7.3593,0.0,-0.0002,0.5867,0.0,-0.0,0.0059,,,,,,,0.0001,0.0,172.0552,0.0,0.0,1.7206,0.0001,0.0,81.5915,0.0,0.0,0.8159,0.0007,0.0005,467.2485,0.0001,0.0001,4.6725,0.0003,0.0003,438.3012,0.0,0.0,4.383,0.0,-0.0,32.1816,0.0,-0.0,0.3218,0.0,-0.0001,5.5666,0.0,-0.0,0.0557,0.0,-0.0002,0.3864,0.0,-0.0,0.0039,0.0,-0.0002,3.9321,0.0,-0.0,0.0393,e93a2b3,,18992fa,2026-09-04T19:21:08+00:00
73190,5.5464,0.0,0.0,0.0,0.0,0.0,227.52,0.0,0.0,2.2752,0.0,-0.0001,0.6748,0.0,-0.0,0.0067,,,,,,,0.0,-0.0,77.8843,0.0,-0.0,0.7788,0.0,-0.0,47.4415,0.0,-0.0,0.4744,0.0004,0.0003,674.0224,0.0,0.0,6.7402,0.0001,0.0,210.2366,0.0,0.0,2.1024,0.0,0.0,79.6009,0.0,0.0,0.796,0.0,-0.0001,6.6959,0.0,-0.0,0.067,0.0,-0.0001,0.2788,0.0,-0.0,0.0028,0.0,-0.0001,6.517,0.0,-0.0,0.0652,e93a2b3,,18992fa,2026-09-04T19:21:08+00:00
74242,11.4222,0.0007,0.0001,0.0007,0.0013,-0.0057,3.2403,0.0001,-0.0006,0.0324,0.0012,-0.0002,179.2558,0.0001,-0.0,1.7926,0.0038,0.0027,1687.5121,0.0004,0.0003,16.8751,0.0003,-0.0023,16.2791,0.0,-0.0002,0.1628,0.0024,0.0017,612.3548,0.0002,0.0002,6.1235,0.0143,0.0067,86.982,0.0014,0.0007,0.8698,0.0025,0.0001,58.6147,0.0002,0.0,0.5861,0.001,0.0002,225.9003,0.0001,0.0,2.259,0.0074,0.0031,65.5403,0.0007,0.0003,0.6554,0.0038,0.001,50.0838,0.0004,0.0001,0.5008,0.0001,-0.007,2.4393,0.0,-0.0007,0.0244,e93a2b3,,18992fa,2026-09-04T19:21:08+00:00
74248,10.3525,0.0001,0.0,0.0001,0.0,-0.0008,0.5695,0.0,-0.0001,0.0057,0.0003,0.0001,134.5305,0.0,0.0,1.3453,0.0018,0.0016,3374.2227,0.0002,0.0002,33.7422,0.0,-0.0001,32.7535,0.0,-0.0,0.3275,0.0002,0.0002,477.5967,0.0,0.0,4.776,0.0,-0.0,1.979,0.0,-0.0,0.0198,0.0001,-0.0001,75.0809,0.0,-0.0,0.7508,0.0001,0.0001,95.5845,0.0,0.0,0.9558,0.0,-0.0009,0.4288,0.0,-0.0001,0.0043,0.0,-0.0002,5.432,0.0,-0.0,0.0543,,,,,,,e93a2b3,,18992fa,2026-09-04T19:21:08+00:00
74249,17.1578,0.005,0.0005,0.005,0.0214,-0.0156,17.3951,0.0021,-0.0015,0.174,0.0122,0.0005,218.6088,0.0012,0.0001,2.1861,0.0136,0.0053,3348.2031,0.0013,0.0005,33.482,0.0019,-0.0037,47.5447,0.0002,-0.0004,0.4754,0.0109,0.0052,2326.0588,0.001,0.0005,23.2606,0.0169,0.0004,50.1611,0.0016,0.0,0.5016,0.0112,0.0019,1358.8236,0.0011,0.0002,13.5882,0.0067,0.0014,334.9071,0.0006,0.0001,3.3491,0.0149,-0.0006,38.0693,0.0014,-0.0001,0.3807,0.0173,0.005,64.2127,0.0017,0.0005,0.6421,0.0083,-0.0049,53.5989,0.0008,-0.0005,0.536,e93a2b3,,18992fa,2026-09-04T19:21:08+00:00
74262,3.1466,0.0,0.0,0.0,0.0,0.0,105.9347,0.0,0.0,1.0593,,,,,,,,,,,,,0.0,-0.0001,4.0038,0.0,-0.0,0.04,0.0001,0.0001,285.9961,0.0,0.0,2.86,0.0002,0.0001,274.4577,0.0,0.0,2.7446,0.0,-0.0,81.825,0.0,-0.0,0.8182,0.0,-0.0,45.3385,0.0,-0.0,0.4534,,,,,,,,,,,,,,,,,,,e93a2b3,,18992fa,2026-09-04T19:21:08+00:00
74268,9.0014,0.0001,0.0,0.0001,0.0003,0.0002,412.9171,0.0,0.0,4.1292,0.0,-0.0005,0.6729,0.0,-0.0,0.0067,,,,,,,0.0,-0.0001,43.8574,0.0,-0.0,0.4386,0.0005,0.0003,364.1075,0.0,0.0,3.6411,0.0009,0.0007,387.8566,0.0001,0.0001,3.8786,0.0002,0.0,142.8415,0.0,0.0,1.4284,0.0003,0.0001,150.0979,0.0,0.0,1.501,0.0,-0.0004,2.3353,0.0,-0.0,0.0234,0.0,-0.0004,0.7146,0.0,-0.0,0.0071,0.0,-0.0003,6.4901,0.0,-0.0,0.0649,e93a2b3,,18992fa,2026-09-04T19:21:08+00:00
74269,11.3263,0.0003,0.0,0.0003,0.0122,0.0119,2053.7161,0.0011,0.0011,20.5371,0.0,-0.0006,2.9785,0.0,-0.0001,0.0298,0.0005,-0.0003,46.6128,0.0,-0.0,0.4661,0.0014,0.0011,207.2109,0.0001,0.0001,2.0721,0.0025,0.0022,705.3206,0.0002,0.0002,7.0532,0.0003,-0.0003,54.6215,0.0,-0.0,0.5462,0.0005,0.0002,269.9759,0.0001,0.0,2.6998,0.0004,0.0001,110.4869,0.0,0.0,1.1049,0.0003,-0.0002,37.0727,0.0,-0.0,0.3707,0.0001,-0.0004,11.5789,0.0,-0.0,0.1158,0.0,-0.0004,3.2597,0.0,-0.0,0.0326,e93a2b3,,18992fa,2026-09-04T19:21:08+00:00
74282,9.1416,0.0001,0.0,0.0001,0.0,0.0,93.2562,0.0,0.0,0.9326,0.0,-0.0001,2.8438,0.0,-0.0,0.0284,0.0,-0.0002,1.0096,0.0,-0.0,0.0101,0.0002,0.0001,1595.4462,0.0,0.0,15.9545,0.0002,0.0001,453.65,0.0,0.0,4.5365,0.0,-0.0001,8.1376,0.0,-0.0,0.0814,0.0001,-0.0,185.7194,0.0,-0.0,1.8572,0.0006,0.0005,1859.4727,0.0001,0.0,18.5947,0.0001,0.0,83.0588,0.0,0.0,0.8306,0.0,-0.0001,11.5248,0.0,-0.0,0.1152,0.0001,0.0,58.1534,0.0,0.0,0.5815,e93a2b3,,18992fa,2026-09-04T19:21:08+00:00
74284,12.2251,0.0003,0.0,0.0003,0.0,-0.0006,0.1908,0.0,-0.0001,0.0019,0.0002,-0.0001,143.1773,0.0,-0.0,1.4318,0.0,-0.0002,12.3012,0.0,-0.0,0.123,0.0021,0.0018,1132.0416,0.0002,0.0002,11.3204,0.0,-0.0002,21.2441,0.0,-0.0,0.2124,0.0001,-0.0003,21.3845,0.0,-0.0,0.2138,0.0,-0.0003,33.1162,0.0,-0.0,0.3312,0.0019,0.0016,1431.6693,0.0002,0.0001,14.3167,0.004,0.0038,1591.5713,0.0004,0.0003,15.9157,0.0005,0.0002,89.6914,0.0,0.0,0.8969,0.0019,0.0016,1297.1547,0.0002,0.0001,12.9715,e93a2b3,,18992fa,2026-09-04T19:21:08+00:00
74285,9.7727,0.0001,0.0,0.0001,0.0,-0.0,2.2127,0.0,-0.0,0.0221,0.0001,0.0,97.2702,0.0,0.0,0.9727,0.0,-0.0002,1.4036,0.0,-0.0,0.014,0.0001,0.0001,292.2767,0.0,0.0,2.9228,0.0,-0.0,51.711,0.0,-0.0,0.5171,,,,,,,0.0,-0.0001,31.9326,0.0,-0.0,0.3193,0.0017,0.0016,4716.854,0.0002,0.0002,47.1685,0.0002,0.0001,323.7155,0.0,0.0,3.2372,0.0,-0.0002,0.234,0.0,-0.0,0.0023,0.0003,0.0001,136.1422,0.0,0.0,1.3614,e93a2b3,,18992fa,2026-09-04T19:21:08+00:00
74286,11.9729,0.0001,0.0,0.0001,0.0,-0.0001,5.9682,0.0,-0.0,0.0597,0.0001,-0.0001,48.6021,0.0,-0.0,0.486,0.0,-0.0002,17.8375,0.0,-0.0,0.1784,0.0015,0.0013,1071.4276,0.0001,0.0001,10.7143,0.0,-0.0001,19.2434,0.0,-0.0,0.1924,0.0,-0.0002,2.7497,0.0,-0.0,0.0275,0.0001,-0.0001,84.3052,0.0,-0.0,0.8431,0.0021,0.002,2818.6394,0.0002,0.0002,28.1864,0.0013,0.0012,956.9769,0.0001,0.0001,9.5698,0.0,-0.0002,12.2692,0.0,-0.0,0.1227,0.0011,0.0009,767.9353,0.0001,0.0001,7.6794,e93a2b3,,18992fa,2026-09-04T19:21:08+00:00
74287,15.869,0.0047,0.0004,0.0047,0.0016,-0.0031,80.9971,0.0001,-0.0003,0.81,0.0008,-0.0048,27.5044,0.0001,-0.0004,0.275,0.0004,-0.0061,30.1751,0.0,-0.0005,0.3018,0.0186,0.0139,424.3258,0.0016,0.0012,4.2433,0.014,0.0092,196.1245,0.0012,0.0008,1.9612,0.0117,0.0058,52.1463,0.001,0.0005,0.5215,0.0004,-0.0043,93.7744,0.0,-0.0004,0.9377,0.0147,0.01,3049.2407,0.0013,0.0009,30.4924,0.0628,0.0581,1767.7307,0.0054,0.005,17.6773,0.0068,0.0013,179.1057,0.0006,0.0001,1.7911,0.0068,0.0017,480.6914,0.0006,0.0002,4.8069,e93a2b3,,18992fa,2026-09-04T19:21:08+00:00
74288,16.9865,0.0017,0.0002,0.0017,0.0,-0.0015,2.3639,0.0,-0.0001,0.0236,0.0001,-0.0016,19.0128,0.0,-0.0001,0.1901,0.0,-0.0009,1.3187,0.0,-0.0001,0.0132,0.0098,0.0081,1445.1388,0.0009,0.0007,14.4514,0.0021,0.0004,57.1163,0.0002,0.0,0.5712,0.0001,-0.0014,10.8397,0.0,-0.0001,0.1084,0.0001,-0.0016,30.3023,0.0,-0.0001,0.303,0.0023,0.0006,221.5628,0.0002,0.0,2.2156,0.0676,0.0659,5113.6914,0.0059,0.0058,51.1369,0.0104,0.0087,711.562,0.0009,0.0008,7.1156,0.0043,0.0025,740.1669,0.0004,0.0002,7.4017,e93a2b3,,18992fa,2026-09-04T19:21:08+00:00
74289,18.6235,0.0112,0.0009,0.0112,0.0006,-0.0106,4.6553,0.0,-0.0009,0.0466,0.0004,-0.0108,6.8267,0.0,-0.0009,0.0683,0.0001,-0.0133,0.5649,0.0,-0.0011,0.0056,0.036,0.0248,594.3416,0.0031,0.0021,5.9434,0.0289,0.0177,211.9491,0.0024,0.0015,2.1195,0.0215,0.0103,128.9118,0.0018,0.0009,1.2891,0.0007,-0.0105,6.1317,0.0001,-0.0009,0.0613,0.0302,0.019,233.3968,0.0025,0.0016,2.334,0.1341,0.1229,3695.6838,0.0115,0.0105,36.9568,0.0205,0.0094,651.067,0.0018,0.0008,6.5107,0.0055,-0.0057,111.803,0.0005,-0.0005,1.118,e93a2b3,,18992fa,2026-09-04T19:21:08+00:00
74290,27.7223,0.0012,0.0001,0.0012,0.0004,-0.0016,11.6386,0.0,-0.0001,0.1164,0.0006,-0.0006,54.3736,0.0,-0.0,0.5437,0.0,-0.0012,0.3089,0.0,-0.0001,0.0031,0.0165,0.0153,1501.7224,0.0013,0.0012,15.0172,0.0001,-0.0011,7.2162,0.0,-0.0001,0.0722,0.0008,-0.0004,66.2532,0.0001,-0.0,0.6625,0.0046,0.0034,456.6176,0.0004,0.0003,4.5662,0.0002,-0.001,11.0919,0.0,-0.0001,0.1109,0.0211,0.0199,1987.9291,0.0017,0.0016,19.8793,0.0056,0.0044,546.562,0.0004,0.0003,5.4656,0.0015,0.0003,121.0962,0.0001,0.0,1.211,e93a2b3,,18992fa,2026-09-04T19:21:08+00:00
74294,30.73,0.0191,0.0018,0.0191,0.0313,-0.0484,16.4232,0.0029,-0.0045,0.1642,0.0296,0.0101,452.6767,0.0028,0.0009,4.5268,0.0219,-0.0036,166.9655,0.002,-0.0003,1.6697,0.0123,-0.0069,1087.4464,0.0011,-0.0006,10.8745,0.0358,0.0167,1502.5597,0.0033,0.0015,15.0256,0.0226,0.0022,49.4658,0.0021,0.0002,0.4947,0.0286,0.0089,203.3872,0.0027,0.0008,2.0339,0.0177,-0.0014,208.0763,0.0017,-0.0001,2.0808,0.047,0.0279,464.6019,0.0044,0.0026,4.646,0.0215,0.0013,79.7549,0.002,0.0001,0.7975,0.0124,-0.0072,71.5979,0.0012,-0.0007,0.716,e93a2b3,,18992fa,2026-09-04T19:21:08+00:00
74295,19.6116,0.0018,0.0002,0.0018,0.0,-0.0028,0.1197,0.0,-0.0002,0.0012,0.0013,-0.0005,147.1531,0.0001,-0.0,1.4715,0.0006,-0.0009,25.9939,0.0001,-0.0001,0.2599,0.0031,0.0013,196.1124,0.0003,0.0001,1.9611,0.007,0.0051,286.016,0.0006,0.0004,2.8602,0.0,-0.0019,3.1557,0.0,-0.0002,0.0316,0.0,-0.0017,3.4494,0.0,-0.0002,0.0345,0.0025,0.0007,300.2231,0.0002,0.0001,3.0022,0.0365,0.0346,2297.3516,0.0032,0.003,22.9735,0.0058,0.0039,470.143,0.0005,0.0004,4.7014,0.0035,0.0017,366.3862,0.0003,0.0001,3.6639,e93a2b3,,18992fa,2026-09-04T19:21:08+00:00
74296,28.7699,0.0022,0.0002,0.0022,0.0001,-0.0058,0.9367,0.0,-0.0005,0.0094,0.0046,0.0024,158.0556,0.0004,0.0002,1.5806,0.0006,-0.0024,21.0037,0.0001,-0.0002,0.21,0.0047,0.0025,177.9989,0.0004,0.0002,1.78,0.0041,0.0018,125.1379,0.0004,0.0002,1.2514,0.001,-0.0013,7.6091,0.0001,-0.0001,0.0761,0.001,-0.0017,21.6193,0.0001,-0.0002,0.2162,0.0018,-0.0004,98.6204,0.0002,-0.0,0.9862,0.015,0.0128,823.0237,0.0013,0.0011,8.2302,0.0113,0.0091,982.4464,0.001,0.0008,9.8245,0.0018,-0.0005,89.638,0.0002,-0.0,0.8964,e93a2b3,,18992fa,2026-09-04T19:21:08+00:00
74297,24.0304,0.0014,0.0001,0.0014,0.0,-0.0019,0.1737,0.0,-0.0002,0.0017,0.0009,-0.0005,58.8238,0.0001,-0.0,0.5882,0.0001,-0.0014,9.3834,0.0,-0.0001,0.0938,0.0109,0.0095,857.8879,0.0009,0.0008,8.5789,0.0085,0.0071,422.2229,0.0007,0.0006,4.2222,0.0007,-0.0006,75.2112,0.0001,-0.0001,0.7521,0.0002,-0.0012,20.0403,0.0,-0.0001,0.2004,0.0008,-0.0006,49.8951,0.0001,-0.0001,0.499,0.0602,0.0588,4638.4028,0.0051,0.005,46.384,0.0047,0.0033,492.7451,0.0004,0.0003,4.9275,0.0017,0.0003,135.3237,0.0001,0.0,1.3532,e93a2b3,,18992fa,2026-09-04T19:21:08+00:00
74298,38.6176,0.0481,0.0042,0.0481,0.062,-0.0233,28.8021,0.0055,-0.0021,0.288,0.047,-0.0011,199.849,0.0041,-0.0001,1.9985,0.0993,0.0187,72.9309,0.0088,0.0017,0.7293,0.0845,0.0364,428.6538,0.0074,0.0032,4.2865,0.0533,0.0052,128.7204,0.0047,0.0005,1.2872,0.0597,0.0116,192.7482,0.0053,0.001,1.9275,0.0462,-0.0019,62.6529,0.0041,-0.0002,0.6265,0.034,-0.0141,50.271,0.003,-0.0012,0.5027,0.0958,0.0477,1837.2473,0.0084,0.0042,18.3725,0.0405,-0.0076,272.3393,0.0036,-0.0007,2.7234,0.0471,-0.001,158.1205,0.0041,-0.0001,1.5812,e93a2b3,,18992fa,2026-09-04T19:21:08+00:00
74299,33.6158,0.0297,0.0026,0.0297,0.0236,-0.0372,12.0963,0.002,-0.0032,0.121,0.0305,0.0009,48.5434,0.0026,0.0001,0.4854,0.0593,-0.0104,42.9535,0.0051,-0.0009,0.4295,0.0827,0.053,2268.6584,0.007,0.0044,22.6866,0.0393,0.0097,185.5214,0.0034,0.0008,1.8552,0.0388,0.0092,369.7618,0.0033,0.0008,3.6976,0.0275,-0.0022,110.23,0.0024,-0.0002,1.1023,0.016,-0.0137,23.7333,0.0014,-0.0012,0.2373,0.0705,0.0408,1832.3765,0.006,0.0034,18.3238,0.0205,-0.0092,299.8346,0.0018,-0.0008,2.9983,0.0302,0.0005,121.6211,0.0026,0.0,1.2162,e93a2b3,,18992fa,2026-09-04T19:21:08+00:00
75210,8.9004,0.0001,0.0,0.0001,,,,,,,0.0004,0.0003,806.2042,0.0,0.0,8.062,0.0004,0.0002,1717.6768,0.0,0.0,17.1768,0.0,-0.0001,21.6952,0.0,-0.0,0.217,0.0026,0.0025,10757.042,0.0003,0.0003,107.5704,0.0,-0.0001,15.1031,0.0,-0.0,0.151,0.0,-0.0001,24.8249,0.0,-0.0,0.2482,0.0,-0.0001,27.0896,0.0,-0.0,0.2709,0.0,-0.0001,16.3025,0.0,-0.0,0.163,0.0003,0.0002,903.5648,0.0,0.0,9.0356,,,,,,,e93a2b3,,18992fa,2026-09-04T19:21:08+00:00
75216,8.1412,0.0005,0.0001,0.0005,0.0027,-0.02,4.8764,0.0003,-0.002,0.0488,0.0009,0.0004,2056.3501,0.0001,0.0,20.5635,0.0015,0.0008,1423.9575,0.0002,0.0001,14.2396,0.0001,-0.001,18.8474,0.0,-0.0001,0.1885,0.0026,0.002,4090.5125,0.0003,0.0002,40.9051,0.0258,0.0166,91.8704,0.0026,0.0017,0.9187,0.0004,-0.0011,41.2118,0.0,-0.0001,0.4121,0.0012,-0.0,90.1793,0.0001,-0.0,0.9018,0.0038,0.0021,37.1188,0.0004,0.0002,0.3712,0.0037,0.0022,193.3575,0.0004,0.0002,1.9336,0.0002,-0.0159,1.7912,0.0,-0.0016,0.0179,e93a2b3,,18992fa,2026-09-04T19:21:08+00:00
75219,21.0793,0.0206,0.002,0.0206,0.0307,-0.0399,18.0192,0.003,-0.0039,0.1802,0.0168,-0.004,249.297,0.0017,-0.0004,2.493,0.0317,0.0109,1433.8671,0.0031,0.0011,14.3387,0.0069,-0.0187,24.7553,0.0007,-0.0018,0.2476,0.0476,0.0242,3323.1025,0.0047,0.0024,33.231,0.0315,0.002,70.3223,0.0031,0.0002,0.7032,0.0228,-0.0015,55.1692,0.0022,-0.0001,0.5517,0.0331,0.0072,143.2286,0.0033,0.0007,1.4323,0.0453,0.0229,377.3052,0.0045,0.0023,3.7731,0.0269,0.0058,1049.1464,0.0026,0.0006,10.4915,0.0144,-0.0283,15.4908,0.0014,-0.0028,0.1549,e93a2b3,,18992fa,2026-09-04T19:21:08+00:00
75231,3.921,0.0,0.0,0.0,,,,,,,0.0,0.0,109.3967,0.0,0.0,1.094,0.0003,0.0003,741.8998,0.0,0.0,7.419,0.0,-0.0001,1.6397,0.0,-0.0,0.0164,0.0,-0.0002,1.0834,0.0,-0.0,0.0108,0.0,-0.0001,4.0895,0.0,-0.0,0.0409,0.0,-0.0,26.8019,0.0,-0.0,0.268,0.0001,-0.0,77.9052,0.0,-0.0,0.7791,0.0,-0.0,35.679,0.0,-0.0,0.3568,0.0002,0.0001,395.5444,0.0,0.0,3.9554,,,,,,,e93a2b3,,18992fa,2026-09-04T19:21:08+00:00
75324,0.0236,,,,,,,,,,,,,,,,,,,,,,,,,,,,,,,,,,,,,,,,,,,,,,,,,,,,,,,,,,,,,,,,,,,,,,e93a2b3,,18992fa,2026-09-04T19:21:08+00:00
75330,0.0101,,,,,,,,,,,,,,,,,,,,,,,,,,,,,,,,,,,,,,,,,,,,,,,,,,,,,,,,,,,,,,,,,,,,,,e93a2b3,,18992fa,2026-09-04T19:21:08+00:00
77120,0.0279,,,,,,,,,,,,,,,,,,,,,,,,,,,,,,,,,,,,,,,,,,,,,,,,,,,,,,,,,,,,,,,,,,,,,,e93a2b3,,18992fa,2026-09-04T19:21:08+00:00
77126,0.0037,,,,,,,,,,,,,,,,,,,,,,,,,,,,,,,,,,,,,,,,,,,,,,,,,,,,,,,,,,,,,,,,,,,,,,e93a2b3,,18992fa,2026-09-04T19:21:08+00:00
77127,0.0012,,,,,,,,,,,,,,,,,,,,,,,,,,,,,,,,,,,,,,,,,,,,,,,,,,,,,,,,,,,,,,,,,,,,,,e93a2b3,,18992fa,2026-09-04T19:21:08+00:00
77129,0.0058,,,,,,,,,,,,,,,,,,,,,,,,,,,,,,,,,,,,,,,,,,,,,,,,,,,,,,,,,,,,,,,,,,,,,,e93a2b3,,18992fa,2026-09-04T19:21:08+00:00
77180,2.1436,0.0001,0.0,0.0001,,,,,,,0.0001,0.0,139.3927,0.0,0.0,1.3939,0.0,-0.0001,1.8161,0.0,-0.0,0.0182,,,,,,,,,,,,,,,,,,,0.0,-0.0001,18.1058,0.0,-0.0,0.1811,0.0,-0.0002,13.7631,0.0,-0.0,0.1376,,,,,,,0.0004,0.0003,1774.4755,0.0,0.0,17.7448,,,,,,,e93a2b3,,18992fa,2026-09-04T19:21:08+00:00
77200,2.3103,0.0,0.0,0.0,,,,,,,0.0001,0.0001,189.1767,0.0,0.0,1.8918,,,,,,,,,,,,,0.0,-0.0001,1.7621,0.0,-0.0,0.0176,0.0,-0.0,38.2205,0.0,-0.0,0.3822,0.0,-0.0001,6.3351,0.0,-0.0,0.0634,0.0,-0.0001,8.1714,0.0,-0.0,0.0817,0.0001,0.0001,507.3033,0.0,0.0,5.073,0.0006,0.0005,792.0444,0.0001,0.0001,7.9204,0.0,-0.0001,16.2646,0.0,-0.0,0.1626,e93a2b3,,18992fa,2026-09-04T19:21:08+00:00
77222,17.7948,0.0003,0.0,0.0003,0.0,-0.0025,0.1953,0.0,-0.0003,0.002,0.0006,0.0002,142.2436,0.0001,0.0,1.4224,0.0012,0.0008,393.5701,0.0001,0.0001,3.9357,0.0001,-0.0008,5.2044,0.0,-0.0001,0.052,0.0031,0.002,95.8775,0.0003,0.0002,0.9588,0.0002,-0.0002,36.5532,0.0,-0.0,0.3655,0.0003,-0.0002,30.2754,0.0,-0.0,0.3028,0.0006,0.0002,90.2686,0.0001,0.0,0.9027,0.0125,0.0121,1218.2006,0.0013,0.0012,12.182,0.0081,0.0077,3365.6394,0.0008,0.0008,33.6564,0.0,-0.0009,3.8108,0.0,-0.0001,0.0381,e93a2b3,,18992fa,2026-09-04T19:21:08+00:00
77227,6.9437,0.0002,0.0,0.0002,,,,,,,0.0001,-0.0,54.2923,0.0,-0.0,0.5429,0.0001,0.0001,180.4416,0.0,0.0,1.8044,0.0,-0.0001,2.8773,0.0,-0.0,0.0288,0.0,-0.0003,0.3208,0.0,-0.0,0.0032,0.0,-0.0,52.0578,0.0,-0.0,0.5206,0.0,-0.0002,11.2035,0.0,-0.0,0.112,0.0001,-0.0,51.701,0.0,-0.0,0.517,0.0001,0.0,182.7505,0.0,0.0,1.8275,0.0009,0.0007,2487.7686,0.0001,0.0001,24.8777,,,,,,,e93a2b3,,18992fa,2026-09-04T19:21:08+00:00
77228,19.0618,0.0002,0.0,0.0002,0.0,-0.0009,0.0824,0.0,-0.0001,0.0008,0.0002,-0.0,82.1054,0.0,-0.0,0.8211,0.0014,0.0012,1017.2305,0.0001,0.0001,10.1723,0.0001,-0.0001,39.7895,0.0,-0.0,0.3979,0.0,-0.0003,18.1342,0.0,-0.0,0.1813,0.0,-0.0002,12.0785,0.0,-0.0,0.1208,0.0004,0.0002,133.3546,0.0,0.0,1.3335,0.0003,0.0001,98.9771,0.0,0.0,0.9898,0.0004,0.0001,186.2488,0.0,0.0,1.8625,0.0061,0.0059,4533.02,0.0006,0.0006,45.3302,0.0,-0.0005,0.4546,0.0,-0.0001,0.0045,e93a2b3,,18992fa,2026-09-04T19:21:08+00:00
77229,12.8834,0.0001,0.0,0.0001,,,,,,,0.0001,-0.0,70.8191,0.0,-0.0,0.7082,0.0009,0.0008,724.7331,0.0001,0.0001,7.2473,0.0001,-0.0001,42.6242,0.0,-0.0,0.4262,0.0,-0.0002,6.0326,0.0,-0.0,0.0603,0.0,-0.0001,12.8731,0.0,-0.0,0.1287,0.0001,-0.0,55.8856,0.0,-0.0,0.5589,0.0002,0.0,119.2378,0.0,0.0,1.1924,0.0001,0.0,113.8899,0.0,0.0,1.1389,0.0021,0.002,2031.2731,0.0002,0.0002,20.3127,0.0,-0.0004,0.7713,0.0,-0.0,0.0077,e93a2b3,,18992fa,2026-09-04T19:21:08+00:00
77233,3.4521,0.0001,0.0,0.0001,,,,,,,0.0,-0.0001,43.7513,0.0,-0.0,0.4375,0.0002,0.0001,599.1674,0.0,0.0,5.9917,,,,,,,,,,,,,0.0,-0.0003,11.2192,0.0,-0.0,0.1122,,,,,,,,,,,,,0.0002,0.0,61.6491,0.0,0.0,0.6165,0.0007,0.0005,613.1858,0.0001,0.0001,6.1319,,,,,,,e93a2b3,,18992fa,2026-09-04T19:21:08+00:00
77234,24.7612,0.0017,0.0002,0.0017,0.0,-0.0426,0.0067,0.0,-0.0042,0.0001,0.0017,-0.0001,133.0146,0.0002,-0.0,1.3301,0.0033,0.0016,857.3579,0.0003,0.0002,8.5736,0.0001,-0.0113,0.2518,0.0,-0.0011,0.0025,0.0408,0.0358,613.2011,0.004,0.0035,6.132,0.0042,0.0021,39.6913,0.0004,0.0002,0.3969,0.001,-0.0044,2.9765,0.0001,-0.0004,0.0298,0.0017,-0.0016,11.6656,0.0002,-0.0002,0.1167,0.0579,0.0558,6201.124,0.0056,0.0054,62.0112,0.0076,0.0055,849.5313,0.0007,0.0005,8.4953,0.0003,-0.0043,8.8133,0.0,-0.0004,0.0881,e93a2b3,,18992fa,2026-09-04T19:21:08+00:00
77236,27.0384,0.0004,0.0,0.0004,,,,,,,0.0005,0.0002,132.6018,0.0001,0.0,1.326,0.0023,0.002,1099.031,0.0002,0.0002,10.9903,0.0,-0.001,0.592,0.0,-0.0001,0.0059,0.0,-0.001,0.8717,0.0,-0.0001,0.0087,0.0001,-0.0003,8.4795,0.0,-0.0,0.0848,0.0001,-0.0002,12.8642,0.0,-0.0,0.1286,0.0001,-0.0002,20.895,0.0,-0.0,0.209,0.0136,0.0133,1994.0459,0.0014,0.0013,19.9405,0.0057,0.0054,2278.7183,0.0006,0.0005,22.7872,0.0,-0.0005,6.9338,0.0,-0.0,0.0693,e93a2b3,,18992fa,2026-09-04T19:21:08+00:00
77238,32.0752,0.001,0.0001,0.001,0.0001,-0.0034,2.0339,0.0,-0.0003,0.0203,0.0009,-0.0002,97.617,0.0001,-0.0,0.9762,0.0034,0.0024,706.3856,0.0003,0.0002,7.0639,0.0001,-0.003,2.8261,0.0,-0.0003,0.0283,0.0299,0.0276,636.9791,0.003,0.0027,6.3698,0.0011,0.0001,33.8447,0.0001,0.0,0.3384,0.0007,-0.0005,28.5146,0.0001,-0.0,0.2851,0.0001,-0.0013,2.7146,0.0,-0.0001,0.0271,0.0532,0.0521,7324.7554,0.0053,0.0052,73.2476,0.0038,0.0027,644.8682,0.0004,0.0003,6.4487,0.0001,-0.001,20.3677,0.0,-0.0001,0.2037,e93a2b3,,18992fa,2026-09-04T19:21:08+00:00
77239,30.8873,0.0005,0.0001,0.0005,0.0,-0.0024,0.8023,0.0,-0.0002,0.008,0.0007,0.0002,150.918,0.0001,0.0,1.5092,0.0037,0.0032,1080.333,0.0004,0.0003,10.8033,0.0,-0.001,1.992,0.0,-0.0001,0.0199,0.011,0.01,460.757,0.0011,0.001,4.6076,0.0003,-0.0002,36.1292,0.0,-0.0,0.3613,0.0005,-0.0001,46.5704,0.0,-0.0,0.4657,0.0,-0.0007,1.4185,0.0,-0.0001,0.0142,0.0361,0.0356,4739.2197,0.0036,0.0035,47.3922,0.0037,0.0032,977.4943,0.0004,0.0003,9.7749,0.0001,-0.0004,24.542,0.0,-0.0,0.2454,e93a2b3,,18992fa,2026-09-04T19:21:08+00:00
77240,23.0672,0.0003,0.0,0.0003,0.0,-0.002,0.1634,0.0,-0.0002,0.0016,0.0005,0.0002,176.2586,0.0,0.0,1.7626,0.0014,0.0011,1060.3413,0.0001,0.0001,10.6034,0.0,-0.0004,5.4017,0.0,-0.0,0.054,0.0007,0.0002,53.5479,0.0001,0.0,0.5355,0.0001,-0.0003,8.4234,0.0,-0.0,0.0842,0.0001,-0.0003,21.5512,0.0,-0.0,0.2155,0.0004,0.0001,131.8061,0.0,0.0,1.3181,0.0036,0.0033,642.7724,0.0004,0.0003,6.4277,0.0038,0.0035,1477.8579,0.0004,0.0004,14.7786,0.0,-0.0003,21.886,0.0,-0.0,0.2189,e93a2b3,,18992fa,2026-09-04T19:21:08+00:00
77250,27.2044,0.0003,0.0,0.0003,0.0,-0.0015,1.48,0.0,-0.0001,0.0148,0.0002,-0.0,91.2307,0.0,-0.0,0.9123,0.0037,0.0034,14426.125,0.0004,0.0003,144.2613,0.0,-0.0017,1.2996,0.0,-0.0002,0.013,0.0126,0.012,658.7149,0.0012,0.0012,6.5871,0.0003,0.0,23.7076,0.0,0.0,0.2371,0.0001,-0.0002,31.0499,0.0,-0.0,0.3105,0.0001,-0.0005,14.0271,0.0,-0.0,0.1403,0.0157,0.0154,2389.7048,0.0015,0.0015,23.897,0.0014,0.0011,736.8867,0.0001,0.0001,7.3689,0.0001,-0.0002,77.2148,0.0,-0.0,0.7721,e93a2b3,,18992fa,2026-09-04T19:21:08+00:00
77260,29.5645,0.0279,0.0027,0.0279,0.0931,-0.1098,33.6436,0.0091,-0.0108,0.3364,0.0273,-0.0008,292.0194,0.0027,-0.0001,2.9202,0.0401,0.0121,6874.4727,0.0039,0.0012,68.7447,0.0183,-0.038,13.8619,0.0018,-0.0037,0.1386,0.0614,0.0306,1972.9918,0.006,0.003,19.7299,0.0325,0.0017,36.6734,0.0032,0.0002,0.3667,0.0228,-0.0055,66.6719,0.0022,-0.0005,0.6667,0.0501,0.0057,115.3007,0.0049,0.0006,1.153,0.0761,0.0478,2721.4402,0.0075,0.0047,27.2144,0.0323,0.0,444.6234,0.0032,0.0,4.4462,0.0109,-0.0245,56.4662,0.0011,-0.0024,0.5647,e93a2b3,,18992fa,2026-09-04T19:21:08+00:00
77270,31.9062,0.0037,0.0004,0.0037,0.0004,-0.0206,1.2764,0.0,-0.002,0.0128,0.0027,-0.001,115.0369,0.0003,-0.0001,1.1504,0.0111,0.0073,19846.5605,0.0011,0.0007,198.4657,0.0008,-0.0154,2.3855,0.0001,-0.0015,0.0239,0.0356,0.0303,795.8453,0.0035,0.0029,7.9585,0.0142,0.0103,217.2732,0.0014,0.001,2.1727,0.0038,-0.0031,20.2376,0.0004,-0.0003,0.2024,0.0056,-0.0032,57.264,0.0005,-0.0003,0.5726,0.0411,0.0373,2493.6299,0.004,0.0036,24.9363,0.0195,0.0152,614.0874,0.0019,0.0015,6.1409,0.0009,-0.0036,89.9213,0.0001,-0.0004,0.8992,e93a2b3,,18992fa,2026-09-04T19:21:08+00:00
77280,48.6576,0.1286,0.0123,0.1286,0.1074,-0.0728,44.9446,0.0103,-0.007,0.4494,0.1424,0.0138,239.3251,0.0137,0.0013,2.3933,0.1556,0.0268,305.8345,0.015,0.0026,3.0583,0.0754,-0.085,32.7382,0.0072,-0.0082,0.3274,0.2148,0.086,852.1072,0.0206,0.0083,8.5211,0.1294,0.0008,85.811,0.0124,0.0001,0.8581,0.1076,-0.0269,70.2577,0.0103,-0.0026,0.7026,0.1286,-0.0051,109.4092,0.0124,-0.0005,1.0941,0.249,0.1204,6425.0396,0.0239,0.0116,64.2504,0.1478,0.015,117.8168,0.0142,0.0014,1.1782,0.0998,-0.0288,85.8998,0.0096,-0.0028,0.859,e93a2b3,,18992fa,2026-09-04T19:21:08+00:00
77291,34.7999,0.0125,0.0012,0.0125,0.0046,-0.068,3.5255,0.0004,-0.0065,0.0353,0.0127,-0.0003,191.6311,0.0012,-0.0,1.9163,0.0299,0.0147,500.0941,0.0029,0.0014,5.0009,0.0039,-0.0361,3.9827,0.0004,-0.0034,0.0398,0.0554,0.0412,1015.2303,0.0053,0.0039,10.1523,0.0259,0.0134,189.1244,0.0025,0.0013,1.8912,0.012,-0.0068,29.4564,0.0011,-0.0007,0.2946,0.0119,-0.0061,63.0973,0.0011,-0.0006,0.631,0.0945,0.082,6661.5938,0.009,0.0078,66.6159,0.0307,0.0165,413.4085,0.0029,0.0016,4.1341,0.009,-0.0047,147.6369,0.0009,-0.0005,1.4764,e93a2b3,,18992fa,2026-09-04T19:21:08+00:00
77292,43.5714,0.0558,0.0053,0.0558,0.0433,-0.0773,14.6381,0.0041,-0.0073,0.1464,0.069,0.0132,309.5273,0.0065,0.0013,3.0953,0.0513,-0.0057,31.9071,0.0049,-0.0005,0.3191,0.0313,-0.0389,11.6807,0.003,-0.0037,0.1168,0.1216,0.0659,856.7762,0.0115,0.0062,8.5678,0.0605,0.0047,87.2491,0.0057,0.0004,0.8725,0.0453,-0.0105,43.4992,0.0043,-0.001,0.435,0.0558,0.0001,180.1083,0.0053,0.0,1.8011,0.2129,0.1571,6270.1958,0.0202,0.0149,62.702,0.0764,0.0207,206.2054,0.0073,0.002,2.0621,0.0406,-0.0151,107.3426,0.0039,-0.0014,1.0734,e93a2b3,,18992fa,2026-09-04T19:21:08+00:00
77294,50.6311,0.0863,0.0081,0.0863,0.0237,-0.1088,10.7452,0.0022,-0.0102,0.1075,0.0838,-0.0025,273.115,0.0079,-0.0002,2.7311,0.1798,0.0891,194.4994,0.0169,0.0084,1.945,0.0382,-0.0663,19.1938,0.0036,-0.0062,0.1919,0.1953,0.109,2593.2742,0.0184,0.0103,25.9327,0.1222,0.0359,162.5021,0.0115,0.0034,1.625,0.0545,-0.0318,40.6592,0.0051,-0.003,0.4066,0.0582,-0.0289,55.4554,0.0055,-0.0027,0.5546,0.2856,0.1993,7682.4404,0.0269,0.0188,76.8244,0.1268,0.0405,224.3047,0.0119,0.0038,2.243,0.062,-0.0243,66.0192,0.0058,-0.0023,0.6602,e93a2b3,,18992fa,2026-09-04T19:21:08+00:00
77295,41.2895,0.0154,0.0014,0.0154,0.0004,-0.0871,0.2986,0.0,-0.0082,0.003,0.0152,-0.0002,396.9281,0.0014,-0.0,3.9693,0.0327,0.0113,48.46,0.0031,0.0011,0.4846,0.0027,-0.0193,3.0384,0.0003,-0.0018,0.0304,0.0562,0.0408,2256.2292,0.0053,0.0038,22.5623,0.0353,0.02,151.6775,0.0033,0.0019,1.5168,0.0075,-0.0079,11.104,0.0007,-0.0007,0.111,0.0158,-0.0007,100.0882,0.0015,-0.0001,1.0009,0.1619,0.1465,15356.2441,0.0152,0.0138,153.5624,0.0222,0.0069,121.9348,0.0021,0.0006,1.2193,0.0034,-0.0119,126.2405,0.0003,-0.0011,1.2624,e93a2b3,,18992fa,2026-09-04T19:21:08+00:00
77296,52.8082,0.1125,0.0106,0.1125,0.0743,-0.0927,26.733,0.007,-0.0087,0.2673,0.1272,0.0148,179.5801,0.0119,0.0014,1.7958,0.0976,-0.0148,39.1461,0.0092,-0.0014,0.3915,0.0729,-0.0396,29.9594,0.0068,-0.0037,0.2996,0.2173,0.1048,1120.7358,0.0204,0.0098,11.2074,0.1348,0.0224,114.3488,0.0127,0.0021,1.1435,0.0966,-0.0158,79.3715,0.0091,-0.0015,0.7937,0.1193,0.0068,427.7369,0.0112,0.0006,4.2774,0.3063,0.1939,2411.9224,0.0287,0.0182,24.1192,0.1505,0.0381,195.3504,0.0141,0.0036,1.9535,0.0817,-0.0307,67.6566,0.0077,-0.0029,0.6766,e93a2b3,,18992fa,2026-09-04T19:21:08+00:00
77297,46.9254,0.0483,0.0045,0.0483,0.008,-0.0596,4.221,0.0008,-0.0056,0.0422,0.0522,0.0039,199.7977,0.0049,0.0004,1.998,0.056,0.0077,51.5743,0.0052,0.0007,0.5157,0.0136,-0.0347,8.8655,0.0013,-0.0032,0.0887,0.1372,0.0889,1037.418,0.0128,0.0083,10.3742,0.105,0.0568,444.7269,0.0098,0.0053,4.4473,0.0369,-0.0113,59.1848,0.0035,-0.0011,0.5918,0.0401,-0.0082,170.9313,0.0037,-0.0008,1.7093,0.223,0.1747,1986.1217,0.0208,0.0163,19.8612,0.0679,0.0196,135.7088,0.0063,0.0018,1.3571,0.0243,-0.024,50.905,0.0023,-0.0022,0.509,e93a2b3,,18992fa,2026-09-04T19:21:08+00:00
77298,50.1953,0.0581,0.0054,0.0581,0.0169,-0.0617,7.0896,0.0016,-0.0057,0.0709,0.0614,0.0033,360.1761,0.0057,0.0003,3.6018,0.0834,0.0253,129.3841,0.0077,0.0023,1.2938,0.0239,-0.0342,14.6015,0.0022,-0.0032,0.146,0.1595,0.1014,2779.1943,0.0148,0.0094,27.7919,0.0799,0.0218,121.7632,0.0074,0.002,1.2176,0.0506,-0.0075,86.3789,0.0047,-0.0007,0.8638,0.0326,-0.0255,47.6585,0.003,-0.0024,0.4766,0.194,0.1359,3260.1836,0.018,0.0126,32.6018,0.0969,0.0388,365.6668,0.009,0.0036,3.6567,0.0415,-0.0166,67.5186,0.0039,-0.0015,0.6752,e93a2b3,,18992fa,2026-09-04T19:21:08+00:00
77299,53.2026,0.0814,0.0074,0.0814,0.0465,-0.0454,18.0984,0.0042,-0.0041,0.181,0.0817,0.0003,458.3629,0.0074,0.0,4.5836,0.1414,0.06,164.5257,0.0128,0.0054,1.6453,0.077,-0.0044,37.2607,0.007,-0.0004,0.3726,0.1411,0.0597,1780.7787,0.0129,0.0055,17.8078,0.0895,0.0081,109.3922,0.0081,0.0007,1.0939,0.0718,-0.0096,79.1626,0.0065,-0.0009,0.7916,0.046,-0.0354,46.0967,0.0042,-0.0032,0.461,0.2043,0.123,3003.4453,0.0187,0.0113,30.0345,0.0983,0.0169,245.5276,0.0089,0.0016,2.4553,0.0767,-0.0046,86.1276,0.007,-0.0004,0.8613,e93a2b3,,18992fa,2026-09-04T19:21:08+00:00
77320,17.0467,0.0124,0.0012,0.0124,0.003,-0.3705,0.7233,0.0003,-0.0363,0.0072,0.0164,-0.0016,83.7992,0.0016,-0.0002,0.838,0.0708,0.0501,992.2497,0.007,0.0049,9.9225,0.0537,-0.056,22.5313,0.0053,-0.0055,0.2253,0.2745,0.1926,5009.5557,0.027,0.0189,50.0956,0.0107,-0.0164,67.4691,0.0011,-0.0016,0.6747,0.0576,-0.0675,24.7273,0.0057,-0.0066,0.2473,0.0113,-0.0382,29.3934,0.0011,-0.0038,0.2939,0.0956,0.0819,8801.1973,0.0094,0.0081,88.012,0.0219,0.0068,4119.4077,0.0022,0.0007,41.1941,0.0493,0.004,112.3132,0.0049,0.0004,1.1231,e93a2b3,,18992fa,2026-09-04T19:21:08+00:00
77330,41.8832,0.02,0.0019,0.02,0.0253,-0.3959,5.1645,0.0025,-0.0385,0.0516,0.0229,0.0029,209.3449,0.0022,0.0003,2.0934,0.0523,0.0323,298.9649,0.0051,0.0031,2.9896,0.0732,-0.0317,28.148,0.0071,-0.0031,0.2815,0.1106,0.0674,1077.2164,0.0107,0.0065,10.7722,0.0111,-0.0093,17.9881,0.0011,-0.0009,0.1799,0.0344,-0.0175,14.9458,0.0033,-0.0017,0.1495,0.0148,-0.0184,11.0432,0.0014,-0.0018,0.1104,0.1257,0.1057,10729.4307,0.0122,0.0103,107.2943,0.0296,0.0096,1559.9552,0.0029,0.0009,15.5996,0.0253,-0.0002,49.8581,0.0025,-0.0,0.4986,e93a2b3,,18992fa,2026-09-04T19:21:08+00:00
77340,41.7762,0.0109,0.001,0.0109,0.0001,-0.0725,0.0916,0.0,-0.0069,0.0009,0.0165,0.0055,407.7788,0.0016,0.0005,4.0778,0.0213,0.0104,137.8316,0.002,0.001,1.3783,0.0056,-0.0081,3.9962,0.0005,-0.0008,0.04,0.0431,0.0311,557.9044,0.0041,0.003,5.579,0.0077,-0.0038,24.0439,0.0007,-0.0004,0.2404,0.008,-0.0045,16.6266,0.0008,-0.0004,0.1663,0.0087,-0.0145,3.3043,0.0008,-0.0014,0.033,0.1658,0.1549,7796.5898,0.0157,0.0147,77.9659,0.0322,0.0213,821.466,0.0031,0.002,8.2147,0.0113,0.0003,177.1105,0.0011,0.0,1.7711,e93a2b3,,18992fa,2026-09-04T19:21:08+00:00
77350,40.3539,0.019,0.0018,0.019,0.0,-0.0468,6.1863,0.0,-0.0045,0.0619,0.0178,-0.0012,86.9991,0.0017,-0.0001,0.87,0.0408,0.0218,559.8138,0.0039,0.0021,5.5981,0.0169,-0.0202,11.0203,0.0016,-0.0019,0.1102,0.0855,0.0623,777.9312,0.0081,0.0059,7.7793,0.0154,-0.0037,295.4291,0.0015,-0.0004,2.9543,0.0225,-0.0091,26.4799,0.0021,-0.0009,0.2648,0.0227,-0.0187,12.1474,0.0022,-0.0018,0.1215,0.1389,0.1199,14911.084,0.0131,0.0113,149.1108,0.0288,0.0099,520.323,0.0027,0.0009,5.2032,0.0258,0.0068,1116.6525,0.0024,0.0006,11.1665,e93a2b3,,18992fa,2026-09-04T19:21:08+00:00
77360,42.4771,0.012,0.0011,0.012,0.0002,-0.012,58.2518,0.0,-0.0011,0.5825,0.0073,-0.0052,18.99,0.0007,-0.0005,0.1899,0.0244,0.0124,2516.9236,0.0022,0.0011,25.1693,0.0012,-0.0112,7.4826,0.0001,-0.001,0.0748,0.0562,0.044,1300.9254,0.0051,0.004,13.0093,0.0096,-0.0024,1287.0115,0.0009,-0.0002,12.8701,0.0139,0.0018,65.3889,0.0013,0.0002,0.6539,0.0003,-0.0123,8.5035,0.0,-0.0011,0.085,0.1269,0.1149,47663.3438,0.0116,0.0105,476.6336,0.0131,0.0011,181.1951,0.0012,0.0001,1.812,0.0273,0.0153,2531.3704,0.0025,0.0014,25.3137,e93a2b3,,18992fa,2026-09-04T19:21:08+00:00
77370,44.9018,0.0054,0.0005,0.0054,0.0,-0.0397,0.0083,0.0,-0.0037,0.0001,0.0206,0.0151,974.6812,0.0019,0.0014,9.7468,0.0084,0.0029,375.9334,0.0008,0.0003,3.7593,0.0003,-0.0064,0.816,0.0,-0.0006,0.0082,0.0506,0.0447,843.6155,0.0048,0.0043,8.4362,0.0029,-0.0026,32.9287,0.0003,-0.0002,0.3293,0.0017,-0.0043,8.1997,0.0002,-0.0004,0.082,0.0002,-0.006,2.3905,0.0,-0.0006,0.0239,0.1756,0.1702,9098.625,0.0167,0.0162,90.9863,0.025,0.0195,937.8763,0.0024,0.0019,9.3788,0.0044,-0.0016,90.0324,0.0004,-0.0002,0.9003,e93a2b3,,18992fa,2026-09-04T19:21:08+00:00
77381,39.1007,0.0583,0.0054,0.0583,0.0279,-0.1296,10.5032,0.0026,-0.012,0.105,0.059,0.0007,667.9661,0.0055,0.0001,6.6797,0.0792,0.0194,661.2617,0.0074,0.0018,6.6126,0.035,-0.0527,15.0783,0.0032,-0.0049,0.1508,0.1124,0.046,480.9095,0.0105,0.0043,4.8091,0.067,0.0087,76.9728,0.0062,0.0008,0.7697,0.0484,-0.0128,42.0495,0.0045,-0.0012,0.4205,0.0594,-0.0509,31.2145,0.0055,-0.0047,0.3121,0.1758,0.1175,9921.3184,0.0164,0.011,99.2132,0.091,0.0304,380.288,0.0085,0.0028,3.8029,0.0502,-0.0085,197.9743,0.0047,-0.0008,1.9797,e93a2b3,,18992fa,2026-09-04T19:21:08+00:00
77382,41.3227,0.0003,0.0,0.0003,,,,,,,0.0005,0.0002,162.6265,0.0001,0.0,1.6263,0.0127,0.0124,4028.6509,0.0012,0.0012,40.2865,0.0,-0.0003,0.6955,0.0,-0.0,0.007,0.0001,-0.0002,31.0358,0.0,-0.0,0.3104,0.0008,0.0005,254.5961,0.0001,0.0001,2.546,0.0,-0.0003,3.7459,0.0,-0.0,0.0375,0.0,-0.0003,8.7984,0.0,-0.0,0.088,0.0509,0.0505,14803.2002,0.0049,0.0049,148.032,0.0053,0.0049,1626.453,0.0005,0.0005,16.2645,0.0,-0.0003,15.9232,0.0,-0.0,0.1592,e93a2b3,,18992fa,2026-09-04T19:21:08+00:00
77383,44.4837,0.0198,0.0019,0.0198,0.0014,-0.0533,1.0477,0.0001,-0.0052,0.0105,0.0166,-0.0031,124.6511,0.0016,-0.0003,1.2465,0.0266,0.0069,814.4083,0.0026,0.0007,8.1441,0.0018,-0.026,2.1186,0.0002,-0.0025,0.0212,0.0946,0.0748,713.1831,0.0092,0.0073,7.1318,0.0554,0.0357,315.3451,0.0054,0.0035,3.1535,0.0145,-0.0057,30.9878,0.0014,-0.0005,0.3099,0.0188,-0.0108,35.7084,0.0018,-0.001,0.3571,0.1475,0.1277,3073.6167,0.0143,0.0124,30.7362,0.0614,0.0416,551.1621,0.0059,0.004,5.5116,0.0077,-0.0121,242.5404,0.0007,-0.0012,2.4254,e93a2b3,,18992fa,2026-09-04T19:21:08+00:00
77384,39.3255,0.001,0.0001,0.001,,,,,,,0.0007,-0.0003,118.9359,0.0001,-0.0,1.1894,0.0046,0.0036,1160.6733,0.0005,0.0004,11.6067,0.0,-0.0019,0.2135,0.0,-0.0002,0.0021,0.0071,0.0063,205.2546,0.0007,0.0006,2.0525,0.0013,0.0004,87.4946,0.0001,0.0,0.8749,0.0,-0.0008,0.9291,0.0,-0.0001,0.0093,0.0002,-0.0008,18.2034,0.0,-0.0001,0.182,0.0661,0.0651,9692.8994,0.0065,0.0064,96.929,0.0053,0.0043,986.2177,0.0005,0.0004,9.8622,0.0001,-0.0007,13.1602,0.0,-0.0001,0.1316,e93a2b3,,18992fa,2026-09-04T19:21:08+00:00
77416,4.7255,0.0001,0.0,0.0001,,,,,,,0.0003,0.0002,429.5509,0.0,0.0,4.2955,0.0,-0.0001,0.7675,0.0,-0.0,0.0077,0.0,-0.0001,3.0683,0.0,-0.0,0.0307,0.0,-0.0001,17.7535,0.0,-0.0,0.1775,0.0003,0.0002,293.2773,0.0,0.0,2.9328,0.0001,0.0,94.9158,0.0,0.0,0.9492,0.0,-0.0,34.9744,0.0,-0.0,0.3497,0.0035,0.0034,3501.5498,0.0004,0.0003,35.0155,0.0022,0.0021,3038.012,0.0002,0.0002,30.3801,0.0,-0.0001,31.303,0.0,-0.0,0.313,e93a2b3,,18992fa,2026-09-04T19:21:08+00:00
77417,3.4568,0.0001,0.0,0.0001,,,,,,,0.0,-0.0001,19.2452,0.0,-0.0,0.1925,,,,,,,,,,,,,,,,,,,0.0,-0.0001,21.2743,0.0,-0.0,0.2127,,,,,,,0.0,-0.0,50.3135,0.0,-0.0,0.5031,0.0004,0.0003,608.6259,0.0,0.0,6.0863,0.0017,0.0016,2141.6299,0.0002,0.0002,21.4163,0.0001,0.0,131.5675,0.0,0.0,1.3157,e93a2b3,,18992fa,2026-09-04T19:21:08+00:00
77418,5.0281,0.0,0.0,0.0,,,,,,,0.0,-0.0001,14.7209,0.0,-0.0,0.1472,,,,,,,,,,,,,,,,,,,0.0,-0.0,28.207,0.0,-0.0,0.2821,,,,,,,0.0001,-0.0,55.1525,0.0,-0.0,0.5515,0.0005,0.0004,872.6347,0.0,0.0,8.7263,0.0025,0.0024,2608.8452,0.0003,0.0002,26.0885,0.0001,0.0,133.3535,0.0,0.0,1.3335,e93a2b3,,18992fa,2026-09-04T19:21:08+00:00
77440,15.8671,0.0265,0.0026,0.0265,0.0,-0.3504,0.0113,0.0,-0.0348,0.0001,0.0305,0.0014,52.0351,0.003,0.0001,0.5204,0.1751,0.1253,414.7682,0.0174,0.0125,4.1477,0.0328,-0.049,19.5806,0.0033,-0.0049,0.1958,0.2515,0.1725,735.3022,0.025,0.0172,7.353,0.0177,-0.0176,55.4416,0.0018,-0.0017,0.5544,0.0357,-0.0597,15.1063,0.0035,-0.0059,0.1511,0.0091,-0.0295,37.0811,0.0009,-0.0029,0.3708,0.1791,0.152,5581.0366,0.0178,0.0151,55.8104,0.0525,0.0229,2623.136,0.0052,0.0023,26.2314,0.0273,-0.0009,695.1884,0.0027,-0.0001,6.9519,e93a2b3,,18992fa,2026-09-04T19:21:08+00:00
77442,20.554,0.1873,0.0183,0.1873,0.0223,-0.4591,3.7079,0.0022,-0.0449,0.0371,0.2316,0.0192,83.5146,0.0227,0.0019,0.8351,0.5639,0.3208,183.0563,0.0552,0.0314,1.8306,0.2019,-0.0903,59.5642,0.0198,-0.0089,0.5956,0.517,0.2774,217.2035,0.0506,0.0272,2.172,0.1562,-0.0554,134.8563,0.0153,-0.0054,1.3486,0.216,-0.0922,62.111,0.0211,-0.009,0.6211,0.1322,-0.1156,38.1842,0.0129,-0.0113,0.3818,0.6312,0.4412,3236.0881,0.0618,0.0432,32.3609,0.2584,0.046,534.8276,0.0253,0.0045,5.3483,0.1876,-0.0138,1573.9037,0.0184,-0.0013,15.739,e93a2b3,,18992fa,2026-09-04T19:21:08+00:00
77444,32.0148,0.1727,0.0166,0.1727,0.0,-0.3646,0.0045,0.0,-0.0351,0.0,0.1884,0.0158,79.975,0.0181,0.0015,0.7998,0.355,0.1708,121.1827,0.0342,0.0164,1.2118,0.1201,-0.0821,53.9256,0.0116,-0.0079,0.5393,0.4003,0.2239,210.5979,0.0385,0.0215,2.106,0.1838,0.0075,250.4914,0.0177,0.0007,2.5049,0.1973,-0.0464,59.1752,0.019,-0.0045,0.5918,0.1256,-0.0984,30.1929,0.0121,-0.0095,0.3019,0.5845,0.4119,3265.0459,0.0562,0.0396,32.6505,0.2368,0.0641,352.8791,0.0228,0.0062,3.5288,0.1609,-0.0118,1949.7399,0.0155,-0.0011,19.4974,e93a2b3,,18992fa,2026-09-04T19:21:08+00:00
77446,37.3418,0.1099,0.0104,0.1099,0.0,-0.1986,0.0028,0.0,-0.0189,0.0,0.0959,-0.0229,44.8378,0.0091,-0.0022,0.4484,0.2583,0.1377,191.8743,0.0245,0.0131,1.9187,0.073,-0.0523,60.9156,0.0069,-0.005,0.6092,0.4023,0.2852,422.9251,0.0382,0.0271,4.2293,0.0885,-0.0269,173.1563,0.0084,-0.0025,1.7316,0.113,-0.0253,63.1023,0.0107,-0.0024,0.631,0.0802,-0.0692,40.4018,0.0076,-0.0066,0.404,0.5332,0.4233,5861.0557,0.0506,0.0402,58.6106,0.2239,0.1085,569.6089,0.0212,0.0103,5.6961,0.1479,0.0349,2640.0747,0.014,0.0033,26.4007,e93a2b3,,18992fa,2026-09-04T19:21:08+00:00
77449,29.1254,0.0299,0.0028,0.0299,0.0,-0.071,0.3972,0.0,-0.0066,0.004,0.0283,-0.0131,19.2174,0.0026,-0.0012,0.1922,0.0596,0.0232,132.2627,0.0055,0.0022,1.3226,0.0086,-0.0305,13.9189,0.0008,-0.0028,0.1392,0.1228,0.0883,1227.0121,0.0114,0.0082,12.2701,0.0215,-0.0148,108.3494,0.002,-0.0014,1.0835,0.0442,-0.0063,45.2659,0.0041,-0.0006,0.4527,0.0137,-0.0814,5.5604,0.0013,-0.0076,0.0556,0.1972,0.1673,16972.3027,0.0184,0.0156,169.723,0.0516,0.0191,700.8914,0.0048,0.0018,7.0089,0.0601,0.0291,2765.282,0.0056,0.0027,27.6528,e93a2b3,,18992fa,2026-09-04T19:21:08+00:00
77460,10.3381,0.0002,0.0,0.0002,,,,,,,0.0,-0.0005,0.9536,0.0,-0.0,0.0095,0.0001,-0.0001,21.7588,0.0,-0.0,0.2176,0.0,-0.0002,15.084,0.0,-0.0,0.1508,0.0039,0.0037,278.4843,0.0004,0.0003,2.7848,0.0001,-0.0001,56.4575,0.0,-0.0,0.5646,0.0,-0.0008,0.7156,0.0,-0.0001,0.0072,,,,,,,0.0224,0.0222,26751.3848,0.0021,0.0021,267.5137,0.0009,0.0007,1016.5895,0.0001,0.0001,10.1659,0.0054,0.0052,9297.5137,0.0005,0.0005,92.9751,e93a2b3,,18992fa,2026-09-04T19:21:08+00:00
77470,9.0544,0.0002,0.0,0.0002,,,,,,,0.0,-0.0002,2.1737,0.0,-0.0,0.0217,0.0001,-0.0001,45.6095,0.0,-0.0,0.4561,0.0,-0.0002,45.9423,0.0,-0.0,0.4594,0.0019,0.0018,349.0865,0.0002,0.0002,3.4909,0.0001,-0.0,83.7175,0.0,-0.0,0.8372,0.0,-0.0004,0.4342,0.0,-0.0,0.0043,,,,,,,0.0337,0.0335,29073.2305,0.0032,0.0032,290.7323,0.0006,0.0005,223.0809,0.0001,0.0,2.2308,0.0067,0.0065,8940.7217,0.0006,0.0006,89.4072,e93a2b3,,18992fa,2026-09-04T19:21:08+00:00
77480,41.1835,0.0474,0.0043,0.0474,0.0004,-0.0551,8.2537,0.0,-0.0051,0.0825,0.0503,0.0018,41.969,0.0046,0.0002,0.4197,0.0936,0.0458,332.5528,0.0086,0.0042,3.3255,0.0107,-0.0367,40.8779,0.001,-0.0034,0.4088,0.1104,0.0626,1415.5403,0.0102,0.0058,14.1554,0.022,-0.0256,81.2132,0.002,-0.0024,0.8121,0.0454,-0.0059,40.0546,0.0042,-0.0005,0.4005,0.0102,-0.0756,3.1894,0.0009,-0.0069,0.0319,0.2543,0.2069,19521.748,0.0234,0.0191,195.2174,0.0571,0.0092,193.2981,0.0053,0.0009,1.933,0.1194,0.072,4508.209,0.011,0.0066,45.0821,e93a2b3,,18992fa,2026-09-04T19:21:08+00:00
77490,11.4349,0.0001,0.0,0.0001,0.0,-0.0002,4.2999,0.0,-0.0,0.043,0.0,-0.0002,2.9187,0.0,-0.0,0.0292,0.0001,-0.0,50.3131,0.0,-0.0,0.5031,0.0013,0.0012,713.0464,0.0001,0.0001,7.1305,0.0034,0.0033,819.4111,0.0003,0.0003,8.1941,0.0001,-0.0,106.3847,0.0,-0.0,1.0638,0.0,-0.0002,3.1341,0.0,-0.0,0.0313,0.0,-0.0004,0.2124,0.0,-0.0,0.0021,0.0831,0.0829,96437.1016,0.0077,0.0076,964.371,0.0002,0.0,93.2386,0.0,0.0,0.9324,0.0118,0.0116,75118.0703,0.0011,0.0011,751.1807,e93a2b3,,18992fa,2026-09-04T19:21:08+00:00
78100,13.5109,0.0226,0.002,0.0226,0.0009,-0.0445,76.122,0.0001,-0.004,0.7612,0.0349,-0.0007,24.985,0.0032,-0.0001,0.2498,0.0613,0.0205,199.7022,0.0055,0.0019,1.997,0.0094,-0.0154,162.9025,0.0008,-0.0014,1.629,0.0775,0.0286,885.0804,0.007,0.0026,8.8508,0.0217,-0.0016,1381.062,0.002,-0.0001,13.8106,0.0365,0.0035,74.1023,0.0033,0.0003,0.741,0.0223,-0.0611,6.8227,0.002,-0.0055,0.0682,0.0609,0.0383,22415.0117,0.0055,0.0035,224.15,0.0376,-0.0094,66.155,0.0034,-0.0009,0.6615,0.0384,0.0125,3276.4231,0.0035,0.0011,32.7642,e93a2b3,,18992fa,2026-09-04T19:21:08+00:00
78210,24.0633,0.1892,0.0161,0.1892,0.0122,-0.2129,36.0313,0.001,-0.0182,0.3603,0.26,-0.0097,47.4795,0.0222,-0.0008,0.4748,0.4353,0.1656,391.2377,0.0371,0.0142,3.9124,0.2118,0.0226,106.3853,0.0181,0.0019,1.0639,0.2512,-0.0449,137.034,0.0214,-0.0038,1.3703,0.2233,0.0341,697.6615,0.019,0.0029,6.9766,0.286,0.0968,265.2823,0.0244,0.0083,2.6528,0.223,-0.0521,68.4604,0.019,-0.0044,0.6846,0.266,0.0768,784.869,0.0227,0.0066,7.8487,0.1851,-0.0986,39.3085,0.0158,-0.0084,0.3931,0.2557,-0.0194,72.5748,0.0218,-0.0017,0.7257,e93a2b3,,18992fa,2026-09-04T19:21:08+00:00
78220,17.2223,0.0579,0.0051,0.0579,0.0025,-0.0838,52.9041,0.0002,-0.0074,0.529,0.0611,-0.0256,25.0408,0.0054,-0.0023,0.2504,0.1875,0.0932,168.519,0.0166,0.0082,1.6852,0.0411,-0.0223,90.5924,0.0036,-0.002,0.9059,0.1678,0.0532,1092.9529,0.0149,0.0047,10.9295,0.071,0.0096,1876.9481,0.0063,0.0009,18.7695,0.1179,0.0457,225.5685,0.0104,0.004,2.2557,0.0577,-0.053,27.2331,0.0051,-0.0047,0.2723,0.1371,0.0792,2377.9495,0.0121,0.007,23.7795,0.083,-0.0277,36.32,0.0074,-0.0025,0.3632,0.0772,-0.0046,100.9613,0.0069,-0.0004,1.0096,e93a2b3,,18992fa,2026-09-04T19:21:08+00:00
78230,29.0898,0.0793,0.0068,0.0793,0.0023,-0.0862,26.3483,0.0002,-0.0074,0.2635,0.0911,-0.0109,34.1562,0.0078,-0.0009,0.3416,0.2216,0.1369,3812.2559,0.0191,0.0118,38.1226,0.07,-0.0112,55.8055,0.006,-0.001,0.5581,0.1163,0.0323,1911.5082,0.01,0.0028,19.1151,0.0746,-0.0054,761.227,0.0064,-0.0005,7.6123,0.1365,0.0566,261.7736,0.0118,0.0049,2.6177,0.0867,-0.0268,53.6871,0.0075,-0.0023,0.5369,0.1866,0.1072,1753.4802,0.0161,0.0093,17.5348,0.0769,-0.0201,52.7384,0.0066,-0.0017,0.5274,0.092,-0.005,83.7843,0.0079,-0.0004,0.8378,e93a2b3,,18992fa,2026-09-04T19:21:08+00:00
78240,35.7519,0.0475,0.0042,0.0475,0.0013,-0.0496,126.6003,0.0001,-0.0044,1.266,0.0534,-0.0042,26.4852,0.0048,-0.0004,0.2649,0.0899,0.0389,676.3933,0.008,0.0034,6.7639,0.0181,-0.0335,18.2502,0.0016,-0.003,0.1825,0.0778,0.0304,3306.7661,0.0069,0.0027,33.0677,0.0462,-0.0012,2401.8745,0.0041,-0.0001,24.0187,0.0573,0.0098,91.0633,0.0051,0.0009,0.9106,0.0191,-0.0313,16.9002,0.0017,-0.0028,0.169,0.1155,0.068,9212.7549,0.0103,0.006,92.1276,0.0457,-0.0052,59.5276,0.0041,-0.0005,0.5953,0.0683,0.0185,758.738,0.0061,0.0017,7.5874,e93a2b3,,18992fa,2026-09-04T19:21:08+00:00
78250,24.4927,0.0219,0.0019,0.0219,0.0015,-0.0281,86.9152,0.0001,-0.0025,0.8692,0.0305,-0.0047,26.8704,0.0027,-0.0004,0.2687,0.0431,0.0126,261.4988,0.0038,0.0011,2.615,0.0084,-0.0293,9.6861,0.0007,-0.0026,0.0969,0.0763,0.0501,3469.1299,0.0067,0.0044,34.6913,0.0259,0.0032,1101.0892,0.0023,0.0003,11.0109,0.042,0.0194,446.3381,0.0037,0.0017,4.4634,0.0078,-0.021,32.5515,0.0007,-0.0019,0.3255,0.0781,0.0553,3996.7375,0.0069,0.0049,39.9674,0.0231,-0.0099,49.6773,0.002,-0.0009,0.4968,0.047,0.0167,222.788,0.0041,0.0015,2.2279,e93a2b3,,18992fa,2026-09-04T19:21:08+00:00
78261,36.6683,0.2044,0.017,0.2044,0.1491,-0.2278,22.8642,0.0123,-0.019,0.2286,0.3238,0.0601,167.9048,0.0268,0.005,1.679,0.3948,0.0908,3644.7681,0.0328,0.0076,36.4477,0.3257,0.0524,264.2997,0.027,0.0043,2.643,0.2464,-0.0379,1294.1008,0.0205,-0.0031,12.941,0.229,0.0097,246.5731,0.019,0.0008,2.4657,0.3124,0.0619,108.4475,0.0259,0.0051,1.0845,0.2857,-0.0857,49.1792,0.0237,-0.0072,0.4918,0.2975,0.0427,1824.1777,0.0247,0.0036,18.2418,0.2066,-0.1,64.536,0.0171,-0.0083,0.6454,0.2734,-0.0262,145.7946,0.0227,-0.0022,1.4579,e93a2b3,,18992fa,2026-09-04T19:21:08+00:00
78262,49.8301,0.2593,0.0209,0.2593,0.1132,-0.1671,28.3296,0.0091,-0.0134,0.2833,0.3054,0.0461,105.9595,0.0246,0.0037,1.0596,0.3221,0.0628,1598.4648,0.026,0.0051,15.9846,0.4057,0.1464,1577.8057,0.0327,0.0118,15.7781,0.1825,-0.0769,288.4732,0.0147,-0.0062,2.8847,0.2872,0.0279,116.2815,0.0231,0.0022,1.1628,0.321,0.0616,135.8799,0.0259,0.005,1.3588,0.1931,-0.0672,62.8948,0.0155,-0.0054,0.6289,0.3163,0.0569,1514.2637,0.0255,0.0046,15.1426,0.1271,-0.1322,38.6658,0.0102,-0.0107,0.3867,0.2069,-0.0524,78.3787,0.0167,-0.0042,0.7838,e93a2b3,,18992fa,2026-09-04T19:21:08+00:00
78263,35.1718,0.022,0.0018,0.022,0.0,-0.0612,0.0882,0.0,-0.005,0.0009,0.0243,0.001,72.1449,0.002,0.0001,0.7214,0.0708,0.0477,11577.5908,0.0058,0.0039,115.7759,0.0664,0.0443,4352.0249,0.0054,0.0036,43.5203,0.0143,-0.0085,584.4288,0.0012,-0.0007,5.8443,0.014,-0.008,74.0907,0.0011,-0.0007,0.7409,0.0416,0.0164,97.9081,0.0034,0.0013,0.9791,0.0097,-0.0478,16.1755,0.0008,-0.0039,0.1618,0.0777,0.0549,7153.0952,0.0064,0.0045,71.531,0.0017,-0.0219,71.3857,0.0001,-0.0018,0.7139,0.0469,0.0065,63.7598,0.0038,0.0005,0.6376,e93a2b3,,18992fa,2026-09-04T19:21:08+00:00
78264,36.0271,0.1424,0.0119,0.1424,0.0227,-0.2035,5.4228,0.0019,-0.017,0.0542,0.1063,-0.036,60.4028,0.0089,-0.003,0.604,0.1824,0.0136,484.6251,0.0153,0.0011,4.8463,0.1994,0.0543,300.802,0.0167,0.0045,3.008,0.1403,-0.0021,279.032,0.0118,-0.0002,2.7903,0.1699,0.0275,1975.0498,0.0142,0.0023,19.7505,0.1728,0.0298,97.5536,0.0145,0.0025,0.9755,0.1773,-0.0347,62.7175,0.0148,-0.0029,0.6272,0.2205,0.0781,6219.2412,0.0184,0.0065,62.1924,0.0544,-0.0997,19.5311,0.0046,-0.0084,0.1953,0.1403,-0.0178,231.9899,0.0118,-0.0015,2.3199,e93a2b3,,18992fa,2026-09-04T19:21:08+00:00
78265,43.4021,0.1867,0.015,0.1867,0.0429,-0.1589,12.3243,0.0034,-0.0128,0.1232,0.2166,0.0299,89.0857,0.0174,0.0024,0.8909,0.2468,0.0602,3539.4492,0.0199,0.0049,35.3945,0.3009,0.1143,3261.8311,0.0243,0.0093,32.6183,0.1145,-0.0722,220.1407,0.0092,-0.0058,2.2014,0.1784,-0.0083,152.9523,0.0144,-0.0007,1.5295,0.2101,0.0234,107.3737,0.0169,0.0019,1.0737,0.1146,-0.0763,50.957,0.0092,-0.0062,0.5096,0.2605,0.0739,5564.2065,0.0211,0.006,55.6421,0.0913,-0.0954,33.2628,0.0073,-0.0077,0.3326,0.1996,0.0079,98.7789,0.0161,0.0006,0.9878,e93a2b3,,18992fa,2026-09-04T19:21:08+00:00
78266,49.6,0.2275,0.0189,0.2275,0.0945,-0.1333,30.4266,0.0079,-0.0111,0.3043,0.2014,-0.026,72.8405,0.0168,-0.0022,0.7284,0.2563,0.0288,209.6548,0.0213,0.0024,2.0965,0.3832,0.1557,428.2722,0.0319,0.013,4.2827,0.2238,-0.0037,164.2276,0.0187,-0.0003,1.6423,0.2504,0.0229,118.5601,0.0208,0.0019,1.1856,0.2458,0.0184,105.4908,0.0205,0.0015,1.0549,0.1997,-0.0278,90.7739,0.0166,-0.0023,0.9077,0.2971,0.0696,461.3155,0.0248,0.0058,4.6132,0.1245,-0.103,41.4233,0.0103,-0.0086,0.4142,0.2238,-0.0036,93.9711,0.0186,-0.0003,0.9397,e93a2b3,,18992fa,2026-09-04T19:21:08+00:00
78267,49.1304,0.3358,0.0272,0.3358,0.0178,-0.318,4.6443,0.0014,-0.0257,0.0464,0.3169,-0.0189,92.8888,0.0256,-0.0015,0.9289,0.3697,0.0339,110.1119,0.0299,0.0027,1.1011,0.4319,0.0961,129.5067,0.0349,0.0078,1.2951,0.21,-0.1258,62.3246,0.017,-0.0102,0.6232,0.3316,-0.0042,98.9104,0.0268,-0.0003,0.9891,0.3626,0.0268,108.1571,0.0293,0.0022,1.0816,0.2456,-0.0902,72.5983,0.0199,-0.0073,0.726,0.362,0.0262,108.8066,0.0293,0.0021,1.0881,0.1879,-0.1479,53.5241,0.0152,-0.012,0.5352,0.3651,0.0293,108.6932,0.0295,0.0024,1.0869,e93a2b3,,18992fa,2026-09-04T19:21:08+00:00
78268,54.966,0.3563,0.0285,0.3563,0.2242,-0.1322,55.3975,0.0178,-0.0107,0.554,0.3626,0.0063,95.0707,0.029,0.0005,0.9507,0.3873,0.031,111.6499,0.031,0.0025,1.1165,0.4594,0.1031,137.8807,0.0368,0.0083,1.3788,0.2578,-0.0986,72.6901,0.0206,-0.0079,0.7269,0.3955,0.0391,110.8646,0.0316,0.0031,1.1086,0.3798,0.0235,106.0499,0.0304,0.0019,1.0605,0.3746,0.0183,104.4774,0.0299,0.0014,1.0448,0.345,-0.0113,103.9801,0.0277,-0.0009,1.0398,0.2862,-0.0702,77.4047,0.0229,-0.0057,0.774,0.3295,-0.0269,94.1337,0.0264,-0.0021,0.9413,e93a2b3,,18992fa,2026-09-04T19:21:08+00:00
78269,58.2749,0.5716,0.0441,0.5716,0.5206,-0.051,86.9635,0.04,-0.004,0.8696,0.5827,0.0112,103.309,0.045,0.0009,1.0331,0.5963,0.0247,105.4234,0.046,0.0019,1.0542,0.673,0.1014,121.9251,0.0519,0.0079,1.2193,0.483,-0.0886,81.0015,0.0372,-0.0069,0.81,0.6775,0.1059,121.0906,0.0522,0.0082,1.2109,0.6453,0.0738,114.9344,0.0498,0.0057,1.1493,0.6844,0.1128,121.1353,0.0527,0.0087,1.2114,0.5029,-0.0687,87.3226,0.0388,-0.0053,0.8732,0.4618,-0.1098,79.8251,0.0356,-0.0085,0.7983,0.5309,-0.0407,91.295,0.0409,-0.0032,0.913,e93a2b3,,18992fa,2026-09-04T19:21:08+00:00
78270,36.5164,0.17,0.0146,0.17,0.0827,-0.1126,28.6471,0.0071,-0.0096,0.2865,0.1784,-0.0053,61.3764,0.0153,-0.0004,0.6138,0.2174,0.0088,450.6799,0.0186,0.0008,4.5068,0.2519,0.0326,74.015,0.0215,0.0028,0.7401,0.2343,0.0397,3863.0657,0.0201,0.0034,38.6306,0.2102,0.0385,1140.2339,0.018,0.0033,11.4023,0.2413,0.0594,462.0489,0.0207,0.0051,4.6205,0.1659,-0.0491,70.2975,0.0142,-0.0042,0.703,0.2489,0.0775,3080.8115,0.0213,0.0067,30.8081,0.1189,-0.0897,38.376,0.0102,-0.0077,0.3838,0.1856,-0.0037,101.9213,0.0159,-0.0003,1.0192,e93a2b3,,18992fa,2026-09-04T19:21:08+00:00
78280,58.666,0.2851,0.025,0.2851,0.1473,-0.1377,45.2832,0.0129,-0.0121,0.4528,0.3325,0.0474,113.8624,0.0291,0.0042,1.1386,0.338,0.0529,120.6199,0.0296,0.0047,1.2062,0.3113,0.0262,109.419,0.0273,0.0023,1.0942,0.2889,0.0038,1734.0958,0.0253,0.0003,17.341,0.263,-0.0221,150.0733,0.023,-0.002,1.5007,0.2786,-0.0065,320.2862,0.0244,-0.0006,3.2029,0.1646,-0.1205,56.3515,0.0144,-0.0106,0.5635,0.3489,0.0638,1648.8467,0.0306,0.0056,16.4885,0.2154,-0.0696,72.7131,0.0189,-0.0061,0.7271,0.3261,0.041,111.4494,0.0286,0.0036,1.1145,e93a2b3,,18992fa,2026-09-04T19:21:08+00:00
78290,47.6707,0.0782,0.0069,0.0782,0.0051,-0.0761,15.0943,0.0005,-0.0068,0.1509,0.0996,0.0214,206.8207,0.0088,0.0019,2.0682,0.1125,0.0235,102.1552,0.01,0.0021,1.0216,0.0775,-0.0024,55.5565,0.0069,-0.0002,0.5556,0.0996,0.0213,368.2666,0.0088,0.0019,3.6827,0.0716,-0.0066,113.751,0.0064,-0.0006,1.1375,0.0552,-0.023,63.3809,0.0049,-0.002,0.6338,0.017,-0.0612,24.4253,0.0015,-0.0054,0.2443,0.2105,0.1322,37331.7383,0.0187,0.0118,373.3173,0.0775,-0.0007,859.3502,0.0069,-0.0001,8.5935,0.0816,0.0034,141.586,0.0073,0.0003,1.4159,e93a2b3,,18992fa,2026-09-04T19:21:08+00:00
78291,45.5755,0.1767,0.0155,0.1767,0.0472,-0.141,12.0913,0.0042,-0.0124,0.1209,0.214,0.0058,72.7403,0.0188,0.0005,0.7274,0.2068,0.0248,325.4469,0.0182,0.0022,3.2545,0.183,-0.0515,61.0719,0.0161,-0.0045,0.6107,0.2873,0.0924,1439.3801,0.0252,0.0081,14.3938,0.1837,0.0029,121.7314,0.0161,0.0002,1.2173,0.2221,0.0454,492.0661,0.0195,0.004,4.9207,0.1001,-0.1049,34.421,0.0088,-0.0092,0.3442,0.3165,0.1397,13061.9072,0.0278,0.0123,130.6191,0.1494,-0.0415,53.9551,0.0131,-0.0036,0.5396,0.2302,0.0529,280.8994,0.0202,0.0047,2.809,e93a2b3,,18992fa,2026-09-04T19:21:08+00:00
78292,34.6155,0.007,0.0006,0.007,0.0001,-0.0081,21.2509,0.0,-0.0007,0.2125,0.0143,-0.0018,17.9169,0.0013,-0.0002,0.1792,0.0152,0.0081,1716.2036,0.0013,0.0007,17.162,0.0007,-0.0168,2.0435,0.0001,-0.0015,0.0204,0.0753,0.0607,11107.0312,0.0067,0.0054,111.0703,0.0061,-0.0009,1118.4413,0.0005,-0.0001,11.1844,0.0088,0.0014,56.4138,0.0008,0.0001,0.5641,0.0002,-0.0126,4.7796,0.0,-0.0011,0.0478,0.0886,0.0816,103427.9766,0.0079,0.0073,1034.2799,0.007,-0.0005,56.7656,0.0006,-0.0,0.5677,0.022,0.0149,1325.462,0.002,0.0013,13.2546,e93a2b3,,18992fa,2026-09-04T19:21:08+00:00
78294,45.5802,0.1973,0.0176,0.1973,0.0867,-0.1604,20.5799,0.0077,-0.0143,0.2058,0.232,0.0105,65.3461,0.0207,0.0009,0.6535,0.2573,0.0548,514.1215,0.023,0.0049,5.1412,0.2207,-0.0621,55.291,0.0197,-0.0056,0.5529,0.3229,0.0561,143.7071,0.0289,0.005,1.4371,0.1746,-0.0278,152.4212,0.0156,-0.0025,1.5242,0.2176,-0.0039,138.9286,0.0194,-0.0003,1.3893,0.1165,-0.1565,29.6033,0.0104,-0.014,0.296,0.2965,0.0992,3672.7639,0.0265,0.0089,36.7277,0.2216,0.0062,125.1315,0.0198,0.0006,1.2513,0.2568,0.049,152.2453,0.0229,0.0044,1.5225,e93a2b3,,18992fa,2026-09-04T19:21:08+00:00
78296,37.7481,0.0108,0.001,0.0108,0.0,-0.0129,1.5619,0.0,-0.0012,0.0156,0.0118,-0.0006,84.3463,0.0011,-0.0001,0.8435,0.0116,0.0008,2117.3472,0.0011,0.0001,21.1735,0.0003,-0.0137,1.579,0.0,-0.0013,0.0158,0.031,0.0167,172.042,0.0029,0.0015,1.7204,0.0124,0.0015,601.5161,0.0011,0.0001,6.0152,0.0175,0.0065,98.7278,0.0016,0.0006,0.9873,0.0026,-0.0106,3.2046,0.0002,-0.001,0.032,0.0881,0.0772,16696.1133,0.0081,0.0071,166.9612,0.03,0.0191,285.4445,0.0028,0.0018,2.8544,0.0111,0.0002,360.6436,0.001,0.0,3.6064,e93a2b3,,18992fa,2026-09-04T19:21:08+00:00
78297,22.7813,0.0001,0.0,0.0001,0.0,-0.0001,8.2453,0.0,-0.0,0.0825,0.0,-0.0,53.4391,0.0,-0.0,0.5344,0.002,0.0019,5649.0972,0.0002,0.0002,56.491,0.0,-0.0001,5.3544,0.0,-0.0,0.0535,0.0001,-0.0,24.9478,0.0,-0.0,0.2495,0.0005,0.0004,924.1744,0.0,0.0,9.2417,0.0,-0.0,36.2017,0.0,-0.0,0.362,0.0,-0.0001,2.5468,0.0,-0.0,0.0255,0.0204,0.0203,25640.1055,0.0018,0.0018,256.401,0.0003,0.0002,237.3991,0.0,0.0,2.374,0.0003,0.0002,584.2589,0.0,0.0,5.8426,e93a2b3,,18992fa,2026-09-04T19:21:08+00:00
78298,37.9002,0.0293,0.0027,0.0293,0.0002,-0.035,1.2296,0.0,-0.0032,0.0123,0.0362,0.0069,193.3027,0.0033,0.0006,1.933,0.027,-0.0023,1117.6802,0.0025,-0.0002,11.1768,0.0026,-0.0294,2.6369,0.0002,-0.0027,0.0264,0.0487,0.0191,114.1482,0.0045,0.0018,1.1415,0.0335,0.0043,821.8433,0.0031,0.0004,8.2184,0.0358,0.0065,104.7097,0.0033,0.0006,1.0471,0.0069,-0.0359,7.4738,0.0006,-0.0033,0.0747,0.0935,0.0642,2431.147,0.0086,0.0059,24.3115,0.0769,0.0473,371.8205,0.0071,0.0044,3.7182,0.0224,-0.0069,77.0507,0.0021,-0.0006,0.7705,e93a2b3,,18992fa,2026-09-04T19:21:08+00:00
78299,46.4968,0.1314,0.0118,0.1314,0.0965,-0.0764,31.0212,0.0086,-0.0069,0.3102,0.1288,-0.0027,236.2102,0.0115,-0.0002,2.3621,0.1592,0.0249,189.8233,0.0143,0.0022,1.8982,0.1555,0.0029,45.9966,0.0139,0.0002,0.46,0.1917,0.0397,549.6882,0.0172,0.0036,5.4969,0.1315,0.0001,109.3491,0.0118,0.0,1.0935,0.1147,-0.0168,64.1459,0.0103,-0.0015,0.6415,0.1088,-0.0714,41.0409,0.0097,-0.0064,0.4104,0.2408,0.1094,12901.2324,0.0217,0.0099,129.0123,0.1553,0.0221,622.733,0.014,0.002,6.2273,0.1421,0.0107,233.0622,0.0127,0.001,2.3306,e93a2b3,,18992fa,2026-09-04T19:21:08+00:00
78300,5.7893,0.0005,0.0,0.0005,0.0001,-0.0005,14.1784,0.0,-0.0,0.1418,,,,,,,0.0001,-0.0005,17.8354,0.0,-0.0,0.1784,0.0006,0.0001,122.5321,0.0,0.0,1.2253,,,,,,,0.0012,0.0006,292.1329,0.0001,0.0,2.9213,0.0019,0.0013,462.9857,0.0001,0.0001,4.6299,0.0,-0.0007,2.6999,0.0,-0.0,0.027,0.0013,0.0008,329.5541,0.0001,0.0001,3.2955,,,,,,,0.0,-0.0008,0.1273,0.0,-0.0001,0.0013,e93a2b3,,18992fa,2026-09-04T19:21:08+00:00
78310,21.7096,0.2112,0.0174,0.2112,0.0947,-0.2085,62.5396,0.0078,-0.0172,0.6254,0.3651,0.0296,58.2761,0.03,0.0024,0.5828,0.4273,0.122,538.6954,0.0352,0.0101,5.387,0.3251,0.0745,141.4923,0.0268,0.0061,1.4149,0.2619,-0.0959,49.4842,0.0216,-0.0079,0.4948,0.2972,0.063,747.8129,0.0245,0.0052,7.4781,0.3461,0.1168,320.8434,0.0285,0.0097,3.2084,0.3102,-0.0271,69.9588,0.0255,-0.0023,0.6996,0.2546,0.0419,861.5494,0.021,0.0035,8.6155,0.2116,-0.1338,42.59,0.0174,-0.011,0.4259,0.2891,-0.0619,78.5342,0.0238,-0.0051,0.7853,e93a2b3,,18992fa,2026-09-04T19:21:08+00:00
78321,56.1978,0.8215,0.0654,0.8215,0.5211,-0.3004,54.6402,0.0413,-0.0241,0.5464,0.9732,0.1451,101.7674,0.0775,0.0115,1.0177,1.0243,0.2028,941.9278,0.0816,0.0162,9.4193,0.996,0.1745,139.9057,0.0794,0.014,1.3991,0.7229,-0.1189,76.3585,0.0576,-0.0095,0.7636,0.8506,0.0291,155.5023,0.0678,0.0024,1.555,0.9995,0.178,140.8924,0.0797,0.0143,1.4089,0.8963,0.0648,108.1241,0.0714,0.0051,1.0812,0.771,-0.0505,174.643,0.0615,-0.004,1.7464,0.572,-0.2561,59.0589,0.0455,-0.0204,0.5906,0.7011,-0.1372,72.7274,0.0558,-0.011,0.7273,e93a2b3,,18992fa,2026-09-04T19:21:08+00:00
78322,46.9141,0.3066,0.0236,0.3066,0.1853,-0.1213,40.1075,0.0142,-0.0095,0.4011,0.3297,0.0231,105.3337,0.0255,0.0018,1.0533,0.3304,0.0238,126.4468,0.0255,0.0019,1.2645,0.4111,0.1045,165.0723,0.0318,0.0081,1.6507,0.2076,-0.099,55.539,0.016,-0.0077,0.5554,0.3659,0.0593,124.6013,0.0282,0.0046,1.246,0.3813,0.0748,138.3354,0.0294,0.0058,1.3834,0.3427,0.0361,102.6163,0.0263,0.0027,1.0262,0.331,0.0244,143.4713,0.0256,0.002,1.4347,0.19,-0.1166,47.9795,0.0146,-0.009,0.4798,0.2572,-0.0494,72.9775,0.0198,-0.0039,0.7298,e93a2b3,,18992fa,2026-09-04T19:21:08+00:00
78323,57.7982,0.4836,0.0378,0.4836,0.4483,-0.0352,69.1576,0.0351,-0.0027,0.6916,0.5328,0.0492,99.0061,0.0417,0.0039,0.9901,0.539,0.0554,111.5982,0.0422,0.0044,1.116,0.562,0.0784,143.5881,0.0439,0.0061,1.4359,0.4049,-0.0787,64.1807,0.0317,-0.0061,0.6418,0.4417,-0.0419,100.7096,0.0345,-0.0033,1.0071,0.5382,0.0547,128.8216,0.0421,0.0043,1.2882,0.5441,0.0605,112.0738,0.0426,0.0047,1.1207,0.4445,-0.0391,122.6491,0.0347,-0.0031,1.2265,0.3407,-0.1429,47.8643,0.0267,-0.0112,0.4786,0.3822,-0.1014,60.1441,0.0299,-0.0079,0.6014,e93a2b3,,18992fa,2026-09-04T19:21:08+00:00
78324,51.0937,0.2906,0.0224,0.2906,0.2986,0.008,79.2493,0.023,0.0006,0.7925,0.2884,-0.0022,90.4997,0.0222,-0.0002,0.905,0.2909,0.0003,97.0453,0.0224,0.0,0.9705,0.3538,0.0631,171.1827,0.0272,0.0048,1.7118,0.2574,-0.0332,75.4732,0.0198,-0.0025,0.7547,0.3048,0.0142,133.5274,0.0235,0.0011,1.3353,0.3713,0.0807,173.6918,0.0286,0.0062,1.7369,0.3524,0.0618,144.8805,0.0271,0.0047,1.4488,0.273,-0.0177,147.5465,0.021,-0.0014,1.4755,0.2042,-0.0864,46.192,0.0158,-0.0066,0.4619,0.2229,-0.0677,62.6099,0.0172,-0.0052,0.6261,e93a2b3,,18992fa,2026-09-04T19:21:08+00:00
78325,40.3596,0.2319,0.0174,0.2319,0.1712,-0.0607,40.0928,0.0128,-0.0046,0.4009,0.1953,-0.0366,54.5769,0.0146,-0.0027,0.5458,0.1991,-0.0327,88.3657,0.0149,-0.0024,0.8837,0.2951,0.0632,190.0998,0.0221,0.0048,1.901,0.1911,-0.0407,58.8028,0.0143,-0.0031,0.588,0.348,0.1162,214.4916,0.0261,0.0087,2.1449,0.3059,0.074,148.5085,0.0229,0.0056,1.4851,0.3114,0.0795,139.9257,0.0233,0.006,1.3993,0.287,0.0551,220.498,0.0215,0.0042,2.205,0.1155,-0.1163,23.8258,0.0086,-0.0087,0.2383,0.2173,-0.0145,78.262,0.0163,-0.0011,0.7826,e93a2b3,,18992fa,2026-09-04T19:21:08+00:00
78326,37.9206,0.1104,0.0082,0.1104,0.1007,-0.0097,79.9906,0.0075,-0.0007,0.7999,0.0734,-0.037,57.729,0.0055,-0.0028,0.5773,0.0942,-0.0162,84.2836,0.007,-0.0012,0.8428,0.1959,0.0855,211.6414,0.0146,0.0064,2.1164,0.0863,-0.0241,78.3482,0.0064,-0.0018,0.7835,0.1858,0.0754,200.9139,0.0138,0.0056,2.0091,0.1751,0.0647,173.3678,0.0131,0.0048,1.7337,0.1151,0.0047,106.232,0.0086,0.0004,1.0623,0.1574,0.047,168.8949,0.0117,0.0035,1.6889,0.0418,-0.0686,27.4316,0.0031,-0.0051,0.2743,0.109,-0.0014,101.6429,0.0081,-0.0001,1.0164,e93a2b3,,18992fa,2026-09-04T19:21:08+00:00
78327,35.3642,0.1326,0.0097,0.1326,0.027,-0.1055,12.8899,0.002,-0.0078,0.1289,0.0457,-0.0869,20.9686,0.0034,-0.0064,0.2097,0.064,-0.0686,41.6856,0.0047,-0.005,0.4169,0.2098,0.0772,201.811,0.0154,0.0057,2.0181,0.1222,-0.0104,99.4824,0.009,-0.0008,0.9948,0.2651,0.1325,260.2609,0.0195,0.0097,2.6026,0.1724,0.0398,145.8818,0.0127,0.0029,1.4588,0.129,-0.0036,83.5809,0.0095,-0.0003,0.8358,0.2133,0.0808,205.4293,0.0157,0.0059,2.0543,0.0139,-0.1187,6.9099,0.001,-0.0087,0.0691,0.1457,0.0131,116.1178,0.0107,0.001,1.1612,e93a2b3,,18992fa,2026-09-04T19:21:08+00:00
78328,45.1649,0.2704,0.0196,0.2704,0.2842,0.0138,93.4296,0.0207,0.001,0.9343,0.2007,-0.0697,64.4223,0.0146,-0.0051,0.6442,0.2542,-0.0162,82.3712,0.0185,-0.0012,0.8237,0.3528,0.0824,192.5872,0.0256,0.006,1.9259,0.2321,-0.0382,93.3854,0.0168,-0.0028,0.9339,0.3419,0.0715,171.8761,0.0248,0.0052,1.7188,0.3521,0.0817,139.4574,0.0256,0.0059,1.3946,0.2641,-0.0063,85.729,0.0192,-0.0005,0.8573,0.3021,0.0317,135.8909,0.022,0.0023,1.3589,0.1863,-0.0841,54.7727,0.0135,-0.0061,0.5477,0.2359,-0.0345,93.5311,0.0171,-0.0025,0.9353,e93a2b3,,18992fa,2026-09-04T19:21:08+00:00
78329,50.2526,0.444,0.0326,0.444,0.4217,-0.0222,82.5839,0.031,-0.0016,0.8258,0.3769,-0.0671,78.6985,0.0277,-0.0049,0.787,0.3504,-0.0936,73.6805,0.0257,-0.0068,0.7368,0.5175,0.0735,124.1475,0.0379,0.0054,1.2415,0.4222,-0.0218,97.4159,0.031,-0.0016,0.9742,0.6203,0.1763,143.9762,0.0455,0.0129,1.4398,0.5482,0.1042,123.7863,0.0402,0.0076,1.2379,0.5762,0.1322,120.9861,0.0423,0.0097,1.2099,0.4079,-0.0361,99.5583,0.0299,-0.0027,0.9956,0.2602,-0.1838,51.0161,0.0191,-0.0135,0.5102,0.4461,0.0021,100.501,0.0327,0.0002,1.005,e93a2b3,,18992fa,2026-09-04T19:21:08+00:00
78330,19.4103,0.1216,0.0097,0.1216,0.0028,-0.1454,43.1962,0.0002,-0.0116,0.432,0.1745,0.0034,38.4424,0.0139,0.0003,0.3844,0.2264,0.0987,7624.1699,0.0181,0.0079,76.2417,0.1537,0.0305,478.2402,0.0122,0.0024,4.7824,0.139,-0.0456,35.1159,0.0111,-0.0036,0.3512,0.1779,0.0562,3093.1777,0.0142,0.0045,30.9318,0.2078,0.0837,867.298,0.0166,0.0067,8.673,0.1346,-0.0047,120.7964,0.0107,-0.0004,1.208,0.1512,0.0286,5081.708,0.0121,0.0023,50.8171,0.0543,-0.0846,35.2741,0.0043,-0.0067,0.3527,0.1203,-0.0365,45.6003,0.0096,-0.0029,0.456,e93a2b3,,18992fa,2026-09-04T19:21:08+00:00
78331,53.309,1.0554,0.0832,1.0554,0.7762,-0.2984,69.7976,0.061,-0.0237,0.698,1.1674,0.0928,90.2698,0.0921,0.0074,0.9027,1.1919,0.1365,266.3528,0.0941,0.0108,2.6635,1.1477,0.0922,122.0162,0.0906,0.0073,1.2202,0.9542,-0.1662,74.504,0.0752,-0.0131,0.745,1.1056,0.0407,210.666,0.0872,0.0032,2.1067,1.1874,0.1176,140.7342,0.0937,0.0093,1.4073,1.1851,0.0956,110.3367,0.0934,0.0075,1.1034,0.9067,-0.1535,321.5733,0.0716,-0.0121,3.2157,0.7484,-0.3411,55.5078,0.059,-0.027,0.5551,0.895,-0.1944,70.5494,0.0706,-0.0153,0.7055,e93a2b3,,18992fa,2026-09-04T19:21:08+00:00
78332,75.309,1.1529,0.0891,1.1529,1.2272,0.0743,107.8704,0.0948,0.0057,1.0787,1.104,-0.049,95.1501,0.0854,-0.0038,0.9515,1.1776,0.0247,101.6289,0.091,0.0019,1.0163,1.1758,0.0228,103.8921,0.0909,0.0018,1.0389,0.982,-0.171,85.4476,0.0759,-0.0132,0.8545,1.2082,0.0553,103.9944,0.0934,0.0043,1.0399,1.247,0.0941,110.6692,0.0964,0.0073,1.1067,1.2965,0.1435,112.6508,0.1002,0.0111,1.1265,0.8845,-0.2685,76.3916,0.0684,-0.0207,0.7639,0.8582,-0.2947,74.3005,0.0663,-0.0228,0.743,0.93,-0.2229,79.7443,0.0719,-0.0172,0.7974,e93a2b3,,18992fa,2026-09-04T19:21:08+00:00
78333,42.25,0.7321,0.0571,0.7321,0.4593,-0.2827,37.4333,0.0358,-0.0221,0.3743,0.7338,-0.0082,59.0459,0.0572,-0.0007,0.5905,0.8018,0.0697,643.3648,0.0626,0.0055,6.4336,0.8064,0.0743,185.0428,0.063,0.0058,1.8504,0.681,-0.1384,74.5392,0.0531,-0.0108,0.7454,0.8826,0.1505,405.4337,0.0689,0.0118,4.0543,0.8775,0.1454,146.9318,0.0685,0.0114,1.4693,0.7882,0.0561,216.2842,0.0615,0.0044,2.1628,0.665,-0.0671,138.9862,0.0519,-0.0052,1.3899,0.4518,-0.2803,33.6749,0.0352,-0.0219,0.3367,0.5634,-0.1992,42.7231,0.0439,-0.0156,0.4272,e93a2b3,,18992fa,2026-09-04T19:21:08+00:00
78334,75.8423,1.4749,0.1134,1.4749,1.5915,0.1166,109.3653,0.1223,0.009,1.0937,1.3573,-0.1176,89.9156,0.1044,-0.009,0.8992,1.509,0.0341,101.8052,0.116,0.0026,1.0181,1.4997,0.0248,104.2838,0.1153,0.0019,1.0428,1.295,-0.1798,85.6094,0.0996,-0.0138,0.8561,1.5831,0.1082,108.5908,0.1217,0.0083,1.0859,1.6295,0.1546,115.3153,0.1252,0.0119,1.1532,1.6058,0.131,110.2571,0.1235,0.0101,1.1026,1.2452,-0.2296,81.9183,0.0957,-0.0176,0.8192,1.178,-0.2969,75.5969,0.0906,-0.0228,0.756,1.2743,-0.2006,82.241,0.098,-0.0154,0.8224,e93a2b3,,18992fa,2026-09-04T19:21:08+00:00
78335,45.7012,0.9601,0.0738,0.9601,0.6849,-0.2993,55.6782,0.0526,-0.0231,0.5568,0.9228,-0.091,71.7312,0.0709,-0.007,0.7173,1.0613,0.0852,391.6582,0.0816,0.0066,3.9166,1.0421,0.082,236.9726,0.0801,0.0063,2.3697,0.843,-0.2212,67.8426,0.0648,-0.017,0.6784,1.2011,0.241,429.0647,0.0923,0.0185,4.2906,1.2949,0.3348,358.2432,0.0995,0.0257,3.5824,1.0595,0.0794,96.511,0.0814,0.0061,0.9651,0.9804,0.0203,266.2395,0.0753,0.0015,2.6624,0.7332,-0.3311,53.1133,0.0563,-0.0255,0.5311,0.8094,-0.2088,60.0818,0.0622,-0.0161,0.6008,e93a2b3,,18992fa,2026-09-04T19:21:08+00:00
78336,66.9717,0.8788,0.0665,0.8788,0.9292,0.0504,106.4295,0.0703,0.0038,1.0643,0.723,-0.1558,82.4037,0.0547,-0.0118,0.824,0.873,-0.0058,99.1112,0.0661,-0.0004,0.9911,0.9515,0.0727,109.2178,0.072,0.0055,1.0922,0.7019,-0.1769,80.5119,0.0531,-0.0134,0.8051,1.0486,0.1698,119.2316,0.0794,0.0128,1.1923,1.1345,0.2557,130.3295,0.0859,0.0193,1.3033,1.0096,0.1308,114.6712,0.0764,0.0099,1.1467,0.8294,-0.0494,94.6159,0.0628,-0.0038,0.9462,0.661,-0.2178,75.3926,0.05,-0.0165,0.7539,0.7415,-0.1373,83.7946,0.0561,-0.0104,0.8379,e93a2b3,,18992fa,2026-09-04T19:21:08+00:00
78337,54.0536,1.1956,0.0899,1.1956,1.0286,-0.167,85.7362,0.0773,-0.0126,0.8574,1.0525,-0.1431,88.0553,0.0792,-0.0108,0.8806,1.1924,-0.0032,99.7214,0.0897,-0.0002,0.9972,1.3152,0.1195,109.9747,0.0989,0.009,1.0997,0.9243,-0.2713,77.1933,0.0695,-0.0204,0.7719,1.5854,0.3898,132.7229,0.1192,0.0293,1.3272,1.7327,0.5371,145.1267,0.1303,0.0404,1.4513,1.456,0.2604,121.5452,0.1095,0.0196,1.2155,1.3752,0.1796,114.9695,0.1034,0.0135,1.1497,0.9477,-0.2479,79.214,0.0713,-0.0186,0.7921,1.0652,-0.1304,88.9424,0.0801,-0.0098,0.8894,e93a2b3,,18992fa,2026-09-04T19:21:08+00:00
78338,59.0971,0.5567,0.0417,0.5567,0.5898,0.0331,107.0019,0.0442,0.0025,1.07,0.4447,-0.112,81.0878,0.0333,-0.0084,0.8109,0.5404,-0.0163,94.7797,0.0404,-0.0012,0.9478,0.5835,0.0269,107.506,0.0437,0.002,1.0751,0.4453,-0.1114,81.833,0.0333,-0.0083,0.8183,0.6827,0.126,125.4114,0.0511,0.0094,1.2541,0.7363,0.1797,137.2216,0.0551,0.0135,1.3722,0.6246,0.0679,110.635,0.0468,0.0051,1.1064,0.5713,0.0146,102.745,0.0428,0.0011,1.0275,0.4139,-0.1427,72.9755,0.031,-0.0107,0.7298,0.46,-0.0967,81.9722,0.0344,-0.0072,0.8197,e93a2b3,,18992fa,2026-09-04T19:21:08+00:00
78339,37.4086,0.7969,0.0588,0.7969,0.6344,-0.2121,48.825,0.0468,-0.0157,0.4882,0.7804,-0.1888,60.7091,0.0576,-0.0139,0.6071,0.926,0.11,608.9443,0.0684,0.0082,6.0894,0.8175,0.0168,187.6419,0.0603,0.0013,1.8764,0.6844,-0.3016,56.5912,0.0505,-0.0223,0.5659,0.9774,0.1805,381.1401,0.0722,0.0134,3.8114,1.2642,0.4673,658.426,0.0932,0.0344,6.5843,0.9753,0.1728,105.2949,0.0719,0.0127,1.0529,0.9232,0.1225,711.3124,0.0681,0.009,7.1131,0.6737,-0.2688,52.779,0.0497,-0.0199,0.5278,0.6904,-0.1667,55.8864,0.0509,-0.0123,0.5589,e93a2b3,,18992fa,2026-09-04T19:21:08+00:00
78340,56.3764,0.587,0.0416,0.587,0.6361,0.0491,110.6009,0.0451,0.0035,1.106,0.4646,-0.1225,79.04,0.0329,-0.0087,0.7904,0.5489,-0.0381,91.1026,0.0389,-0.0027,0.911,0.606,0.019,110.2339,0.0429,0.0014,1.1023,0.4831,-0.1039,84.9728,0.0342,-0.0074,0.8497,0.6657,0.0787,114.5511,0.0471,0.0055,1.1455,0.8559,0.2688,142.5429,0.0606,0.019,1.4254,0.7533,0.1662,121.7218,0.0533,0.0118,1.2172,0.6396,0.0525,108.9869,0.0453,0.0038,1.0899,0.4903,-0.0968,82.3142,0.0347,-0.0069,0.8231,0.5427,-0.0443,92.5631,0.0384,-0.0032,0.9256,e93a2b3,,18992fa,2026-09-04T19:21:08+00:00
78350,37.9805,0.6998,0.0501,0.6998,0.5595,-0.1644,58.0114,0.04,-0.0118,0.5801,0.5349,-0.2143,54.8398,0.0383,-0.0154,0.5484,0.7775,0.0536,505.9283,0.0557,0.0039,5.0593,0.7052,0.0054,536.4353,0.0505,0.0004,5.3644,0.4744,-0.262,51.4618,0.0339,-0.0188,0.5146,0.9751,0.2753,1183.4489,0.0698,0.0197,11.8345,1.3392,0.6394,1438.3302,0.0959,0.0458,14.3833,1.0382,0.3143,125.5942,0.0743,0.0225,1.2559,0.8614,0.1616,557.4875,0.0617,0.0116,5.5749,0.4892,-0.2347,48.9503,0.035,-0.0168,0.4895,0.5538,-0.1701,55.0372,0.0396,-0.0122,0.5504,e93a2b3,,18992fa,2026-09-04T19:21:08+00:00
78360,63.4697,1.1003,0.0758,1.1003,1.1638,0.0636,108.115,0.0802,0.0044,1.0811,1.0054,-0.0949,86.9673,0.0693,-0.0066,0.8697,1.0629,-0.0374,94.7369,0.0733,-0.0026,0.9474,1.0265,-0.0738,90.4216,0.0708,-0.005,0.9042,0.9694,-0.1308,82.2919,0.0668,-0.009,0.8229,1.2701,0.1698,123.2169,0.0875,0.0117,1.2322,1.4738,0.3736,150.8077,0.1017,0.0258,1.5081,1.3981,0.2979,139.3852,0.0964,0.0206,1.3939,1.1547,0.0544,107.1514,0.0797,0.0038,1.0715,1.0619,-0.0384,94.7945,0.0732,-0.0027,0.9479,1.1138,0.0135,101.7694,0.0767,0.0009,1.0177,e93a2b3,,18992fa,2026-09-04T19:21:08+00:00
78370,37.6055,0.8955,0.062,0.8955,0.86,-0.0512,55.4696,0.0595,-0.0036,0.5547,1.1101,-0.1062,69.5755,0.0768,-0.0074,0.6958,0.8972,0.0017,143.3434,0.0622,0.0001,1.4334,0.8099,-0.0856,140.9577,0.0561,-0.0059,1.4096,0.9869,-0.3135,58.4553,0.0683,-0.0218,0.5846,1.1396,0.2441,304.6748,0.079,0.017,3.0467,1.3651,0.4696,579.1516,0.0947,0.0327,5.7915,1.2587,0.3573,125.3361,0.0872,0.0248,1.2534,1.0547,0.1591,179.9095,0.0731,0.0111,1.7991,0.8884,-0.078,58.1764,0.0615,-0.0055,0.5818,0.9052,-0.0458,58.9039,0.0627,-0.0032,0.589,e93a2b3,,18992fa,2026-09-04T19:21:08+00:00
78380,61.2202,1.0953,0.0733,1.0953,1.1439,0.0486,110.3035,0.0765,0.0032,1.103,1.0633,-0.032,88.676,0.0711,-0.0021,0.8868,1.0647,-0.0306,90.5297,0.0712,-0.002,0.9053,0.988,-0.1073,85.5351,0.0661,-0.0072,0.8554,0.9826,-0.1127,83.884,0.0657,-0.0075,0.8388,1.2607,0.1653,136.9951,0.0843,0.011,1.37,1.304,0.2086,144.2016,0.0871,0.0139,1.442,1.2875,0.1921,134.3458,0.0861,0.0128,1.3435,1.0817,-0.0136,98.1128,0.0724,-0.0009,0.9811,1.0914,-0.0039,98.8977,0.073,-0.0003,0.989,1.0988,0.0034,102.0251,0.0735,0.0002,1.0203,e93a2b3,,18992fa,2026-09-04T19:21:08+00:00
78390,53.3837,2.6243,0.1694,2.6243,2.5436,-0.0833,71.3527,0.1641,-0.0055,0.7135,2.7318,-0.0301,78.4212,0.1762,-0.002,0.7842,2.6349,0.0106,124.694,0.1701,0.0007,1.2469,2.4757,-0.1486,83.8917,0.1598,-0.0096,0.8389,2.6076,-0.1909,66.1827,0.1682,-0.0124,0.6618,2.7972,0.1729,242.2587,0.1807,0.0113,2.4226,2.8616,0.2372,255.523,0.1848,0.0155,2.5552,2.8537,0.2293,143.3037,0.1843,0.0149,1.433,2.664,0.0396,151.6088,0.172,0.0027,1.5161,2.6794,0.0551,95.8222,0.1729,0.0035,0.9582,2.579,-0.0604,76.0375,0.1664,-0.004,0.7604,e93a2b3,,18992fa,2026-09-04T19:21:08+00:00
81100,40.1148,0.5413,0.0385,0.5413,0.5393,-0.002,216.1733,0.0384,-0.0001,2.1617,0.5823,0.041,599.3729,0.0416,0.003,5.9937,0.5066,-0.0347,111.0635,0.0366,-0.0019,1.1106,0.5673,0.026,82.9769,0.0398,0.0013,0.8298,0.6148,0.0734,122.5018,0.0428,0.0043,1.225,0.5452,0.0039,85.9633,0.0388,0.0003,0.8596,0.5969,0.0556,151.6179,0.0419,0.0034,1.5162,0.5342,-0.0072,148.262,0.0381,-0.0004,1.4826,0.5253,-0.016,85.5056,0.0374,-0.0011,0.8551,0.5803,0.039,439.6298,0.0412,0.0027,4.3963,0.5029,-0.0385,50.9467,0.0362,-0.0023,0.5095,e93a2b3,,18992fa,2026-09-04T19:21:08+00:00
81110,65.9051,4.5106,0.278,4.5106,4.439,-0.0716,87.0627,0.2736,-0.0044,0.8706,4.4739,-0.0367,88.0319,0.2757,-0.0023,0.8803,4.4934,-0.0172,101.8411,0.2769,-0.001,1.0184,4.445,-0.0656,94.3539,0.2739,-0.0041,0.9435,4.4826,-0.0593,92.0685,0.2762,-0.0037,0.9207,4.5628,0.0522,130.1447,0.2812,0.0033,1.3014,4.5929,0.0823,135.9185,0.2831,0.0051,1.3592,4.6134,0.1028,117.7719,0.2844,0.0064,1.1777,4.5321,0.0215,112.3528,0.2793,0.0013,1.1235,4.5879,0.0773,109.1348,0.2828,0.0048,1.0913,4.4679,-0.0427,91.0663,0.2754,-0.0026,0.9107,e93a2b3,,18992fa,2026-09-04T19:21:08+00:00
81120,64.2572,3.1687,0.189,3.1687,3.1219,-0.0468,87.3299,0.1862,-0.0027,0.8733,3.2022,0.0334,99.764,0.191,0.002,0.9976,3.064,-0.1047,75.7524,0.1828,-0.0061,0.7575,3.2045,0.0358,111.3616,0.1911,0.0021,1.1136,3.168,-0.0007,92.4357,0.189,0.0,0.9244,3.1821,0.0134,106.0697,0.1897,0.0008,1.0607,3.121,-0.0477,93.4837,0.1862,-0.0028,0.9348,3.2121,0.0434,120.4421,0.1915,0.0025,1.2044,3.1873,0.0186,109.3695,0.19,0.0011,1.0937,3.2386,0.0699,113.7151,0.1931,0.0041,1.1372,3.1521,-0.0166,96.2331,0.188,-0.001,0.9623,e93a2b3,,18992fa,2026-09-04T19:21:08+00:00
81130,55.0667,2.7767,0.1674,2.7767,2.6916,-0.0851,73.98,0.1623,-0.0051,0.7398,3.0376,0.2066,112.2122,0.1832,0.0125,1.1221,2.6554,-0.1213,84.8714,0.1601,-0.0073,0.8487,2.7207,-0.056,92.0547,0.164,-0.0034,0.9205,2.8568,0.0147,91.3469,0.1722,0.0008,0.9135,2.7306,-0.0461,103.3764,0.1646,-0.0028,1.0338,2.8039,0.0272,125.0597,0.1692,0.0017,1.2506,2.8931,0.1163,119.4242,0.1745,0.0071,1.1942,2.7193,-0.0575,120.2179,0.164,-0.0034,1.2022,2.8035,0.0268,109.245,0.1691,0.0016,1.0925,2.8477,0.0423,94.2649,0.1717,0.0026,0.9426,e93a2b3,,18992fa,2026-09-04T19:21:08+00:00
81140,47.988,1.386,0.0787,1.386,1.2857,-0.1002,72.839,0.073,-0.0057,0.7284,1.4338,0.0479,110.0812,0.0814,0.0027,1.1008,1.2446,-0.1413,63.2587,0.0706,-0.0081,0.6326,1.377,-0.0089,99.2806,0.0782,-0.0005,0.9928,1.391,0.0051,97.0679,0.079,0.0003,0.9707,1.4749,0.0889,125.2991,0.0837,0.0051,1.253,1.3448,-0.0412,91.7443,0.0764,-0.0023,0.9174,1.4848,0.0989,131.7616,0.0843,0.0057,1.3176,1.3454,-0.0406,93.5501,0.0763,-0.0023,0.9355,1.4018,0.0158,106.4865,0.0796,0.0009,1.0649,1.4024,0.0165,103.4474,0.0796,0.0009,1.0345,e93a2b3,,18992fa,2026-09-04T19:21:08+00:00
81150,29.939,0.2086,0.0139,0.2086,0.0604,-0.1495,15.3125,0.004,-0.0099,0.1531,0.3148,0.0792,79.4558,0.0209,0.0053,0.7946,0.1603,-0.0483,107.0902,0.0107,-0.0032,1.0709,0.2368,0.0282,101.9231,0.0157,0.0019,1.0192,0.1549,-0.1503,35.2044,0.0103,-0.01,0.352,0.1868,-0.0218,248.7461,0.0124,-0.0015,2.4875,0.3684,0.1598,308.7841,0.0245,0.0106,3.0878,0.2256,0.017,131.2433,0.015,0.0011,1.3124,0.2522,0.0436,201.3084,0.0167,0.0029,2.0131,0.2302,0.0216,110.5166,0.0153,0.0014,1.1052,0.0833,-0.1253,18.834,0.0055,-0.0083,0.1883,e93a2b3,,18992fa,2026-09-04T19:21:08+00:00
81151,49.3646,1.9212,0.1136,1.9212,1.788,-0.1332,64.7704,0.1057,-0.0079,0.6477,1.9628,0.0416,104.7704,0.116,0.0025,1.0477,1.748,-0.1733,69.1449,0.1033,-0.0103,0.6914,1.8557,-0.0655,88.1991,0.1097,-0.0039,0.882,1.9369,0.0156,97.608,0.1145,0.0009,0.9761,1.9437,0.0225,109.4417,0.1149,0.0013,1.0944,1.9397,0.0185,120.4702,0.1147,0.0011,1.2047,1.9991,0.0779,125.7628,0.1182,0.0046,1.2576,1.8358,-0.0855,93.4916,0.1085,-0.005,0.9349,1.9535,0.0322,112.7224,0.1155,0.0019,1.1272,1.9172,-0.0041,91.7789,0.1133,-0.0003,0.9178,e93a2b3,,18992fa,2026-09-04T19:21:08+00:00
81152,67.8118,2.5361,0.1516,2.5361,2.4774,-0.0587,87.9265,0.1481,-0.0035,0.8793,2.7691,0.233,125.9879,0.1655,0.0139,1.2599,2.3371,-0.199,73.8403,0.1397,-0.0119,0.7384,2.5269,-0.0092,98.0944,0.151,-0.0006,0.9809,2.6577,0.1215,112.1309,0.1588,0.0072,1.1213,2.5418,0.0057,101.0354,0.1519,0.0003,1.0104,2.496,-0.0402,96.8401,0.1492,-0.0024,0.9684,2.5686,0.0325,105.8834,0.1535,0.0019,1.0588,2.3628,-0.1734,81.4342,0.1412,-0.0103,0.8143,2.5014,-0.0347,98.1412,0.1495,-0.0021,0.9814,2.5582,0.022,103.2566,0.1529,0.0013,1.0326,e93a2b3,,18992fa,2026-09-04T19:21:08+00:00
81153,39.2495,0.8909,0.0575,0.8909,0.8019,-0.0891,47.5824,0.0515,-0.006,0.4758,1.0162,0.1252,136.104,0.0657,0.0082,1.361,0.786,-0.1049,159.4958,0.0508,-0.0067,1.595,0.8842,-0.0068,74.5528,0.0571,-0.0004,0.7455,0.894,-0.0408,56.0139,0.0575,-0.0028,0.5601,0.8677,-0.0233,181.3125,0.056,-0.0014,1.8131,1.0077,0.1168,265.1065,0.0652,0.0078,2.6511,0.9295,0.0386,130.899,0.0599,0.0025,1.309,0.871,-0.0199,126.9479,0.0562,-0.0013,1.2695,0.9625,0.0716,292.5513,0.0624,0.0049,2.9255,0.8512,-0.0398,77.4603,0.0547,-0.0028,0.7746,e93a2b3,,18992fa,2026-09-04T19:21:08+00:00
81154,29.0201,0.1152,0.0076,0.1152,0.0164,-0.0987,8.4792,0.0011,-0.0065,0.0848,0.0789,-0.0363,18.5223,0.0052,-0.0024,0.1852,0.103,-0.0122,133.0305,0.0068,-0.0008,1.3303,0.1202,0.005,97.0915,0.0079,0.0003,0.9709,0.0919,-0.0719,22.2712,0.006,-0.0047,0.2227,0.1792,0.064,344.3367,0.0118,0.0042,3.4434,0.2832,0.168,503.3131,0.0186,0.011,5.0331,0.1131,-0.0021,69.4532,0.0074,-0.0001,0.6945,0.1762,0.061,289.0941,0.0116,0.004,2.8909,0.174,0.0588,211.6081,0.0114,0.0039,2.1161,0.0414,-0.0737,27.0554,0.0027,-0.0048,0.2706,e93a2b3,,18992fa,2026-09-04T19:21:08+00:00
81155,32.217,0.2278,0.0149,0.2278,0.0793,-0.1486,16.3029,0.0052,-0.0097,0.163,0.2506,0.0228,53.2479,0.0163,0.0015,0.5325,0.1356,-0.0922,79.6558,0.0088,-0.006,0.7966,0.2597,0.0319,157.8654,0.0169,0.0021,1.5787,0.174,-0.0668,34.5102,0.0113,-0.0044,0.3451,0.239,0.0111,251.5392,0.0156,0.0007,2.5154,0.3515,0.1237,306.6129,0.0229,0.0081,3.0661,0.2261,-0.0017,62.0419,0.0148,-0.0001,0.6204,0.3006,0.0728,291.2398,0.0196,0.0047,2.9124,0.2595,0.0316,164.243,0.0169,0.0021,1.6424,0.1408,-0.087,35.1734,0.0092,-0.0057,0.3517,e93a2b3,,18992fa,2026-09-04T19:21:08+00:00
81156,40.6048,0.7689,0.0498,0.7689,0.6981,-0.0708,44.9337,0.0452,-0.0046,0.4493,0.904,0.1351,95.2659,0.0585,0.0087,0.9527,0.6041,-0.1648,72.0755,0.0391,-0.0106,0.7208,0.8073,0.0384,123.9554,0.0522,0.0025,1.2396,0.7212,-0.0743,58.074,0.0467,-0.0048,0.5807,0.7238,-0.0452,149.6958,0.0468,-0.0029,1.497,0.9041,0.1352,212.03,0.0585,0.0087,2.1203,0.7733,0.0044,79.447,0.05,0.0003,0.7945,0.8276,0.0587,203.5471,0.0535,0.0038,2.0355,0.7437,-0.0252,116.7193,0.0481,-0.0016,1.1672,0.736,-0.0329,57.1534,0.0476,-0.0021,0.5715,e93a2b3,,18992fa,2026-09-04T19:21:08+00:00
81157,23.1131,0.0494,0.0032,0.0494,0.0013,-0.0482,2.8752,0.0001,-0.0031,0.0288,0.0,-0.0494,0.0709,0.0,-0.0032,0.0007,0.0424,-0.007,85.9084,0.0027,-0.0005,0.8591,0.0677,0.0183,147.4771,0.0043,0.0012,1.4748,0.0,-0.0435,0.0022,0.0,-0.0028,0.0,0.1392,0.0898,302.4684,0.0089,0.0057,3.0247,0.1873,0.1378,393.3374,0.012,0.0088,3.9334,0.0154,-0.0341,25.7445,0.001,-0.0022,0.2574,0.1971,0.1477,429.8992,0.0126,0.0094,4.299,0.0972,0.0478,195.3509,0.0062,0.0031,1.9535,0.0033,-0.0461,7.2817,0.0002,-0.0029,0.0728,e93a2b3,,18992fa,2026-09-04T19:21:08+00:00
81158,44.077,0.8315,0.0508,0.8315,0.6912,-0.1403,42.8418,0.0421,-0.0087,0.4284,0.8836,0.0521,90.0385,0.054,0.0032,0.9004,0.669,-0.1625,67.7734,0.0408,-0.0101,0.6777,0.8357,0.0042,106.4322,0.0511,0.0003,1.0643,0.8127,-0.0355,72.5533,0.0496,-0.0023,0.7255,0.8443,0.0128,125.8925,0.0516,0.0008,1.2589,0.9606,0.1291,178.2122,0.0589,0.0081,1.7821,0.8937,0.0622,109.2807,0.0547,0.0038,1.0928,0.8461,0.0146,143.5708,0.0518,0.001,1.4357,0.8422,0.0107,113.5488,0.0515,0.0007,1.1355,0.7807,-0.0508,61.5663,0.0476,-0.0032,0.6157,e93a2b3,,18992fa,2026-09-04T19:21:08+00:00
81159,24.8848,0.0711,0.0046,0.0711,0.0003,-0.0708,0.6645,0.0,-0.0045,0.0066,0.0002,-0.0709,0.2791,0.0,-0.0045,0.0028,0.0511,-0.02,74.4033,0.0033,-0.0013,0.744,0.079,0.0079,119.5896,0.0051,0.0005,1.1959,0.0,-0.0711,0.0193,0.0,-0.0046,0.0002,0.1245,0.0534,194.6608,0.008,0.0034,1.9466,0.2168,0.1457,329.2376,0.0139,0.0093,3.2924,0.0853,0.0142,112.4238,0.0055,0.0009,1.1242,0.1762,0.105,275.75,0.0113,0.0067,2.7575,0.1398,0.0686,207.2134,0.0089,0.0044,2.0721,0.0014,-0.0697,2.2451,0.0001,-0.0045,0.0225,e93a2b3,,18992fa,2026-09-04T19:21:08+00:00
81160,38.2324,0.3076,0.019,0.3076,0.1459,-0.1616,32.0143,0.009,-0.01,0.3201,0.2938,-0.0137,83.6545,0.0181,-0.0009,0.8365,0.1575,-0.1501,52.6438,0.0097,-0.0092,0.5264,0.3152,0.0076,105.8605,0.0194,0.0005,1.0586,0.3207,0.0131,88.9196,0.0197,0.0008,0.8892,0.2894,-0.0182,103.8301,0.0178,-0.0011,1.0383,0.394,0.0865,152.0769,0.0243,0.0054,1.5208,0.3809,0.0734,130.1213,0.0235,0.0045,1.3012,0.3343,0.0267,127.8665,0.0206,0.0017,1.2787,0.3787,0.0711,133.1886,0.0234,0.0044,1.3319,0.175,-0.1326,39.1877,0.0107,-0.0082,0.3919,e93a2b3,,18992fa,2026-09-04T19:21:08+00:00
81170,40.3346,0.3139,0.0197,0.3139,0.1465,-0.1674,30.9938,0.0092,-0.0106,0.3099,0.3047,-0.0092,91.1181,0.0191,-0.0006,0.9112,0.1686,-0.1453,57.3806,0.0106,-0.0091,0.5738,0.3863,0.0724,129.6954,0.0243,0.0046,1.297,0.3781,0.0642,104.4009,0.0237,0.004,1.044,0.2412,-0.0727,84.891,0.0152,-0.0046,0.8489,0.4138,0.1,159.3644,0.026,0.0063,1.5936,0.3545,0.0406,120.4125,0.0223,0.0026,1.2041,0.3057,-0.0082,107.2188,0.0192,-0.0005,1.0722,0.4153,0.1014,145.656,0.0261,0.0064,1.4566,0.2366,-0.0773,62.7061,0.0148,-0.0049,0.6271,e93a2b3,,18992fa,2026-09-04T19:21:08+00:00
81181,36.2892,0.2018,0.0121,0.2018,0.0733,-0.1284,25.1415,0.0044,-0.0077,0.2514,0.1742,-0.0276,87.4132,0.0104,-0.0016,0.8741,0.0994,-0.1023,52.1597,0.006,-0.0061,0.5216,0.245,0.0432,134.9795,0.0147,0.0026,1.3498,0.201,-0.0008,91.0612,0.012,-0.0001,0.9106,0.1845,-0.0173,98.3271,0.011,-0.0011,0.9833,0.2644,0.0626,149.5248,0.0159,0.0038,1.4952,0.2259,0.0241,111.0099,0.0135,0.0014,1.1101,0.2064,0.0047,104.0662,0.0123,0.0003,1.0407,0.266,0.0642,140.6941,0.0159,0.0039,1.4069,0.1827,-0.0191,86.445,0.011,-0.0011,0.8644,e93a2b3,,18992fa,2026-09-04T19:21:08+00:00
81182,38.7875,0.2768,0.0166,0.2768,0.1173,-0.1596,36.5411,0.0071,-0.0096,0.3654,0.2464,-0.0305,84.5867,0.0148,-0.0018,0.8459,0.1282,-0.1486,45.5646,0.0077,-0.0089,0.4556,0.2589,-0.0179,94.2199,0.0156,-0.0011,0.9422,0.3238,0.0469,113.7785,0.0195,0.0028,1.1378,0.2821,0.0052,104.6652,0.017,0.0003,1.0467,0.3272,0.0504,118.5487,0.0197,0.003,1.1855,0.3561,0.0792,130.0485,0.0214,0.0048,1.3005,0.2944,0.0175,108.5844,0.0177,0.001,1.0858,0.3419,0.065,122.7269,0.0206,0.0039,1.2273,0.1349,-0.1419,42.3549,0.0081,-0.0085,0.4235,e93a2b3,,18992fa,2026-09-04T19:21:08+00:00
81183,31.7419,0.2005,0.0118,0.2005,0.0353,-0.1652,16.8412,0.0021,-0.0097,0.1684,0.1092,-0.0913,53.7576,0.0064,-0.0054,0.5376,0.0792,-0.1212,39.632,0.0047,-0.0071,0.3963,0.1992,-0.0013,99.4151,0.0117,-0.0001,0.9942,0.198,-0.0024,98.215,0.0116,-0.0001,0.9822,0.2582,0.0578,129.1504,0.0152,0.0034,1.2915,0.2181,0.0177,109.451,0.0128,0.001,1.0945,0.2782,0.0777,139.1967,0.0163,0.0046,1.392,0.2342,0.0337,117.2194,0.0137,0.002,1.1722,0.2485,0.0481,123.8963,0.0146,0.0028,1.239,0.0531,-0.1474,25.4226,0.0031,-0.0087,0.2542,e93a2b3,,18992fa,2026-09-04T19:21:08+00:00
81184,38.6344,0.459,0.0272,0.459,0.2919,-0.1671,43.3964,0.0174,-0.0099,0.434,0.4343,-0.0247,82.9272,0.0258,-0.0014,0.8293,0.304,-0.155,49.8554,0.0181,-0.0092,0.4986,0.5104,0.0513,114.5617,0.0303,0.003,1.1456,0.4487,-0.0103,94.9578,0.0266,-0.0006,0.9496,0.5538,0.0948,130.7927,0.0328,0.0056,1.3079,0.5011,0.0421,116.6466,0.0297,0.0025,1.1665,0.5803,0.1212,139.7727,0.0344,0.0072,1.3977,0.4857,0.0267,112.1014,0.0288,0.0016,1.121,0.4411,-0.0179,96.7581,0.0262,-0.0011,0.9676,0.3528,-0.1062,57.3974,0.021,-0.0063,0.574,e93a2b3,,18992fa,2026-09-04T19:21:08+00:00
81185,33.2979,0.1981,0.0113,0.1981,0.0745,-0.1236,36.9366,0.0042,-0.007,0.3694,0.1484,-0.0497,76.3524,0.0084,-0.0028,0.7635,0.0844,-0.1137,43.1853,0.0048,-0.0065,0.4319,0.1907,-0.0074,97.0024,0.0108,-0.0004,0.97,0.1888,-0.0093,94.5005,0.0107,-0.0005,0.945,0.2614,0.0633,134.8651,0.0149,0.0036,1.3487,0.2294,0.0313,118.1558,0.013,0.0018,1.1816,0.2593,0.0612,131.7488,0.0147,0.0035,1.3175,0.2289,0.0308,117.0095,0.013,0.0017,1.1701,0.2089,0.0108,104.9276,0.0119,0.0006,1.0493,0.153,-0.0451,78.5725,0.0087,-0.0026,0.7857,e93a2b3,,18992fa,2026-09-04T19:21:08+00:00
81186,35.345,0.5223,0.0304,0.5223,0.3994,-0.1228,43.0505,0.0233,-0.0071,0.4305,0.526,0.0037,96.7428,0.0306,0.0002,0.9674,0.4201,-0.1022,55.8595,0.0245,-0.0059,0.5586,0.6033,0.081,132.8787,0.035,0.0047,1.3288,0.5079,-0.0143,92.8362,0.0295,-0.0008,0.9284,0.648,0.1258,160.6828,0.0376,0.0072,1.6068,0.5734,0.0511,132.6784,0.0333,0.0029,1.3268,0.6292,0.1069,147.7966,0.0365,0.0061,1.478,0.5811,0.0588,132.6614,0.0337,0.0034,1.3266,0.5064,-0.0159,95.532,0.0294,-0.0009,0.9553,0.4679,-0.0543,69.1914,0.0273,-0.0031,0.6919,e93a2b3,,18992fa,2026-09-04T19:21:08+00:00
81187,28.9939,0.1323,0.0074,0.1323,0.0226,-0.1098,17.0216,0.0013,-0.0062,0.1702,0.1037,-0.0287,78.3175,0.0058,-0.0016,0.7832,0.0657,-0.0666,49.6835,0.0037,-0.0037,0.4968,0.1501,0.0178,113.4939,0.0084,0.001,1.1349,0.1125,-0.0199,84.9764,0.0063,-0.0011,0.8498,0.2301,0.0977,173.9048,0.0129,0.0055,1.739,0.1939,0.0616,146.5747,0.0109,0.0035,1.4657,0.1778,0.0455,134.3786,0.01,0.0026,1.3438,0.1778,0.0455,134.384,0.01,0.0026,1.3438,0.1323,0.0,100.0,0.0074,0.0,1.0,0.0781,-0.0542,58.98,0.0044,-0.003,0.5898,e93a2b3,,18992fa,2026-09-04T19:21:08+00:00
81188,47.5018,1.0198,0.0592,1.0198,0.8965,-0.1233,56.2795,0.0521,-0.0071,0.5628,1.0686,0.0488,109.1325,0.062,0.0028,1.0913,0.904,-0.1157,65.1818,0.0525,-0.0067,0.6518,1.0867,0.0669,129.0781,0.063,0.0038,1.2908,1.0154,-0.0043,95.2036,0.059,-0.0002,0.952,1.1174,0.0976,143.9045,0.0648,0.0056,1.439,1.0188,-0.001,114.3575,0.0591,-0.0001,1.1436,1.1138,0.0941,140.0001,0.0646,0.0054,1.4,1.0224,0.0027,114.4225,0.0593,0.0001,1.1442,1.0032,-0.0165,96.4011,0.0582,-0.001,0.964,1.004,-0.0157,89.1448,0.0583,-0.0009,0.8914,e93a2b3,,18992fa,2026-09-04T19:21:08+00:00
81189,35.0317,0.4171,0.0234,0.4171,0.3278,-0.0893,45.7839,0.0185,-0.005,0.4578,0.4071,-0.0099,88.075,0.0229,-0.0005,0.8808,0.3468,-0.0703,60.5364,0.0195,-0.0039,0.6054,0.4574,0.0404,121.8148,0.0257,0.0023,1.2181,0.3884,-0.0287,80.1089,0.0218,-0.0016,0.8011,0.5159,0.0989,160.848,0.0289,0.0055,1.6085,0.445,0.028,125.4374,0.025,0.0015,1.2544,0.4937,0.0766,145.1145,0.0277,0.0043,1.4511,0.4449,0.0278,122.2146,0.025,0.0015,1.2221,0.4078,-0.0093,93.0834,0.0229,-0.0005,0.9308,0.4072,-0.0098,93.8537,0.0229,-0.0006,0.9385,e93a2b3,,18992fa,2026-09-04T19:21:08+00:00
81190,38.1333,0.1508,0.009,0.1508,0.0925,-0.0583,60.5998,0.0055,-0.0035,0.606,0.1552,0.0044,102.1684,0.0093,0.0003,1.0217,0.0723,-0.0785,48.0624,0.0043,-0.0047,0.4806,0.1715,0.0207,115.1782,0.0102,0.0012,1.1518,0.2075,0.0568,138.1924,0.0123,0.0033,1.3819,0.1616,0.0108,108.5423,0.0096,0.0006,1.0854,0.2254,0.0746,151.8031,0.0134,0.0045,1.518,0.1114,-0.0393,72.9552,0.0067,-0.0023,0.7296,0.1057,-0.0451,71.0728,0.0063,-0.0027,0.7107,0.199,0.0483,132.6114,0.0119,0.0029,1.3261,0.0967,-0.0541,63.9124,0.0057,-0.0032,0.6391,e93a2b3,,18992fa,2026-09-04T19:21:08+00:00
81210,36.3954,0.1909,0.0107,0.1909,0.1097,-0.0812,55.179,0.0061,-0.0046,0.5518,0.1467,-0.0442,76.3307,0.0082,-0.0025,0.7633,0.0944,-0.0965,49.1319,0.0053,-0.0054,0.4913,0.2,0.0091,105.178,0.0113,0.0005,1.0518,0.22,0.0292,112.8188,0.0124,0.0017,1.1282,0.2041,0.0133,108.4542,0.0115,0.0007,1.0845,0.2156,0.0248,114.1479,0.0121,0.0014,1.1415,0.1766,-0.0143,92.6936,0.0099,-0.0008,0.9269,0.2065,0.0157,108.8091,0.0116,0.0009,1.0881,0.2225,0.0316,115.6945,0.0125,0.0018,1.1569,0.1788,-0.012,92.479,0.01,-0.0007,0.9248,e93a2b3,,18992fa,2026-09-04T19:21:08+00:00
81220,38.8573,0.1835,0.009,0.1835,0.1287,-0.0547,70.245,0.0063,-0.0027,0.7025,0.1546,-0.0288,83.1123,0.0076,-0.0014,0.8311,0.1398,-0.0436,75.2901,0.0068,-0.0022,0.7529,0.1926,0.0092,104.8489,0.0095,0.0004,1.0485,0.2223,0.0389,119.4702,0.0109,0.0019,1.1947,0.2051,0.0216,111.0021,0.01,0.001,1.11,0.1408,-0.0427,77.7049,0.007,-0.0021,0.777,0.1914,0.0079,104.6291,0.0094,0.0004,1.0463,0.19,0.0065,104.2411,0.0093,0.0003,1.0424,0.1887,0.0052,103.3327,0.0093,0.0003,1.0333,0.2059,0.0225,112.0323,0.0101,0.0011,1.1203,e93a2b3,,18992fa,2026-09-04T19:21:08+00:00
81230,33.8786,0.1586,0.0084,0.1586,0.0878,-0.0708,55.0352,0.0046,-0.0037,0.5504,0.1177,-0.0409,74.2099,0.0062,-0.0022,0.7421,0.0957,-0.0628,60.4,0.005,-0.0033,0.604,0.1577,-0.0008,99.379,0.0083,-0.0,0.9938,0.1424,-0.0161,88.9934,0.0075,-0.0009,0.8899,0.2064,0.0479,131.0193,0.0109,0.0025,1.3102,0.1593,0.0007,101.2011,0.0084,0.0001,1.012,0.1871,0.0286,118.129,0.0099,0.0015,1.1813,0.1819,0.0234,115.3873,0.0096,0.0012,1.1539,0.1558,-0.0027,98.4887,0.0082,-0.0001,0.9849,0.1811,0.0226,114.2445,0.0096,0.0012,1.1424,e93a2b3,,18992fa,2026-09-04T19:21:08+00:00
81241,29.7244,0.1199,0.0063,0.1199,0.0545,-0.0654,45.4943,0.0029,-0.0034,0.4549,0.0852,-0.0347,70.6734,0.0045,-0.0018,0.7067,0.0819,-0.038,68.5793,0.0043,-0.002,0.6858,0.1242,0.0043,103.9153,0.0065,0.0002,1.0392,0.0697,-0.0502,57.5039,0.0037,-0.0026,0.575,0.171,0.0512,142.6628,0.009,0.0027,1.4266,0.1208,0.0009,100.8227,0.0064,0.0,1.0082,0.1524,0.0326,127.1932,0.008,0.0017,1.2719,0.1366,0.0168,113.982,0.0072,0.0009,1.1398,0.114,-0.0058,94.6978,0.006,-0.0003,0.947,0.1366,0.0167,113.8937,0.0072,0.0009,1.1389,e93a2b3,,18992fa,2026-09-04T19:21:08+00:00
81242,35.8946,0.6972,0.0388,0.6972,0.6445,-0.0526,63.5967,0.0359,-0.0029,0.636,0.7027,0.0055,88.3714,0.0391,0.0003,0.8837,0.6374,-0.0597,70.8443,0.0355,-0.0033,0.7084,0.7436,0.0464,126.4823,0.0413,0.0025,1.2648,0.6646,-0.0326,67.1237,0.037,-0.0018,0.6712,0.7686,0.0715,142.1895,0.0427,0.0039,1.4219,0.6962,-0.001,113.2171,0.0387,-0.0001,1.1322,0.7728,0.0756,148.1291,0.0429,0.0041,1.4813,0.7162,0.019,117.7964,0.0398,0.001,1.178,0.6763,-0.0209,87.5205,0.0376,-0.0011,0.8752,0.6895,-0.0077,97.8112,0.0383,-0.0004,0.9781,e93a2b3,,18992fa,2026-09-04T19:21:08+00:00
81243,29.2378,0.0877,0.0046,0.0877,0.0343,-0.0534,38.7441,0.0018,-0.0028,0.3874,0.0501,-0.0377,57.0534,0.0026,-0.002,0.5705,0.077,-0.0107,89.2718,0.0041,-0.0006,0.8927,0.1104,0.0226,127.9465,0.0058,0.0012,1.2795,0.0297,-0.058,32.6081,0.0016,-0.0031,0.3261,0.1269,0.0392,146.6184,0.0067,0.0021,1.4662,0.107,0.0193,124.6154,0.0056,0.001,1.2462,0.1234,0.0356,143.4259,0.0065,0.0019,1.4343,0.1151,0.0273,133.4747,0.0061,0.0014,1.3347,0.072,-0.0158,82.9517,0.0038,-0.0008,0.8295,0.0898,0.002,101.3798,0.0047,0.0001,1.0138,e93a2b3,,18992fa,2026-09-04T19:21:08+00:00
81244,30.236,0.1126,0.0058,0.1126,0.0628,-0.0498,54.3038,0.0033,-0.0026,0.543,0.0742,-0.0384,64.6469,0.0038,-0.002,0.6465,0.0926,-0.02,82.2818,0.0048,-0.001,0.8228,0.1473,0.0347,130.3562,0.0076,0.0018,1.3036,0.064,-0.0486,55.3622,0.0033,-0.0025,0.5536,0.1568,0.0443,138.7493,0.0081,0.0023,1.3875,0.1135,0.0009,101.2727,0.0059,0.0,1.0127,0.1534,0.0408,135.8876,0.008,0.0021,1.3589,0.1321,0.0195,117.9325,0.0069,0.001,1.1793,0.0937,-0.0189,82.7476,0.0049,-0.001,0.8275,0.1425,0.0299,125.8037,0.0074,0.0015,1.258,e93a2b3,,18992fa,2026-09-04T19:21:08+00:00
81245,28.7758,0.08,0.0042,0.08,0.0274,-0.0526,33.9714,0.0014,-0.0028,0.3397,0.0399,-0.0401,49.8313,0.0021,-0.0021,0.4983,0.0768,-0.0032,96.6629,0.0041,-0.0002,0.9666,0.113,0.0329,142.3057,0.006,0.0017,1.4231,0.0177,-0.0623,21.7268,0.0009,-0.0033,0.2173,0.1206,0.0405,151.9307,0.0064,0.0021,1.5193,0.1072,0.0272,135.3294,0.0057,0.0014,1.3533,0.1256,0.0456,158.7046,0.0067,0.0024,1.587,0.1151,0.035,144.8037,0.0061,0.0019,1.448,0.0658,-0.0142,82.6982,0.0035,-0.0008,0.827,0.0745,-0.0055,92.4775,0.0039,-0.0003,0.9248,e93a2b3,,18992fa,2026-09-04T19:21:08+00:00
81246,40.256,0.3898,0.0214,0.3898,0.3339,-0.0559,67.3213,0.0183,-0.0031,0.6732,0.4274,0.0376,112.5267,0.0235,0.0021,1.1253,0.3349,-0.055,74.0649,0.0184,-0.003,0.7406,0.4468,0.057,137.0242,0.0245,0.0031,1.3702,0.3449,-0.0449,66.6146,0.019,-0.0024,0.6661,0.5061,0.1163,165.0379,0.0278,0.0064,1.6504,0.3788,-0.011,101.8562,0.0208,-0.0006,1.0186,0.5258,0.136,181.1635,0.0289,0.0074,1.8116,0.4071,0.0173,115.6943,0.0223,0.0009,1.1569,0.3792,-0.0106,92.5569,0.0208,-0.0006,0.9256,0.3906,0.0008,99.5742,0.0215,0.0,0.9957,e93a2b3,,18992fa,2026-09-04T19:21:08+00:00
81247,35.5056,0.542,0.0298,0.542,0.5079,-0.034,74.4005,0.028,-0.0018,0.744,0.5091,-0.0329,67.4125,0.028,-0.0018,0.6741,0.5085,-0.0334,81.8453,0.028,-0.0018,0.8185,0.5769,0.0349,128.7956,0.0317,0.0019,1.288,0.4736,-0.0684,42.7707,0.0261,-0.0037,0.4277,0.6196,0.0776,157.068,0.034,0.0042,1.5707,0.5278,-0.0141,95.8523,0.029,-0.0008,0.9585,0.6512,0.1092,186.2319,0.0357,0.0059,1.8623,0.5846,0.0427,132.1575,0.0321,0.0023,1.3216,0.5405,-0.0014,95.0411,0.0297,-0.0001,0.9504,0.5487,0.0068,107.8931,0.0302,0.0004,1.0789,e93a2b3,,18992fa,2026-09-04T19:21:08+00:00
81248,39.3336,0.9739,0.0565,0.9739,0.936,-0.0379,64.2588,0.0543,-0.0022,0.6426,0.943,-0.0309,66.0557,0.0547,-0.0018,0.6606,0.9336,-0.0403,70.634,0.0542,-0.0023,0.7063,1.0091,0.0352,117.5033,0.0585,0.002,1.175,0.9152,-0.0587,39.7264,0.0531,-0.0033,0.3973,0.9965,0.0226,120.5894,0.0578,0.0013,1.2059,0.9778,0.0039,108.0333,0.0567,0.0002,1.0803,1.0489,0.075,170.8847,0.0608,0.0043,1.7088,1.0492,0.0753,158.4182,0.0608,0.0043,1.5842,0.9864,0.0125,104.5266,0.0572,0.0007,1.0453,0.9644,-0.0095,95.0479,0.0559,-0.0005,0.9505,e93a2b3,,18992fa,2026-09-04T19:21:08+00:00
81249,50.0736,2.0945,0.1218,2.0945,2.093,-0.0015,82.503,0.1218,-0.0001,0.825,2.0946,0.0001,85.9957,0.1219,0.0,0.86,2.0551,-0.0394,73.6401,0.1196,-0.0022,0.7364,2.1569,0.0623,127.0899,0.1254,0.0036,1.2709,2.0569,-0.0376,69.1112,0.1197,-0.0021,0.6911,2.1207,0.0262,115.8315,0.1233,0.0015,1.1583,2.0903,-0.0042,100.6426,0.1216,-0.0002,1.0064,2.1702,0.0757,152.5674,0.1261,0.0043,1.5257,2.1649,0.0704,141.7964,0.1259,0.004,1.418,2.1065,0.012,107.7719,0.1225,0.0007,1.0777,2.0638,-0.0308,91.6618,0.1201,-0.0018,0.9166,e93a2b3,,18992fa,2026-09-04T19:21:08+00:00
81250,38.5255,0.1213,0.0059,0.1213,0.0943,-0.0271,77.8771,0.0046,-0.0013,0.7788,0.1181,-0.0033,97.0124,0.0057,-0.0002,0.9701,0.0982,-0.0231,80.9734,0.0047,-0.0011,0.8097,0.1254,0.0041,102.9893,0.0061,0.0002,1.0299,0.1352,0.0138,109.8529,0.0065,0.0006,1.0985,0.1422,0.0209,116.5001,0.0069,0.001,1.165,0.0932,-0.0281,76.6288,0.0045,-0.0014,0.7663,0.1341,0.0128,110.8497,0.0066,0.0007,1.1085,0.1267,0.0053,104.2322,0.0061,0.0003,1.0423,0.1285,0.0072,108.1323,0.0062,0.0003,1.0813,0.1469,0.0255,120.4859,0.0072,0.0013,1.2049,e93a2b3,,18992fa,2026-09-04T19:21:08+00:00
81260,40.6323,0.1225,0.0058,0.1225,0.1348,0.0123,109.5768,0.0064,0.0006,1.0958,0.1299,0.0073,105.7975,0.0062,0.0003,1.058,0.1006,-0.0219,82.7373,0.0048,-0.001,0.8274,0.1148,-0.0077,94.1591,0.0055,-0.0004,0.9416,0.1313,0.0088,108.6347,0.0062,0.0004,1.0863,0.1233,0.0008,99.3808,0.0059,0.0001,0.9938,0.0893,-0.0333,72.7342,0.0043,-0.0016,0.7273,0.1234,0.0009,98.8732,0.0059,0.0001,0.9887,0.1298,0.0073,106.4807,0.0062,0.0003,1.0648,0.1647,0.0422,135.0733,0.0079,0.002,1.3507,0.1182,-0.0043,97.4435,0.0056,-0.0002,0.9744,e93a2b3,,18992fa,2026-09-04T19:21:08+00:00
81270,32.5897,0.1182,0.0062,0.1182,0.1183,0.0,98.9545,0.0062,-0.0,0.9895,0.0975,-0.0208,81.3021,0.0051,-0.0011,0.813,0.0881,-0.0301,74.8055,0.0046,-0.0016,0.7481,0.1216,0.0033,102.7223,0.0063,0.0002,1.0272,0.0681,-0.0502,54.495,0.0035,-0.0026,0.5449,0.167,0.0488,141.9907,0.0087,0.0026,1.4199,0.0982,-0.02,84.2333,0.0051,-0.001,0.8423,0.1783,0.0601,153.3378,0.0094,0.0032,1.5334,0.1317,0.0134,112.5419,0.0069,0.0007,1.1254,0.1286,0.0103,108.916,0.0067,0.0005,1.0892,0.1159,-0.0024,98.7426,0.0061,-0.0001,0.9874,e93a2b3,,18992fa,2026-09-04T19:21:08+00:00
81280,39.6194,0.1701,0.0093,0.1701,0.1781,0.0079,103.0928,0.0097,0.0004,1.0309,0.1674,-0.0027,93.8865,0.0092,-0.0002,0.9389,0.1336,-0.0365,78.1654,0.0073,-0.002,0.7817,0.1287,-0.0414,78.839,0.0071,-0.0023,0.7884,0.0989,-0.0712,49.1898,0.0054,-0.0039,0.4919,0.2193,0.0492,135.0139,0.012,0.0027,1.3501,0.1781,0.008,108.4428,0.0098,0.0005,1.0844,0.2673,0.0971,165.8596,0.0147,0.0053,1.6586,0.1859,0.0158,115.5511,0.0102,0.0009,1.1555,0.1644,-0.0057,94.4067,0.009,-0.0003,0.9441,0.1733,0.0032,105.9912,0.0095,0.0002,1.0599,e93a2b3,,18992fa,2026-09-04T19:21:08+00:00
81291,29.0844,0.0819,0.0046,0.0819,0.0502,-0.0317,61.3916,0.0028,-0.0018,0.6139,0.0425,-0.0394,51.9945,0.0024,-0.0022,0.5199,0.0544,-0.0275,66.4203,0.003,-0.0015,0.6642,0.0715,-0.0104,87.3417,0.004,-0.0006,0.8734,0.0018,-0.0801,2.1964,0.0001,-0.0045,0.022,0.121,0.0391,147.7466,0.0067,0.0022,1.4775,0.0951,0.0132,116.129,0.0053,0.0007,1.1613,0.1644,0.0825,200.7673,0.0092,0.0046,2.0077,0.1231,0.0411,150.2711,0.0069,0.0023,1.5027,0.0819,0.0,100.0,0.0046,0.0,1.0,0.0997,0.0177,121.7082,0.0056,0.001,1.2171,e93a2b3,,18992fa,2026-09-04T19:21:08+00:00
81292,43.9723,1.3001,0.0775,1.3001,1.2718,-0.0283,73.8289,0.0759,-0.0016,0.7383,1.2711,-0.029,68.4929,0.0759,-0.0017,0.6849,1.2714,-0.0287,77.6047,0.0759,-0.0017,0.776,1.3418,0.0417,123.6578,0.08,0.0025,1.2366,1.2571,-0.043,52.1144,0.0751,-0.0025,0.5211,1.3125,0.0124,116.8047,0.0782,0.0007,1.168,1.3075,0.0074,110.4275,0.0779,0.0004,1.1043,1.3638,0.0637,164.0685,0.0812,0.0037,1.6407,1.349,0.0489,135.5449,0.0804,0.0028,1.3554,1.3206,0.0205,108.194,0.0787,0.0012,1.0819,1.2778,-0.0223,88.8155,0.0762,-0.0013,0.8882,e93a2b3,,18992fa,2026-09-04T19:21:08+00:00
81293,27.8779,0.0809,0.0046,0.0809,0.0571,-0.0238,70.8034,0.0032,-0.0013,0.708,0.0399,-0.041,49.0839,0.0023,-0.0023,0.4908,0.0595,-0.0214,74.1146,0.0034,-0.0012,0.7411,0.0827,0.0018,101.7822,0.0047,0.0001,1.0178,0.0022,-0.0787,2.6672,0.0001,-0.0044,0.0267,0.1211,0.0402,151.3777,0.0068,0.0023,1.5138,0.1051,0.0243,131.6851,0.0059,0.0014,1.3169,0.175,0.0942,217.8363,0.0099,0.0053,2.1784,0.1195,0.0386,149.3526,0.0067,0.0022,1.4935,0.0739,-0.007,90.6226,0.0042,-0.0004,0.9062,0.0891,0.0083,112.3581,0.005,0.0005,1.1236,e93a2b3,,18992fa,2026-09-04T19:21:08+00:00
81294,40.8645,0.155,0.0089,0.155,0.1668,0.0118,106.6526,0.0095,0.0007,1.0665,0.1454,-0.0096,89.4406,0.0083,-0.0006,0.8944,0.1301,-0.0249,84.5623,0.0074,-0.0014,0.8456,0.1331,-0.0219,86.8714,0.0076,-0.0012,0.8687,0.0944,-0.0606,54.1362,0.0054,-0.0035,0.5414,0.2158,0.0608,141.8957,0.0123,0.0035,1.419,0.2035,0.0485,133.5574,0.0116,0.0028,1.3356,0.2808,0.1258,185.6289,0.016,0.0072,1.8563,0.1767,0.0217,117.6324,0.0101,0.0012,1.1763,0.1468,-0.0082,94.5849,0.0084,-0.0005,0.9458,0.147,-0.008,97.4688,0.0084,-0.0005,0.9747,e93a2b3,,18992fa,2026-09-04T19:21:08+00:00
81295,36.1527,0.1049,0.0061,0.1049,0.0992,-0.0056,93.8299,0.0058,-0.0003,0.9383,0.0753,-0.0296,70.15,0.0044,-0.0017,0.7015,0.0934,-0.0114,90.7469,0.0054,-0.0007,0.9075,0.1051,0.0002,99.1838,0.0061,0.0,0.9918,0.0247,-0.0801,17.9289,0.0014,-0.0046,0.1793,0.1539,0.049,150.1104,0.0089,0.0028,1.5011,0.1616,0.0567,156.8136,0.0094,0.0033,1.5681,0.216,0.1112,213.3522,0.0125,0.0064,2.1335,0.1387,0.0339,137.4424,0.0081,0.002,1.3744,0.0995,-0.0054,93.8421,0.0058,-0.0003,0.9384,0.1107,0.0059,108.4066,0.0064,0.0003,1.0841,e93a2b3,,18992fa,2026-09-04T19:21:08+00:00
81296,48.3817,0.1936,0.0115,0.1936,0.1992,0.0056,102.5625,0.0118,0.0003,1.0256,0.1619,-0.0317,82.8996,0.0096,-0.0019,0.829,0.1583,-0.0353,81.7168,0.0094,-0.0021,0.8172,0.1726,-0.0209,90.1456,0.0103,-0.0012,0.9015,0.139,-0.0545,69.0614,0.0083,-0.0032,0.6906,0.2674,0.0738,138.5196,0.0159,0.0044,1.3852,0.2943,0.1007,153.2797,0.0175,0.006,1.5328,0.3276,0.1341,170.7201,0.0195,0.008,1.7072,0.2122,0.0187,110.6575,0.0126,0.0011,1.1066,0.196,0.0024,100.9156,0.0117,0.0002,1.0092,0.1867,-0.0069,96.7146,0.0111,-0.0004,0.9671,e93a2b3,,18992fa,2026-09-04T19:21:08+00:00
81297,36.878,0.1063,0.0062,0.1063,0.1006,-0.0057,94.789,0.0059,-0.0003,0.9479,0.0867,-0.0197,81.7643,0.0051,-0.0012,0.8176,0.0947,-0.0116,89.3708,0.0056,-0.0007,0.8937,0.1059,-0.0004,99.5708,0.0062,-0.0,0.9957,0.0095,-0.0969,8.8382,0.0006,-0.0057,0.0884,0.1677,0.0613,158.1873,0.0098,0.0036,1.5819,0.1871,0.0808,176.1674,0.011,0.0047,1.7617,0.2251,0.1187,212.1878,0.0132,0.007,2.1219,0.1456,0.0392,137.2405,0.0085,0.0023,1.3724,0.1004,-0.0059,94.6615,0.0059,-0.0003,0.9466,0.1248,0.0184,117.7296,0.0073,0.0011,1.1773,e93a2b3,,18992fa,2026-09-04T19:21:08+00:00
81298,58.6648,0.6727,0.0421,0.6727,0.6575,-0.0152,93.4691,0.0412,-0.0009,0.9347,0.6293,-0.0433,80.5625,0.0395,-0.0027,0.8056,0.6844,0.0117,100.7626,0.0429,0.0007,1.0076,0.6357,-0.0369,93.6399,0.0398,-0.0023,0.9364,0.5987,-0.074,67.5729,0.0376,-0.0045,0.6757,0.7152,0.0425,116.0776,0.0448,0.0026,1.1608,0.8491,0.1765,161.7882,0.053,0.0109,1.6179,0.7721,0.0995,137.5571,0.0483,0.0061,1.3756,0.6513,-0.0214,98.0619,0.0408,-0.0013,0.9806,0.7688,0.0961,123.3666,0.0481,0.006,1.2337,0.667,-0.0057,97.9747,0.0418,-0.0003,0.9797,e93a2b3,,18992fa,2026-09-04T19:21:08+00:00
81299,49.1201,0.2116,0.0131,0.2116,0.2202,0.0086,103.1229,0.0136,0.0005,1.0312,0.1699,-0.0416,79.5949,0.0105,-0.0026,0.7959,0.1749,-0.0367,82.9505,0.0108,-0.0023,0.8295,0.1852,-0.0264,88.117,0.0114,-0.0016,0.8812,0.1399,-0.0717,63.4585,0.0087,-0.0044,0.6346,0.2709,0.0594,129.0326,0.0167,0.0037,1.2903,0.3463,0.1348,165.4447,0.0214,0.0083,1.6544,0.3239,0.1123,154.8643,0.02,0.0069,1.5486,0.2023,-0.0093,97.1805,0.0125,-0.0006,0.9718,0.2252,0.0136,106.6086,0.0139,0.0008,1.0661,0.2172,0.0057,102.4174,0.0134,0.0004,1.0242,e93a2b3,,18992fa,2026-09-04T19:21:08+00:00
81310,42.4104,0.1801,0.0093,0.1801,0.1371,-0.043,75.2728,0.0071,-0.0022,0.7527,0.1511,-0.029,83.5174,0.0078,-0.0015,0.8352,0.1317,-0.0484,71.9268,0.0068,-0.0025,0.7193,0.2252,0.0451,124.645,0.0117,0.0023,1.2464,0.2493,0.0692,135.222,0.0129,0.0036,1.3522,0.1514,-0.0287,84.0886,0.0079,-0.0015,0.8409,0.1896,0.0095,104.4978,0.0098,0.0005,1.045,0.1747,-0.0054,97.1598,0.009,-0.0003,0.9716,0.2082,0.0281,114.221,0.0108,0.0015,1.1422,0.207,0.0269,114.3761,0.0107,0.0014,1.1438,0.1868,0.0067,104.063,0.0097,0.0003,1.0406,e93a2b3,,18992fa,2026-09-04T19:21:08+00:00
81320,43.1136,0.2575,0.0124,0.2575,0.2237,-0.0338,86.9161,0.0107,-0.0016,0.8692,0.2283,-0.0292,87.9535,0.011,-0.0014,0.8795,0.2126,-0.0449,81.5369,0.0102,-0.0022,0.8154,0.3372,0.0797,131.6654,0.0162,0.0038,1.3167,0.3569,0.0994,138.5742,0.0171,0.0048,1.3857,0.2703,0.0128,103.5311,0.013,0.0006,1.0353,0.1921,-0.0654,75.4034,0.0092,-0.0031,0.754,0.2472,-0.0103,96.5067,0.0119,-0.0005,0.9651,0.3058,0.0483,119.2544,0.0147,0.0023,1.1925,0.2628,0.0053,102.9515,0.0126,0.0003,1.0295,0.2859,0.0284,111.1269,0.0137,0.0014,1.1113,e93a2b3,,18992fa,2026-09-04T19:21:08+00:00
81330,43.5565,0.1731,0.0084,0.1731,0.1393,-0.0338,79.7896,0.0067,-0.0016,0.7979,0.1508,-0.0223,87.1954,0.0073,-0.0011,0.872,0.142,-0.0311,81.7164,0.0069,-0.0015,0.8172,0.2497,0.0766,144.1575,0.0121,0.0037,1.4416,0.242,0.0689,138.8378,0.0117,0.0033,1.3884,0.1399,-0.0332,80.696,0.0068,-0.0016,0.807,0.1562,-0.0169,90.3074,0.0076,-0.0008,0.9031,0.1731,0.0,100.0,0.0084,0.0,1.0,0.25,0.0769,143.5957,0.0121,0.0037,1.436,0.2049,0.0318,118.1681,0.0099,0.0015,1.1817,0.1888,0.0157,109.1209,0.0091,0.0008,1.0912,e93a2b3,,18992fa,2026-09-04T19:21:08+00:00
81340,46.7006,0.2132,0.0099,0.2132,0.2035,-0.0097,96.084,0.0095,-0.0005,0.9608,0.1802,-0.033,84.5946,0.0084,-0.0015,0.8459,0.1895,-0.0237,88.3596,0.0088,-0.0011,0.8836,0.2788,0.0656,131.3074,0.013,0.003,1.3131,0.2826,0.0694,132.9789,0.0131,0.0032,1.3298,0.2061,-0.0071,95.858,0.0096,-0.0003,0.9586,0.1649,-0.0483,77.8491,0.0077,-0.0022,0.7785,0.199,-0.0143,93.8297,0.0092,-0.0007,0.9383,0.2691,0.0558,126.4729,0.0125,0.0026,1.2647,0.2206,0.0074,104.1391,0.0103,0.0003,1.0414,0.224,0.0108,105.1261,0.0104,0.0005,1.0513,e93a2b3,,18992fa,2026-09-04T19:21:08+00:00
81350,50.7928,0.1333,0.0058,0.1333,0.1476,0.0143,111.7203,0.0064,0.0006,1.1172,0.1013,-0.032,77.4285,0.0044,-0.0014,0.7743,0.1157,-0.0176,87.763,0.0051,-0.0008,0.8776,0.1824,0.0491,137.7813,0.008,0.0021,1.3778,0.1666,0.0333,124.323,0.0073,0.0015,1.2432,0.1111,-0.0222,82.4189,0.0049,-0.001,0.8242,0.125,-0.0083,92.326,0.0055,-0.0003,0.9233,0.1375,0.0042,104.2097,0.006,0.0002,1.0421,0.1483,0.0151,106.5984,0.0065,0.0007,1.066,0.1545,0.0212,118.6485,0.0067,0.0009,1.1865,0.1301,-0.0032,97.6415,0.0057,-0.0001,0.9764,e93a2b3,,18992fa,2026-09-04T19:21:08+00:00
81360,50.5643,0.1058,0.0045,0.1058,0.1243,0.0184,117.645,0.0053,0.0008,1.1765,0.1043,-0.0016,98.0975,0.0045,-0.0001,0.981,0.1002,-0.0056,95.438,0.0043,-0.0002,0.9544,0.1366,0.0307,130.5147,0.0058,0.0013,1.3051,0.1253,0.0195,119.4706,0.0053,0.0008,1.1947,0.0853,-0.0205,81.7363,0.0036,-0.0009,0.8174,0.0842,-0.0217,79.6118,0.0036,-0.0009,0.7961,0.1067,0.0008,101.1716,0.0046,0.0,1.0117,0.0943,-0.0116,90.1914,0.004,-0.0005,0.9019,0.1374,0.0316,130.4269,0.0059,0.0013,1.3043,0.1018,-0.0041,95.6393,0.0044,-0.0002,0.9564,e93a2b3,,18992fa,2026-09-04T19:21:08+00:00
81370,52.4404,0.0945,0.004,0.0945,0.1109,0.0165,117.5526,0.0047,0.0007,1.1755,0.0901,-0.0044,95.2719,0.0038,-0.0002,0.9527,0.0941,-0.0004,99.5752,0.004,-0.0,0.9958,0.127,0.0325,134.6671,0.0053,0.0014,1.3467,0.1074,0.0129,113.8226,0.0045,0.0005,1.1382,0.0809,-0.0136,85.9168,0.0034,-0.0006,0.8592,0.0728,-0.0217,77.0109,0.0031,-0.0009,0.7701,0.0989,0.0044,104.8996,0.0042,0.0002,1.049,0.0901,-0.0044,95.6633,0.0038,-0.0002,0.9566,0.1198,0.0254,127.3139,0.005,0.0011,1.2731,0.0879,-0.0066,92.8338,0.0037,-0.0003,0.9283,e93a2b3,,18992fa,2026-09-04T19:21:08+00:00
81380,48.6452,0.1487,0.0067,0.1487,0.1616,0.0129,109.4963,0.0072,0.0006,1.095,0.1464,-0.0023,98.1448,0.0066,-0.0001,0.9814,0.1431,-0.0055,96.4482,0.0064,-0.0002,0.9645,0.1774,0.0288,120.2617,0.0079,0.0013,1.2026,0.1484,-0.0003,99.6409,0.0067,-0.0,0.9964,0.133,-0.0157,88.8503,0.006,-0.0007,0.8885,0.1145,-0.0342,77.2524,0.0051,-0.0015,0.7725,0.1423,-0.0064,96.4508,0.0064,-0.0003,0.9645,0.1264,-0.0223,84.9018,0.0057,-0.001,0.849,0.1643,0.0156,111.4562,0.0074,0.0007,1.1146,0.1675,0.0189,111.9299,0.0075,0.0009,1.1193,e93a2b3,,18992fa,2026-09-04T19:21:08+00:00
81390,49.8671,0.2625,0.0115,0.2625,0.2804,0.0179,111.7191,0.0123,0.0008,1.1172,0.238,-0.0244,83.9166,0.0104,-0.0011,0.8392,0.2684,0.0059,102.7297,0.0118,0.0003,1.0273,0.3073,0.0448,129.9781,0.0135,0.002,1.2998,0.2667,0.0042,101.6966,0.0117,0.0002,1.017,0.2572,-0.0053,94.896,0.0113,-0.0002,0.949,0.2374,-0.0251,82.2362,0.0104,-0.0011,0.8224,0.2414,-0.0211,89.3469,0.0106,-0.0009,0.8935,0.2695,0.007,104.9956,0.0118,0.0003,1.05,0.2708,0.0083,108.0309,0.0119,0.0004,1.0803,0.2647,0.0022,101.6199,0.0116,0.0001,1.0162,e93a2b3,,18992fa,2026-09-04T19:21:08+00:00
82100,52.2203,0.1344,0.006,0.1344,0.1561,0.0217,116.4407,0.007,0.001,1.1644,0.1588,0.0244,118.1825,0.0071,0.0011,1.1818,0.1117,-0.0228,83.4296,0.005,-0.001,0.8343,0.1365,0.002,101.3453,0.0061,0.0001,1.0135,0.15,0.0156,112.3465,0.0067,0.0007,1.1235,0.1069,-0.0275,79.6041,0.0048,-0.0012,0.796,0.087,-0.0475,64.6487,0.0039,-0.0021,0.6465,0.1307,-0.0037,97.0628,0.0059,-0.0002,0.9706,0.1381,0.0037,103.1804,0.0062,0.0002,1.0318,0.1875,0.0531,140.2056,0.0084,0.0024,1.4021,0.1185,-0.0159,88.0477,0.0053,-0.0007,0.8805,e93a2b3,,18992fa,2026-09-04T19:21:08+00:00
82211,51.3015,0.1088,0.0049,0.1088,0.1167,0.0078,107.1795,0.0053,0.0004,1.0718,0.1132,0.0044,103.9208,0.0051,0.0002,1.0392,0.1127,0.0038,103.8877,0.0051,0.0002,1.0389,0.1024,-0.0064,94.4419,0.0046,-0.0003,0.9444,0.1165,0.0077,107.2367,0.0053,0.0003,1.0724,0.104,-0.0048,95.6469,0.0047,-0.0002,0.9565,0.0696,-0.0393,64.0247,0.0032,-0.0018,0.6402,0.1182,0.0093,108.5777,0.0054,0.0004,1.0858,0.1074,-0.0014,98.6655,0.0049,-0.0001,0.9867,0.1642,0.0554,151.2468,0.0074,0.0025,1.5125,0.0875,-0.0213,80.5503,0.004,-0.001,0.8055,e93a2b3,,18992fa,2026-09-04T19:21:08+00:00
82212,43.6383,0.1716,0.0088,0.1716,0.2044,0.0328,121.3392,0.0105,0.0017,1.2134,0.1798,0.0083,105.9896,0.0092,0.0004,1.0599,0.1439,-0.0276,84.0945,0.0074,-0.0014,0.8409,0.1536,-0.018,89.4058,0.0079,-0.0009,0.8941,0.1264,-0.0451,74.3201,0.0065,-0.0023,0.7432,0.2038,0.0323,120.2132,0.0105,0.0017,1.2021,0.1342,-0.0373,78.5552,0.0069,-0.0019,0.7856,0.2277,0.0561,134.063,0.0117,0.0029,1.3406,0.1968,0.0252,115.2463,0.0101,0.0013,1.1525,0.2124,0.0408,126.4888,0.0109,0.0021,1.2649,0.1515,-0.02,88.3245,0.0078,-0.001,0.8832,e93a2b3,,18992fa,2026-09-04T19:21:08+00:00
82213,48.8332,0.1035,0.0048,0.1035,0.1312,0.0276,126.9002,0.0061,0.0013,1.269,0.116,0.0125,112.1646,0.0054,0.0006,1.1216,0.1102,0.0067,106.4553,0.0051,0.0003,1.0646,0.0871,-0.0164,84.0999,0.004,-0.0008,0.841,0.0983,-0.0053,94.9001,0.0046,-0.0002,0.949,0.1079,0.0044,104.319,0.005,0.0002,1.0432,0.0691,-0.0344,66.8111,0.0032,-0.0016,0.6681,0.1141,0.0106,110.2226,0.0053,0.0005,1.1022,0.0945,-0.009,91.3367,0.0044,-0.0004,0.9134,0.1636,0.0601,158.1317,0.0076,0.0028,1.5813,0.085,-0.0185,82.0956,0.0039,-0.0009,0.821,e93a2b3,,18992fa,2026-09-04T19:21:08+00:00
82214,44.205,0.154,0.0078,0.154,0.1835,0.0295,121.4271,0.0093,0.0015,1.2143,0.1653,0.0112,109.4319,0.0084,0.0006,1.0943,0.1501,-0.0039,97.4398,0.0076,-0.0002,0.9744,0.148,-0.006,94.6526,0.0075,-0.0003,0.9465,0.1108,-0.0433,71.5478,0.0057,-0.0022,0.7155,0.1773,0.0232,115.2567,0.009,0.0012,1.1526,0.1239,-0.0301,80.382,0.0063,-0.0015,0.8038,0.1937,0.0397,125.2326,0.0099,0.002,1.2523,0.1609,0.0069,103.5623,0.0082,0.0004,1.0356,0.1795,0.0255,119.6611,0.0091,0.0013,1.1966,0.1427,-0.0114,92.3557,0.0073,-0.0006,0.9236,e93a2b3,,18992fa,2026-09-04T19:21:08+00:00
82215,43.0865,0.1034,0.005,0.1034,0.1238,0.0204,119.5784,0.006,0.001,1.1958,0.1151,0.0117,111.3351,0.0056,0.0006,1.1134,0.1056,0.0023,102.2876,0.0051,0.0001,1.0229,0.0817,-0.0216,78.9026,0.0039,-0.001,0.789,0.0767,-0.0266,74.6557,0.0037,-0.0013,0.7466,0.1047,0.0014,101.1519,0.0051,0.0001,1.0115,0.0768,-0.0266,74.2094,0.0037,-0.0013,0.7421,0.108,0.0047,104.4455,0.0052,0.0002,1.0445,0.0991,-0.0043,95.8293,0.0048,-0.0002,0.9583,0.1369,0.0336,132.6122,0.0066,0.0016,1.3261,0.0886,-0.0147,85.6006,0.0043,-0.0007,0.856,e93a2b3,,18992fa,2026-09-04T19:21:08+00:00
82216,41.4222,0.1113,0.0055,0.1113,0.1102,-0.0012,99.0568,0.0055,-0.0001,0.9906,0.1095,-0.0018,98.6826,0.0054,-0.0001,0.9868,0.1167,0.0053,104.7889,0.0058,0.0003,1.0479,0.1008,-0.0105,89.9037,0.005,-0.0005,0.899,0.0764,-0.0349,68.8561,0.0038,-0.0017,0.6886,0.1129,0.0016,101.0424,0.0056,0.0001,1.0104,0.09,-0.0213,80.8367,0.0045,-0.0011,0.8084,0.1314,0.0201,117.624,0.0065,0.001,1.1762,0.1251,0.0138,111.9397,0.0062,0.0007,1.1194,0.1117,0.0004,100.9162,0.0055,0.0,1.0092,0.1128,0.0015,101.2824,0.0056,0.0001,1.0128,e93a2b3,,18992fa,2026-09-04T19:21:08+00:00
82217,39.8486,0.1379,0.007,0.1379,0.1546,0.0168,111.8981,0.0078,0.0008,1.119,0.1289,-0.009,93.2059,0.0065,-0.0005,0.9321,0.1434,0.0055,103.9208,0.0073,0.0003,1.0392,0.1493,0.0114,106.5996,0.0076,0.0006,1.066,0.0668,-0.0711,46.0145,0.0034,-0.0036,0.4601,0.1533,0.0154,110.418,0.0078,0.0008,1.1042,0.1066,-0.0313,77.2853,0.0054,-0.0016,0.7729,0.1583,0.0204,113.8166,0.008,0.001,1.1382,0.1397,0.0018,101.6214,0.0071,0.0001,1.0162,0.1341,-0.0038,97.6315,0.0068,-0.0002,0.9763,0.1318,-0.0061,95.8942,0.0067,-0.0003,0.9589,e93a2b3,,18992fa,2026-09-04T19:21:08+00:00
82218,41.3586,0.164,0.0086,0.164,0.1536,-0.0104,93.3575,0.0081,-0.0006,0.9336,0.1649,0.0008,100.793,0.0087,0.0001,1.0079,0.1647,0.0007,100.0938,0.0087,0.0,1.0009,0.1718,0.0077,104.0881,0.009,0.0004,1.0409,0.1416,-0.0224,86.0703,0.0075,-0.0012,0.8607,0.1843,0.0203,112.1004,0.0097,0.0011,1.121,0.1454,-0.0186,89.2602,0.0077,-0.001,0.8926,0.2128,0.0488,130.3259,0.0112,0.0026,1.3033,0.1842,0.0202,112.7138,0.0097,0.0011,1.1271,0.1674,0.0034,102.4971,0.0088,0.0002,1.025,0.1506,-0.0134,91.8135,0.0079,-0.0007,0.9181,e93a2b3,,18992fa,2026-09-04T19:21:08+00:00
82219,35.8406,0.1314,0.0069,0.1314,0.13,-0.0014,99.0536,0.0068,-0.0001,0.9905,0.128,-0.0033,97.7078,0.0067,-0.0002,0.9771,0.1443,0.0129,110.1492,0.0075,0.0007,1.1015,0.1537,0.0224,116.2913,0.008,0.0012,1.1629,0.0749,-0.0565,55.7686,0.0039,-0.0029,0.5577,0.1441,0.0128,109.4117,0.0075,0.0007,1.0941,0.1135,-0.0179,86.8638,0.0059,-0.0009,0.8686,0.1775,0.0462,135.8512,0.0093,0.0024,1.3585,0.1441,0.0127,109.8293,0.0075,0.0007,1.0983,0.1078,-0.0236,81.7004,0.0056,-0.0012,0.817,0.1185,-0.0129,89.9377,0.0062,-0.0007,0.8994,e93a2b3,,18992fa,2026-09-04T19:21:08+00:00
82221,40.5683,0.0975,0.005,0.0975,0.0989,0.0014,101.368,0.0051,0.0001,1.0137,0.0966,-0.0009,98.8204,0.005,-0.0,0.9882,0.1024,0.005,105.363,0.0053,0.0003,1.0536,0.0985,0.0011,101.0592,0.0051,0.0001,1.0106,0.058,-0.0395,60.8633,0.003,-0.002,0.6086,0.1088,0.0113,111.5965,0.0056,0.0006,1.116,0.0812,-0.0163,83.2553,0.0042,-0.0008,0.8326,0.1224,0.0249,124.565,0.0063,0.0013,1.2457,0.1031,0.0056,105.3889,0.0053,0.0003,1.0539,0.0778,-0.0196,79.8355,0.004,-0.001,0.7984,0.0949,-0.0026,98.2136,0.0049,-0.0001,0.9821,e93a2b3,,18992fa,2026-09-04T19:21:08+00:00
82222,36.2061,0.0963,0.0052,0.0963,0.0998,0.0034,103.5845,0.0054,0.0002,1.0358,0.1164,0.0201,121.289,0.0063,0.0011,1.2129,0.1045,0.0082,108.5616,0.0057,0.0004,1.0856,0.0967,0.0003,100.2613,0.0052,0.0,1.0026,0.046,-0.0503,47.7131,0.0025,-0.0027,0.4771,0.0942,-0.0022,97.6276,0.0051,-0.0001,0.9763,0.0985,0.0021,102.4869,0.0053,0.0001,1.0249,0.136,0.0396,140.9636,0.0074,0.0021,1.4096,0.094,-0.0024,97.5417,0.0051,-0.0001,0.9754,0.0686,-0.0277,71.2496,0.0037,-0.0015,0.7125,0.0878,-0.0085,91.2133,0.0047,-0.0005,0.9121,e93a2b3,,18992fa,2026-09-04T19:21:08+00:00
82223,48.0069,0.0804,0.0042,0.0804,0.0741,-0.0063,91.299,0.0038,-0.0003,0.913,0.0697,-0.0107,86.5163,0.0036,-0.0006,0.8652,0.0808,0.0005,100.7354,0.0042,0.0,1.0074,0.093,0.0127,115.8636,0.0048,0.0007,1.1586,0.0769,-0.0035,95.117,0.004,-0.0002,0.9512,0.0965,0.0162,120.1278,0.005,0.0008,1.2013,0.0803,-0.0001,100.227,0.0041,-0.0,1.0023,0.0889,0.0086,111.1076,0.0046,0.0004,1.1111,0.0685,-0.0119,85.3226,0.0035,-0.0006,0.8532,0.0718,-0.0086,89.3642,0.0037,-0.0004,0.8936,0.1053,0.025,132.3516,0.0054,0.0013,1.3235,e93a2b3,,18992fa,2026-09-04T19:21:08+00:00
82224,40.2618,0.0946,0.0051,0.0946,0.0912,-0.0034,96.2244,0.0049,-0.0002,0.9622,0.0999,0.0053,105.8284,0.0054,0.0003,1.0583,0.1013,0.0066,106.9011,0.0054,0.0004,1.069,0.0991,0.0044,104.8352,0.0053,0.0002,1.0484,0.0759,-0.0187,78.9946,0.004,-0.001,0.7899,0.0987,0.004,104.2772,0.0053,0.0002,1.0428,0.0961,0.0015,102.025,0.0051,0.0001,1.0203,0.1042,0.0096,110.9109,0.0056,0.0005,1.1091,0.081,-0.0137,86.0489,0.0043,-0.0007,0.8605,0.0841,-0.0105,88.4909,0.0045,-0.0006,0.8849,0.1028,0.0082,108.5974,0.0055,0.0004,1.086,e93a2b3,,18992fa,2026-09-04T19:21:08+00:00
82226,46.7811,0.0925,0.0045,0.0925,0.1271,0.0346,135.0853,0.0061,0.0017,1.3509,0.0913,-0.0012,98.8931,0.0044,-0.0001,0.9889,0.1033,0.0108,111.9551,0.005,0.0005,1.1196,0.0841,-0.0083,91.4955,0.0041,-0.0004,0.915,0.0985,0.006,106.1683,0.0048,0.0003,1.0617,0.0924,-0.0001,100.1754,0.0045,-0.0,1.0018,0.0691,-0.0234,75.3133,0.0034,-0.0011,0.7531,0.0801,-0.0124,87.18,0.0039,-0.0006,0.8718,0.0893,-0.0031,96.4594,0.0043,-0.0001,0.9646,0.0919,-0.0006,99.2729,0.0045,-0.0,0.9927,0.1177,0.0252,127.6113,0.0057,0.0012,1.2761,e93a2b3,,18992fa,2026-09-04T19:21:08+00:00
82227,47.4169,0.0866,0.0044,0.0866,0.1018,0.0152,115.9432,0.0051,0.0008,1.1594,0.0823,-0.0043,94.4318,0.0041,-0.0002,0.9443,0.0833,-0.0033,95.9923,0.0042,-0.0002,0.9599,0.0862,-0.0004,99.9869,0.0043,-0.0,0.9999,0.0958,0.0092,110.0763,0.0048,0.0005,1.1008,0.0895,0.0029,103.208,0.0045,0.0002,1.0321,0.0805,-0.0061,92.9075,0.0041,-0.0003,0.9291,0.0655,-0.0212,76.0802,0.0033,-0.0011,0.7608,0.0667,-0.0199,77.126,0.0034,-0.001,0.7713,0.0927,0.0061,107.3304,0.0047,0.0003,1.0733,0.1171,0.0305,135.9256,0.0059,0.0015,1.3593,e93a2b3,,18992fa,2026-09-04T19:21:08+00:00
82228,45.5074,0.1028,0.0051,0.1028,0.1545,0.0517,150.1698,0.0076,0.0026,1.5017,0.0986,-0.0042,96.0007,0.0049,-0.0002,0.96,0.1086,0.0058,105.2335,0.0054,0.0003,1.0523,0.0909,-0.0118,88.9142,0.0045,-0.0006,0.8891,0.1134,0.0107,110.6794,0.0056,0.0005,1.1068,0.1021,-0.0007,99.1321,0.0051,-0.0,0.9913,0.0918,-0.011,89.1862,0.0046,-0.0005,0.8919,0.0655,-0.0373,63.8463,0.0032,-0.0018,0.6385,0.0851,-0.0177,82.4449,0.0042,-0.0009,0.8244,0.1103,0.0076,107.3871,0.0055,0.0004,1.0739,0.1221,0.0193,118.7394,0.0061,0.001,1.1874,e93a2b3,,18992fa,2026-09-04T19:21:08+00:00
82229,42.2116,0.1077,0.0056,0.1077,0.1185,0.0108,108.5202,0.0061,0.0005,1.0852,0.1088,0.0011,101.1411,0.0057,0.0001,1.0114,0.1155,0.0078,107.0112,0.006,0.0004,1.0701,0.0941,-0.0136,87.357,0.0049,-0.0007,0.8736,0.1092,0.0014,101.4866,0.0057,0.0001,1.0149,0.1089,0.0011,101.161,0.0057,0.0001,1.0116,0.1075,-0.0002,99.773,0.0056,-0.0,0.9977,0.0748,-0.0329,70.0052,0.0039,-0.0017,0.7001,0.0832,-0.0245,77.6829,0.0043,-0.0013,0.7768,0.1104,0.0027,102.4299,0.0057,0.0001,1.0243,0.1237,0.0159,114.7068,0.0064,0.0008,1.1471,e93a2b3,,18992fa,2026-09-04T19:21:08+00:00
82231,36.0087,0.1061,0.0056,0.1061,0.1113,0.0052,104.9411,0.0059,0.0003,1.0494,0.1025,-0.0036,96.6078,0.0054,-0.0002,0.9661,0.1253,0.0192,118.1263,0.0066,0.001,1.1813,0.1134,0.0073,106.9131,0.006,0.0004,1.0691,0.0333,-0.0728,31.3182,0.0018,-0.0038,0.3132,0.1061,0.0,100.0096,0.0056,0.0,1.0001,0.099,-0.0071,93.3762,0.0052,-0.0004,0.9338,0.169,0.0629,159.2876,0.0089,0.0033,1.5929,0.1161,0.01,109.4778,0.0061,0.0005,1.0948,0.0798,-0.0263,75.2164,0.0042,-0.0014,0.7522,0.0943,-0.0118,88.9321,0.005,-0.0006,0.8893,e93a2b3,,18992fa,2026-09-04T19:21:08+00:00
82232,42.5925,0.1621,0.0089,0.1621,0.1694,0.0072,103.9089,0.0093,0.0004,1.0391,0.2005,0.0383,124.1646,0.011,0.0021,1.2416,0.1403,-0.0218,88.6791,0.0077,-0.0012,0.8868,0.1348,-0.0273,86.2185,0.0074,-0.0015,0.8622,0.1344,-0.0277,81.3194,0.0074,-0.0015,0.8132,0.1863,0.0242,113.5919,0.0102,0.0013,1.1359,0.1812,0.019,110.2305,0.0099,0.0011,1.1023,0.248,0.0859,154.114,0.0136,0.0047,1.5411,0.1549,-0.0072,97.2334,0.0085,-0.0004,0.9723,0.154,-0.0081,92.3633,0.0084,-0.0004,0.9236,0.1396,-0.0225,85.8208,0.0076,-0.0012,0.8582,e93a2b3,,18992fa,2026-09-04T19:21:08+00:00
82233,35.4891,0.1033,0.0055,0.1033,0.1046,0.0013,101.3061,0.0056,0.0001,1.0131,0.1025,-0.0008,99.2001,0.0055,-0.0,0.992,0.1279,0.0246,123.8119,0.0068,0.0013,1.2381,0.1112,0.0079,107.6469,0.0059,0.0004,1.0765,0.0318,-0.0715,30.77,0.0017,-0.0038,0.3077,0.1026,-0.0007,99.3429,0.0055,-0.0,0.9934,0.1018,-0.0014,98.6093,0.0054,-0.0001,0.9861,0.1749,0.0716,169.4038,0.0094,0.0038,1.694,0.119,0.0157,115.1913,0.0064,0.0008,1.1519,0.0749,-0.0284,72.5079,0.004,-0.0015,0.7251,0.0955,-0.0078,92.4936,0.0051,-0.0004,0.9249,e93a2b3,,18992fa,2026-09-04T19:21:08+00:00
82234,39.0504,0.133,0.0074,0.133,0.1402,0.0072,104.9441,0.0078,0.0004,1.0494,0.1701,0.0371,127.971,0.0095,0.0021,1.2797,0.1144,-0.0186,86.9794,0.0064,-0.001,0.8698,0.1322,-0.0008,100.1156,0.0074,-0.0,1.0012,0.1182,-0.0148,87.7871,0.0066,-0.0008,0.8779,0.1513,0.0183,112.7148,0.0084,0.001,1.1271,0.1489,0.0159,110.7146,0.0083,0.0009,1.1071,0.2122,0.0792,159.6252,0.0118,0.0044,1.5963,0.1332,0.0002,100.3367,0.0074,0.0,1.0034,0.1033,-0.0297,75.9976,0.0058,-0.0016,0.76,0.1013,-0.0317,75.4182,0.0056,-0.0018,0.7542,e93a2b3,,18992fa,2026-09-04T19:21:08+00:00
82235,32.7149,0.0996,0.0055,0.0996,0.104,0.0044,104.5309,0.0057,0.0002,1.0453,0.1271,0.0275,127.9994,0.007,0.0015,1.28,0.1091,0.0095,109.8166,0.006,0.0005,1.0982,0.0968,-0.0028,97.0153,0.0053,-0.0002,0.9702,0.0445,-0.0551,44.1984,0.0025,-0.003,0.442,0.0918,-0.0078,92.2257,0.0051,-0.0004,0.9223,0.1082,0.0086,109.0371,0.006,0.0005,1.0904,0.1537,0.0541,154.334,0.0085,0.003,1.5433,0.1023,0.0027,102.7719,0.0056,0.0001,1.0277,0.0576,-0.042,58.1171,0.0032,-0.0023,0.5812,0.0819,-0.0177,82.7208,0.0045,-0.001,0.8272,e93a2b3,,18992fa,2026-09-04T19:21:08+00:00
82236,35.4131,0.0929,0.0053,0.0929,0.0955,0.0025,102.6706,0.0054,0.0001,1.0267,0.0987,0.0057,106.9384,0.0056,0.0003,1.0694,0.1002,0.0073,107.5486,0.0057,0.0004,1.0755,0.0982,0.0053,105.1163,0.0056,0.0003,1.0512,0.0443,-0.0487,47.5185,0.0025,-0.0028,0.4752,0.0892,-0.0037,95.9967,0.0051,-0.0002,0.96,0.1032,0.0103,111.4974,0.0058,0.0006,1.115,0.1127,0.0198,121.3166,0.0064,0.0011,1.2132,0.0931,0.0002,100.1798,0.0053,0.0,1.0018,0.0755,-0.0174,81.5499,0.0043,-0.001,0.8155,0.0896,-0.0033,96.4796,0.0051,-0.0002,0.9648,e93a2b3,,18992fa,2026-09-04T19:21:08+00:00
82237,32.3119,0.1115,0.0063,0.1115,0.1247,0.0133,112.3322,0.0071,0.0008,1.1233,0.1416,0.0301,127.0347,0.008,0.0017,1.2703,0.1112,-0.0002,99.9338,0.0063,-0.0,0.9993,0.1083,-0.0031,97.0025,0.0061,-0.0002,0.97,0.0793,-0.0321,69.3803,0.0045,-0.0018,0.6938,0.1195,0.008,107.0065,0.0068,0.0005,1.0701,0.1171,0.0057,105.411,0.0066,0.0003,1.0541,0.1575,0.0461,141.0408,0.0089,0.0026,1.4104,0.1062,-0.0052,95.3779,0.006,-0.0003,0.9538,0.061,-0.0504,54.5016,0.0035,-0.0029,0.545,0.0759,-0.0355,68.4544,0.0043,-0.002,0.6845,e93a2b3,,18992fa,2026-09-04T19:21:08+00:00
82238,33.7492,0.1162,0.0067,0.1162,0.1467,0.0305,126.5494,0.0085,0.0018,1.2655,0.1253,0.0091,108.1028,0.0073,0.0005,1.081,0.1171,0.0009,100.7828,0.0068,0.0001,1.0078,0.1119,-0.0043,96.3065,0.0065,-0.0002,0.9631,0.0821,-0.0341,69.2198,0.0048,-0.002,0.6922,0.1512,0.035,129.7801,0.0088,0.002,1.2978,0.1337,0.0175,115.1059,0.0078,0.001,1.1511,0.1647,0.0485,141.8842,0.0096,0.0028,1.4188,0.1071,-0.0091,92.5193,0.0062,-0.0005,0.9252,0.0706,-0.0456,60.5526,0.0041,-0.0026,0.6055,0.094,-0.0222,80.9757,0.0055,-0.0013,0.8098,e93a2b3,,18992fa,2026-09-04T19:21:08+00:00
82239,32.2512,0.0988,0.0057,0.0988,0.1319,0.0331,133.3792,0.0077,0.0019,1.3338,0.1069,0.0081,108.218,0.0062,0.0005,1.0822,0.0991,0.0003,100.3577,0.0058,0.0,1.0036,0.095,-0.0038,96.2192,0.0055,-0.0002,0.9622,0.0236,-0.0752,23.4484,0.0014,-0.0044,0.2345,0.1078,0.009,108.7435,0.0063,0.0005,1.0874,0.1217,0.0229,123.3939,0.0071,0.0013,1.2339,0.1426,0.0438,144.3974,0.0083,0.0025,1.444,0.0915,-0.0073,92.4962,0.0053,-0.0004,0.925,0.0557,-0.0431,56.3697,0.0032,-0.0025,0.5637,0.0874,-0.0114,88.7068,0.0051,-0.0007,0.8871,e93a2b3,,18992fa,2026-09-04T19:21:08+00:00
82241,31.9763,0.0915,0.0054,0.0915,0.1462,0.0547,159.7574,0.0087,0.0033,1.5976,0.083,-0.0085,90.782,0.0049,-0.0005,0.9078,0.0906,-0.0009,98.924,0.0054,-0.0001,0.9892,0.0903,-0.0012,98.6977,0.0054,-0.0001,0.987,0.0129,-0.0786,13.9065,0.0008,-0.0047,0.1391,0.1154,0.0239,125.9556,0.0069,0.0014,1.2596,0.1148,0.0233,125.5062,0.0068,0.0014,1.2551,0.155,0.0634,169.3682,0.0092,0.0038,1.6937,0.09,-0.0015,98.3292,0.0054,-0.0001,0.9833,0.054,-0.0376,58.9399,0.0032,-0.0022,0.5894,0.0875,-0.0041,95.6748,0.0052,-0.0002,0.9567,e93a2b3,,18992fa,2026-09-04T19:21:08+00:00
82242,43.5743,0.1799,0.0105,0.1799,0.2179,0.038,123.92,0.0127,0.0022,1.2392,0.1979,0.018,107.2833,0.0115,0.001,1.0728,0.1588,-0.0211,90.5582,0.0092,-0.0012,0.9056,0.151,-0.029,85.6172,0.0088,-0.0017,0.8562,0.1499,-0.0301,80.6008,0.0087,-0.0018,0.806,0.2433,0.0634,137.4861,0.0142,0.0037,1.3749,0.233,0.0531,131.5096,0.0136,0.0031,1.3151,0.2776,0.0977,154.2865,0.0161,0.0057,1.5429,0.1794,-0.0005,99.8078,0.0104,-0.0,0.9981,0.1519,-0.028,80.7487,0.0088,-0.0017,0.8075,0.1645,-0.0154,91.3819,0.0096,-0.0009,0.9138,e93a2b3,,18992fa,2026-09-04T19:21:08+00:00
82243,32.6879,0.0929,0.0057,0.0929,0.1454,0.0525,156.1701,0.0089,0.0032,1.5617,0.0699,-0.023,74.8463,0.0043,-0.0014,0.7485,0.0927,-0.0002,99.6703,0.0056,-0.0,0.9967,0.098,0.0052,106.1451,0.006,0.0003,1.0615,0.0186,-0.0743,18.2493,0.0011,-0.0045,0.1825,0.1227,0.0298,132.7925,0.0075,0.0018,1.3279,0.1251,0.0322,135.7395,0.0076,0.002,1.3574,0.1729,0.08,189.0326,0.0105,0.0049,1.8903,0.0874,-0.0055,93.6405,0.0053,-0.0003,0.9364,0.0578,-0.0351,61.9192,0.0035,-0.0021,0.6192,0.0862,-0.0066,93.1595,0.0053,-0.0004,0.9316,e93a2b3,,18992fa,2026-09-04T19:21:08+00:00
82244,33.425,0.0858,0.0053,0.0858,0.0912,0.0054,105.9876,0.0057,0.0003,1.0599,0.0639,-0.0219,74.5999,0.004,-0.0014,0.746,0.0715,-0.0143,83.3287,0.0045,-0.0009,0.8333,0.1009,0.0151,117.9694,0.0063,0.0009,1.1797,0.0179,-0.0679,20.7274,0.0011,-0.0042,0.2073,0.1059,0.0201,123.7665,0.0066,0.0013,1.2377,0.1202,0.0345,140.5986,0.0075,0.0021,1.406,0.1588,0.073,185.9412,0.0099,0.0046,1.8594,0.0885,0.0027,103.3539,0.0055,0.0002,1.0335,0.0318,-0.054,36.4494,0.002,-0.0034,0.3645,0.0833,-0.0024,97.1561,0.0052,-0.0002,0.9716,e93a2b3,,18992fa,2026-09-04T19:21:08+00:00
82245,35.8761,0.1325,0.0081,0.1325,0.1927,0.0601,144.264,0.0118,0.0037,1.4426,0.098,-0.0345,72.2475,0.006,-0.0021,0.7225,0.1113,-0.0212,83.9958,0.0068,-0.0013,0.84,0.1293,-0.0032,98.0225,0.0079,-0.0002,0.9802,0.0625,-0.07,43.3926,0.0038,-0.0043,0.4339,0.1714,0.0388,127.5357,0.0105,0.0024,1.2754,0.1782,0.0457,133.7968,0.0109,0.0028,1.338,0.2369,0.1044,179.931,0.0145,0.0064,1.7993,0.1349,0.0023,101.1211,0.0083,0.0001,1.0112,0.079,-0.0535,58.4276,0.0048,-0.0033,0.5843,0.1322,-0.0003,99.9311,0.0081,-0.0,0.9993,e93a2b3,,18992fa,2026-09-04T19:21:08+00:00
82246,34.3227,0.1103,0.0072,0.1103,0.1049,-0.0054,89.097,0.0068,-0.0003,0.891,0.0587,-0.0516,48.7529,0.0038,-0.0034,0.4875,0.0843,-0.0261,69.4122,0.0055,-0.0017,0.6941,0.1418,0.0315,134.8369,0.0092,0.0021,1.3484,0.0487,-0.0617,35.3855,0.0032,-0.004,0.3539,0.1275,0.0172,117.5626,0.0083,0.0011,1.1756,0.1259,0.0155,111.7866,0.0082,0.001,1.1179,0.155,0.0446,144.777,0.0101,0.0029,1.4478,0.1132,0.0028,108.3305,0.0074,0.0002,1.0833,0.0323,-0.078,20.6693,0.0021,-0.0051,0.2067,0.1103,-0.0001,101.985,0.0072,-0.0,1.0198,e93a2b3,,18992fa,2026-09-04T19:21:08+00:00
82247,41.6683,0.1733,0.0108,0.1733,0.2013,0.0279,116.8022,0.0125,0.0017,1.168,0.1226,-0.0507,70.0288,0.0076,-0.0032,0.7003,0.1252,-0.0481,72.2428,0.0078,-0.003,0.7224,0.1722,-0.0011,98.6618,0.0108,-0.0,0.9866,0.1178,-0.0555,66.3287,0.0073,-0.0035,0.6633,0.222,0.0486,128.0477,0.0138,0.003,1.2805,0.2345,0.0611,135.9178,0.0146,0.0038,1.3592,0.2965,0.1232,172.4648,0.0185,0.0077,1.7246,0.1723,-0.001,99.6369,0.0107,-0.0001,0.9964,0.1169,-0.0564,66.7619,0.0073,-0.0035,0.6676,0.1809,0.0075,105.1216,0.0113,0.0005,1.0512,e93a2b3,,18992fa,2026-09-04T19:21:08+00:00
82248,47.6,0.2132,0.0138,0.2132,0.24,0.0267,111.9909,0.0155,0.0017,1.1199,0.1644,-0.0489,74.2264,0.0106,-0.0031,0.7423,0.157,-0.0562,72.4774,0.0101,-0.0036,0.7248,0.2223,0.0091,104.5626,0.0144,0.0006,1.0456,0.1722,-0.041,78.4261,0.0111,-0.0026,0.7843,0.2788,0.0655,129.5852,0.018,0.0042,1.2959,0.301,0.0877,142.1424,0.0194,0.0057,1.4214,0.3241,0.1109,154.1035,0.0209,0.0071,1.541,0.2089,-0.0043,98.5247,0.0135,-0.0003,0.9852,0.1767,-0.0365,82.4147,0.0114,-0.0024,0.8241,0.2131,-0.0001,99.8328,0.0138,-0.0,0.9983,e93a2b3,,18992fa,2026-09-04T19:21:08+00:00
82249,47.5971,0.2134,0.013,0.2134,0.2381,0.0247,111.2328,0.0145,0.0015,1.1123,0.1879,-0.0255,85.7196,0.0114,-0.0016,0.8572,0.1705,-0.0429,80.0888,0.0104,-0.0026,0.8009,0.1856,-0.0278,87.6319,0.0113,-0.0017,0.8763,0.1738,-0.0397,79.3523,0.0106,-0.0024,0.7935,0.2873,0.0739,134.3212,0.0175,0.0045,1.3432,0.3086,0.0952,146.1836,0.0188,0.0058,1.4618,0.3582,0.1448,169.8076,0.0218,0.0088,1.6981,0.2241,0.0106,105.1709,0.0136,0.0006,1.0517,0.195,-0.0184,91.2602,0.0119,-0.0011,0.9126,0.2172,0.0038,103.0428,0.0133,0.0003,1.0304,e93a2b3,,18992fa,2026-09-04T19:21:08+00:00
82251,35.097,0.0861,0.0051,0.0861,0.0973,0.0112,113.2517,0.0058,0.0007,1.1325,0.0757,-0.0104,87.6962,0.0045,-0.0006,0.877,0.0847,-0.0014,98.3829,0.005,-0.0001,0.9838,0.096,0.0099,111.5996,0.0057,0.0006,1.116,0.022,-0.0641,25.2959,0.0013,-0.0038,0.253,0.0906,0.0045,105.6308,0.0054,0.0003,1.0563,0.0942,0.0081,109.7335,0.0056,0.0005,1.0973,0.1138,0.0277,132.6976,0.0067,0.0017,1.327,0.085,-0.0011,98.7512,0.005,-0.0001,0.9875,0.0685,-0.0176,79.5601,0.004,-0.0011,0.7956,0.0843,-0.0018,97.9176,0.005,-0.0001,0.9792,e93a2b3,,18992fa,2026-09-04T19:21:08+00:00
82252,34.3796,0.0919,0.0056,0.0919,0.0954,0.0035,104.0461,0.0058,0.0002,1.0405,0.0744,-0.0175,81.0314,0.0045,-0.0011,0.8103,0.0763,-0.0156,82.9483,0.0047,-0.001,0.8295,0.1163,0.0244,126.2681,0.0071,0.0015,1.2627,0.0143,-0.0776,15.0822,0.0009,-0.0047,0.1508,0.1069,0.0149,116.0872,0.0065,0.0009,1.1609,0.1111,0.0192,120.6421,0.0068,0.0012,1.2064,0.131,0.0391,142.8773,0.008,0.0024,1.4288,0.0932,0.0013,101.2722,0.0057,0.0001,1.0127,0.0482,-0.0437,52.47,0.0029,-0.0027,0.5247,0.089,-0.003,96.9638,0.0054,-0.0002,0.9696,e93a2b3,,18992fa,2026-09-04T19:21:08+00:00
82253,34.9374,0.071,0.0042,0.071,0.0583,-0.0127,82.7353,0.0035,-0.0008,0.8274,0.0499,-0.0212,70.3581,0.003,-0.0013,0.7036,0.0712,0.0002,100.7729,0.0042,0.0,1.0077,0.0867,0.0156,122.2928,0.0052,0.0009,1.2229,0.016,-0.055,22.7682,0.0009,-0.0033,0.2277,0.0731,0.002,102.8872,0.0044,0.0001,1.0289,0.0822,0.0111,115.9614,0.0049,0.0007,1.1596,0.083,0.012,116.6898,0.0049,0.0007,1.1669,0.0713,0.0003,99.8926,0.0042,0.0,0.9989,0.0651,-0.0059,92.1965,0.0039,-0.0004,0.922,0.0703,-0.0008,98.743,0.0042,-0.0,0.9874,e93a2b3,,18992fa,2026-09-04T19:21:08+00:00
82254,32.0801,0.0765,0.0049,0.0765,0.0508,-0.0258,63.9635,0.0032,-0.0017,0.6396,0.0567,-0.0198,71.6915,0.0036,-0.0013,0.7169,0.0389,-0.0376,48.6136,0.0025,-0.0024,0.4861,0.0878,0.0113,114.9856,0.0056,0.0007,1.1499,0.01,-0.0665,12.3857,0.0006,-0.0043,0.1239,0.0889,0.0124,117.0032,0.0057,0.0008,1.17,0.1093,0.0328,141.1031,0.007,0.0021,1.411,0.1284,0.0519,168.8874,0.0082,0.0033,1.6889,0.079,0.0025,104.1556,0.0051,0.0002,1.0416,0.0199,-0.0566,23.9091,0.0013,-0.0036,0.2391,0.0826,0.0061,109.082,0.0053,0.0004,1.0908,e93a2b3,,18992fa,2026-09-04T19:21:08+00:00
82255,36.6708,0.0711,0.0042,0.0711,0.0541,-0.017,76.9569,0.0032,-0.001,0.7696,0.0467,-0.0244,65.9698,0.0028,-0.0014,0.6597,0.0733,0.0023,104.0294,0.0043,0.0001,1.0403,0.0834,0.0123,117.2359,0.005,0.0007,1.1724,0.0224,-0.0487,33.8721,0.0013,-0.0029,0.3387,0.0704,-0.0006,98.6051,0.0042,-0.0,0.9861,0.086,0.0149,121.0248,0.0051,0.0009,1.2102,0.0769,0.0058,107.2211,0.0046,0.0004,1.0722,0.0737,0.0026,103.6968,0.0044,0.0002,1.037,0.0734,0.0024,105.0898,0.0043,0.0001,1.0509,0.0687,-0.0024,96.5978,0.0041,-0.0001,0.966,e93a2b3,,18992fa,2026-09-04T19:21:08+00:00
82256,32.8375,0.097,0.006,0.097,0.079,-0.018,81.1855,0.0049,-0.0011,0.8119,0.0911,-0.0059,93.3054,0.0057,-0.0004,0.9331,0.0733,-0.0236,75.8713,0.0045,-0.0015,0.7587,0.1267,0.0298,130.3876,0.0079,0.0018,1.3039,0.0178,-0.0791,17.8207,0.0011,-0.0049,0.1782,0.1198,0.0228,123.0149,0.0074,0.0014,1.2301,0.1303,0.0333,134.3072,0.0081,0.0021,1.3431,0.1252,0.0282,129.1108,0.0078,0.0018,1.2911,0.0968,-0.0001,99.942,0.006,-0.0,0.9994,0.0514,-0.0456,52.9884,0.0032,-0.0028,0.5299,0.0984,0.0014,101.4511,0.0061,0.0001,1.0145,e93a2b3,,18992fa,2026-09-04T19:21:08+00:00
82257,38.4312,0.0997,0.006,0.0997,0.0804,-0.0193,80.6856,0.0048,-0.0012,0.8069,0.0686,-0.0311,69.0349,0.0041,-0.0019,0.6903,0.0961,-0.0036,96.494,0.0058,-0.0002,0.9649,0.1238,0.0241,124.1879,0.0075,0.0015,1.2419,0.0285,-0.0713,29.488,0.0017,-0.0043,0.2949,0.1125,0.0128,112.9836,0.0068,0.0008,1.1298,0.1313,0.0316,132.0811,0.0079,0.0019,1.3208,0.1052,0.0055,105.2875,0.0063,0.0003,1.0529,0.106,0.0062,106.2229,0.0064,0.0004,1.0622,0.0962,-0.0035,97.2725,0.0058,-0.0002,0.9727,0.0985,-0.0013,98.853,0.0059,-0.0001,0.9885,e93a2b3,,18992fa,2026-09-04T19:21:08+00:00
82258,32.9773,0.0942,0.0058,0.0942,0.0661,-0.0281,70.0848,0.0041,-0.0017,0.7008,0.0917,-0.0024,97.6613,0.0056,-0.0001,0.9766,0.0705,-0.0237,74.7355,0.0043,-0.0015,0.7474,0.1193,0.0251,126.7482,0.0073,0.0015,1.2675,0.0199,-0.0743,21.0738,0.0012,-0.0046,0.2107,0.1029,0.0087,109.2311,0.0063,0.0005,1.0923,0.1183,0.0241,125.6082,0.0073,0.0015,1.2561,0.1056,0.0115,112.3134,0.0065,0.0007,1.1231,0.0931,-0.0011,98.8136,0.0057,-0.0001,0.9881,0.074,-0.0202,78.4411,0.0045,-0.0013,0.7844,0.0945,0.0004,100.3998,0.0058,0.0,1.004,e93a2b3,,18992fa,2026-09-04T19:21:08+00:00
82262,39.6385,0.094,0.0052,0.094,0.0817,-0.0123,85.9197,0.0045,-0.0007,0.8592,0.0891,-0.005,93.5118,0.0049,-0.0003,0.9351,0.107,0.013,114.453,0.0059,0.0007,1.1445,0.0787,-0.0153,84.1463,0.0043,-0.0008,0.8415,0.0812,-0.0128,85.1908,0.0044,-0.0007,0.8519,0.0957,0.0017,101.7319,0.0052,0.0001,1.0173,0.1002,0.0061,106.5825,0.0055,0.0003,1.0658,0.0726,-0.0215,78.5926,0.004,-0.0012,0.7859,0.0891,-0.0049,96.792,0.0049,-0.0003,0.9679,0.1133,0.0193,121.4129,0.0062,0.0011,1.2141,0.1003,0.0063,106.7582,0.0055,0.0003,1.0676,e93a2b3,,18992fa,2026-09-04T19:21:08+00:00
82264,36.4213,0.1096,0.0066,0.1096,0.083,-0.0266,75.4371,0.005,-0.0016,0.7544,0.1044,-0.0051,95.1921,0.0063,-0.0003,0.9519,0.1105,0.0009,100.0115,0.0066,0.0,1.0001,0.1037,-0.0058,95.3331,0.0062,-0.0004,0.9533,0.0747,-0.0349,67.1089,0.0045,-0.0021,0.6711,0.1301,0.0205,118.5645,0.0078,0.0012,1.1856,0.1397,0.0301,127.3296,0.0084,0.0018,1.2733,0.0886,-0.021,82.0389,0.0053,-0.0012,0.8204,0.1144,0.0049,104.4694,0.0069,0.0003,1.0447,0.1064,-0.0031,97.3833,0.0064,-0.0002,0.9738,0.1308,0.0212,119.2706,0.0078,0.0013,1.1927,e93a2b3,,18992fa,2026-09-04T19:21:08+00:00
82265,40.4683,0.0528,0.0031,0.0528,0.0439,-0.0089,82.8057,0.0025,-0.0005,0.8281,0.0359,-0.0169,68.4474,0.0021,-0.001,0.6845,0.0588,0.006,111.226,0.0034,0.0003,1.1123,0.0522,-0.0006,99.2904,0.003,-0.0,0.9929,0.0287,-0.0241,55.3728,0.0017,-0.0014,0.5537,0.0522,-0.0006,98.4983,0.003,-0.0,0.985,0.0705,0.0177,132.958,0.0041,0.001,1.3296,0.0483,-0.0045,91.2943,0.0028,-0.0003,0.9129,0.0662,0.0134,124.581,0.0038,0.0008,1.2458,0.0652,0.0124,122.8463,0.0038,0.0007,1.2285,0.0635,0.0107,119.4314,0.0037,0.0006,1.1943,e93a2b3,,18992fa,2026-09-04T19:21:08+00:00
82266,39.8021,0.0983,0.0055,0.0983,0.0793,-0.0191,80.5862,0.0045,-0.0011,0.8059,0.0846,-0.0137,85.1971,0.0048,-0.0008,0.852,0.1041,0.0058,106.0737,0.0059,0.0003,1.0607,0.0842,-0.0142,85.7462,0.0047,-0.0008,0.8575,0.0703,-0.0281,70.5729,0.004,-0.0016,0.7057,0.0996,0.0012,101.1921,0.0056,0.0001,1.0119,0.1138,0.0154,115.9888,0.0064,0.0009,1.1599,0.07,-0.0284,71.5964,0.0039,-0.0016,0.716,0.1022,0.0038,104.5522,0.0058,0.0002,1.0455,0.1262,0.0278,128.0553,0.0071,0.0016,1.2806,0.1135,0.0152,115.5511,0.0064,0.0009,1.1555,e93a2b3,,18992fa,2026-09-04T19:21:08+00:00
82267,39.4765,0.0721,0.0042,0.0721,0.0582,-0.0139,81.2524,0.0034,-0.0008,0.8125,0.0549,-0.0172,76.5932,0.0032,-0.001,0.7659,0.0753,0.0032,104.034,0.0043,0.0002,1.0403,0.0667,-0.0054,94.0411,0.0038,-0.0003,0.9404,0.0403,-0.0318,55.7983,0.0023,-0.0018,0.558,0.0718,-0.0003,99.4163,0.0041,-0.0,0.9942,0.0894,0.0173,124.8948,0.0052,0.001,1.2489,0.058,-0.0141,81.4727,0.0033,-0.0008,0.8147,0.0841,0.012,116.6108,0.0048,0.0007,1.1661,0.0823,0.0102,113.5971,0.0047,0.0006,1.136,0.0863,0.0142,119.1513,0.005,0.0008,1.1915,e93a2b3,,18992fa,2026-09-04T19:21:08+00:00
82268,40.7521,0.1083,0.0062,0.1083,0.0856,-0.0227,78.9472,0.0049,-0.0013,0.7895,0.0989,-0.0094,90.5445,0.0057,-0.0005,0.9054,0.1124,0.0041,103.1628,0.0064,0.0002,1.0316,0.1032,-0.0051,96.1145,0.0059,-0.0003,0.9611,0.0745,-0.0337,68.5404,0.0043,-0.0019,0.6854,0.1209,0.0126,111.0413,0.0069,0.0007,1.1104,0.1617,0.0534,147.9574,0.0093,0.0031,1.4796,0.0665,-0.0418,62.3314,0.0038,-0.0024,0.6233,0.1064,-0.0019,98.826,0.0061,-0.0001,0.9883,0.1151,0.0068,106.6022,0.0066,0.0004,1.066,0.1249,0.0166,115.6074,0.0072,0.001,1.1561,e93a2b3,,18992fa,2026-09-04T19:21:08+00:00
82269,45.3746,0.1042,0.0056,0.1042,0.1219,0.0177,116.2928,0.0066,0.0009,1.1629,0.1198,0.0156,114.5906,0.0065,0.0008,1.1459,0.1192,0.015,114.1171,0.0064,0.0008,1.1412,0.0947,-0.0095,91.1288,0.0051,-0.0005,0.9113,0.0891,-0.0151,85.2663,0.0048,-0.0008,0.8527,0.1031,-0.001,99.0737,0.0056,-0.0001,0.9907,0.1488,0.0446,142.7749,0.008,0.0024,1.4278,0.0678,-0.0364,65.2499,0.0037,-0.002,0.6525,0.0862,-0.018,83.4915,0.0047,-0.001,0.8349,0.1214,0.0172,116.5063,0.0066,0.0009,1.1651,0.1067,0.0025,102.8582,0.0058,0.0001,1.0286,e93a2b3,,18992fa,2026-09-04T19:21:08+00:00
82270,31.8813,0.0894,0.0055,0.0894,0.0543,-0.0351,60.3868,0.0034,-0.0022,0.6039,0.0826,-0.0068,92.4837,0.0051,-0.0004,0.9248,0.0596,-0.0299,65.7777,0.0037,-0.0019,0.6578,0.1012,0.0118,113.0993,0.0063,0.0007,1.131,0.0285,-0.0609,31.6033,0.0018,-0.0038,0.316,0.0942,0.0047,105.1702,0.0058,0.0003,1.0517,0.1105,0.021,123.4078,0.0068,0.0013,1.2341,0.0968,0.0074,108.472,0.006,0.0005,1.0847,0.0882,-0.0012,98.699,0.0055,-0.0001,0.987,0.0794,-0.0101,88.098,0.0049,-0.0006,0.881,0.1034,0.0139,115.9759,0.0064,0.0009,1.1598,e93a2b3,,18992fa,2026-09-04T19:21:08+00:00
82281,29.2523,0.082,0.0052,0.082,0.0447,-0.0373,54.5037,0.0029,-0.0024,0.545,0.0751,-0.0069,91.6375,0.0048,-0.0004,0.9164,0.0278,-0.0542,33.9577,0.0018,-0.0035,0.3396,0.0872,0.0052,106.422,0.0056,0.0003,1.0642,0.0197,-0.0623,24.0598,0.0013,-0.004,0.2406,0.082,0.0,100.0195,0.0052,0.0,1.0002,0.0993,0.0173,121.1993,0.0063,0.0011,1.212,0.0983,0.0164,119.9976,0.0063,0.001,1.2,0.0856,0.0036,104.5051,0.0055,0.0002,1.0451,0.0513,-0.0307,62.6097,0.0033,-0.002,0.6261,0.1082,0.0263,132.0838,0.0069,0.0017,1.3208,e93a2b3,,18992fa,2026-09-04T19:21:08+00:00
82282,29.0921,0.0851,0.0055,0.0851,0.0441,-0.041,51.783,0.0029,-0.0027,0.5178,0.0794,-0.0057,93.3531,0.0052,-0.0004,0.9335,0.0147,-0.0704,17.3417,0.001,-0.0046,0.1734,0.0926,0.0075,110.0985,0.006,0.0005,1.101,0.0174,-0.0677,20.4734,0.0011,-0.0044,0.2047,0.0933,0.0082,111.0634,0.0061,0.0005,1.1106,0.0882,0.0031,104.3352,0.0057,0.0002,1.0434,0.1174,0.0323,140.7379,0.0077,0.0021,1.4074,0.0916,0.0065,109.1127,0.006,0.0004,1.0911,0.0233,-0.0618,27.7931,0.0015,-0.004,0.2779,0.1016,0.0166,122.5038,0.0066,0.0011,1.225,e93a2b3,,18992fa,2026-09-04T19:21:08+00:00
82283,29.1501,0.0714,0.0046,0.0714,0.0398,-0.0317,57.2817,0.0026,-0.002,0.5728,0.0665,-0.005,93.5574,0.0043,-0.0003,0.9356,0.0233,-0.0481,34.5477,0.0015,-0.0031,0.3455,0.0755,0.0041,105.8291,0.0049,0.0003,1.0583,0.0171,-0.0543,24.7491,0.0011,-0.0035,0.2475,0.0714,0.0,100.0,0.0046,0.0,1.0,0.0813,0.0099,116.7919,0.0052,0.0006,1.1679,0.0851,0.0137,119.2473,0.0055,0.0009,1.1925,0.0731,0.0017,103.2923,0.0047,0.0001,1.0329,0.0467,-0.0247,66.7798,0.003,-0.0016,0.6678,0.0904,0.019,127.8605,0.0058,0.0012,1.2786,e93a2b3,,18992fa,2026-09-04T19:21:08+00:00
82284,33.7302,0.1136,0.0073,0.1136,0.0792,-0.0343,69.9244,0.0051,-0.0022,0.6992,0.1088,-0.0048,95.8036,0.007,-0.0003,0.958,0.0997,-0.0138,86.9097,0.0064,-0.0009,0.8691,0.1263,0.0128,110.7153,0.0081,0.0008,1.1072,0.0738,-0.0398,64.7737,0.0047,-0.0026,0.6477,0.126,0.0125,111.1247,0.0081,0.0008,1.1112,0.1628,0.0492,143.3875,0.0104,0.0032,1.4339,0.1221,0.0086,107.8358,0.0078,0.0006,1.0784,0.109,-0.0046,96.4891,0.007,-0.0003,0.9649,0.094,-0.0196,82.9852,0.006,-0.0013,0.8299,0.1535,0.04,134.9857,0.0098,0.0026,1.3499,e93a2b3,,18992fa,2026-09-04T19:21:08+00:00
82285,28.1014,0.0821,0.0054,0.0821,0.0406,-0.0414,46.8189,0.0027,-0.0028,0.4682,0.0754,-0.0067,92.9407,0.005,-0.0004,0.9294,0.0194,-0.0627,21.0961,0.0013,-0.0042,0.211,0.1097,0.0276,144.6585,0.0073,0.0018,1.4466,0.0189,-0.0632,22.0469,0.0013,-0.0042,0.2205,0.0949,0.0128,124.5311,0.0063,0.0009,1.2453,0.0879,0.0059,101.4897,0.0058,0.0004,1.0149,0.1102,0.0281,142.9112,0.0073,0.0019,1.4291,0.0917,0.0097,118.6392,0.0061,0.0006,1.1864,0.0382,-0.0439,42.0946,0.0025,-0.0029,0.4209,0.1079,0.0259,135.7459,0.0072,0.0017,1.3575,e93a2b3,,18992fa,2026-09-04T19:21:08+00:00
82286,27.8585,0.0686,0.0046,0.0686,0.0332,-0.0353,43.1723,0.0022,-0.0024,0.4317,0.0575,-0.0111,88.0301,0.0039,-0.0007,0.8803,0.0235,-0.0451,28.933,0.0016,-0.003,0.2893,0.112,0.0434,208.4291,0.0076,0.003,2.0843,0.0326,-0.036,55.4519,0.0022,-0.0024,0.5545,0.0957,0.0271,173.2805,0.0065,0.0019,1.7328,0.0725,0.0039,92.0463,0.0049,0.0002,0.9205,0.113,0.0445,216.0798,0.0077,0.0031,2.1608,0.0934,0.0248,174.011,0.0063,0.0017,1.7401,0.0398,-0.0288,52.7109,0.0027,-0.002,0.5271,0.0931,0.0246,140.3781,0.0063,0.0017,1.4038,e93a2b3,,18992fa,2026-09-04T19:21:08+00:00
82287,25.3833,0.0252,0.0018,0.0252,0.0113,-0.0139,54.4656,0.0008,-0.001,0.5447,0.0274,0.0023,102.973,0.0019,0.0002,1.0297,0.0014,-0.0238,5.2079,0.0001,-0.0017,0.0521,0.0844,0.0592,432.3917,0.0059,0.0041,4.3239,0.0115,-0.0137,50.8082,0.0008,-0.0009,0.5081,0.0833,0.0582,450.6185,0.0058,0.0041,4.5062,0.0127,-0.0125,51.4614,0.0009,-0.0009,0.5146,0.0803,0.0551,409.3281,0.0056,0.0039,4.0933,0.0699,0.0447,341.7619,0.0049,0.0031,3.4176,0.0064,-0.0188,27.1393,0.0004,-0.0013,0.2714,0.0295,0.0043,124.5439,0.0021,0.0003,1.2454,e93a2b3,,18992fa,2026-09-04T19:21:08+00:00
82288,27.0954,0.0201,0.0014,0.0201,0.0139,-0.0062,76.2881,0.001,-0.0004,0.7629,0.0115,-0.0086,52.4559,0.0008,-0.0006,0.5246,0.0027,-0.0174,11.6955,0.0002,-0.0012,0.117,0.1053,0.0851,840.1381,0.0074,0.006,8.4014,0.0121,-0.008,51.8865,0.0009,-0.0006,0.5189,0.1191,0.099,966.0088,0.0084,0.007,9.6601,0.0201,-0.0,101.3913,0.0014,-0.0,1.0139,0.0857,0.0656,569.6948,0.006,0.0046,5.697,0.0689,0.0488,509.0438,0.0049,0.0034,5.0904,0.0022,-0.0179,15.8961,0.0002,-0.0013,0.159,0.0297,0.0096,151.7515,0.0021,0.0007,1.5175,e93a2b3,,18992fa,2026-09-04T19:21:08+00:00
82289,34.5194,0.1277,0.0095,0.1277,0.129,0.0013,80.5332,0.0096,0.0001,0.8053,0.1022,-0.0255,38.7603,0.0076,-0.0019,0.3876,0.1188,-0.0089,70.9584,0.0089,-0.0007,0.7096,0.1857,0.058,797.5876,0.0138,0.0042,7.9759,0.1143,-0.0134,76.7185,0.0085,-0.001,0.7672,0.2183,0.0906,971.2834,0.0162,0.0066,9.7128,0.1328,0.0051,79.2227,0.0099,0.0004,0.7922,0.1889,0.0612,566.9066,0.014,0.0045,5.6691,0.1342,0.0065,266.0734,0.01,0.0005,2.6607,0.0838,-0.0439,46.8142,0.0063,-0.0032,0.4681,0.1525,0.0248,322.9092,0.0113,0.0018,3.2291,e93a2b3,,18992fa,2026-09-04T19:21:08+00:00
82291,29.7945,0.0826,0.0053,0.0826,0.0574,-0.0252,69.2493,0.0037,-0.0016,0.6925,0.0771,-0.0055,92.9775,0.0049,-0.0004,0.9298,0.026,-0.0566,29.7183,0.0017,-0.0036,0.2972,0.0943,0.0117,115.9165,0.0061,0.0008,1.1592,0.0153,-0.0673,18.2642,0.001,-0.0043,0.1826,0.0942,0.0116,115.6871,0.0061,0.0007,1.1569,0.1066,0.024,127.7516,0.0068,0.0015,1.2775,0.1139,0.0313,140.8562,0.0073,0.002,1.4086,0.0851,0.0025,105.4066,0.0055,0.0002,1.0541,0.0346,-0.048,40.2131,0.0022,-0.0031,0.4021,0.0974,0.0148,121.6494,0.0063,0.001,1.2165,e93a2b3,,18992fa,2026-09-04T19:21:08+00:00
82292,27.5552,0.0431,0.0029,0.0431,0.029,-0.0141,61.3265,0.002,-0.001,0.6133,0.039,-0.0041,94.3294,0.0026,-0.0003,0.9433,0.0055,-0.0376,10.0141,0.0004,-0.0025,0.1001,0.0873,0.0442,250.8318,0.0059,0.003,2.5083,0.0071,-0.0361,16.8609,0.0005,-0.0024,0.1686,0.0845,0.0414,252.0149,0.0057,0.0028,2.5202,0.0427,-0.0005,95.6324,0.0029,-0.0,0.9563,0.0864,0.0433,229.1405,0.0058,0.0029,2.2914,0.0769,0.0338,220.6318,0.0052,0.0023,2.2063,0.0045,-0.0386,11.0238,0.0003,-0.0026,0.1102,0.0551,0.0119,123.1061,0.0037,0.0008,1.2311,e93a2b3,,18992fa,2026-09-04T19:21:08+00:00
82293,30.2109,0.0529,0.0035,0.0529,0.0332,-0.0197,61.2978,0.0022,-0.0013,0.613,0.0336,-0.0193,60.4412,0.0022,-0.0013,0.6044,0.0154,-0.0375,23.8102,0.001,-0.0025,0.2381,0.0908,0.0379,250.6944,0.006,0.0026,2.5069,0.0072,-0.0457,11.5985,0.0005,-0.003,0.116,0.0823,0.0294,227.5364,0.0055,0.002,2.2754,0.0701,0.0172,137.4005,0.0046,0.0011,1.374,0.0907,0.0378,187.0686,0.006,0.0025,1.8707,0.0751,0.0222,198.9774,0.005,0.0015,1.9898,0.009,-0.0439,11.7331,0.0006,-0.0029,0.1173,0.0649,0.0119,115.7886,0.0043,0.0008,1.1579,e93a2b3,,18992fa,2026-09-04T19:21:08+00:00
82294,36.3605,0.1078,0.0078,0.1078,0.1116,0.0038,86.8985,0.0081,0.0003,0.869,0.0885,-0.0193,69.4677,0.0064,-0.0014,0.6947,0.0899,-0.018,50.7333,0.0065,-0.0013,0.5073,0.2126,0.1048,873.0475,0.0153,0.0075,8.7305,0.0961,-0.0118,66.1043,0.007,-0.0008,0.661,0.2206,0.1128,777.684,0.0159,0.0081,7.7768,0.1261,0.0183,113.6069,0.0091,0.0013,1.1361,0.1784,0.0706,291.018,0.0129,0.0051,2.9102,0.1283,0.0205,319.1921,0.0092,0.0014,3.1919,0.0429,-0.0649,16.1246,0.0031,-0.0047,0.1612,0.1132,0.0054,117.1672,0.0082,0.0004,1.1717,e93a2b3,,18992fa,2026-09-04T19:21:08+00:00
82295,33.2079,0.043,0.003,0.043,0.0523,0.0094,137.9041,0.0036,0.0006,1.379,0.03,-0.013,87.7061,0.0021,-0.0009,0.8771,0.0142,-0.0287,24.027,0.001,-0.002,0.2403,0.15,0.107,627.9985,0.0104,0.0074,6.28,0.0191,-0.0238,40.4692,0.0013,-0.0016,0.4047,0.1143,0.0714,484.4966,0.0079,0.005,4.845,0.0498,0.0068,138.8499,0.0034,0.0005,1.3885,0.0469,0.0039,100.7092,0.0033,0.0003,1.0071,0.0862,0.0433,328.7203,0.006,0.003,3.2872,0.0006,-0.0423,1.3985,0.0,-0.0029,0.014,0.0236,-0.0194,45.1881,0.0016,-0.0013,0.4519,e93a2b3,,18992fa,2026-09-04T19:21:08+00:00
82296,32.7137,0.062,0.0042,0.062,0.0782,0.0162,136.0704,0.0053,0.0011,1.3607,0.0182,-0.0438,29.7626,0.0012,-0.0029,0.2976,0.028,-0.0339,42.904,0.0019,-0.0023,0.429,0.1361,0.0741,249.7273,0.0092,0.005,2.4973,0.0225,-0.0395,38.0589,0.0015,-0.0027,0.3806,0.0968,0.0348,172.4533,0.0065,0.0024,1.7245,0.069,0.007,118.3915,0.0047,0.0005,1.1839,0.0686,0.0067,108.8104,0.0046,0.0004,1.0881,0.0923,0.0304,164.6822,0.0062,0.0021,1.6468,0.0014,-0.0606,2.1131,0.0001,-0.0041,0.0211,0.0449,-0.017,69.2263,0.003,-0.0012,0.6923,e93a2b3,,18992fa,2026-09-04T19:21:08+00:00
82297,44.4232,0.2132,0.0148,0.2132,0.2338,0.0205,117.3166,0.0163,0.0014,1.1732,0.155,-0.0582,62.8287,0.0108,-0.004,0.6283,0.2011,-0.0121,88.9857,0.014,-0.0009,0.8899,0.2937,0.0805,183.8416,0.0204,0.0056,1.8384,0.2073,-0.006,97.4461,0.0144,-0.0004,0.9745,0.2822,0.0689,147.9894,0.0197,0.0048,1.4799,0.2516,0.0384,115.7878,0.0175,0.0027,1.1579,0.2124,-0.0009,87.7972,0.0148,-0.0,0.878,0.2262,0.013,124.6039,0.0157,0.0009,1.246,0.0882,-0.125,28.7047,0.0062,-0.0087,0.287,0.1943,-0.0189,91.634,0.0135,-0.0013,0.9163,e93a2b3,,18992fa,2026-09-04T19:21:08+00:00
82298,47.9901,0.3207,0.0227,0.3207,0.3074,-0.0133,94.7838,0.0217,-0.001,0.9478,0.2861,-0.0345,89.2215,0.0203,-0.0024,0.8922,0.2605,-0.0602,81.1619,0.0184,-0.0043,0.8116,0.3601,0.0394,113.5119,0.0255,0.0028,1.1351,0.3214,0.0007,101.5661,0.0227,0.0,1.0157,0.4073,0.0866,126.1983,0.0288,0.0061,1.262,0.3933,0.0726,121.3842,0.0278,0.0051,1.2138,0.3399,0.0192,103.0478,0.0241,0.0014,1.0305,0.3231,0.0024,101.621,0.0229,0.0002,1.0162,0.1813,-0.1394,54.124,0.0128,-0.0099,0.5412,0.2977,-0.023,90.8911,0.0211,-0.0016,0.9089,e93a2b3,,18992fa,2026-09-04T19:21:08+00:00
82299,53.2931,0.2857,0.0194,0.2857,0.3267,0.041,114.6637,0.0221,0.0028,1.1466,0.2486,-0.0371,87.2445,0.0168,-0.0025,0.8724,0.2735,-0.0122,94.9936,0.0185,-0.0008,0.9499,0.3,0.0143,105.5413,0.0203,0.001,1.0554,0.2673,-0.0184,94.2019,0.0181,-0.0012,0.942,0.3809,0.0952,133.8068,0.0258,0.0064,1.3381,0.3966,0.1109,138.7813,0.0268,0.0075,1.3878,0.3335,0.0478,115.9488,0.0226,0.0032,1.1595,0.2796,-0.0061,98.172,0.0189,-0.0004,0.9817,0.2295,-0.0562,79.7145,0.0155,-0.0038,0.7971,0.2629,-0.0228,91.9208,0.0178,-0.0016,0.9192,e93a2b3,,18992fa,2026-09-04T19:21:08+00:00
82301,54.7461,0.0977,0.0042,0.0977,0.0987,0.001,101.0167,0.0043,0.0,1.0102,0.0872,-0.0105,89.1744,0.0038,-0.0005,0.8917,0.1142,0.0165,117.1558,0.005,0.0007,1.1716,0.1224,0.0248,125.5871,0.0053,0.0011,1.2559,0.1102,0.0126,113.0152,0.0048,0.0006,1.1302,0.0958,-0.0019,98.1253,0.0042,-0.0001,0.9813,0.0701,-0.0276,71.6725,0.003,-0.0012,0.7167,0.0941,-0.0036,96.4156,0.0041,-0.0002,0.9642,0.0922,-0.0055,94.5531,0.004,-0.0002,0.9455,0.1452,0.0475,148.9454,0.0063,0.0021,1.4895,0.0933,-0.0044,95.4868,0.004,-0.0002,0.9549,e93a2b3,,18992fa,2026-09-04T19:21:08+00:00
82302,51.4391,0.0988,0.0044,0.0988,0.0991,0.0004,100.3139,0.0044,0.0,1.0031,0.0848,-0.014,85.8157,0.0038,-0.0006,0.8582,0.1164,0.0176,118.0585,0.0052,0.0008,1.1806,0.1103,0.0115,111.9605,0.0049,0.0005,1.1196,0.1098,0.0111,111.5807,0.0049,0.0005,1.1158,0.0981,-0.0006,99.3879,0.0044,-0.0,0.9939,0.0612,-0.0375,62.0809,0.0027,-0.0017,0.6208,0.1035,0.0048,104.7943,0.0046,0.0002,1.0479,0.0891,-0.0096,90.4018,0.004,-0.0004,0.904,0.158,0.0592,160.2575,0.007,0.0026,1.6026,0.0922,-0.0066,93.3274,0.0041,-0.0003,0.9333,e93a2b3,,18992fa,2026-09-04T19:21:08+00:00
82303,51.0436,0.1069,0.0047,0.1069,0.1126,0.0056,105.2414,0.005,0.0002,1.0524,0.0845,-0.0225,79.0066,0.0037,-0.001,0.7901,0.1197,0.0128,112.1654,0.0053,0.0006,1.1217,0.1223,0.0153,114.4062,0.0054,0.0007,1.1441,0.1038,-0.0032,97.3472,0.0046,-0.0001,0.9735,0.1084,0.0014,101.394,0.0048,0.0001,1.0139,0.0639,-0.043,59.7074,0.0028,-0.0019,0.5971,0.0984,-0.0085,92.1631,0.0044,-0.0004,0.9216,0.082,-0.0249,76.839,0.0036,-0.0011,0.7684,0.1528,0.0459,143.4074,0.0068,0.002,1.4341,0.1087,0.0017,101.4353,0.0048,0.0001,1.0144,e93a2b3,,18992fa,2026-09-04T19:21:08+00:00
82304,45.4596,0.0983,0.0046,0.0983,0.1122,0.0139,114.0293,0.0052,0.0006,1.1403,0.0879,-0.0103,89.7988,0.0041,-0.0005,0.898,0.1078,0.0095,109.7571,0.005,0.0004,1.0976,0.0936,-0.0047,94.8728,0.0043,-0.0002,0.9487,0.0982,-0.0001,99.9731,0.0046,-0.0,0.9997,0.099,0.0008,100.815,0.0046,0.0,1.0082,0.0649,-0.0334,66.1112,0.003,-0.0015,0.6611,0.0931,-0.0052,95.2335,0.0043,-0.0002,0.9523,0.0863,-0.0119,88.3282,0.004,-0.0005,0.8833,0.1269,0.0287,129.4863,0.0059,0.0013,1.2949,0.1013,0.003,102.7029,0.0047,0.0001,1.027,e93a2b3,,18992fa,2026-09-04T19:21:08+00:00
82305,56.5556,0.1119,0.0048,0.1119,0.1315,0.0196,118.0672,0.0056,0.0008,1.1807,0.0851,-0.0268,76.2894,0.0036,-0.0011,0.7629,0.1161,0.0042,104.023,0.005,0.0002,1.0402,0.1382,0.0262,123.7076,0.0059,0.0011,1.2371,0.0957,-0.0163,85.9553,0.0041,-0.0007,0.8596,0.1198,0.0079,107.3732,0.0051,0.0003,1.0737,0.0766,-0.0353,68.6557,0.0033,-0.0015,0.6866,0.0898,-0.0221,80.4543,0.0038,-0.0009,0.8045,0.0808,-0.0311,72.4879,0.0034,-0.0013,0.7249,0.1209,0.009,108.0356,0.0052,0.0004,1.0804,0.1145,0.0026,101.9504,0.0049,0.0001,1.0195,e93a2b3,,18992fa,2026-09-04T19:21:08+00:00
82306,49.4419,0.115,0.0052,0.115,0.1486,0.0337,130.4155,0.0067,0.0015,1.3042,0.0915,-0.0235,80.5672,0.0042,-0.0011,0.8057,0.119,0.004,104.3685,0.0054,0.0002,1.0437,0.1204,0.0054,104.7219,0.0054,0.0002,1.0472,0.119,0.004,103.523,0.0054,0.0002,1.0352,0.1172,0.0022,101.7879,0.0053,0.0001,1.0179,0.0748,-0.0402,64.8421,0.0034,-0.0018,0.6484,0.0871,-0.0279,76.3559,0.0039,-0.0013,0.7636,0.0887,-0.0262,78.0152,0.004,-0.0012,0.7802,0.1286,0.0137,112.7506,0.0058,0.0006,1.1275,0.136,0.021,118.3038,0.0062,0.001,1.183,e93a2b3,,18992fa,2026-09-04T19:21:08+00:00
82307,53.6738,0.1175,0.0051,0.1175,0.1475,0.0299,125.9428,0.0064,0.0013,1.2594,0.0849,-0.0326,72.656,0.0037,-0.0014,0.7266,0.1247,0.0072,106.6932,0.0054,0.0003,1.0669,0.1362,0.0186,116.3743,0.0059,0.0008,1.1637,0.1183,0.0008,100.5014,0.0051,0.0,1.005,0.1321,0.0146,112.8032,0.0057,0.0006,1.128,0.0837,-0.0338,71.3676,0.0036,-0.0015,0.7137,0.102,-0.0155,87.3826,0.0044,-0.0007,0.8738,0.09,-0.0275,76.9109,0.0039,-0.0012,0.7691,0.1274,0.0098,108.7959,0.0055,0.0004,1.088,0.1096,-0.0079,93.0229,0.0048,-0.0003,0.9302,e93a2b3,,18992fa,2026-09-04T19:21:08+00:00
82308,51.7364,0.1278,0.0058,0.1278,0.1688,0.041,134.3299,0.0076,0.0019,1.3433,0.0943,-0.0335,75.0169,0.0043,-0.0015,0.7502,0.1252,-0.0026,98.8907,0.0056,-0.0001,0.9889,0.1197,-0.0081,92.6253,0.0054,-0.0004,0.9263,0.1341,0.0064,104.3525,0.006,0.0003,1.0435,0.1388,0.0111,107.646,0.0063,0.0005,1.0765,0.0899,-0.0379,70.1252,0.0041,-0.0017,0.7013,0.0941,-0.0337,74.2906,0.0042,-0.0015,0.7429,0.114,-0.0138,91.2631,0.0051,-0.0006,0.9126,0.1388,0.0111,109.1791,0.0063,0.0005,1.0918,0.1674,0.0396,131.5302,0.0075,0.0018,1.3153,e93a2b3,,18992fa,2026-09-04T19:21:08+00:00
82309,58.5133,0.165,0.0072,0.165,0.2077,0.0428,128.0672,0.009,0.0019,1.2807,0.1184,-0.0465,72.7298,0.0052,-0.002,0.7273,0.1533,-0.0117,93.0019,0.0067,-0.0005,0.93,0.1515,-0.0134,90.3522,0.0066,-0.0006,0.9035,0.1786,0.0137,107.7503,0.0078,0.0006,1.0775,0.1869,0.0219,112.5138,0.0081,0.001,1.1251,0.122,-0.0429,73.691,0.0053,-0.0019,0.7369,0.1404,-0.0246,86.2842,0.0061,-0.0011,0.8628,0.158,-0.0069,98.6733,0.0069,-0.0003,0.9867,0.1771,0.0121,107.8028,0.0077,0.0005,1.078,0.1909,0.0259,114.279,0.0083,0.0011,1.1428,e93a2b3,,18992fa,2026-09-04T19:21:08+00:00
83110,53.1959,0.1124,0.0051,0.1124,0.1613,0.0489,143.9266,0.0074,0.0022,1.4393,0.0892,-0.0231,79.5095,0.0041,-0.0011,0.7951,0.1245,0.0121,111.1332,0.0057,0.0006,1.1113,0.0846,-0.0277,75.4427,0.0039,-0.0013,0.7544,0.1153,0.003,102.4399,0.0053,0.0001,1.0244,0.1095,-0.0028,97.6297,0.005,-0.0001,0.9763,0.0919,-0.0204,81.9105,0.0042,-0.0009,0.8191,0.0967,-0.0157,85.8608,0.0044,-0.0007,0.8586,0.1332,0.0209,118.4116,0.0061,0.0009,1.1841,0.1237,0.0113,110.2949,0.0056,0.0005,1.1029,0.1173,0.0049,104.7025,0.0054,0.0002,1.047,e93a2b3,,18992fa,2026-09-04T19:21:08+00:00
83120,47.5313,0.1156,0.0057,0.1156,0.1594,0.0438,138.1133,0.0079,0.0022,1.3811,0.1101,-0.0055,95.2579,0.0054,-0.0003,0.9526,0.1391,0.0235,120.2852,0.0069,0.0012,1.2029,0.09,-0.0256,77.8,0.0044,-0.0013,0.778,0.1356,0.02,117.3719,0.0067,0.001,1.1737,0.1081,-0.0074,93.5514,0.0053,-0.0004,0.9355,0.1163,0.0007,100.4429,0.0057,0.0,1.0044,0.0804,-0.0352,69.5791,0.004,-0.0017,0.6958,0.1018,-0.0138,88.1825,0.005,-0.0007,0.8818,0.125,0.0094,108.2252,0.0062,0.0005,1.0823,0.128,0.0124,110.7795,0.0063,0.0006,1.1078,e93a2b3,,18992fa,2026-09-04T19:21:08+00:00
83130,53.2794,0.13,0.0062,0.13,0.1507,0.0208,116.7159,0.0072,0.001,1.1672,0.09,-0.04,69.9109,0.0043,-0.0019,0.6991,0.154,0.024,118.6853,0.0074,0.0012,1.1869,0.0968,-0.0332,74.2556,0.0046,-0.0016,0.7426,0.1748,0.0449,133.9338,0.0084,0.0021,1.3393,0.1124,-0.0176,86.4651,0.0054,-0.0008,0.8647,0.1344,0.0045,103.5426,0.0064,0.0002,1.0354,0.1008,-0.0292,77.5224,0.0048,-0.0014,0.7752,0.1104,-0.0196,85.0465,0.0053,-0.0009,0.8505,0.1452,0.0152,111.9473,0.007,0.0007,1.1195,0.1434,0.0134,110.1471,0.0069,0.0006,1.1015,e93a2b3,,18992fa,2026-09-04T19:21:08+00:00
83140,49.0554,0.1144,0.0058,0.1144,0.1603,0.0459,140.3598,0.0081,0.0023,1.4036,0.1127,-0.0017,99.2136,0.0057,-0.0001,0.9921,0.1304,0.016,114.1507,0.0066,0.0008,1.1415,0.0879,-0.0265,77.0602,0.0044,-0.0013,0.7706,0.1269,0.0125,110.5185,0.0064,0.0006,1.1052,0.097,-0.0174,84.8863,0.0049,-0.0009,0.8489,0.1572,0.0428,137.834,0.008,0.0022,1.3783,0.0951,-0.0193,83.0383,0.0048,-0.001,0.8304,0.0836,-0.0308,73.0019,0.0042,-0.0016,0.73,0.1274,0.013,111.5649,0.0064,0.0007,1.1156,0.1108,-0.0036,96.7561,0.0056,-0.0002,0.9676,e93a2b3,,18992fa,2026-09-04T19:21:08+00:00
83150,53.7364,0.1172,0.0056,0.1172,0.1323,0.0151,112.8106,0.0063,0.0007,1.1281,0.0784,-0.0388,66.7841,0.0038,-0.0018,0.6678,0.121,0.0038,103.4067,0.0058,0.0002,1.0341,0.0891,-0.0281,76.2309,0.0042,-0.0013,0.7623,0.1357,0.0185,115.4146,0.0065,0.0009,1.1541,0.0989,-0.0183,84.5631,0.0047,-0.0009,0.8456,0.1388,0.0216,118.3673,0.0066,0.001,1.1837,0.0905,-0.0267,77.055,0.0043,-0.0013,0.7706,0.096,-0.0212,82.4815,0.0046,-0.001,0.8248,0.1232,0.006,105.1131,0.0059,0.0003,1.0511,0.1295,0.0123,110.7418,0.0062,0.0006,1.1074,e93a2b3,,18992fa,2026-09-04T19:21:08+00:00
83160,51.1282,0.1091,0.0054,0.1091,0.1323,0.0232,121.0907,0.0066,0.0012,1.2109,0.0804,-0.0287,73.5682,0.004,-0.0014,0.7357,0.1093,0.0002,100.1375,0.0054,0.0,1.0014,0.0862,-0.0229,79.0897,0.0043,-0.0011,0.7909,0.1232,0.0141,112.9657,0.0061,0.0007,1.1297,0.1003,-0.0088,92.087,0.0049,-0.0004,0.9209,0.1392,0.03,127.4372,0.0069,0.0015,1.2744,0.0869,-0.0223,79.5403,0.0043,-0.0011,0.7954,0.081,-0.0281,74.328,0.004,-0.0014,0.7433,0.132,0.0229,120.961,0.0065,0.0011,1.2096,0.125,0.0159,114.7845,0.0062,0.0008,1.1478,e93a2b3,,18992fa,2026-09-04T19:21:08+00:00
83170,55.2658,0.1124,0.0053,0.1124,0.1187,0.0063,105.4709,0.0056,0.0003,1.0547,0.0849,-0.0275,75.7989,0.004,-0.0013,0.758,0.1,-0.0124,89.4032,0.0047,-0.0006,0.894,0.1073,-0.0051,95.2563,0.0051,-0.0003,0.9526,0.1059,-0.0065,94.0935,0.005,-0.0003,0.9409,0.1472,0.0348,130.843,0.007,0.0016,1.3084,0.1152,0.0028,102.8531,0.0055,0.0001,1.0285,0.077,-0.0354,68.6713,0.0037,-0.0017,0.6867,0.1109,-0.0015,98.5516,0.0052,-0.0001,0.9855,0.1345,0.0221,119.8078,0.0064,0.001,1.1981,0.1311,0.0187,116.6803,0.0062,0.0009,1.1668,e93a2b3,,18992fa,2026-09-04T19:21:08+00:00
83181,56.9317,0.1684,0.0081,0.1684,0.1826,0.0142,108.447,0.0088,0.0007,1.0845,0.1285,-0.0399,76.2941,0.0062,-0.0019,0.7629,0.1381,-0.0303,82.017,0.0067,-0.0015,0.8202,0.1684,0.0,100.0,0.0081,0.0,1.0,0.137,-0.0314,81.3403,0.0066,-0.0015,0.8134,0.2304,0.062,136.8156,0.0111,0.003,1.3682,0.1609,-0.0075,95.5632,0.0078,-0.0004,0.9556,0.0962,-0.0722,57.137,0.0046,-0.0035,0.5714,0.1745,0.0061,103.6186,0.0084,0.0003,1.0362,0.1782,0.0098,105.809,0.0086,0.0005,1.0581,0.1762,0.0078,104.6127,0.0085,0.0004,1.0461,e93a2b3,,18992fa,2026-09-04T19:21:08+00:00
83182,57.6404,0.149,0.0072,0.149,0.1539,0.0049,103.2034,0.0075,0.0002,1.032,0.1167,-0.0323,78.3851,0.0057,-0.0016,0.7839,0.1262,-0.0228,84.7722,0.0061,-0.0011,0.8477,0.1498,0.0008,100.5778,0.0073,0.0,1.0058,0.1168,-0.0322,78.2709,0.0057,-0.0016,0.7827,0.2087,0.0598,140.0573,0.0101,0.0029,1.4006,0.1515,0.0025,101.824,0.0074,0.0001,1.0182,0.0904,-0.0585,60.6847,0.0044,-0.0028,0.6068,0.1967,0.0478,132.3552,0.0095,0.0023,1.3236,0.1571,0.0082,105.4904,0.0076,0.0004,1.0549,0.1604,0.0114,107.5201,0.0078,0.0006,1.0752,e93a2b3,,18992fa,2026-09-04T19:21:08+00:00
83183,54.2286,0.1492,0.0074,0.1492,0.1551,0.0059,103.9782,0.0077,0.0003,1.0398,0.1171,-0.0321,78.5449,0.0058,-0.0016,0.7854,0.1248,-0.0244,83.8984,0.0062,-0.0012,0.839,0.1496,0.0004,100.2992,0.0074,0.0,1.003,0.1211,-0.0281,81.0486,0.006,-0.0014,0.8105,0.2038,0.0546,136.886,0.0101,0.0027,1.3689,0.1402,-0.0091,93.9915,0.0069,-0.0004,0.9399,0.0833,-0.0659,55.8273,0.0041,-0.0033,0.5583,0.1583,0.0091,105.9654,0.0078,0.0005,1.0597,0.161,0.0118,108.1838,0.008,0.0006,1.0818,0.1703,0.0211,114.2987,0.0084,0.001,1.143,e93a2b3,,18992fa,2026-09-04T19:21:08+00:00
83184,51.3702,0.1311,0.0067,0.1311,0.1274,-0.0038,97.111,0.0065,-0.0002,0.9711,0.1196,-0.0116,91.2092,0.0061,-0.0006,0.9121,0.1345,0.0034,102.6453,0.0069,0.0002,1.0265,0.1214,-0.0098,92.5029,0.0062,-0.0005,0.925,0.1045,-0.0266,79.6831,0.0054,-0.0014,0.7968,0.1655,0.0343,126.0563,0.0085,0.0018,1.2606,0.1314,0.0002,100.1678,0.0067,0.0,1.0017,0.0722,-0.059,54.998,0.0037,-0.003,0.55,0.1413,0.0101,107.6698,0.0072,0.0005,1.0767,0.1474,0.0162,112.3404,0.0075,0.0008,1.1234,0.1405,0.0094,107.0807,0.0072,0.0005,1.0708,e93a2b3,,18992fa,2026-09-04T19:21:08+00:00
83185,51.3489,0.1189,0.006,0.1189,0.1308,0.0119,110.1607,0.0066,0.0006,1.1016,0.096,-0.0228,80.5201,0.0049,-0.0012,0.8052,0.1229,0.004,103.2394,0.0062,0.0002,1.0324,0.1038,-0.0151,87.3756,0.0053,-0.0008,0.8738,0.1023,-0.0166,86.3911,0.0052,-0.0008,0.8639,0.1532,0.0344,128.943,0.0078,0.0017,1.2894,0.1231,0.0043,103.764,0.0063,0.0002,1.0376,0.0766,-0.0423,64.9727,0.0039,-0.0022,0.6497,0.106,-0.0129,88.63,0.0054,-0.0007,0.8863,0.1335,0.0147,112.6365,0.0068,0.0007,1.1264,0.1306,0.0117,110.2423,0.0066,0.0006,1.1024,e93a2b3,,18992fa,2026-09-04T19:21:08+00:00
83186,49.9848,0.1088,0.0055,0.1088,0.1407,0.0319,129.3379,0.0071,0.0016,1.2934,0.0835,-0.0253,76.7027,0.0042,-0.0013,0.767,0.1089,0.0001,100.0669,0.0055,0.0,1.0007,0.0933,-0.0155,85.7426,0.0047,-0.0008,0.8574,0.1091,0.0003,100.3137,0.0055,0.0,1.0031,0.1102,0.0014,101.2286,0.0056,0.0001,1.0123,0.1405,0.0317,129.1702,0.0071,0.0016,1.2917,0.0964,-0.0124,88.6206,0.0049,-0.0006,0.8862,0.0819,-0.0269,75.3178,0.0041,-0.0014,0.7532,0.1343,0.0255,123.4469,0.0068,0.0013,1.2345,0.1195,0.0107,109.81,0.006,0.0005,1.0981,e93a2b3,,18992fa,2026-09-04T19:21:08+00:00
83187,48.8695,0.1128,0.0058,0.1128,0.1543,0.0415,136.8527,0.008,0.0021,1.3685,0.0963,-0.0165,85.3239,0.005,-0.0008,0.8532,0.1158,0.003,102.6852,0.006,0.0002,1.0269,0.0991,-0.0137,87.8353,0.0051,-0.0007,0.8784,0.1099,-0.0029,97.4939,0.0057,-0.0001,0.9749,0.1263,0.0135,111.6657,0.0065,0.0007,1.1167,0.1491,0.0363,132.3177,0.0077,0.0019,1.3232,0.0908,-0.0221,80.6148,0.0047,-0.0011,0.8061,0.0833,-0.0295,73.8101,0.0043,-0.0015,0.7381,0.1383,0.0255,122.671,0.0071,0.0013,1.2267,0.1156,0.0028,102.5141,0.006,0.0001,1.0251,e93a2b3,,18992fa,2026-09-04T19:21:08+00:00
83188,47.0483,0.12,0.0064,0.12,0.1749,0.0549,146.0496,0.0093,0.0029,1.4605,0.1385,0.0185,115.5602,0.0074,0.001,1.1556,0.1251,0.0051,104.5344,0.0067,0.0003,1.0453,0.0919,-0.0281,76.7464,0.0049,-0.0015,0.7675,0.1083,-0.0117,90.4928,0.0058,-0.0006,0.9049,0.1261,0.0062,104.8666,0.0067,0.0003,1.0487,0.1885,0.0685,157.5269,0.0101,0.0037,1.5753,0.0732,-0.0468,61.0182,0.0039,-0.0025,0.6102,0.0788,-0.0412,65.7755,0.0042,-0.0022,0.6578,0.1336,0.0136,111.6056,0.0071,0.0007,1.1161,0.1054,-0.0145,87.9954,0.0056,-0.0008,0.88,e93a2b3,,18992fa,2026-09-04T19:21:08+00:00
83189,47.5144,0.1091,0.0057,0.1091,0.1669,0.0578,153.3951,0.0087,0.003,1.534,0.1236,0.0145,113.6895,0.0064,0.0008,1.1369,0.1263,0.0172,116.0358,0.0066,0.0009,1.1604,0.0897,-0.0194,82.499,0.0047,-0.001,0.825,0.111,0.0019,101.698,0.0058,0.0001,1.017,0.097,-0.0121,89.1274,0.0051,-0.0006,0.8913,0.173,0.0639,158.8772,0.009,0.0033,1.5888,0.0776,-0.0315,71.192,0.004,-0.0016,0.7119,0.0764,-0.0327,70.1791,0.004,-0.0017,0.7018,0.1311,0.022,120.2871,0.0068,0.0011,1.2029,0.1024,-0.0067,94.0194,0.0053,-0.0004,0.9402,e93a2b3,,18992fa,2026-09-04T19:21:08+00:00
83191,62.4443,0.1382,0.0059,0.1382,0.1208,-0.0174,84.8577,0.0052,-0.0007,0.8486,0.1248,-0.0134,89.1464,0.0053,-0.0006,0.8915,0.1243,-0.0138,88.7548,0.0053,-0.0006,0.8875,0.1379,-0.0003,99.7526,0.0059,-0.0,0.9975,0.1147,-0.0234,80.4255,0.0049,-0.001,0.8043,0.175,0.0368,130.6552,0.0075,0.0016,1.3066,0.1414,0.0032,102.8475,0.0061,0.0001,1.0285,0.1112,-0.027,78.2215,0.0047,-0.0012,0.7822,0.1764,0.0383,132.8152,0.0076,0.0017,1.3282,0.1646,0.0264,123.0041,0.007,0.0011,1.23,0.1474,0.0092,107.7045,0.0063,0.0004,1.077,e93a2b3,,18992fa,2026-09-04T19:21:08+00:00
83192,58.7147,0.1357,0.0064,0.1357,0.1351,-0.0006,99.5604,0.0064,-0.0,0.9956,0.0948,-0.0409,69.8153,0.0045,-0.0019,0.6982,0.1171,-0.0186,86.4082,0.0055,-0.0009,0.8641,0.1408,0.0052,104.0064,0.0066,0.0002,1.0401,0.1013,-0.0343,74.7277,0.0048,-0.0016,0.7473,0.1922,0.0565,141.7826,0.009,0.0027,1.4178,0.1486,0.0129,109.8781,0.007,0.0006,1.0988,0.0835,-0.0522,61.6362,0.0039,-0.0025,0.6164,0.1942,0.0585,143.4011,0.0091,0.0028,1.434,0.1505,0.0148,111.4957,0.0071,0.0007,1.115,0.1332,-0.0025,98.1944,0.0063,-0.0001,0.9819,e93a2b3,,18992fa,2026-09-04T19:21:08+00:00
83193,57.3011,0.1202,0.0055,0.1202,0.1201,-0.0,99.9742,0.0055,-0.0,0.9997,0.0826,-0.0376,68.7583,0.0038,-0.0017,0.6876,0.1094,-0.0108,91.0598,0.005,-0.0005,0.9106,0.1289,0.0088,107.3643,0.0059,0.0004,1.0736,0.0873,-0.0329,72.6986,0.004,-0.0015,0.727,0.1562,0.036,130.1232,0.0072,0.0017,1.3012,0.1448,0.0246,120.5544,0.0067,0.0011,1.2055,0.0806,-0.0396,67.0897,0.0037,-0.0018,0.6709,0.1745,0.0543,145.3353,0.008,0.0025,1.4534,0.1527,0.0325,127.1715,0.007,0.0015,1.2717,0.1098,-0.0104,91.4843,0.0051,-0.0005,0.9148,e93a2b3,,18992fa,2026-09-04T19:21:08+00:00
83194,59.5216,0.1438,0.0068,0.1438,0.1449,0.0011,100.7818,0.0069,0.0001,1.0078,0.0929,-0.0509,64.767,0.0044,-0.0024,0.6477,0.1204,-0.0234,83.864,0.0057,-0.0011,0.8386,0.146,0.0022,101.6345,0.0069,0.0001,1.0163,0.0939,-0.0499,65.4503,0.0044,-0.0024,0.6545,0.1783,0.0345,124.0716,0.0085,0.0016,1.2407,0.1609,0.0172,112.0792,0.0076,0.0008,1.1208,0.0917,-0.0521,63.7861,0.0043,-0.0025,0.6379,0.1913,0.0475,133.3651,0.0091,0.0023,1.3337,0.1582,0.0145,110.1872,0.0075,0.0007,1.1019,0.1223,-0.0215,85.2006,0.0058,-0.001,0.852,e93a2b3,,18992fa,2026-09-04T19:21:08+00:00
83195,62.0428,0.2046,0.0093,0.2046,0.1953,-0.0093,92.6954,0.0089,-0.0004,0.927,0.1729,-0.0317,77.2598,0.0078,-0.0015,0.7726,0.1915,-0.013,90.7569,0.0087,-0.0006,0.9076,0.2243,0.0197,115.2123,0.0102,0.0009,1.1521,0.1522,-0.0524,62.4337,0.0069,-0.0024,0.6243,0.2098,0.0053,104.1492,0.0095,0.0002,1.0415,0.2397,0.0351,126.5209,0.0109,0.0016,1.2652,0.187,-0.0175,87.6023,0.0085,-0.0008,0.876,0.2467,0.0421,132.1564,0.0112,0.0019,1.3216,0.2438,0.0392,130.2593,0.0111,0.0018,1.3026,0.1969,-0.0076,95.4467,0.0089,-0.0004,0.9545,e93a2b3,,18992fa,2026-09-04T19:21:08+00:00
83196,65.3734,0.1323,0.0061,0.1323,0.1217,-0.0106,91.6871,0.0056,-0.0005,0.9169,0.1044,-0.028,78.7894,0.0048,-0.0013,0.7879,0.1175,-0.0148,88.5368,0.0054,-0.0007,0.8854,0.1743,0.042,132.3803,0.0081,0.0019,1.3238,0.0801,-0.0522,60.5281,0.0037,-0.0024,0.6053,0.1335,0.0011,100.8108,0.0062,0.0001,1.0081,0.1931,0.0607,146.744,0.0089,0.0028,1.4674,0.1323,-0.0,100.2662,0.0061,-0.0,1.0027,0.1623,0.03,122.6766,0.0075,0.0014,1.2268,0.1984,0.0661,150.6609,0.0092,0.0031,1.5066,0.1296,-0.0027,98.1803,0.006,-0.0001,0.9818,e93a2b3,,18992fa,2026-09-04T19:21:08+00:00
83197,62.4662,0.1268,0.0061,0.1268,0.1167,-0.0101,92.1637,0.0056,-0.0005,0.9216,0.117,-0.0098,92.2927,0.0056,-0.0005,0.9229,0.0988,-0.028,78.0786,0.0047,-0.0013,0.7808,0.1668,0.04,131.6931,0.008,0.0019,1.3169,0.0812,-0.0456,64.0,0.0039,-0.0022,0.64,0.1362,0.0094,107.6326,0.0065,0.0005,1.0763,0.1774,0.0506,140.0468,0.0085,0.0024,1.4005,0.1311,0.0043,103.4496,0.0063,0.0002,1.0345,0.1593,0.0325,125.954,0.0076,0.0016,1.2595,0.1911,0.0643,150.4186,0.0091,0.0031,1.5042,0.1187,-0.0081,93.7442,0.0057,-0.0004,0.9374,e93a2b3,,18992fa,2026-09-04T19:21:08+00:00
83198,61.9277,0.1315,0.0063,0.1315,0.1267,-0.0048,96.1714,0.006,-0.0002,0.9617,0.1091,-0.0224,83.1559,0.0052,-0.0011,0.8316,0.1133,-0.0182,85.8778,0.0054,-0.0009,0.8588,0.1661,0.0346,126.8444,0.0079,0.0016,1.2684,0.0731,-0.0584,55.7921,0.0035,-0.0028,0.5579,0.1524,0.0209,116.0091,0.0073,0.001,1.1601,0.167,0.0355,127.623,0.0079,0.0017,1.2762,0.1266,-0.0049,96.5172,0.006,-0.0002,0.9652,0.1769,0.0454,134.506,0.0084,0.0022,1.3451,0.1682,0.0367,128.3928,0.008,0.0017,1.2839,0.1262,-0.0053,96.159,0.006,-0.0003,0.9616,e93a2b3,,18992fa,2026-09-04T19:21:08+00:00
83199,58.0764,0.1369,0.0067,0.1369,0.1356,-0.0013,99.0613,0.0067,-0.0001,0.9906,0.1163,-0.0206,85.6771,0.0057,-0.001,0.8568,0.1039,-0.033,76.2432,0.0051,-0.0016,0.7624,0.1678,0.0309,122.9212,0.0082,0.0015,1.2292,0.0799,-0.0569,58.6015,0.0039,-0.0028,0.586,0.1622,0.0254,119.1839,0.008,0.0012,1.1918,0.1783,0.0414,130.8029,0.0088,0.002,1.308,0.1232,-0.0137,90.7917,0.0061,-0.0007,0.9079,0.1811,0.0442,132.772,0.0089,0.0022,1.3277,0.152,0.0152,111.385,0.0075,0.0007,1.1139,0.1154,-0.0215,84.8664,0.0057,-0.0011,0.8487,e93a2b3,,18992fa,2026-09-04T19:21:08+00:00
83210,55.2671,0.1363,0.007,0.1363,0.1346,-0.0018,98.5322,0.007,-0.0001,0.9853,0.1103,-0.026,80.9972,0.0057,-0.0013,0.81,0.1156,-0.0207,85.7477,0.006,-0.001,0.8575,0.1593,0.023,116.7797,0.0082,0.0012,1.1678,0.1034,-0.0329,76.2381,0.0054,-0.0017,0.7624,0.1536,0.0172,112.6613,0.0079,0.0009,1.1266,0.1565,0.0201,114.5214,0.0081,0.001,1.1452,0.0862,-0.0502,62.381,0.0044,-0.0026,0.6238,0.1579,0.0215,115.6222,0.0081,0.0011,1.1562,0.1507,0.0144,110.8445,0.0078,0.0008,1.1084,0.1192,-0.0172,87.8608,0.0062,-0.0009,0.8786,e93a2b3,,18992fa,2026-09-04T19:21:08+00:00
83220,52.7979,0.1313,0.0068,0.1313,0.1201,-0.0112,91.3238,0.0062,-0.0006,0.9132,0.1128,-0.0184,86.0578,0.0058,-0.001,0.8606,0.1307,-0.0006,99.8635,0.0068,-0.0,0.9986,0.1284,-0.0029,97.7879,0.0066,-0.0002,0.9779,0.1026,-0.0287,78.0688,0.0053,-0.0015,0.7807,0.1596,0.0283,121.3346,0.0082,0.0015,1.2133,0.1342,0.003,102.2749,0.0069,0.0002,1.0227,0.0745,-0.0568,56.6409,0.0038,-0.0029,0.5664,0.1506,0.0193,114.5226,0.0078,0.001,1.1452,0.1548,0.0235,117.9709,0.008,0.0012,1.1797,0.1377,0.0064,104.7809,0.0071,0.0003,1.0478,e93a2b3,,18992fa,2026-09-04T19:21:08+00:00
83230,48.0416,0.1314,0.0072,0.1314,0.1258,-0.0056,95.657,0.0069,-0.0003,0.9566,0.1,-0.0313,76.1458,0.0055,-0.0017,0.7615,0.139,0.0077,105.8485,0.0076,0.0004,1.0585,0.1425,0.0112,108.527,0.0078,0.0006,1.0853,0.093,-0.0383,70.8409,0.0051,-0.0021,0.7084,0.1305,-0.0009,99.335,0.0071,-0.0,0.9934,0.1297,-0.0016,98.8149,0.0071,-0.0001,0.9881,0.0557,-0.0756,42.4041,0.003,-0.0041,0.424,0.134,0.0026,102.0166,0.0073,0.0001,1.0202,0.1583,0.027,120.6141,0.0086,0.0015,1.2061,0.1342,0.0029,102.1886,0.0073,0.0002,1.0219,e93a2b3,,18992fa,2026-09-04T19:21:08+00:00
83241,47.7933,0.1165,0.0063,0.1165,0.1122,-0.0043,95.7182,0.0061,-0.0002,0.9572,0.0907,-0.0258,77.6337,0.0049,-0.0014,0.7763,0.1304,0.0139,112.0684,0.0071,0.0008,1.1207,0.1167,0.0002,99.8373,0.0064,0.0,0.9984,0.0834,-0.0331,71.6154,0.0045,-0.0018,0.7162,0.1155,-0.0009,99.3078,0.0063,-0.0001,0.9931,0.116,-0.0005,99.7666,0.0063,-0.0,0.9977,0.0496,-0.0669,42.5866,0.0027,-0.0036,0.4259,0.1203,0.0038,103.3798,0.0065,0.0002,1.0338,0.1371,0.0206,117.7529,0.0075,0.0011,1.1775,0.1199,0.0034,102.7292,0.0065,0.0002,1.0273,e93a2b3,,18992fa,2026-09-04T19:21:08+00:00
83242,45.6122,0.1203,0.007,0.1203,0.1512,0.0309,125.8749,0.0087,0.0017,1.2587,0.1355,0.0152,112.6848,0.0078,0.0009,1.1268,0.151,0.0308,125.5896,0.0088,0.0018,1.2559,0.1146,-0.0056,95.224,0.0067,-0.0003,0.9522,0.0936,-0.0266,77.9626,0.0054,-0.0015,0.7796,0.129,0.0088,107.2908,0.0075,0.0005,1.0729,0.1364,0.0161,113.5737,0.0079,0.0009,1.1357,0.0777,-0.0426,64.4478,0.0045,-0.0024,0.6445,0.1186,-0.0017,98.6802,0.0068,-0.0001,0.9868,0.1183,-0.002,98.7777,0.0068,-0.0001,0.9878,0.1181,-0.0021,98.2712,0.0069,-0.0001,0.9827,e93a2b3,,18992fa,2026-09-04T19:21:08+00:00
83243,49.4765,0.1178,0.0062,0.1178,0.1211,0.0033,102.8613,0.0064,0.0002,1.0286,0.1097,-0.0081,93.0649,0.0058,-0.0004,0.9306,0.1412,0.0234,120.0077,0.0075,0.0012,1.2001,0.104,-0.0138,88.3129,0.0055,-0.0007,0.8831,0.0895,-0.0284,75.9261,0.0047,-0.0015,0.7593,0.1308,0.013,110.8013,0.0069,0.0007,1.108,0.1262,0.0084,107.1665,0.0067,0.0004,1.0717,0.0613,-0.0565,52.0172,0.0032,-0.003,0.5202,0.1235,0.0056,104.7434,0.0065,0.0003,1.0474,0.1288,0.0109,109.3241,0.0068,0.0006,1.0932,0.1158,-0.0021,98.1559,0.0061,-0.0001,0.9816,e93a2b3,,18992fa,2026-09-04T19:21:08+00:00
83244,45.5507,0.1235,0.0068,0.1235,0.1591,0.0356,128.3731,0.0087,0.0019,1.2837,0.1457,0.0222,118.0468,0.0081,0.0012,1.1805,0.1324,0.0089,107.4197,0.0073,0.0005,1.0742,0.1058,-0.0178,85.7532,0.0058,-0.001,0.8575,0.1049,-0.0186,85.0233,0.0058,-0.001,0.8502,0.1572,0.0337,127.2311,0.0087,0.0019,1.2723,0.1872,0.0637,151.9807,0.0104,0.0035,1.5198,0.0723,-0.0512,58.591,0.004,-0.0028,0.5859,0.0984,-0.0251,79.8422,0.0054,-0.0014,0.7984,0.1278,0.0043,103.4322,0.007,0.0002,1.0343,0.1182,-0.0053,95.9193,0.0065,-0.0003,0.9592,e93a2b3,,18992fa,2026-09-04T19:21:08+00:00
83245,47.7635,0.1251,0.0069,0.1251,0.1608,0.0357,128.4841,0.0089,0.002,1.2848,0.131,0.0059,105.0082,0.0072,0.0003,1.0501,0.1291,0.004,103.1937,0.0071,0.0002,1.0319,0.1046,-0.0205,83.4233,0.0058,-0.0011,0.8342,0.0985,-0.0265,79.0282,0.0054,-0.0015,0.7903,0.137,0.0119,109.5704,0.0075,0.0007,1.0957,0.1562,0.0312,125.1552,0.0086,0.0017,1.2516,0.0699,-0.0552,55.8069,0.0038,-0.003,0.5581,0.1167,-0.0084,92.7069,0.0064,-0.0005,0.9271,0.137,0.0119,109.4914,0.0075,0.0007,1.0949,0.1089,-0.0162,86.9861,0.006,-0.0009,0.8699,e93a2b3,,18992fa,2026-09-04T19:21:08+00:00
83246,44.7693,0.1051,0.0061,0.1051,0.1485,0.0434,141.976,0.0086,0.0025,1.4198,0.1429,0.0378,135.5343,0.0083,0.0022,1.3553,0.1336,0.0285,125.8321,0.0077,0.0017,1.2583,0.0997,-0.0055,94.2592,0.0058,-0.0003,0.9426,0.0846,-0.0205,80.3422,0.0049,-0.0012,0.8034,0.1427,0.0376,135.3534,0.0083,0.0022,1.3535,0.1595,0.0544,151.528,0.0092,0.0031,1.5153,0.0709,-0.0342,67.3778,0.0041,-0.002,0.6738,0.0976,-0.0076,92.3665,0.0056,-0.0004,0.9237,0.101,-0.0041,96.5264,0.0058,-0.0002,0.9653,0.1013,-0.0038,95.9299,0.0059,-0.0002,0.9593,e93a2b3,,18992fa,2026-09-04T19:21:08+00:00
83247,43.6237,0.1158,0.0067,0.1158,0.1395,0.0236,121.3232,0.0081,0.0013,1.2132,0.1498,0.034,129.7616,0.0087,0.002,1.2976,0.1426,0.0268,122.8697,0.0083,0.0016,1.2287,0.1082,-0.0076,93.2628,0.0063,-0.0004,0.9326,0.0952,-0.0206,81.996,0.0055,-0.0012,0.82,0.1527,0.0369,132.2408,0.0089,0.0021,1.3224,0.1779,0.0621,154.2427,0.0103,0.0036,1.5424,0.0746,-0.0413,64.3258,0.0043,-0.0024,0.6433,0.1023,-0.0136,88.3109,0.0059,-0.0008,0.8831,0.1041,-0.0117,90.2411,0.006,-0.0007,0.9024,0.1151,-0.0007,99.4316,0.0067,-0.0,0.9943,e93a2b3,,18992fa,2026-09-04T19:21:08+00:00
83248,40.1903,0.1224,0.0074,0.1224,0.0979,-0.0245,79.9945,0.0059,-0.0015,0.7999,0.132,0.0096,107.8868,0.008,0.0006,1.0789,0.158,0.0355,129.0139,0.0095,0.0021,1.2901,0.1243,0.0019,101.4934,0.0075,0.0001,1.0149,0.1152,-0.0072,94.0612,0.007,-0.0004,0.9406,0.1507,0.0283,123.1126,0.0091,0.0017,1.2311,0.1518,0.0293,124.0089,0.0092,0.0018,1.2401,0.0895,-0.0329,73.0801,0.0054,-0.002,0.7308,0.1131,-0.0094,92.4207,0.0068,-0.0006,0.9242,0.0988,-0.0236,80.6909,0.006,-0.0014,0.8069,0.1341,0.0117,109.5472,0.0081,0.0007,1.0955,e93a2b3,,18992fa,2026-09-04T19:21:08+00:00
83249,40.4399,0.12,0.0072,0.12,0.1023,-0.0177,85.2749,0.0061,-0.0011,0.8527,0.1402,0.0202,116.9577,0.0084,0.0012,1.1696,0.153,0.0329,127.5147,0.0091,0.002,1.2751,0.115,-0.005,95.8914,0.0069,-0.0003,0.9589,0.1081,-0.0119,90.0988,0.0065,-0.0007,0.901,0.1504,0.0304,125.3941,0.009,0.0018,1.2539,0.1654,0.0454,137.9886,0.0099,0.0027,1.3799,0.0844,-0.0356,70.3707,0.005,-0.0021,0.7037,0.119,-0.001,99.1737,0.0071,-0.0001,0.9917,0.0989,-0.0211,82.4791,0.0059,-0.0013,0.8248,0.1344,0.0144,111.9903,0.008,0.0009,1.1199,e93a2b3,,18992fa,2026-09-04T19:21:08+00:00
83250,48.2167,0.1275,0.0071,0.1275,0.139,0.0115,109.0035,0.0078,0.0006,1.09,0.1082,-0.0193,84.88,0.0061,-0.0011,0.8488,0.1283,0.0008,100.5216,0.0072,0.0,1.0052,0.147,0.0195,115.4299,0.0082,0.0011,1.1543,0.0934,-0.0342,73.0824,0.0052,-0.0019,0.7308,0.1281,0.0006,100.4553,0.0072,0.0,1.0046,0.1214,-0.0062,95.1231,0.0068,-0.0003,0.9512,0.0708,-0.0568,55.392,0.004,-0.0032,0.5539,0.1256,-0.0019,98.5938,0.007,-0.0001,0.9859,0.1444,0.0168,113.3726,0.0081,0.0009,1.1337,0.135,0.0074,105.8413,0.0075,0.0004,1.0584,e93a2b3,,18992fa,2026-09-04T19:21:08+00:00
83260,47.1441,0.1191,0.0067,0.1191,0.1538,0.0347,129.4039,0.0087,0.002,1.294,0.1272,0.0081,107.0287,0.0072,0.0005,1.0703,0.1308,0.0117,109.6631,0.0074,0.0007,1.0966,0.1193,0.0002,100.2901,0.0068,0.0,1.0029,0.0772,-0.0419,64.8046,0.0044,-0.0024,0.648,0.1141,-0.005,95.8119,0.0065,-0.0003,0.9581,0.1145,-0.0046,96.1194,0.0065,-0.0003,0.9612,0.072,-0.0471,60.6887,0.0041,-0.0027,0.6069,0.12,0.0009,100.7214,0.0068,0.0,1.0072,0.1317,0.0126,110.4643,0.0074,0.0007,1.1046,0.1204,0.0013,101.089,0.0068,0.0001,1.0109,e93a2b3,,18992fa,2026-09-04T19:21:08+00:00
83270,45.5939,0.1156,0.0068,0.1156,0.1826,0.067,157.6543,0.0108,0.0039,1.5765,0.1631,0.0475,141.4364,0.0096,0.0028,1.4144,0.1304,0.0149,112.8671,0.0077,0.0009,1.1287,0.1274,0.0119,110.7348,0.0075,0.0007,1.1073,0.0787,-0.0369,68.0927,0.0046,-0.0022,0.6809,0.1134,-0.0022,98.1985,0.0067,-0.0001,0.982,0.1144,-0.0011,98.9855,0.0067,-0.0001,0.9899,0.0838,-0.0318,72.6128,0.0049,-0.0019,0.7261,0.1109,-0.0046,95.9658,0.0065,-0.0003,0.9597,0.1149,-0.0007,99.3319,0.0068,-0.0,0.9933,0.1178,0.0022,101.9528,0.0069,0.0001,1.0195,e93a2b3,,18992fa,2026-09-04T19:21:08+00:00
83280,43.9176,0.1231,0.0075,0.1231,0.1732,0.0501,141.8923,0.0105,0.003,1.4189,0.1566,0.0335,128.0356,0.0095,0.002,1.2804,0.1685,0.0454,136.7259,0.0103,0.0028,1.3673,0.1448,0.0218,117.1701,0.0088,0.0013,1.1717,0.0975,-0.0256,79.0847,0.0059,-0.0015,0.7908,0.1424,0.0193,115.5367,0.0087,0.0012,1.1554,0.1219,-0.0012,99.1888,0.0074,-0.0001,0.9919,0.0917,-0.0313,74.4126,0.0056,-0.0019,0.7441,0.1112,-0.0118,90.6721,0.0068,-0.0007,0.9067,0.1099,-0.0132,89.3992,0.0067,-0.0008,0.894,0.1253,0.0022,101.8197,0.0076,0.0001,1.0182,e93a2b3,,18992fa,2026-09-04T19:21:08+00:00
83290,43.0427,0.1212,0.0075,0.1212,0.1548,0.0336,127.5474,0.0095,0.0021,1.2755,0.1629,0.0416,135.3867,0.01,0.0026,1.3539,0.1585,0.0373,131.0756,0.0098,0.0023,1.3108,0.1477,0.0264,120.2959,0.0091,0.0016,1.203,0.0853,-0.0359,70.5749,0.0053,-0.0022,0.7057,0.1255,0.0042,103.8709,0.0077,0.0003,1.0387,0.1064,-0.0149,88.0784,0.0066,-0.0009,0.8808,0.101,-0.0202,83.7601,0.0062,-0.0012,0.8376,0.105,-0.0162,86.9727,0.0065,-0.001,0.8697,0.1125,-0.0087,93.0256,0.0069,-0.0005,0.9303,0.1246,0.0034,103.1664,0.0077,0.0002,1.0317,e93a2b3,,18992fa,2026-09-04T19:21:08+00:00
83300,55.38,0.1731,0.0093,0.1731,0.1629,-0.0103,92.0048,0.0087,-0.0006,0.92,0.1549,-0.0182,87.0079,0.0083,-0.001,0.8701,0.1626,-0.0105,93.7676,0.0088,-0.0005,0.9377,0.174,0.0009,100.2378,0.0093,0.0,1.0024,0.173,-0.0001,100.314,0.0093,0.0,1.0031,0.1698,-0.0033,97.3922,0.0091,-0.0002,0.9739,0.2034,0.0302,122.6468,0.0109,0.0016,1.2265,0.1481,-0.0251,81.8948,0.008,-0.0013,0.8189,0.1851,0.012,109.0789,0.0099,0.0006,1.0908,0.2115,0.0383,128.3777,0.0114,0.0021,1.2838,0.1639,-0.0093,93.1405,0.0088,-0.0005,0.9314,e93a2b3,,18992fa,2026-09-04T19:21:08+00:00
84201,55.6949,0.0879,0.0038,0.0879,0.0996,0.0117,113.335,0.0044,0.0005,1.1333,0.0723,-0.0156,82.3474,0.0032,-0.0007,0.8235,0.1201,0.0322,136.6844,0.0052,0.0014,1.3668,0.0878,-0.0001,99.9297,0.0038,-0.0,0.9993,0.0775,-0.0104,88.1693,0.0034,-0.0005,0.8817,0.0743,-0.0136,84.5901,0.0032,-0.0006,0.8459,0.1121,0.0242,127.3636,0.0049,0.0011,1.2736,0.072,-0.0159,81.9457,0.0031,-0.0007,0.8195,0.1386,0.0507,157.6754,0.0061,0.0022,1.5768,0.0839,-0.004,95.4121,0.0037,-0.0002,0.9541,0.0918,0.0039,104.4423,0.004,0.0002,1.0444,e93a2b3,,18992fa,2026-09-04T19:21:08+00:00
84202,54.7324,0.0902,0.0038,0.0902,0.0964,0.0062,107.2419,0.0041,0.0003,1.0724,0.0717,-0.0185,79.8422,0.0031,-0.0008,0.7984,0.1234,0.0333,137.1773,0.0053,0.0014,1.3718,0.0835,-0.0067,92.9311,0.0036,-0.0003,0.9293,0.0868,-0.0033,96.3502,0.0037,-0.0001,0.9635,0.0743,-0.0159,82.6195,0.0032,-0.0007,0.8262,0.1132,0.023,125.948,0.0048,0.001,1.2595,0.0886,-0.0016,98.1864,0.0038,-0.0001,0.9819,0.1511,0.0609,167.6299,0.0064,0.0026,1.6763,0.0857,-0.0045,95.0217,0.0037,-0.0002,0.9502,0.1022,0.012,113.3134,0.0044,0.0005,1.1331,e93a2b3,,18992fa,2026-09-04T19:21:08+00:00
84203,55.6886,0.0987,0.0043,0.0987,0.1096,0.0109,111.3761,0.0048,0.0005,1.1138,0.0702,-0.0285,70.9482,0.003,-0.0012,0.7095,0.1191,0.0204,121.7624,0.0052,0.0009,1.2176,0.0787,-0.02,79.8734,0.0034,-0.0009,0.7987,0.0989,0.0002,99.7573,0.0043,0.0,0.9976,0.0923,-0.0064,93.4351,0.004,-0.0003,0.9344,0.0967,-0.002,98.7222,0.0042,-0.0001,0.9872,0.0811,-0.0176,82.0584,0.0035,-0.0008,0.8206,0.1627,0.064,165.6764,0.007,0.0028,1.6568,0.0985,-0.0002,99.8336,0.0043,-0.0,0.9983,0.1089,0.0102,110.3982,0.0047,0.0004,1.104,e93a2b3,,18992fa,2026-09-04T19:21:08+00:00
84204,55.5834,0.0958,0.004,0.0958,0.0953,-0.0005,99.5354,0.004,-0.0,0.9954,0.0708,-0.0251,73.9001,0.003,-0.001,0.739,0.1195,0.0237,124.7994,0.005,0.001,1.248,0.0829,-0.0129,86.6028,0.0035,-0.0005,0.866,0.0803,-0.0155,83.8565,0.0034,-0.0006,0.8386,0.0828,-0.013,86.4928,0.0035,-0.0005,0.8649,0.105,0.0092,109.6688,0.0044,0.0004,1.0967,0.0941,-0.0018,98.1367,0.0039,-0.0001,0.9814,0.1553,0.0595,162.1326,0.0065,0.0025,1.6213,0.0997,0.0038,104.1691,0.0042,0.0002,1.0417,0.1201,0.0242,125.3692,0.005,0.001,1.2537,e93a2b3,,18992fa,2026-09-04T19:21:08+00:00
84205,58.4584,0.0956,0.0039,0.0956,0.0967,0.0011,101.0205,0.0039,0.0,1.0102,0.0709,-0.0247,74.0715,0.0029,-0.001,0.7407,0.1059,0.0103,111.4318,0.0043,0.0004,1.1143,0.0866,-0.009,90.4765,0.0035,-0.0004,0.9048,0.094,-0.0016,97.942,0.0038,-0.0001,0.9794,0.0877,-0.0079,91.4034,0.0036,-0.0003,0.914,0.1032,0.0077,108.9733,0.0042,0.0003,1.0897,0.0814,-0.0142,85.7766,0.0033,-0.0006,0.8578,0.1361,0.0405,143.7475,0.0055,0.0016,1.4375,0.0997,0.0041,105.2399,0.004,0.0002,1.0524,0.114,0.0184,120.0606,0.0046,0.0007,1.2006,e93a2b3,,18992fa,2026-09-04T19:21:08+00:00
84209,59.8753,0.1295,0.005,0.1295,0.1259,-0.0035,97.4049,0.0049,-0.0001,0.974,0.1162,-0.0132,87.1541,0.0045,-0.0005,0.8715,0.1385,0.0091,110.3602,0.0054,0.0004,1.1036,0.1243,-0.0052,95.0884,0.0048,-0.0002,0.9509,0.131,0.0015,100.7427,0.005,0.0,1.0074,0.1259,-0.0035,95.8012,0.0048,-0.0002,0.958,0.1561,0.0266,126.5025,0.006,0.0011,1.265,0.126,-0.0034,96.4963,0.0048,-0.0001,0.965,0.1574,0.0279,129.7939,0.0061,0.0012,1.2979,0.1265,-0.003,97.0322,0.0049,-0.0001,0.9703,0.1346,0.0051,105.0473,0.0052,0.0002,1.0505,e93a2b3,,18992fa,2026-09-04T19:21:08+00:00
84300,62.0923,0.1003,0.0037,0.1003,0.0887,-0.0116,88.3602,0.0033,-0.0004,0.8836,0.0946,-0.0057,94.0853,0.0035,-0.0002,0.9409,0.0973,-0.003,97.4831,0.0036,-0.0001,0.9748,0.1014,0.0011,101.0425,0.0037,0.0,1.0104,0.0998,-0.0005,99.2864,0.0037,-0.0,0.9929,0.117,0.0167,116.784,0.0043,0.0006,1.1678,0.1137,0.0134,113.3419,0.0042,0.0005,1.1334,0.0946,-0.0057,94.2977,0.0035,-0.0002,0.943,0.1004,0.0001,100.7172,0.0037,0.0,1.0072,0.0967,-0.0036,96.7295,0.0036,-0.0001,0.9673,0.1072,0.0069,107.1175,0.0039,0.0003,1.0712,e93a2b3,,18992fa,2026-09-04T19:21:08+00:00
85101,62.401,0.1069,0.0043,0.1069,0.0938,-0.0131,88.2516,0.0038,-0.0005,0.8825,0.107,0.0002,100.0196,0.0043,0.0,1.0002,0.1004,-0.0064,93.9284,0.004,-0.0003,0.9393,0.1133,0.0064,106.319,0.0045,0.0003,1.0632,0.0822,-0.0247,77.0522,0.0033,-0.001,0.7705,0.1116,0.0048,104.5976,0.0045,0.0002,1.046,0.1077,0.0009,100.9664,0.0043,0.0,1.0097,0.1008,-0.0061,94.2446,0.004,-0.0002,0.9424,0.1394,0.0325,131.2611,0.0056,0.0013,1.3126,0.1167,0.0098,109.4233,0.0047,0.0004,1.0942,0.1001,-0.0068,93.8877,0.004,-0.0003,0.9389,e93a2b3,,18992fa,2026-09-04T19:21:08+00:00
85203,61.4664,0.9105,0.0503,0.9105,0.8906,-0.0198,91.1818,0.0492,-0.0011,0.9118,0.9196,0.0092,107.2445,0.0508,0.0005,1.0724,0.915,0.0046,107.1862,0.0505,0.0002,1.0719,0.9516,0.0411,117.5181,0.0526,0.0023,1.1752,0.9155,0.005,101.5421,0.0506,0.0003,1.0154,0.8773,-0.0332,86.8281,0.0485,-0.0018,0.8683,1.0068,0.0963,155.4556,0.0555,0.0052,1.5546,0.8815,-0.029,84.3218,0.0488,-0.0016,0.8432,0.8989,-0.0116,92.0475,0.0497,-0.0006,0.9205,0.9712,0.0608,129.5267,0.0536,0.0033,1.2953,0.9058,-0.0047,96.6674,0.0501,-0.0002,0.9667,e93a2b3,,18992fa,2026-09-04T19:21:08+00:00
85208,63.4278,0.1724,0.0069,0.1724,0.1153,-0.0572,63.3689,0.0046,-0.0023,0.6337,0.1719,-0.0005,98.8912,0.0069,-0.0,0.9889,0.1744,0.002,100.8599,0.007,0.0001,1.0086,0.171,-0.0014,99.9212,0.0068,-0.0001,0.9992,0.1148,-0.0576,62.3698,0.0046,-0.0023,0.6237,0.1805,0.0081,104.6387,0.0072,0.0003,1.0464,0.179,0.0066,105.2826,0.0072,0.0003,1.0528,0.18,0.0076,104.7692,0.0072,0.0003,1.0477,0.1929,0.0205,114.9038,0.0077,0.0008,1.149,0.1864,0.014,109.965,0.0075,0.0006,1.0997,0.1594,-0.013,91.6754,0.0064,-0.0005,0.9168,e93a2b3,,18992fa,2026-09-04T19:21:08+00:00
85209,61.9483,0.1194,0.005,0.1194,0.0979,-0.0216,81.9408,0.0041,-0.0009,0.8194,0.1142,-0.0052,95.6298,0.0048,-0.0002,0.9563,0.1078,-0.0117,90.2721,0.0045,-0.0005,0.9027,0.1304,0.011,109.5518,0.0055,0.0005,1.0955,0.0919,-0.0275,77.2682,0.0038,-0.0012,0.7727,0.1192,-0.0002,99.8952,0.005,-0.0,0.999,0.1327,0.0133,110.9937,0.0056,0.0006,1.1099,0.1149,-0.0045,96.272,0.0048,-0.0002,0.9627,0.1537,0.0342,129.445,0.0064,0.0014,1.2945,0.1482,0.0288,124.1298,0.0062,0.0012,1.2413,0.1233,0.0039,103.1908,0.0052,0.0002,1.0319,e93a2b3,,18992fa,2026-09-04T19:21:08+00:00
